variant	gene	Allele	Consequence	IMPACT	SYMBOL	Gene	Feature_type	Feature	BIOTYPE	EXON	INTRON	HGVSc	HGVSp	cDNA_position	CDS_position	Protein_position	Amino_acids	Codons	Existing_variation	DISTANCE	STRAND	FLAGS	VARIANT_CLASS	SYMBOL_SOURCE	HGNC_ID	CANONICAL	MANE_SELECT	MANE_PLUS_CLINICAL	TSL	APPRIS	CCDS	ENSP	SWISSPROT	TREMBL	UNIPARC	UNIPROT_ISOFORM	GENE_PHENO	SIFT	PolyPhen	DOMAINS	miRNA	AF	AFR_AF	AMR_AF	EAS_AF	EUR_AF	SAS_AF	gnomADe_AF	gnomADe_AFR_AF	gnomADe_AMR_AF	gnomADe_ASJ_AF	gnomADe_EAS_AF	gnomADe_FIN_AF	gnomADe_NFE_AF	gnomADe_OTH_AF	gnomADe_SAS_AF	gnomADg_AF	gnomADg_AFR_AF	gnomADg_AMI_AF	gnomADg_AMR_AF	gnomADg_ASJ_AF	gnomADg_EAS_AF	gnomADg_FIN_AF	gnomADg_MID_AF	gnomADg_NFE_AF	gnomADg_OTH_AF	gnomADg_SAS_AF	MAX_AF	MAX_AF_POPS	FREQS	CLIN_SIG	SOMATIC	PHENO	PUBMED	MOTIF_NAME	MOTIF_POS	HIGH_INF_POS	MOTIF_SCORE_CHANGE	TRANSCRIPTION_FACTORS	SpliceAI_pred_DP_AG	SpliceAI_pred_DP_AL	SpliceAI_pred_DP_DG	SpliceAI_pred_DP_DL	SpliceAI_pred_DS_AG	SpliceAI_pred_DS_AL	SpliceAI_pred_DS_DG	SpliceAI_pred_DS_DL	SpliceAI_pred_SYMBOL	CADD_RAW	CADD_PHRED
chr1:1398672:CTAGAG:C	ENSG00000221978	-	splice_acceptor_variant&splice_polypyrimidine_tract_variant&intron_variant	HIGH	CCNL2	ENSG00000221978	Transcript	ENST00000400809	protein_coding	.	1/10	.	.	.	.	.	.	.	rs3831366	.	-1	.	deletion	HGNC	HGNC:20570	YES	NM_030937.6	.	1	P1	CCDS30557.1	ENSP00000383611	Q96S94.172	.	UPI00000713F5	Q96S94-1	.	.	.	.	.	0.0741	0.1021	0.0331	0.0843	0.0487	0.0808	0.0536	0.08347	0.02305	0.0265	0.0838	0.1027	0.03986	0.05822	0.07844	0.05835	0.08254	0.04057	0.03794	0.03055	0.09103	0.1021	0.05063	0.03894	0.05826	0.08147	0.1027	gnomADe_FIN	.	.	.	.	24200957&34681001	.	.	.	.	.	.	.	.	.	.	.	.	.	.	.	.
chr1:12860036:G:T	ENSG00000120952	T	stop_gained	HIGH	PRAMEF2	ENSG00000120952	Transcript	ENST00000240189	protein_coding	3/4	.	.	.	718	631	211	E/*	Gaa/Taa	rs75411676&CM1212930&COSV105004947&COSV53572358	.	1	.	SNV	HGNC	HGNC:28841	YES	NM_023014.1	.	1	P1	CCDS149.1	ENSP00000240189	O60811.129	.	UPI0000139EF9	.	.	.	.	.	.	.	.	.	.	.	.	0.05817	0.02192	0.02368	0.02776	0.2347	0.07198	0.04677	0.05023	0.05316	0.04662	0.02185	0.05373	0.03269	0.0287	0.2242	0.07385	0.05096	0.04636	0.05501	0.06399	0.2347	gnomADe_EAS	1KG_ALL:T:NA	.	0&1&1&1	0&1&1&1	.	.	.	.	.	.	14	-13	-2	13	0	0	0	0	PRAMEF2	30	30
chr1:16647782:A:C	ENSG00000186301	C	splice_acceptor_variant&non_coding_transcript_variant	HIGH	MST1P2	ENSG00000186301	Transcript	ENST00000457982	unprocessed_pseudogene	.	7/17	.	.	.	.	.	.	.	rs4661885	.	1	.	SNV	HGNC	HGNC:7383	YES	.	.	.	.	.	.	.	.	.	.	.	.	.	.	.	.	.	.	.	.	.	.	.	.	.	.	.	.	.	.	0.04862	0.0329	0.05452	0.05041	0.03584	0.2294	0.05967	0.03101	0.04622	0.04556	0.03825	0.2294	gnomADg_EAS	.	.	.	.	.	.	.	.	.	.	.	.	.	.	.	.	.	.	.	.	.
chr1:159062696:G:GT	ENSG00000163568	T	frameshift_variant	HIGH	AIM2	ENSG00000163568	Transcript	ENST00000368130	protein_coding	6/6	.	.	.	1181	1027	343	T/NX	aca/aAca	.	.	-1	.	insertion	HGNC	HGNC:357	YES	NM_004833.3	.	1	P1	CCDS1181.1	ENSP00000357112	O14862.165	.	UPI000012573B	.	.	.	.	PDB-ENSP_mappings:3rn2.A&PDB-ENSP_mappings:3rn2.B&PDB-ENSP_mappings:3rn5.A&PDB-ENSP_mappings:3rn5.B&PDB-ENSP_mappings:3rn5.C&PDB-ENSP_mappings:3rn5.D	.	.	.	.	.	.	.	.	.	.	.	.	.	.	.	.	.	.	.	.	.	.	.	.	.	.	.	.	.	.	.	.	.	.	.	.	.	.	.	21	12	47	21	0.05	0	0	0	AIM2	30	30
chr1:175160809:TC:T	ENSG00000235750	-	frameshift_variant	HIGH	KIAA0040	ENSG00000235750	Transcript	ENST00000423313	protein_coding	4/4	.	.	.	724	204	68	K/X	aaG/aa	rs754204844&COSV70593739	.	-1	.	deletion	HGNC	HGNC:28950	YES	NM_014656.3	.	1	P1	CCDS86034.1	ENSP00000462172	Q15053.134	.	UPI0000203C32	.	.	.	.	.	.	.	.	.	.	.	.	0.3363	0.3543	0.2379	0.2792	0.1032	0.4447	0.4224	0.3644	0.2673	0.4038	0.3912	0.3882	0.3417	0.2896	0.1339	0.4644	0.3703	0.452	0.3911	0.2707	0.4644	gnomADg_FIN	1KG_ALL:-:NA	.	0&1	0&1	.	.	.	.	.	.	21	38	39	-29	0	0	0	0	KIAA0040	30	30
chr1:175160811:TTCTTCTTG:T	ENSG00000235750	-	frameshift_variant	HIGH	KIAA0040	ENSG00000235750	Transcript	ENST00000423313	protein_coding	4/4	.	.	.	715	195	65	NKKK/KX	aaCAAGAAGAag/aaag	rs762930078	.	-1	.	deletion	HGNC	HGNC:28950	YES	NM_014656.3	.	1	P1	CCDS86034.1	ENSP00000462172	Q15053.134	.	UPI0000203C32	.	.	.	.	.	.	.	.	.	.	.	.	0.3354	0.3541	0.2366	0.2783	0.1016	0.4439	0.4221	0.3642	0.2665	0.4029	0.3912	0.3882	0.3409	0.2897	0.1305	0.4641	0.3703	0.4512	0.39	0.2701	0.4641	gnomADg_FIN	.	.	.	.	.	.	.	.	.	.	.	.	.	.	.	.	.	.	.	30	30
chr1:182939467:AAATT:A	ENSG00000157060	-	frameshift_variant&splice_region_variant	HIGH	SHCBP1L	ENSG00000157060	Transcript	ENST00000367547	protein_coding	4/10	.	.	.	886	853	285	NL/X	AATTtg/tg	rs202104189	.	-1	.	deletion	HGNC	HGNC:16788	YES	NM_030933.4	.	1	P1	CCDS30955.1	ENSP00000356518	Q9BZQ2.140	.	UPI000006F7B9	Q9BZQ2-3	.	.	.	.	.	0.0042	0.0008	0	0.0198	0	0	0.002023	0.0002639	0.0001214	0	0.0264	0	1.845e-05	0.0003413	7.143e-05	0.0006701	0.0001206	0	0	0	0.01806	0	0	0	0	0.0006209	0.0264	gnomADe_EAS	.	.	.	.	31481703	.	.	.	.	.	-50	-46	-5	39	0	0	0	0	SHCBP1L	.	.
chr1:186678352:G:T	ENSG00000073756	T	stop_gained	HIGH	PTGS2	ENSG00000073756	Transcript	ENST00000367468	protein_coding	4/10	.	.	.	499	366	122	Y/*	taC/taA	rs200314986&COSV66571844	.	-1	.	SNV	HGNC	HGNC:9605	YES	NM_000963.4	.	1	P1	CCDS1371.1	ENSP00000356438	P35354.225	.	UPI000000D926	.	.	.	.	PDB-ENSP_mappings:5f19.A&PDB-ENSP_mappings:5f19.B&PDB-ENSP_mappings:5f1a.A&PDB-ENSP_mappings:5f1a.B&PDB-ENSP_mappings:5ikq.A&PDB-ENSP_mappings:5ikq.B&PDB-ENSP_mappings:5ikr.A&PDB-ENSP_mappings:5ikr.B&PDB-ENSP_mappings:5ikt.A&PDB-ENSP_mappings:5ikt.B&PDB-ENSP_mappings:5ikv.A&PDB-ENSP_mappings:5ikv.B&PDB-ENSP_mappings:5kir.A&PDB-ENSP_mappings:5kir.B	.	.	.	.	.	.	.	0.007304	0.02794	0.001626	0.003098	0.007955	0.008524	0.007957	0.01088	6.542e-05	.	.	.	.	.	.	.	.	.	.	.	0.02794	gnomADe_AFR	1KG_ALL:T:NA	.	0&1	0&1	.	.	.	.	.	.	-42	-6	-42	48	0.03	0	0	0	PTGS2	.	.
chr1:201221604:G:A	ENSG00000163395	A	synonymous_variant	LOW	IGFN1	ENSG00000163395	Transcript	ENST00000335211	protein_coding	19/24	.	.	.	10190	10059	3353	V	gtG/gtA	rs3738269	.	1	.	SNV	HGNC	HGNC:24607	YES	NM_001164586.2	.	5	P2	CCDS53455.1	ENSP00000334714	Q86VF2.166	.	UPI0001B300F4	Q86VF2-5	.	.	.	.	.	0.2206	0.1135	0.2464	0.255	0.2694	0.2618	0.2628	0.1453	0.2541	0.2164	0.2374	0.3365	0.2776	0.2647	0.2583	0.2409	0.1473	0.352	0.2356	0.2222	0.2382	0.3534	0.2373	0.2799	0.2325	0.2626	0.3534	gnomADg_FIN	.	.	.	.	.	.	.	.	.	.	2	50	-3	14	0.66	0	0	0	IGFN1	.	.
chr1:248441258:T:TTC	ENSG00000227152	TC	frameshift_variant	HIGH	OR2T7	ENSG00000227152	Transcript	ENST00000641057	protein_coding_LoF	2/2	.	.	.	405	77	26	L/LX	ctt/ctTCt	.	.	1	.	insertion	HGNC	HGNC:15019	YES	.	.	.	P1	.	ENSP00000493243	.	.	.	.	.	.	.	.	.	.	.	.	.	.	.	.	.	.	.	.	.	.	.	.	.	.	.	.	.	.	.	.	.	.	.	.	.	.	.	.	.	.	.	.	.	.	.	.	.	.	.	.	.	.	.	.	.	.
chr11:1016714:G:GA	ENSG00000184956	GA	frameshift_variant	HIGH	MUC6	ENSG00000184956	Transcript	ENST00000421673	protein_coding	31/33	.	.	.	6150	6087	2029	H/HX	caC/caTC	rs1856627924&COSV70132213	.	-1	.	indel	HGNC	HGNC:7517	YES	NM_005961.3	.	5	P1	CCDS44513.1	ENSP00000406861	Q6W4X9.138	.	UPI0000251DBE	.	.	.	.	.	.	.	.	.	.	.	.	.	.	.	.	.	.	.	.	.	0.0001284	6.03e-05	0	0.0004327	0	0.0002364	0.0004056	0	4.91e-05	0.0005488	0	0.0005488	gnomADg_OTH	1KG_ALL:A:NA&1KG_ALL:GA:NA	.	0&1	0&1	.	.	.	.	.	.	-44	-7	-43	-7	0	0.01	0	0	MUC6	30	30
chr11:1016714:G:A	ENSG00000184956	GA	frameshift_variant	HIGH	MUC6	ENSG00000184956	Transcript	ENST00000421673	protein_coding	31/33	.	.	.	6150	6087	2029	H/HX	caC/caTC	rs1856627924&COSV70132213	.	-1	.	indel	HGNC	HGNC:7517	YES	NM_005961.3	.	5	P1	CCDS44513.1	ENSP00000406861	Q6W4X9.138	.	UPI0000251DBE	.	.	.	.	.	.	.	.	.	.	.	.	.	.	.	.	.	.	.	.	.	0.0001284	6.03e-05	0	0.0004327	0	0.0002364	0.0004056	0	4.91e-05	0.0005488	0	0.0005488	gnomADg_OTH	1KG_ALL:A:NA&1KG_ALL:GA:NA	.	0&1	0&1	.	.	.	.	.	.	-44	-7	-43	-7	0	0.01	0	0	MUC6	30	30
chr11:1017891:GCA:G	ENSG00000184956	-	frameshift_variant	HIGH	MUC6	ENSG00000184956	Transcript	ENST00000421673	protein_coding	31/33	.	.	.	4971	4908	1636	HA/HX	caTGca/caca	rs766751467	.	-1	.	deletion	HGNC	HGNC:7517	YES	NM_005961.3	.	5	P1	CCDS44513.1	ENSP00000406861	Q6W4X9.138	.	UPI0000251DBE	.	.	.	.	.	.	.	.	.	.	.	.	7.302e-05	0.0001399	3.377e-05	0	0.0005231	0.000153	1.034e-05	0	0	0.004997	0.005065	0	0.01574	0.001383	0.0006372	0.01317	0.004065	0.002335	0.002948	0.003318	0.01574	gnomADg_AMR	.	.	.	.	36979105	.	.	.	.	.	29	-42	40	-41	0	0.01	0	0	MUC6	30	30
chr11:5047432:C:T	ENSG00000205495	T	stop_gained	HIGH	OR52J3	ENSG00000205495	Transcript	ENST00000380370	protein_coding	1/1	.	.	.	907	907	303	R/*	Cga/Tga	rs57026471&COSV100984806	.	1	.	SNV	HGNC	HGNC:14799	YES	NM_001001916.2	.	.	P1	CCDS31370.1	ENSP00000369728	Q8NH60.157	.	UPI0000046AE0	.	.	.	.	.	.	0.1132	0.0673	0.2853	0.0863	0.1372	0.0562	0.1431	0.07901	0.3171	0.127	0.1077	0.1067	0.1309	0.1385	0.07482	0.1226	0.08164	0.07237	0.2392	0.1335	0.1004	0.1038	0.1592	0.1289	0.1346	0.07533	0.3171	gnomADe_AMR	1KG_ALL:T:NA	.	0&1	0&1	.	.	.	.	.	.	12	-9	2	-25	0	0.03	0	0.01	OR52J3	30	30
chr11:5441472:G:A	ENSG00000167359	A	stop_gained	HIGH	OR51I1	ENSG00000167359	Transcript	ENST00000380211	protein_coding	1/1	.	.	.	43	43	15	Q/*	Cag/Tag	rs16930998&COSV66508039	.	-1	.	SNV	HGNC	HGNC:15200	YES	NM_001005288.3	.	.	P1	CCDS31382.1	ENSP00000369559	Q9H343.164	A0A126GWE7.40	UPI0000041CD0	.	.	.	.	.	.	0.1284	0.0121	0.1023	0.3581	0.0318	0.1667	0.07416	0.01182	0.1129	0.05072	0.375	0.01066	0.02183	0.05996	0.1308	0.04097	0.01267	0.04057	0.07616	0.04787	0.3702	0.009605	0.03165	0.02196	0.05306	0.1476	0.375	gnomADe_EAS	1KG_ALL:A:NA	.	0&1	0&1	17964544	.	.	.	.	.	-31	12	36	45	0	0	0.01	0	OR51I1	30	30
chr11:5755254:A:T	ENSG00000181074	T	stop_gained	HIGH	OR52N4	ENSG00000181074	Transcript	ENST00000641350	protein_coding	2/2	.	.	.	625	514	172	R/*	Aga/Tga	rs4910844&CM035853&COSV57890155	.	1	.	SNV	HGNC	HGNC:15230	YES	NM_001005175.5	.	.	P1	CCDS44528.1	ENSP00000493338	Q8NGI2.156	.	UPI00001AF18B	.	.	.	.	.	.	0.2145	0.1498	0.2262	0.1974	0.2783	0.2454	0.2338	0.1513	0.2406	0.2435	0.2192	0.2692	0.2398	0.2469	0.2241	0.2153	0.1595	0.1272	0.252	0.2435	0.2051	0.2604	0.2785	0.2329	0.2311	0.2261	0.2785	gnomADg_MID	1KG_ALL:T:NA	.	0&1&1	0&1&1	23002384	.	.	.	.	.	46	-15	27	3	0	0.03	0	0	OR52N4	.	.
chr11:18502571:G:T	ENSG00000074319	T	stop_gained	HIGH	TSG101	ENSG00000074319	Transcript	ENST00000251968	protein_coding	7/10	.	.	.	681	555	185	Y/*	taC/taA	rs202060916&COSV52648453	.	-1	.	SNV	HGNC	HGNC:15971	YES	NM_006292.4	.	1	P1	CCDS7842.1	ENSP00000251968	Q99816.236	.	UPI000004750C	Q99816-1	.	.	.	.	.	.	.	.	.	.	.	0.002891	0.01248	0.000616	0.001104	0.003913	0.004801	0.002637	0.003364	3.303e-05	.	.	.	.	.	.	.	.	.	.	.	0.01248	gnomADe_AFR	1KG_ALL:T:NA	.	0&1	0&1	.	.	.	.	.	.	-5	6	-25	6	0	0	0	0	TSG101	30	30
chr11:48245184:C:G	ENSG00000172208	G	stop_gained	HIGH	OR4X2	ENSG00000172208	Transcript	ENST00000624868	protein_coding	1/1	.	.	.	81	81	27	Y/*	taC/taG	rs7120775&COSV56582726	.	1	.	SNV	HGNC	HGNC:15184	YES	NM_001004727.1	.	.	P1	.	ENSP00000485431	Q8NGF9.155	A0A126GVL5.33	UPI0000041BE3	.	.	.	.	.	.	0.1747	0.2882	0.1268	0.1627	0.1252	0.1186	0.1477	0.2748	0.1305	0.106	0.17	0.1655	0.1351	0.1146	0.1407	0.1776	0.2745	0.1031	0.1345	0.1094	0.1655	0.1749	0.1646	0.1384	0.1368	0.1352	0.2882	AFR	1KG_ALL:G:NA	.	0&1	0&1	28849223&23002384	.	.	.	.	.	1	5	1	-39	0.02	0.02	0	0.01	OR4X2	30	30
chr11:48979006:G:A	ENSG00000220948	A	stop_gained	HIGH	TRIM51G	ENSG00000220948	Transcript	ENST00000534741	protein_coding	4/7	.	.	.	755	604	202	Q/*	Caa/Taa	rs11040198	.	-1	.	SNV	HGNC	HGNC:43972	YES	NM_001396075.1	.	.	P1	CCDS91472.1	ENSP00000497050	A0A3B3IT33.23	.	UPI000041A74C	.	.	.	.	.	.	0.2726	0.1188	0.2363	0.4028	0.1799	0.4673	0.2299	0.138	0.1917	0.2326	0.3782	0.1642	0.189	0.2226	0.4299	0.189	0.143	0.1316	0.2015	0.2346	0.3899	0.1522	0.2197	0.186	0.2113	0.4188	0.4673	SAS	.	.	.	.	28369186&28715588	.	.	.	.	.	.	.	.	.	.	.	.	.	.	30	30
chr11:55572176:C:T	ENSG00000279514	T	stop_gained	HIGH	OR4C16	ENSG00000279514	Transcript	ENST00000623907	protein_coding	1/1	.	.	.	49	49	17	Q/*	Cag/Tag	rs1459101&COSV58941831	.	1	.	SNV	HGNC	HGNC:15172	YES	NM_001004701.2	.	.	P1	.	ENSP00000485295	Q8NGL9.153	.	UPI000013F8A8	.	.	.	.	.	.	0.2526	0.1014	0.3242	0.3909	0.2843	0.2311	0.2872	0.1198	0.4088	0.2484	0.3827	0.3205	0.2668	0.2999	0.244	0.2376	0.1229	0.2971	0.3304	0.2403	0.3613	0.322	0.3045	0.2615	0.2642	0.2458	0.4088	gnomADe_AMR	1KG_ALL:T:NA	.	0&1	0&1	17964544&30203366&23002384	.	.	.	.	.	24	3	-31	23	0	0	0	0	OR4C16	30	30
chr11:55638546:C:G	ENSG00000181927	G	stop_gained	HIGH	OR4P4	ENSG00000181927	Transcript	ENST00000641760	protein_coding	2/2	.	.	.	323	189	63	Y/*	taC/taG	rs76160133&COSV58922257	.	1	.	SNV	HGNC	HGNC:15180	YES	NM_001405919.1	.	.	P1	CCDS31504.1	ENSP00000493384	Q8NGL7.152	.	UPI0000061E8A	.	.	.	.	.	.	0.2851	0.0968	0.2968	0.4563	0.165	0.4785	0.2002	0.1109	0.2258	0.1492	0.3927	0.09173	0.1489	0.1804	0.402	0.1491	0.1111	0.103	0.1831	0.1386	0.3774	0.07506	0.146	0.1451	0.1623	0.4122	0.4785	SAS	1KG_ALL:G:NA	.	0&1	0&1	.	.	.	.	.	.	1	35	1	-19	0.18	0.01	0	0.04	OR4P4	30	30
chr11:56376306:T:TGA	ENSG00000172199	GA	frameshift_variant	HIGH	OR8U1	ENSG00000172199	Transcript	ENST00000302270	protein_coding	1/1	.	.	.	683	683	228	M/MX	atg/atGAg	.	.	1	.	insertion	HGNC	HGNC:19611	YES	NM_001005204.1	.	.	P1	CCDS41647.1	ENSP00000304188	Q8NH10.148	.	UPI0000061EEF	.	.	.	.	.	.	.	.	.	.	.	.	.	.	.	.	.	.	.	.	.	.	.	.	.	.	.	.	.	.	.	.	.	.	.	.	.	.	.	.	.	.	.	.	.	.	.	.	.	.	.	.	.	30	30
chr11:56376308:CAT:C	ENSG00000172199	-	frameshift_variant	HIGH	OR8U1	ENSG00000172199	Transcript	ENST00000302270	protein_coding	1/1	.	.	.	686	686	229	H/X	cAT/c	rs758139791	.	1	.	deletion	HGNC	HGNC:19611	YES	NM_001005204.1	.	.	P1	CCDS41647.1	ENSP00000304188	Q8NH10.148	.	UPI0000061EEF	.	.	.	.	.	.	.	.	.	.	.	.	0.1577	0.2841	0.1683	0.08406	0.2922	0.03515	0.158	0.1927	0.1316	0.4914	0.4952	0.4931	0.4939	0.4936	0.4871	0.476	0.4757	0.4913	0.4939	0.4883	0.4952	gnomADg_AFR	.	.	.	.	.	.	.	.	.	.	-4	3	34	-44	0.07	0	0	0	OR8U1	30	30
chr11:58359006:G:A	ENSG00000197786	A	stop_gained	HIGH	OR5B17	ENSG00000197786	Transcript	ENST00000357377	protein_coding	1/1	.	.	.	64	64	22	Q/*	Cag/Tag	rs79337234	.	-1	.	SNV	HGNC	HGNC:15267	YES	NM_001005489.2	.	.	P1	CCDS31548.1	ENSP00000349945	Q8NGF7.157	A0A126GVL8.41	UPI0000041DFA	.	.	.	.	.	.	0.0112	0	0.0014	0.0526	0	0.002	0.005116	0	2.899e-05	0	0.06588	5.27e-05	5.326e-05	0.0009888	0.00144	0.002189	2.414e-05	0	0.0005246	0	0.05821	0	0	4.411e-05	0.001438	0.003324	0.06588	gnomADe_EAS	.	.	.	.	.	.	.	.	.	.	46	5	46	-2	0	0	0.05	0.01	OR5B17	30	30
chr11:60941120:A:C	ENSG00000110446	C	splice_donor_variant	HIGH	SLC15A3	ENSG00000110446	Transcript	ENST00000227880	protein_coding	.	5/7	.	.	.	.	.	.	.	rs201476381&COSV50013875	.	-1	.	SNV	HGNC	HGNC:18068	YES	NM_016582.3	.	1	P2	CCDS7998.1	ENSP00000227880	Q8IY34.148	.	UPI000004433B	.	.	.	.	.	.	.	.	.	.	.	.	0.006139	0.01682	0.00442	0.001657	0.00749	0.006439	0.006913	0.003217	0.00151	8.566e-05	0	0	6.561e-05	0	0	0	0	0.0001771	0	0	0.01682	gnomADe_AFR	1KG_ALL:C:NA	.	0&1	0&1	.	.	.	.	.	.	0	50	0	2	0	0	0.07	0.99	SLC15A3	30	30
chr11:63382198:C:CA	ENSG00000149742	A	frameshift_variant	HIGH	SLC22A9	ENSG00000149742	Transcript	ENST00000279178	protein_coding	6/10	.	.	.	1266	994	332	Q/QX	caa/cAaa	.	.	1	.	insertion	HGNC	HGNC:16261	YES	NM_080866.3	.	1	P1	CCDS8043.1	ENSP00000279178	Q8IVM8.150	.	UPI00000745FF	Q8IVM8-1	.	.	.	.	.	.	.	.	.	.	.	.	.	.	.	.	.	.	.	.	.	.	.	.	.	.	.	.	.	.	.	.	.	.	.	.	.	.	.	.	.	.	.	-7	-40	37	-40	0	0	0	0	SLC22A9	30	30
chr11:77243743:T:TA	ENSG00000178795	A	frameshift_variant	HIGH	GDPD4	ENSG00000178795	Transcript	ENST00000315938	protein_coding	13/17	.	.	.	1526	1191	397	-/X	-/T	.	.	-1	.	insertion	HGNC	HGNC:24849	YES	NM_182833.3	.	1	A2	CCDS8249.1	ENSP00000320815	Q6W3E5.125	.	UPI00001B3DB6	Q6W3E5-2	.	.	.	.	.	.	.	.	.	.	.	.	.	.	.	.	.	.	.	.	.	.	.	.	.	.	.	.	.	.	.	.	.	.	.	.	.	.	.	.	.	.	.	-6	44	30	-50	0	0	0	0.21	GDPD4	30	30
chr11:77693579:G:T	ENSG00000048649	T	stop_gained	HIGH	RSF1	ENSG00000048649	Transcript	ENST00000308488	protein_coding	8/16	.	.	.	2756	2748	916	Y/*	taC/taA	rs199573257&COSV106418121	.	-1	.	SNV	HGNC	HGNC:18118	YES	NM_016578.4	.	1	P1	CCDS8253.1	ENSP00000311513	Q96T23.182	.	UPI00001FB001	Q96T23-1	.	.	.	.	.	.	.	.	.	.	.	0.001999	0.002989	0.0004066	0.0011	0.005676	0.004548	0.001816	0.002831	0.0001311	.	.	.	.	.	.	.	.	.	.	.	0.005676	gnomADe_EAS	1KG_ALL:T:NA	.	0&1	0&1	.	.	.	.	.	.	46	32	32	6	0.01	0.1	0	0	RSF1	30	30
chr11:77918086:A:AT	ENSG00000087884	T	frameshift_variant	HIGH	AAMDC	ENSG00000087884	Transcript	ENST00000532481	protein_coding	4/4	.	.	.	344	254	85	D/DX	gat/gaTt	.	.	1	.	insertion	HGNC	HGNC:30205	.	.	.	1	.	.	ENSP00000433293	Q9H7C9.148	.	UPI0000073A57	Q9H7C9-3	.	.	.	.	.	.	.	.	.	.	.	.	.	.	.	.	.	.	.	.	.	.	.	.	.	.	.	.	.	.	.	.	.	.	.	.	.	.	.	.	.	.	.	.	.	.	.	.	.	.	.	.	30	30
chr11:86422691:GC:G	ENSG00000149201	-	frameshift_variant	HIGH	CCDC81	ENSG00000149201	Transcript	ENST00000445632	protein_coding	15/15	.	.	.	2213	1936	646	P/X	Cct/ct	rs574714623	.	1	.	deletion	HGNC	HGNC:26281	YES	NM_001156474.2	.	1	P1	CCDS53691.1	ENSP00000415528	Q6ZN84.127	.	UPI0000E5BE97	Q6ZN84-1	.	.	.	.	.	0.0006	0	0	0.003	0	0	2.388e-05	0	0	0	0.0002719	0	0	0	3.272e-05	2.628e-05	0	0	0	0	0.0007695	0	0	0	0	0	0.003	EAS	.	.	.	.	.	.	.	.	.	.	-6	19	19	-8	0	0	0	0	CCDC81	30	30
chr11:105007313:G:GT	ENSG00000137757	T	frameshift_variant	HIGH	CASP5	ENSG00000137757	Transcript	ENST00000260315	protein_coding	3/10	.	.	.	234	202	68	T/NX	aca/aAca	COSV52827697	.	-1	.	insertion	HGNC	HGNC:1506	YES	NM_004347.5	.	5	A2	CCDS8328.2	ENSP00000260315	P51878.198	.	UPI0001824643	P51878-1	.	.	.	.	.	.	.	.	.	.	.	.	.	.	.	.	.	.	.	.	.	.	.	.	.	.	.	.	.	.	.	.	.	1KG_ALL:T:NA	.	1	1	.	.	.	.	.	.	17	20	20	-2	0.02	0.02	0	0	CASP5	30	30
chr11:105008959:CT:C	ENSG00000137757	-	frameshift_variant	HIGH	CASP5	ENSG00000137757	Transcript	ENST00000260315	protein_coding	2/10	.	.	.	60	28	10	R/X	Agg/gg	rs372526393	.	-1	.	deletion	HGNC	HGNC:1506	YES	NM_004347.5	.	5	A2	CCDS8328.2	ENSP00000260315	P51878.198	.	UPI0001824643	P51878-1	.	.	.	.	.	.	.	.	.	.	.	0.05568	0.03233	0.0538	0.0451	0.05184	0.04229	0.05572	0.05402	0.08901	0.0003606	0.000273	0	0.0006138	0.0002945	0.0001973	0.001597	0	0.0002263	0	0.0002153	0.08901	gnomADe_SAS	.	.	.	.	29230214	.	.	.	.	.	-42	20	-30	13	0	0.13	0	0	CASP5	30	30
chr11:117351931:GA:G	ENSG00000110274	-	frameshift_variant	HIGH	CEP164	ENSG00000110274	Transcript	ENST00000278935	protein_coding	5/33	.	.	.	485	337	113	K/X	Aaa/aa	rs751277203	.	1	.	sequence_alteration	HGNC	HGNC:29182	YES	NM_014956.5	.	1	P1	CCDS31683.1	ENSP00000278935	Q9UPV0.163	.	UPI00001FA422	Q9UPV0-1	1	.	.	.	.	.	.	.	.	.	.	0.06386	0.05813	0.06232	0.0441	0.05595	0.06485	0.06908	0.06387	0.05898	0.0002903	0.0004261	0	0.0001464	0	0.0004191	0.0005053	0	0.000253	0	0	0.06908	gnomADe_NFE	.	.	.	1	.	.	.	.	.	.	-3	12	11	48	0	0	0	0	CEP164	30	30
chr11:117351931:GA:GAA	ENSG00000110274	-	frameshift_variant	HIGH	CEP164	ENSG00000110274	Transcript	ENST00000278935	protein_coding	5/33	.	.	.	485	337	113	K/X	Aaa/aa	rs751277203	.	1	.	sequence_alteration	HGNC	HGNC:29182	YES	NM_014956.5	.	1	P1	CCDS31683.1	ENSP00000278935	Q9UPV0.163	.	UPI00001FA422	Q9UPV0-1	1	.	.	.	.	.	.	.	.	.	.	0.06386	0.05813	0.06232	0.0441	0.05595	0.06485	0.06908	0.06387	0.05898	0.0002903	0.0004261	0	0.0001464	0	0.0004191	0.0005053	0	0.000253	0	0	0.06908	gnomADe_NFE	.	.	.	1	.	.	.	.	.	.	-3	12	11	48	0	0	0	0	CEP164	30	30
chr13:21172461:TG:T	ENSG00000165480	-	frameshift_variant	HIGH	SKA3	ENSG00000165480	Transcript	ENST00000314759	protein_coding	3/9	.	.	.	283	208	70	Q/X	Caa/aa	rs151272242&COSV53433814	.	-1	.	deletion	HGNC	HGNC:20262	YES	NM_145061.6	.	1	P1	CCDS31946.1	ENSP00000319417	Q8IX90.152	.	UPI00001AEC75	Q8IX90-1	.	.	.	PDB-ENSP_mappings:4aj5.1&PDB-ENSP_mappings:4aj5.2&PDB-ENSP_mappings:4aj5.3&PDB-ENSP_mappings:4aj5.4&PDB-ENSP_mappings:4aj5.U&PDB-ENSP_mappings:4aj5.V&PDB-ENSP_mappings:4aj5.W&PDB-ENSP_mappings:4aj5.X&PDB-ENSP_mappings:4aj5.Y&PDB-ENSP_mappings:4aj5.Z	.	0.139	0.0295	0.134	0.2391	0.1412	0.1851	0.1017	0.01611	0.1422	0.0796	0.1681	0.1704	0.07623	0.0918	0.1397	0.03642	0.008472	0.0058	0.04608	0.04133	0.08992	0.09668	0.03472	0.03925	0.03944	0.0686	0.2391	EAS	1KG_ALL:-:NA	.	0&1	0&1	23506231	.	.	.	.	.	4	43	43	-31	0	0.5	0	0	SKA3	30	30
chr13:25096959:A:AT	ENSG00000151846	T	frameshift_variant	HIGH	PABPC3	ENSG00000151846	Transcript	ENST00000281589	protein_coding	1/1	.	.	.	824	761	254	K/NX	aag/aaTg	rs140090397&COSV55796630	.	1	.	insertion	HGNC	HGNC:8556	YES	NM_030979.3	.	.	P1	CCDS9311.1	ENSP00000281589	Q9H361.178	Q5VX58.142	UPI00001311AB	.	.	.	.	.	.	0.0964	0.1694	0.0576	0.0337	0.0358	0.1524	0.001143	0.002817	0.001007	0.0009884	0.0006526	0.0004216	0.001178	0.0008435	0.001324	0.4299	0.4726	0.3096	0.4055	0.4081	0.4655	0.3884	0.4147	0.4136	0.4349	0.4426	0.4726	gnomADg_AFR	1KG_ALL:T:NA	.	0&1	0&1	.	.	.	.	.	.	-50	41	-20	-42	0	0	0	0	PABPC3	30	30
chr13:25097231:G:T	ENSG00000151846	T	stop_gained	HIGH	PABPC3	ENSG00000151846	Transcript	ENST00000281589	protein_coding	1/1	.	.	.	1096	1033	345	E/*	Gaa/Taa	rs76804900&COSV55796730&COSV55806798	.	1	.	SNV	HGNC	HGNC:8556	YES	NM_030979.3	.	.	P1	CCDS9311.1	ENSP00000281589	Q9H361.178	Q5VX58.142	UPI00001311AB	.	.	.	.	.	.	.	.	.	.	.	.	0	0	0	0	0	0	0	0	0	0.4186	0.4619	0.2936	0.3918	0.4055	0.4605	0.3643	0.4142	0.403	0.4215	0.4295	0.4619	gnomADg_AFR	1KG_ALL:T:NA	.	0&1&1	0&1&1	.	.	.	.	.	.	-32	-2	-32	30	0	0	0	0	PABPC3	30	30
chr13:30956872:G:A	ENSG00000175664	A	splice_acceptor_variant	HIGH	TEX26	ENSG00000175664	Transcript	ENST00000380473	protein_coding	.	3/6	.	.	.	.	.	.	.	rs12857479&COSV66839414	.	1	.	SNV	HGNC	HGNC:28622	YES	NM_152325.3	.	1	P1	CCDS9339.1	ENSP00000369840	Q8N6G2.116	.	UPI0000070D41	.	.	.	.	.	.	0.2548	0.0469	0.3141	0.2946	0.3628	0.3415	0.3453	0.085	0.3121	0.4005	0.3026	0.402	0.3756	0.3732	0.3701	0.2877	0.0934	0.2357	0.2993	0.4095	0.2833	0.402	0.3892	0.3736	0.3305	0.3587	0.4095	gnomADg_ASJ	1KG_ALL:A:NA	.	0&1	0&1	26708639&30834692&35175844	.	.	.	.	.	2	1	-37	1	0	0.54	0	0	TEX26	30	30
chr13:48510757:G:T	ENSG00000136161	T	stop_gained	HIGH	RCBTB2	ENSG00000136161	Transcript	ENST00000344532	protein_coding	10/15	.	.	.	1069	798	266	Y/*	taC/taA	rs761397314	.	-1	.	SNV	HGNC	HGNC:1914	YES	NM_001268.4	.	1	A1	CCDS9411.1	ENSP00000345144	O95199.172	.	UPI00000372FA	O95199-1	.	.	.	.	.	.	.	.	.	.	.	1.594e-05	0	0	0	0	0.000139	8.815e-06	0	0	.	.	.	.	.	.	.	.	.	.	.	0.000139	gnomADe_FIN	.	.	.	.	.	.	.	.	.	.	-23	14	14	-35	0	0.13	0	0	RCBTB2	.	.
chr13:99866380:C:T	ENSG00000125246	T	stop_gained	HIGH	CLYBL	ENSG00000125246	Transcript	ENST00000339105	protein_coding	6/9	.	.	.	781	775	259	R/*	Cga/Tga	rs41281112&CM123602	.	1	.	SNV	HGNC	HGNC:18355	YES	NM_206808.5	.	1	P1	CCDS32002.1	ENSP00000342991	Q8N0X4.156	.	UPI0000071ADE	Q8N0X4-1	.	.	.	PDB-ENSP_mappings:5vxc.A&PDB-ENSP_mappings:5vxo.A&PDB-ENSP_mappings:5vxo.B&PDB-ENSP_mappings:5vxo.C&PDB-ENSP_mappings:5vxs.A&PDB-ENSP_mappings:5vxs.B&PDB-ENSP_mappings:5vxs.C&PDB-ENSP_mappings:5vxs.D&PDB-ENSP_mappings:5vxs.E&PDB-ENSP_mappings:5vxs.F	.	0.022	0	0.0389	0.0347	0.0268	0.0215	0.02829	0.005541	0.02617	0.04972	0.04912	0.03577	0.02654	0.03317	0.02346	0.02265	0.005262	0.001096	0.03388	0.04669	0.04273	0.03689	0.03165	0.02591	0.02155	0.02425	0.04972	gnomADe_ASJ	1KG_ALL:T:NA	.	0&1	1&1	28334792&22367966&35811987&33644173&27995393&33799553&29764838&29445423&23754956&36501061&37049476&29056341&24334609	.	.	.	.	.	27	-26	-44	27	0	0	0	0.11	CLYBL	.	.
chr4:8218263:G:A	ENSG00000125089	A	splice_region_variant&splice_polypyrimidine_tract_variant&intron_variant	LOW	SH3TC1	ENSG00000125089	Transcript	ENST00000245105	protein_coding	.	7/17	.	.	.	.	.	.	.	rs185483665	.	1	.	SNV	HGNC	HGNC:26009	YES	NM_018986.5	.	2	P2	CCDS3399.1	ENSP00000245105	Q8TE82.153	.	UPI000013CB93	.	.	.	.	.	.	0.0002	0	0	0.001	0	0	2.003e-05	6.2e-05	8.815e-05	0	5.457e-05	0	0	0	0	2.631e-05	7.246e-05	0	0	0	0.0001933	0	0	0	0	0	0.001	EAS	.	.	.	.	.	.	.	.	.	.	2	8	7	-18	0.95	0.4	0	0	SH3TC1	30	30
chr4:37850193:C:A	ENSG00000169299	A	stop_gained	HIGH	PGM2	ENSG00000169299	Transcript	ENST00000381967	protein_coding	12/14	.	.	.	1469	1422	474	Y/*	taC/taA	rs200826232&COSV106555480	.	1	.	SNV	HGNC	HGNC:8906	YES	NM_018290.4	.	1	P1	CCDS3443.1	ENSP00000371393	Q96G03.180	.	UPI000004A02B	Q96G03-1	.	.	.	.	.	.	.	.	.	.	.	0.00139	0.002883	0.00034	0.0002329	0.00431	0.002618	0.001085	0.002175	0.0002032	.	.	.	.	.	.	.	.	.	.	.	0.00431	gnomADe_EAS	1KG_ALL:A:NA	.	0&1	0&1	.	.	.	.	.	.	41	-9	41	-10	0.33	0.03	0	0	PGM2	30	30
chr4:47693007:G:T	ENSG00000145244	T	stop_gained	HIGH	CORIN	ENSG00000145244	Transcript	ENST00000273857	protein_coding	6/22	.	.	.	994	876	292	Y/*	taC/taA	rs778120703&COSV106344351	.	-1	.	SNV	HGNC	HGNC:19012	YES	NM_006587.4	.	1	P2	CCDS3477.1	ENSP00000273857	Q9Y5Q5.198	.	UPI0000168657	Q9Y5Q5-1	1	.	.	.	.	.	.	.	.	.	.	0.003835	0.01615	0.0004933	0.001097	0.003635	0.0063	0.003875	0.005625	3.267e-05	.	.	.	.	.	.	.	.	.	.	.	0.01615	gnomADe_AFR	1KG_ALL:T:NA	.	0&1	0&1	.	.	.	.	.	.	-37	39	11	-37	0	0	0	0.18	CORIN	30	30
chr4:47837941:C:CT	ENSG00000145244	T	frameshift_variant	HIGH	CORIN	ENSG00000145244	Transcript	ENST00000273857	protein_coding	1/22	.	.	.	126	8	3	Q/QX	cag/caAg	.	.	-1	.	insertion	HGNC	HGNC:19012	YES	NM_006587.4	.	1	P2	CCDS3477.1	ENSP00000273857	Q9Y5Q5.198	.	UPI0000168657	Q9Y5Q5-1	1	.	.	.	.	.	.	.	.	.	.	.	.	.	.	.	.	.	.	.	.	.	.	.	.	.	.	.	.	.	.	.	.	.	.	.	.	.	.	.	.	.	.	-24	-2	-24	-2	0	0	0	0	CORIN	30	30
chr4:67963391:C:T	ENSG00000187054	T	start_lost	HIGH	TMPRSS11A	ENSG00000187054	Transcript	ENST00000508048	protein_coding	1/10	.	.	.	103	3	1	M/I	atG/atA	rs977728&COSV58357555	.	-1	.	SNV	HGNC	HGNC:27954	YES	NM_001114387.2	.	1	P3	CCDS47065.1	ENSP00000426911	Q6ZMR5.144	.	UPI000019778A	.	.	tolerated(0.05)	benign(0)	.	.	0.2033	0.115	0.3473	0.1835	0.2177	0.226	0.2129	0.1282	0.4102	0.1471	0.1665	0.2157	0.1795	0.2141	0.209	0.1771	0.1276	0.1853	0.3182	0.1484	0.1703	0.2086	0.2247	0.1688	0.1834	0.2237	0.4102	gnomADe_AMR	1KG_ALL:T:NA	.	0&1	0&1	32835700&32691890&32771700	.	.	.	.	.	-14	-19	-2	-8	0	0	0	0.1	TMPRSS11A	.	.
chr4:70474006:G:A	ENSG00000171195	A	splice_acceptor_variant	HIGH	MUC7	ENSG00000171195	Transcript	ENST00000304887	protein_coding	.	1/2	.	.	.	.	.	.	.	rs2306949&COSV59218861	.	1	.	SNV	HGNC	HGNC:7518	YES	NM_152291.3	.	1	P1	CCDS3541.1	ENSP00000302021	Q8TAX7.150	.	UPI000013E9DD	.	1	.	.	.	.	0.2087	0.2844	0.1354	0.2044	0.1252	0.2485	0.1616	0.2713	0.1116	0.09459	0.1745	0.1194	0.1591	0.145	0.2165	0.1844	0.2721	0.1692	0.1151	0.08271	0.1852	0.1107	0.1171	0.1621	0.1568	0.2223	0.2844	AFR	1KG_ALL:A:NA	.	0&1	0&1	16400609	.	.	.	.	.	2	1	4	5	0.86	1	0	0	MUC7	30	30
chr4:73139529:A:C	ENSG00000132466	C	splice_donor_variant	HIGH	ANKRD17	ENSG00000132466	Transcript	ENST00000358602	protein_coding	.	15/33	.	.	.	.	.	.	.	rs201100320	.	-1	.	SNV	HGNC	HGNC:23575	YES	NM_032217.5	.	5	.	CCDS34004.1	ENSP00000351416	O75179.181	.	UPI00002263B0	O75179-1	1	.	.	.	.	.	.	.	.	.	.	0.004477	0.0114	0.001931	0.002325	0.005617	0.004612	0.0053	0.005975	0.0003016	0	0	0	0	0	0	0	0	0	0	0	0.0114	gnomADe_AFR	.	.	.	.	.	.	.	.	.	.	-22	45	-22	2	0	0	0.07	0.95	ANKRD17	30	30
chr4:73452623:G:T	ENSG00000081051	T	stop_gained&splice_region_variant	HIGH	AFP	ENSG00000081051	Transcript	ENST00000395792	protein_coding	12/15	.	.	.	1693	1651	551	E/*	Gag/Tag	rs191300110	.	1	.	SNV	HGNC	HGNC:317	YES	NM_001134.3	.	1	P1	CCDS3556.1	ENSP00000379138	P02771.215	.	UPI00000012A9	.	1	.	.	PDB-ENSP_mappings:7yim.A	.	0.0002	0	0	0.001	0	0	6.803e-05	0	0	0	0.0009259	0	0	0	0	3.286e-05	0	0	0	0	0.0009612	0	0	0	0	0	0.001	EAS	.	.	.	.	.	.	.	.	.	.	24	-45	-27	1	0	0	0	0.03	AFP	30	30
chr4:87310362:G:C	ENSG00000170509	C	splice_region_variant&splice_polypyrimidine_tract_variant&intron_variant	LOW	HSD17B13	ENSG00000170509	Transcript	ENST00000328546	protein_coding	.	5/6	.	.	.	.	.	.	.	rs117111943	.	-1	.	SNV	HGNC	HGNC:18685	YES	NM_178135.5	.	1	P1	CCDS3618.1	ENSP00000333300	Q7Z5P4.153	.	UPI00000350AE	Q7Z5P4-1	1	.	.	.	.	0.0098	0	0.0043	0.0427	0.001	0.002	0.00429	0	0.0002389	0.02078	0.04351	0.002115	0.001115	0.001635	0.001876	0.002743	0.0001208	0	0.0007858	0.01672	0.04449	0.002179	0	0.0009557	0.003349	0.003314	0.04449	gnomADg_EAS	.	.	.	.	.	.	.	.	.	.	-1	-3	-3	-33	0.99	0.79	0	0	HSD17B13	30	30
chr4:109347632:C:T	ENSG00000247950	T	splice_acceptor_variant&non_coding_transcript_variant	HIGH	SEC24B-AS1	ENSG00000247950	Transcript	ENST00000499713	lncRNA	.	7/7	.	.	.	.	.	.	.	rs73838582	.	-1	.	SNV	HGNC	HGNC:44003	.	.	.	5	.	.	.	.	.	.	.	.	.	.	.	.	0.0599	0.1316	0.0303	0.0446	0.0447	0.0153	.	.	.	.	.	.	.	.	.	0.06281	0.1019	0.08991	0.03665	0.09256	0.04422	0.0469	0.02215	0.0505	0.05024	0.01994	0.1316	AFR	.	.	.	.	.	.	.	.	.	.	.	.	.	.	.	.	.	.	.	30	30
chr4:110011233:G:GC	ENSG00000138798	C	frameshift_variant	HIGH	EGF	ENSG00000138798	Transcript	ENST00000265171	protein_coding	24/24	.	.	.	3855	3402	1134	-/X	-/C	.	.	1	.	insertion	HGNC	HGNC:3229	YES	NM_001963.6	.	1	P1	CCDS3689.1	ENSP00000265171	P01133.235	.	UPI000013D5C8	P01133-1	1	.	.	.	.	.	.	.	.	.	.	.	.	.	.	.	.	.	.	.	.	.	.	.	.	.	.	.	.	.	.	.	.	.	.	.	.	.	.	.	.	.	.	-36	-32	-32	-8	0	0	0	0	EGF	30	30
chr4:186201148:ATCATACAGGTCATC:A	ENSG00000145476	-	splice_acceptor_variant&splice_polypyrimidine_tract_variant&coding_sequence_variant&intron_variant	HIGH	CYP4V2	ENSG00000145476	Transcript	ENST00000378802	protein_coding	7/11	6/10	.	.	.	.	.	.	.	rs530014373	.	1	.	deletion	HGNC	HGNC:23198	YES	NM_207352.4	.	1	P1	CCDS34119.1	ENSP00000368079	Q6ZWL3.172	.	UPI00002372FE	Q6ZWL3-1	1	.	.	.	.	0.0014	0	0	0.005	0.002	0	6.366e-05	0	0	0	0.0006536	0	3.519e-05	0	0	0.0001774	0	0	0	0	0.004836	0	0	2.94e-05	0	0	0.005	EAS	.	.	.	.	.	.	.	.	.	.	.	.	.	.	.	.	.	.	.	30	30
chr4:186201164:CT:C	ENSG00000145476	-	frameshift_variant	HIGH	CYP4V2	ENSG00000145476	Transcript	ENST00000378802	protein_coding	7/11	.	.	.	1067	810	270	A/X	gcT/gc	rs556930061&CD152993&COSV66505335	.	1	.	deletion	HGNC	HGNC:23198	YES	NM_207352.4	.	1	P1	CCDS34119.1	ENSP00000368079	Q6ZWL3.172	.	UPI00002372FE	Q6ZWL3-1	1	.	.	.	.	0.0014	0	0	0.005	0.002	0	6.763e-05	0	0	0	0.0007091	0	3.517e-05	0	0	0.0001775	0	0	0	0	0.004839	0	0	2.94e-05	0	0	0.005	EAS	1KG_ALL:-:NA	.	0&1&1	0&1&1	.	.	.	.	.	.	33	-7	-8	41	0	0.01	0	0.01	CYP4V2	30	30
chr3:10046723:AG:A	ENSG00000144554	-	splice_donor_variant	HIGH	FANCD2	ENSG00000144554	Transcript	ENST00000675286	protein_coding	.	15/43	.	.	.	.	.	.	.	rs750338758&COSV55033041	.	1	.	deletion	HGNC	HGNC:3585	YES	NM_001018115.3	.	.	P2	CCDS33696.1	ENSP00000502379	Q9BXW9.191	.	UPI000006CD51	Q9BXW9-2	1	.	.	.	.	.	.	.	.	.	.	0.001176	0.002992	0.0002066	0.0005082	0.0004493	0.001346	0.001656	0.001887	9.97e-05	0.4474	0.4717	0.4292	0.4002	0.4444	0.3804	0.4447	0.4397	0.4523	0.4374	0.3832	0.4717	gnomADg_AFR	1KG_ALL:-:NA	.	0&1	0&1	35929646	.	.	.	.	.	-23	-49	-23	0	0	0	0.16	1	FANCD2	30	30
chr3:13353593:G:T	ENSG00000132182	T	stop_gained	HIGH	NUP210	ENSG00000132182	Transcript	ENST00000254508	protein_coding	18/40	.	.	.	2685	2589	863	Y/*	taC/taA	rs769576069	.	-1	.	SNV	HGNC	HGNC:30052	YES	NM_024923.4	.	2	P1	CCDS33704.1	ENSP00000254508	Q8TEM1.166	.	UPI00001600AF	Q8TEM1-1	.	.	.	PDB-ENSP_mappings:7r5j.10&PDB-ENSP_mappings:7r5j.11&PDB-ENSP_mappings:7r5j.12&PDB-ENSP_mappings:7r5j.13&PDB-ENSP_mappings:7r5j.14&PDB-ENSP_mappings:7r5j.15&PDB-ENSP_mappings:7r5j.16&PDB-ENSP_mappings:7r5j.17&PDB-ENSP_mappings:7r5k.10&PDB-ENSP_mappings:7r5k.11&PDB-ENSP_mappings:7r5k.12&PDB-ENSP_mappings:7r5k.13&PDB-ENSP_mappings:7r5k.14&PDB-ENSP_mappings:7r5k.15&PDB-ENSP_mappings:7r5k.16&PDB-ENSP_mappings:7r5k.17	.	.	.	.	.	.	.	1.991e-05	6.176e-05	0	0	5.45e-05	0	1.76e-05	0.0001632	0	.	.	.	.	.	.	.	.	.	.	.	0.0001632	gnomADe_OTH	.	.	.	.	.	.	.	.	.	.	-18	41	-28	-39	0	0	0	0.33	NUP210	30	30
chr3:50118454:TGA:T	ENSG00000003756	-	frameshift_variant&stop_lost	HIGH	RBM5	ENSG00000003756	Transcript	ENST00000347869	protein_coding	25/25	.	.	.	2611	2447	816	*/X	tGA/t	rs112672304	.	1	.	deletion	HGNC	HGNC:9902	YES	NM_005778.4	.	1	P1	CCDS2810.1	ENSP00000343054	P52756.203	A0A024R2U6.60	UPI000013337C	P52756-1	.	.	.	.	.	.	.	.	.	.	.	0.3701	0.3791	0.2046	0.4309	0.4166	0.3413	0.4033	0.3805	0.4399	0.001161	0.000626	0	0.001016	0.00118	0.0003975	0.003675	0	0.00131	0.001512	0.0002147	0.4399	gnomADe_SAS	.	.	.	.	.	.	.	.	.	.	-45	-30	-3	39	0	0	0	0	RBM5	30	30
chr3:53865249:C:T	ENSG00000056736	T	stop_gained	HIGH	IL17RB	ENSG00000056736	Transcript	ENST00000288167	protein_coding	11/11	.	.	.	1471	1450	484	Q/*	Cag/Tag	rs1043261&CM067684	.	1	.	SNV	HGNC	HGNC:18015	YES	NM_018725.4	.	1	P1	CCDS2874.1	ENSP00000288167	Q9NRM6.181	.	UPI0000038A0B	Q9NRM6-1	.	.	.	.	.	0.1352	0.0915	0.1124	0.2133	0.0706	0.1963	0.09959	0.08847	0.09351	0.07314	0.1953	0.03994	0.07913	0.09143	0.1799	0.088	0.08834	0.02412	0.1006	0.06394	0.1961	0.04327	0.07595	0.07873	0.09483	0.1852	0.2133	EAS	1KG_ALL:T:NA	.	0&1	1&1	24309190&31623129&21606320&27051588&29091937&22377791&32793093&31882771&33849530&28435278&28110208&33810367	.	.	.	.	.	6	-17	-2	5	0	0.02	0	0	IL17RB	30	30
chr3:75665673:AG:A	ENSG00000172969	-	frameshift_variant	HIGH	FRG2C	ENSG00000172969	Transcript	ENST00000308062	protein_coding	4/4	.	.	.	534	482	161	R/X	aGg/ag	rs373728386&COSV57311399	.	1	.	deletion	HGNC	HGNC:33626	YES	NM_001124759.5	.	1	P4	CCDS43108.1	ENSP00000312299	A6NGY1.106	.	UPI0000160BC9	.	.	.	.	.	.	.	.	.	.	.	.	.	.	.	.	.	.	.	.	.	0.4898	0.4753	0.4952	0.4925	0.4949	0.4992	0.4823	0.4881	0.4966	0.4906	0.496	0.4992	gnomADg_EAS	1KG_ALL:-:NA	.	0&1	0&1	.	.	.	.	.	.	-29	-41	46	0	0	0	0	0	FRG2C	30	30
chr3:75736880:A:C	ENSG00000227124	C	stop_lost	HIGH	ZNF717	ENSG00000227124	Transcript	ENST00000652011	protein_coding	5/5	.	.	.	2911	2743	915	*/G	Tga/Gga	rs77251052&COSV68858325	.	-1	.	SNV	HGNC	HGNC:29448	YES	NM_001290208.3	.	.	P1	.	ENSP00000498738	Q9BY31.134	.	UPI000176161D	.	.	.	.	.	.	.	.	.	.	.	.	0.02596	0.001009	0.06815	0.001534	0.02209	0.01429	0.008372	0.04625	0.08467	0.3687	0.2904	0.4292	0.3922	0.3811	0.3223	0.3474	0.3718	0.4188	0.3804	0.3287	0.4292	gnomADg_AMI	1KG_ALL:C:NA	.	0&1	0&1	.	.	.	.	.	.	44	-38	0	40	0	0	0	0	ZNF717	.	.
chr3:75737404:C:CTG	ENSG00000227124	TG	frameshift_variant	HIGH	ZNF717	ENSG00000227124	Transcript	ENST00000652011	protein_coding	5/5	.	.	.	2386	2218	740	C/SX	tgt/tCAgt	rs77245454&COSV68858011	.	-1	.	insertion	HGNC	HGNC:29448	YES	NM_001290208.3	.	.	P1	.	ENSP00000498738	Q9BY31.134	.	UPI000176161D	.	.	.	.	.	.	.	.	.	.	.	.	0.2496	0.2227	0.293	0.2142	0.3728	0.02997	0.2705	0.3137	0.2585	0.3536	0.2677	0.4207	0.3795	0.3684	0.3024	0.3284	0.3611	0.4091	0.3654	0.3036	0.4207	gnomADg_AMI	1KG_ALL:TG:NA	.	0&1	0&1	.	.	.	.	.	.	.	.	.	.	.	.	.	.	.	.	.
chr3:75738339:A:T	ENSG00000227124	T	stop_gained	HIGH	ZNF717	ENSG00000227124	Transcript	ENST00000652011	protein_coding	5/5	.	.	.	1452	1284	428	C/*	tgT/tgA	rs201399274&COSV68858110	.	-1	.	SNV	HGNC	HGNC:29448	YES	NM_001290208.3	.	.	P1	.	ENSP00000498738	Q9BY31.134	.	UPI000176161D	.	.	.	.	.	.	.	.	.	.	.	.	0.05178	0.016	0.08407	0.01892	0.0675	0.01677	0.03973	0.08575	0.06869	0.3644	0.2847	0.4273	0.388	0.3787	0.3137	0.3411	0.3688	0.4159	0.3764	0.3229	0.4273	gnomADg_AMI	1KG_ALL:T:NA	.	0&1	0&1	.	.	.	.	.	.	28	39	4	11	0	0	0	0	ZNF717	.	.
chr3:75738661:C:CT	ENSG00000227124	T	frameshift_variant	HIGH	ZNF717	ENSG00000227124	Transcript	ENST00000652011	protein_coding	5/5	.	.	.	1129	961	321	S/KX	agc/aAgc	.	.	-1	.	insertion	HGNC	HGNC:29448	YES	NM_001290208.3	.	.	P1	.	ENSP00000498738	Q9BY31.134	.	UPI000176161D	.	.	.	.	.	.	.	.	.	.	.	.	.	.	.	.	.	.	.	.	.	.	.	.	.	.	.	.	.	.	.	.	.	.	.	.	.	.	.	.	.	.	.	.	-43	-2	17	24	0	0	0	0	ZNF717	30	30
chr3:98391562:G:GA	ENSG00000206536	A	frameshift_variant	HIGH	OR5K3	ENSG00000206536	Transcript	ENST00000383695	protein_coding	1/1	.	.	.	897	897	299	-/X	-/A	.	.	1	.	insertion	HGNC	HGNC:31290	YES	NM_001005516.1	.	.	P1	CCDS33803.1	ENSP00000373194	A6NET4.113	.	UPI000044D40F	.	.	.	.	.	.	.	.	.	.	.	.	.	.	.	.	.	.	.	.	.	.	.	.	.	.	.	.	.	.	.	.	.	.	.	.	.	.	.	.	.	.	.	.	44	-31	-31	-16	0	0.03	0	0	OR5K3	.	.
chr3:108568243:ATC:A	ENSG00000163507	-	frameshift_variant	HIGH	CIP2A	ENSG00000163507	Transcript	ENST00000295746	protein_coding	10/21	.	.	.	1246	1183	395	D/X	GAt/t	rs771102980	.	-1	.	deletion	HGNC	HGNC:29302	YES	NM_020890.3	.	1	P1	CCDS33812.1	ENSP00000295746	Q8TCG1.155	.	UPI0000209EFF	Q8TCG1-1	.	.	.	PDB-ENSP_mappings:5ufl.A&PDB-ENSP_mappings:5ufl.B	.	.	.	.	.	.	.	1.996e-05	0	0	0	0.0002721	0	0	0	0	6.577e-06	0	0	0	0	0.0001926	0	0	0	0	0	0.0002721	gnomADe_EAS	.	.	.	.	.	.	.	.	.	.	.	.	.	.	.	.	.	.	.	30	30
chr3:114236340:A:C	ENSG00000174255	C	stop_gained	HIGH	ZNF80	ENSG00000174255	Transcript	ENST00000482457	protein_coding	1/1	.	.	.	1239	735	245	Y/*	taT/taG	rs3732781&COSV57359764	.	-1	.	SNV	HGNC	HGNC:13155	YES	NM_007136.4	.	.	P1	CCDS2979.1	ENSP00000417192	P51504.182	.	UPI000013ECC4	.	.	.	.	.	.	0.1855	0.025	0.2435	0.1567	0.2803	0.2935	0.2537	0.05413	0.2423	0.3193	0.1463	0.2987	0.276	0.2646	0.2988	0.2111	0.05985	0.267	0.235	0.318	0.1551	0.2937	0.3259	0.2757	0.2213	0.3032	0.3259	gnomADg_MID	1KG_ALL:C:NA	.	0&1	0&1	.	.	.	.	.	.	24	-4	0	2	0	0	0	0	ZNF80	30	30
chr3:131014202:C:CT	ENSG00000034533	T	frameshift_variant	HIGH	ASTE1	ENSG00000034533	Transcript	ENST00000264992	protein_coding	6/6	.	.	.	2359	1894	632	R/KX	agg/aAgg	.	.	-1	.	insertion	HGNC	HGNC:25021	YES	NM_014065.4	.	1	P1	CCDS3068.1	ENSP00000264992	Q2TB18.117	.	UPI00001B6B0B	Q2TB18-1	.	.	.	.	.	.	.	.	.	.	.	.	.	.	.	.	.	.	.	.	.	.	.	.	.	.	.	.	.	.	.	.	.	.	.	.	.	.	.	.	.	.	.	14	24	40	24	0	0	0	0	ASTE1	30	30
chr3:142555897:A:AT	ENSG00000175054	T	frameshift_variant	HIGH	ATR	ENSG00000175054	Transcript	ENST00000350721	protein_coding	10/47	.	.	.	2349	2320	774	I/NX	ata/aAta	.	.	-1	.	insertion	HGNC	HGNC:882	YES	NM_001184.4	.	1	P1	CCDS3124.1	ENSP00000343741	Q13535.206	.	UPI0000031A31	Q13535-1	1	.	.	PDB-ENSP_mappings:5yz0.A&PDB-ENSP_mappings:5yz0.B	.	.	.	.	.	.	.	.	.	.	.	.	.	.	.	.	.	.	.	.	.	.	.	.	.	.	.	.	.	.	.	.	.	.	.	.	.	.	.	41	4	-25	-21	0	0	0	0.01	ATR	30	30
chr3:149520808:C:CTTAA	ENSG00000018408	TTAA	stop_gained&frameshift_variant	HIGH	WWTR1	ENSG00000018408	Transcript	ENST00000360632	protein_coding	7/7	.	.	.	1463	1199	400	L/L*X	ctg/ctTTAAg	rs112399999&COSV62290546	.	-1	.	insertion	HGNC	HGNC:24042	YES	NM_015472.6	.	1	P1	CCDS3144.1	ENSP00000353847	Q9GZV5.175	.	UPI000006D122	.	1	.	.	.	.	0.1144	0.1505	0.0576	0.2004	0.0795	0.0532	0.09292	0.1359	0.05617	0.0853	0.1974	0.08981	0.09035	0.08208	0.05687	0.1012	0.1331	0.04057	0.07061	0.08679	0.1986	0.08861	0.1329	0.08758	0.1023	0.05942	0.2004	EAS	1KG_ALL:TTAA:NA	.	0&1	0&1	.	.	.	.	.	.	.	.	.	.	.	.	.	.	.	30	30
chr3:151817764:T:G	ENSG00000242908	G	intron_variant&non_coding_transcript_variant	MODIFIER	AADACL2-AS1	ENSG00000242908	Transcript	ENST00000483843	lncRNA	.	2/4	.	.	.	.	.	.	.	rs16863681	.	-1	.	SNV	HGNC	HGNC:50301	YES	.	.	5	.	.	.	.	.	.	.	.	.	.	.	.	0.1324	0.0076	0.1455	0.0982	0.2187	0.2382	.	.	.	.	.	.	.	.	.	0.1447	0.03739	0.1305	0.1431	0.246	0.09331	0.1822	0.2247	0.1962	0.1534	0.2418	0.246	gnomADg_ASJ	.	.	.	.	.	.	.	.	.	.	.	.	.	.	.	.	.	.	.	.	.
chr3:193324946:GCCAT:G	ENSG00000187527	-	frameshift_variant	HIGH	ATP13A5	ENSG00000187527	Transcript	ENST00000342358	protein_coding	14/30	.	.	.	1616	1588	530	MA/X	ATGGcc/cc	rs745553375	.	-1	.	deletion	HGNC	HGNC:31789	YES	NM_198505.4	.	1	P1	CCDS33914.1	ENSP00000341942	Q4VNC0.134	.	UPI000050EC1D	.	.	.	.	.	.	.	.	.	.	.	.	0.0006679	0.001683	0.0001158	0.000199	0.00164	0.0003706	0.0008332	0.0003279	0	.	.	.	.	.	.	.	.	.	.	.	0.001683	gnomADe_AFR	.	.	.	.	.	.	.	.	.	.	-30	39	-31	34	0	0	0	0	ATP13A5	30	30
chr18:5738362:G:A	ENSG00000261738	A	splice_acceptor_variant&non_coding_transcript_variant	HIGH	MIR3976HG	ENSG00000261738	Transcript	ENST00000661123	lncRNA	.	2/3	.	.	.	.	.	.	.	rs28368335	.	1	.	SNV	HGNC	HGNC:51104	.	.	.	.	.	.	.	.	.	.	.	.	.	.	.	.	0.2206	0.2753	0.1383	0.3343	0.0318	0.2822	.	.	.	.	.	.	.	.	.	0.1266	0.2508	0.01754	0.1395	0.04703	0.3475	0.06599	0.02532	0.03847	0.1115	0.2522	0.3475	gnomADg_EAS	.	.	.	.	.	.	.	.	.	.	.	.	.	.	.	.	.	.	.	30	30
chr18:10691293:G:T	ENSG00000154864	T	stop_gained	HIGH	PIEZO2	ENSG00000154864	Transcript	ENST00000674853	protein_coding	48/56	.	.	.	8262	7281	2427	Y/*	taC/taA	rs775225048&COSV53288179	.	-1	.	SNV	HGNC	HGNC:26270	YES	NM_001378183.1	.	.	.	CCDS92436.1	ENSP00000501957	.	A0A2H4UKA7.24	UPI000CA14149	.	1	.	.	.	.	.	.	.	.	.	.	0.003169	0.01173	0.0005818	0.001098	0.004195	0.004958	0.003271	0.003161	0.0001309	.	.	.	.	.	.	.	.	.	.	.	0.01173	gnomADe_AFR	1KG_ALL:T:NA	.	0&1	0&1	.	.	.	.	.	.	35	14	31	-5	0	0.07	0	0	PIEZO2	30	30
chr18:13095592:G:A	ENSG00000101639	A	missense_variant	MODERATE	CEP192	ENSG00000101639	Transcript	ENST00000506447	protein_coding	35/45	.	.	.	6424	6344	2115	R/Q	cGg/cAg	rs56913743&COSV58060120	.	1	.	SNV	HGNC	HGNC:25515	YES	NM_032142.4	.	5	P1	CCDS32792.2	ENSP00000427550	Q8TEP8.150	.	UPI0001B09235	Q8TEP8-3	.	tolerated(1)	benign(0)	.	.	0.1899	0.1452	0.1239	0.2986	0.1262	0.2505	0.1501	0.1218	0.1014	0.1916	0.3137	0.1216	0.1249	0.1487	0.2219	0.1368	0.1217	0.08662	0.1243	0.192	0.3107	0.1201	0.1487	0.1281	0.1502	0.2409	0.3137	gnomADe_EAS	1KG_ALL:A:NA	.	0&1	0&1	30952955	.	.	.	.	.	2	-33	2	-28	0.97	0.05	0	0	CEP192	30	30
chr18:24427908:A:G	ENSG00000154059	G	splice_polypyrimidine_tract_variant&intron_variant	LOW	IMPACT	ENSG00000154059	Transcript	ENST00000284202	protein_coding	.	1/10	.	.	.	.	.	.	.	rs200786254	.	1	.	SNV	HGNC	HGNC:20387	YES	NM_018439.4	.	1	P1	CCDS11886.1	ENSP00000284202	Q9P2X3.157	.	UPI000007006B	Q9P2X3-1	.	.	.	.	.	0.0002	0	0	0.001	0	0	7.275e-05	0	0	0	0.0001768	0	0.0001094	0.0001759	3.711e-05	5.911e-05	0	0	0	0	0.0005763	9.416e-05	0	7.348e-05	0	0	0.001	EAS	.	.	.	.	.	.	.	.	.	.	1	11	11	27	0.96	0.12	0	0	IMPACT	30	30
chr18:45734304:C:A	ENSG00000141469	A	stop_gained	HIGH	SLC14A1	ENSG00000141469	Transcript	ENST00000321925	protein_coding	5/10	.	.	.	550	372	124	Y/*	taC/taA	rs745902392&COSV58934601	.	1	.	SNV	HGNC	HGNC:10918	YES	NM_015865.7	.	1	P1	CCDS11925.1	ENSP00000318546	Q13336.187	G0W2N5.83	UPI0000137E5D	Q13336-1	1	.	.	PDB-ENSP_mappings:6qd5.A	.	.	.	.	.	.	.	0.0004987	0.003091	0.0001159	0.0004983	0.0003845	0.0003281	0.0004272	0.0008278	0	.	.	.	.	.	.	.	.	.	.	.	0.003091	gnomADe_AFR	1KG_ALL:A:NA	.	0&1	0&1	.	.	.	.	.	.	46	-30	-30	12	0	0.21	0	0	SLC14A1	.	.
chr22:24938147:A:C	ENSG00000206069	C	splice_donor_variant	HIGH	LHFPL7	ENSG00000206069	Transcript	ENST00000640159	protein_coding	.	3/3	.	.	.	.	.	.	.	rs753177098	.	-1	.	SNV	HGNC	HGNC:33725	YES	NM_001388199.1	.	5	P1	CCDS93134.1	ENSP00000492160	Q6ICI0.116	.	UPI000173ABC1	.	.	.	.	.	.	.	.	.	.	.	.	0.001936	0.004803	0.0004934	0.0008052	0.004348	0.001412	0.002308	0.00149	9.823e-05	3.944e-05	2.413e-05	0	0.000131	0	0	0	0	4.412e-05	0	0	0.004803	gnomADe_AFR	.	.	.	.	.	.	.	.	.	.	.	.	.	.	.	.	.	.	.	30	30
chr22:35265581:AAG:A	ENSG00000100281	-	frameshift_variant	HIGH	HMGXB4	ENSG00000100281	Transcript	ENST00000216106	protein_coding	5/11	.	.	.	1327	1194	398	KE/KX	aaAGag/aaag	rs760766503	.	1	.	deletion	HGNC	HGNC:5003	YES	NM_001003681.3	.	5	P1	CCDS33641.1	ENSP00000216106	Q9UGU5.174	.	UPI00003765B4	.	.	.	.	.	.	.	.	.	.	.	.	0.004115	0.002236	0.005106	0.009139	0.001763	0.002088	0.004008	0.004015	0.006255	1.986e-05	0	0	0	0	0	9.743e-05	0	2.955e-05	0	0	0.009139	gnomADe_ASJ	.	.	.	.	.	.	.	.	.	.	-43	-5	48	21	0	0	0	0	HMGXB4	30	30
chr22:36201698:A:C	ENSG00000100336	C	splice_donor_variant	HIGH	APOL4	ENSG00000100336	Transcript	ENST00000683024	protein_coding	.	1/3	.	.	.	.	.	.	.	rs9610445&COSV60495843	.	-1	.	SNV	HGNC	HGNC:14867	YES	NM_001386885.1	.	.	P2	CCDS74851.1	ENSP00000507418	Q9BPW4.140	.	UPI000002A3E4	Q9BPW4-2	1	.	.	.	.	0.118	0.1967	0.0836	0.0645	0.1441	0.0644	0.08695	0.1657	0.04798	0.1173	0.047	0.1026	0.09736	0.09321	0.05667	0.1064	0.1547	0.1029	0.06366	0.1128	0.05399	0.09992	0.06369	0.09628	0.09736	0.06165	0.1967	AFR	1KG_ALL:C:NA	.	0&1	0&1	.	.	.	.	.	.	-47	2	25	2	0	0	0	0.68	APOL4	30	30
chr22:42142513:T:TC	ENSG00000205702	C	frameshift_variant	HIGH	CYP2D7	ENSG00000205702	Transcript	ENST00000433992	protein_coding_LoF	4/9	.	.	.	745	632	211	G/GX	gga/ggGa	.	.	-1	.	insertion	HGNC	HGNC:2624	YES	.	.	1	P5	.	ENSP00000439604	.	.	.	.	.	.	.	.	.	.	.	.	.	.	.	.	.	.	.	.	.	.	.	.	.	.	.	.	.	.	.	.	.	.	.	.	.	.	.	.	.	.	.	.	.	.	.	44	19	44	-35	0	0.02	0.36	0.01	CYP2D7	.	.
chr22:46394228:T:TC	ENSG00000075275	C	frameshift_variant	HIGH	CELSR1	ENSG00000075275	Transcript	ENST00000674500	protein_coding	14/35	.	.	.	6327	5877	1959	-/X	-/G	.	.	-1	.	insertion	HGNC	HGNC:1850	YES	NM_001378328.1	.	.	A2	CCDS93179.1	ENSP00000501367	.	A0A6I8PRU0.14	UPI00002079D0	.	1	.	.	.	.	.	.	.	.	.	.	.	.	.	.	.	.	.	.	.	.	.	.	.	.	.	.	.	.	.	.	.	.	.	.	.	.	.	.	.	.	.	.	33	12	22	7	0	0	0	0	CELSR1	30	30
chr22:50522253:C:T	ENSG00000025770	T	splice_donor_variant	HIGH	NCAPH2	ENSG00000025770	Transcript	ENST00000420993	protein_coding	.	14/19	.	.	.	.	.	.	.	rs140524&COSV52686994	.	1	.	SNV	HGNC	HGNC:25071	YES	NM_152299.4	.	1	P4	CCDS14094.2	ENSP00000410088	Q6IBW4.147	.	UPI0000207A5C	Q6IBW4-1	.	.	.	.	.	0.2302	0.2315	0.2378	0.2986	0.1551	0.2301	0.1915	0.2396	0.2395	0.09525	0.2622	0.1717	0.1685	0.1649	0.2056	0.1929	0.2373	0.261	0.1938	0.1005	0.2554	0.1687	0.07911	0.1672	0.1907	0.219	0.2986	EAS	1KG_ALL:T:NA	.	0&1	1&1	35050183	.	.	.	.	.	-34	-40	-2	12	0	0.01	0.06	0.33	NCAPH2	.	.
chr6:26368051:G:A	ENSG00000186470	A	splice_donor_variant	HIGH	BTN3A2	ENSG00000186470	Transcript	ENST00000377708	protein_coding	.	2/10	.	.	.	.	.	.	.	rs71557335&COSV62687124	.	1	.	SNV	HGNC	HGNC:1139	YES	NM_007047.5	.	1	P2	CCDS4605.1	ENSP00000366937	P78410.177	.	UPI000006E484	P78410-1	.	.	.	.	.	0.0817	0.0287	0.0403	0.0992	0.1123	0.1329	.	.	.	.	.	.	.	.	.	0.07698	0.03439	0.1908	0.04111	0.02968	0.08635	0.07106	0.0538	0.111	0.06986	0.09726	0.1908	gnomADg_AMI	1KG_ALL:A:NA	.	0&1	0&1	.	.	.	.	.	.	-2	-35	28	-1	0	0	0	0.86	BTN3A2	.	.
chr6:29944251:AG:A	ENSG00000206503	-	frameshift_variant	HIGH	HLA-A	ENSG00000206503	Transcript	ENST00000376809	protein_coding	4/8	.	.	.	772	750	250	Q/X	caG/ca	rs45576436&COSV65138014	.	1	.	deletion	HGNC	HGNC:4931	YES	NM_002116.8	.	.	P2	CCDS34373.1	ENSP00000366005	P04439.211	B1PKY1.133	UPI000008AB1D	P04439-1	1	.	.	PDB-ENSP_mappings:1akj.A&PDB-ENSP_mappings:1ao7.A&PDB-ENSP_mappings:1b0g.A&PDB-ENSP_mappings:1b0g.D&PDB-ENSP_mappings:1b0r.A&PDB-ENSP_mappings:1bd2.A&PDB-ENSP_mappings:1duy.A&PDB-ENSP_mappings:1duy.D&PDB-ENSP_mappings:1duz.A&PDB-ENSP_mappings:1duz.D&PDB-ENSP_mappings:1eey.A&PDB-ENSP_mappings:1eey.D&PDB-ENSP_mappings:1eez.A&PDB-ENSP_mappings:1eez.D&PDB-ENSP_mappings:1hhg.A&PDB-ENSP_mappings:1hhg.D&PDB-ENSP_mappings:1hhh.A&PDB-ENSP_mappings:1hhi.A&PDB-ENSP_mappings:1hhi.D&PDB-ENSP_mappings:1hhj.A&PDB-ENSP_mappings:1hhj.D&PDB-ENSP_mappings:1hhk.A&PDB-ENSP_mappings:1hhk.D&PDB-ENSP_mappings:1hla.A&PDB-ENSP_mappings:1hsb.A&PDB-ENSP_mappings:1i1f.A&PDB-ENSP_mappings:1i1f.D&PDB-ENSP_mappings:1i1y.A&PDB-ENSP_mappings:1i1y.D&PDB-ENSP_mappings:1i4f.A&PDB-ENSP_mappings:1i7r.A&PDB-ENSP_mappings:1i7r.D&PDB-ENSP_mappings:1i7t.A&PDB-ENSP_mappings:1i7t.D&PDB-ENSP_mappings:1i7u.A&PDB-ENSP_mappings:1i7u.D&PDB-ENSP_mappings:1im3.A&PDB-ENSP_mappings:1im3.E&PDB-ENSP_mappings:1im3.I&PDB-ENSP_mappings:1im3.M&PDB-ENSP_mappings:1jf1.A&PDB-ENSP_mappings:1jht.A&PDB-ENSP_mappings:1lp9.A&PDB-ENSP_mappings:1lp9.H&PDB-ENSP_mappings:1oga.A&PDB-ENSP_mappings:1p7q.A&PDB-ENSP_mappings:1q94.A&PDB-ENSP_mappings:1q94.D&PDB-ENSP_mappings:1qew.A&PDB-ENSP_mappings:1qr1.A&PDB-ENSP_mappings:1qr1.D&PDB-ENSP_mappings:1qrn.A&PDB-ENSP_mappings:1qse.A&PDB-ENSP_mappings:1qsf.A&PDB-ENSP_mappings:1qvo.A&PDB-ENSP_mappings:1qvo.D&PDB-ENSP_mappings:1s8d.A&PDB-ENSP_mappings:1s9w.A&PDB-ENSP_mappings:1s9x.A&PDB-ENSP_mappings:1s9y.A&PDB-ENSP_mappings:1t1w.A&PDB-ENSP_mappings:1t1x.A&PDB-ENSP_mappings:1t1y.A&PDB-ENSP_mappings:1t1z.A&PDB-ENSP_mappings:1t20.A&PDB-ENSP_mappings:1t21.A&PDB-ENSP_mappings:1t22.A&PDB-ENSP_mappings:1tvb.A&PDB-ENSP_mappings:1tvb.D&PDB-ENSP_mappings:1tvh.A&PDB-ENSP_mappings:1tvh.D&PDB-ENSP_mappings:1w72.A&PDB-ENSP_mappings:1w72.D&PDB-ENSP_mappings:1x7q.A&PDB-ENSP_mappings:2av1.A&PDB-ENSP_mappings:2av1.D&PDB-ENSP_mappings:2av7.A&PDB-ENSP_mappings:2av7.D&PDB-ENSP_mappings:2bck.A&PDB-ENSP_mappings:2bck.D&PDB-ENSP_mappings:2bnq.A&PDB-ENSP_mappings:2bnr.A&PDB-ENSP_mappings:2c7u.A&PDB-ENSP_mappings:2c7u.D&PDB-ENSP_mappings:2clr.A&PDB-ENSP_mappings:2clr.D&PDB-ENSP_mappings:2f53.A&PDB-ENSP_mappings:2f54.A&PDB-ENSP_mappings:2f54.F&PDB-ENSP_mappings:2git.A&PDB-ENSP_mappings:2git.D&PDB-ENSP_mappings:2gj6.A&PDB-ENSP_mappings:2gt9.A&PDB-ENSP_mappings:2gt9.D&PDB-ENSP_mappings:2gtw.A&PDB-ENSP_mappings:2gtw.D&PDB-ENSP_mappings:2gtz.A&PDB-ENSP_mappings:2gtz.D&PDB-ENSP_mappings:2guo.A&PDB-ENSP_mappings:2guo.D&PDB-ENSP_mappings:2hla.A&PDB-ENSP_mappings:2hn7.A&PDB-ENSP_mappings:2j8u.A&PDB-ENSP_mappings:2j8u.H&PDB-ENSP_mappings:2jcc.A&PDB-ENSP_mappings:2jcc.H&PDB-ENSP_mappings:2p5e.A&PDB-ENSP_mappings:2p5w.A&PDB-ENSP_mappings:2pye.A&PDB-ENSP_mappings:2uwe.A&PDB-ENSP_mappings:2uwe.H&PDB-ENSP_mappings:2v2w.A&PDB-ENSP_mappings:2v2w.D&PDB-ENSP_mappings:2v2x.A&PDB-ENSP_mappings:2v2x.D&PDB-ENSP_mappings:2vlj.A&PDB-ENSP_mappings:2vlk.A&PDB-ENSP_mappings:2vll.A&PDB-ENSP_mappings:2vll.D&PDB-ENSP_mappings:2vlr.A&PDB-ENSP_mappings:2vlr.F&PDB-ENSP_mappings:2x4n.A&PDB-ENSP_mappings:2x4n.D&PDB-ENSP_mappings:2x4o.A&PDB-ENSP_mappings:2x4o.D&PDB-ENSP_mappings:2x4p.A&PDB-ENSP_mappings:2x4p.D&PDB-ENSP_mappings:2x4q.A&PDB-ENSP_mappings:2x4q.D&PDB-ENSP_mappings:2x4r.A&PDB-ENSP_mappings:2x4r.D&PDB-ENSP_mappings:2x4s.A&PDB-ENSP_mappings:2x4s.D&PDB-ENSP_mappings:2x4t.A&PDB-ENSP_mappings:2x4t.D&PDB-ENSP_mappings:2x4u.A&PDB-ENSP_mappings:2x4u.D&PDB-ENSP_mappings:2x70.A&PDB-ENSP_mappings:2x70.D&PDB-ENSP_mappings:2xpg.A&PDB-ENSP_mappings:3bgm.A&PDB-ENSP_mappings:3bh8.A&PDB-ENSP_mappings:3bh9.A&PDB-ENSP_mappings:3bhb.A&PDB-ENSP_mappings:3bo8.A&PDB-ENSP_mappings:3d25.A&PDB-ENSP_mappings:3d39.A&PDB-ENSP_mappings:3d3v.A&PDB-ENSP_mappings:3fqn.A&PDB-ENSP_mappings:3fqr.A&PDB-ENSP_mappings:3fqt.A&PDB-ENSP_mappings:3fqu.A&PDB-ENSP_mappings:3fqw.A&PDB-ENSP_mappings:3fqx.A&PDB-ENSP_mappings:3ft2.A&PDB-ENSP_mappings:3ft3.A&PDB-ENSP_mappings:3ft4.A&PDB-ENSP_mappings:3giv.A&PDB-ENSP_mappings:3giv.D&PDB-ENSP_mappings:3gjf.A&PDB-ENSP_mappings:3gjf.D&PDB-ENSP_mappings:3gsn.H&PDB-ENSP_mappings:3gso.A&PDB-ENSP_mappings:3gsq.A&PDB-ENSP_mappings:3gsr.A&PDB-ENSP_mappings:3gsu.A&PDB-ENSP_mappings:3gsv.A&PDB-ENSP_mappings:3gsw.A&PDB-ENSP_mappings:3gsx.A&PDB-ENSP_mappings:3h7b.A&PDB-ENSP_mappings:3h7b.D&PDB-ENSP_mappings:3h9h.A&PDB-ENSP_mappings:3h9h.D&PDB-ENSP_mappings:3h9s.A&PDB-ENSP_mappings:3hae.A&PDB-ENSP_mappings:3hae.D&PDB-ENSP_mappings:3hae.J&PDB-ENSP_mappings:3hae.P&PDB-ENSP_mappings:3hla.A&PDB-ENSP_mappings:3hpj.A&PDB-ENSP_mappings:3hpj.D&PDB-ENSP_mappings:3i6g.A&PDB-ENSP_mappings:3i6g.D&PDB-ENSP_mappings:3i6k.A&PDB-ENSP_mappings:3i6k.E&PDB-ENSP_mappings:3i6l.D&PDB-ENSP_mappings:3ixa.A&PDB-ENSP_mappings:3ixa.D&PDB-ENSP_mappings:3kla.A&PDB-ENSP_mappings:3kla.D&PDB-ENSP_mappings:3mgo.A&PDB-ENSP_mappings:3mgo.D&PDB-ENSP_mappings:3mgo.G&PDB-ENSP_mappings:3mgo.J&PDB-ENSP_mappings:3mgt.A&PDB-ENSP_mappings:3mgt.D&PDB-ENSP_mappings:3mgt.G&PDB-ENSP_mappings:3mgt.J&PDB-ENSP_mappings:3mr9.A&PDB-ENSP_mappings:3mrb.A&PDB-ENSP_mappings:3mrc.A&PDB-ENSP_mappings:3mrd.A&PDB-ENSP_mappings:3mre.A&PDB-ENSP_mappings:3mrf.A&PDB-ENSP_mappings:3mrg.A&PDB-ENSP_mappings:3mrh.A&PDB-ENSP_mappings:3mri.A&PDB-ENSP_mappings:3mrj.A&PDB-ENSP_mappings:3mrk.A&PDB-ENSP_mappings:3mrl.A&PDB-ENSP_mappings:3mrm.A&PDB-ENSP_mappings:3mrn.A&PDB-ENSP_mappings:3mro.A&PDB-ENSP_mappings:3mrp.A&PDB-ENSP_mappings:3mrq.A&PDB-ENSP_mappings:3mrr.A&PDB-ENSP_mappings:3myj.A&PDB-ENSP_mappings:3myj.D&PDB-ENSP_mappings:3nfn.A&PDB-ENSP_mappings:3o3a.A&PDB-ENSP_mappings:3o3a.D&PDB-ENSP_mappings:3o3b.A&PDB-ENSP_mappings:3o3b.D&PDB-ENSP_mappings:3o3d.A&PDB-ENSP_mappings:3o3d.D&PDB-ENSP_mappings:3o3e.A&PDB-ENSP_mappings:3o3e.D&PDB-ENSP_mappings:3pwj.A&PDB-ENSP_mappings:3pwj.D&PDB-ENSP_mappings:3pwl.A&PDB-ENSP_mappings:3pwl.D&PDB-ENSP_mappings:3pwn.A&PDB-ENSP_mappings:3pwn.D&PDB-ENSP_mappings:3pwp.A&PDB-ENSP_mappings:3qdg.A&PDB-ENSP_mappings:3qdj.A&PDB-ENSP_mappings:3qdm.A&PDB-ENSP_mappings:3qeq.A&PDB-ENSP_mappings:3qfd.A&PDB-ENSP_mappings:3qfd.D&PDB-ENSP_mappings:3qfj.A&PDB-ENSP_mappings:3qzw.A&PDB-ENSP_mappings:3qzw.D&PDB-ENSP_mappings:3rew.A&PDB-ENSP_mappings:3rew.D&PDB-ENSP_mappings:3rl1.A&PDB-ENSP_mappings:3rl2.A&PDB-ENSP_mappings:3utq.A&PDB-ENSP_mappings:3uts.A&PDB-ENSP_mappings:3uts.F&PDB-ENSP_mappings:3utt.A&PDB-ENSP_mappings:3utt.F&PDB-ENSP_mappings:3v5d.A&PDB-ENSP_mappings:3v5d.D&PDB-ENSP_mappings:3v5h.A&PDB-ENSP_mappings:3v5h.D&PDB-ENSP_mappings:3v5k.A&PDB-ENSP_mappings:3v5k.D&PDB-ENSP_mappings:3vxm.A&PDB-ENSP_mappings:3vxn.A&PDB-ENSP_mappings:3vxo.A&PDB-ENSP_mappings:3vxo.D&PDB-ENSP_mappings:3vxp.A&PDB-ENSP_mappings:3vxp.D&PDB-ENSP_mappings:3vxr.A&PDB-ENSP_mappings:3vxs.A&PDB-ENSP_mappings:3vxu.A&PDB-ENSP_mappings:3vxu.F&PDB-ENSP_mappings:3w0w.A&PDB-ENSP_mappings:3wl9.A&PDB-ENSP_mappings:3wlb.A&PDB-ENSP_mappings:4e5x.A&PDB-ENSP_mappings:4e5x.D&PDB-ENSP_mappings:4eup.A&PDB-ENSP_mappings:4eup.D&PDB-ENSP_mappings:4f7m.A&PDB-ENSP_mappings:4f7m.D&PDB-ENSP_mappings:4f7p.A&PDB-ENSP_mappings:4f7t.A&PDB-ENSP_mappings:4f7t.D&PDB-ENSP_mappings:4ftv.A&PDB-ENSP_mappings:4gkn.A&PDB-ENSP_mappings:4gkn.D&PDB-ENSP_mappings:4gks.A&PDB-ENSP_mappings:4gks.D&PDB-ENSP_mappings:4hwz.A&PDB-ENSP_mappings:4hx1.A&PDB-ENSP_mappings:4i48.A&PDB-ENSP_mappings:4i4w.A&PDB-ENSP_mappings:4jfd.A&PDB-ENSP_mappings:4jfe.A&PDB-ENSP_mappings:4jff.A&PDB-ENSP_mappings:4jfo.A&PDB-ENSP_mappings:4jfo.D&PDB-ENSP_mappings:4jfp.A&PDB-ENSP_mappings:4jfp.D&PDB-ENSP_mappings:4jfq.A&PDB-ENSP_mappings:4jfq.D&PDB-ENSP_mappings:4k7f.A&PDB-ENSP_mappings:4k7f.D&PDB-ENSP_mappings:4l29.A&PDB-ENSP_mappings:4l29.C&PDB-ENSP_mappings:4l29.E&PDB-ENSP_mappings:4l29.G&PDB-ENSP_mappings:4l29.I&PDB-ENSP_mappings:4l29.K&PDB-ENSP_mappings:4l29.M&PDB-ENSP_mappings:4l29.O&PDB-ENSP_mappings:4l29.Q&PDB-ENSP_mappings:4l29.S&PDB-ENSP_mappings:4l29.U&PDB-ENSP_mappings:4l29.W&PDB-ENSP_mappings:4l29.Y&PDB-ENSP_mappings:4l29.a&PDB-ENSP_mappings:4l3c.A&PDB-ENSP_mappings:4l3c.C&PDB-ENSP_mappings:4l3c.E&PDB-ENSP_mappings:4l3c.G&PDB-ENSP_mappings:4l3c.I&PDB-ENSP_mappings:4l3c.K&PDB-ENSP_mappings:4l3c.M&PDB-ENSP_mappings:4l3c.O&PDB-ENSP_mappings:4l3c.Q&PDB-ENSP_mappings:4l3c.S&PDB-ENSP_mappings:4l3c.U&PDB-ENSP_mappings:4l3c.W&PDB-ENSP_mappings:4l3c.Y&PDB-ENSP_mappings:4l3c.a&PDB-ENSP_mappings:4l3e.A&PDB-ENSP_mappings:4mj5.A&PDB-ENSP_mappings:4mj6.A&PDB-ENSP_mappings:4mnq.A&PDB-ENSP_mappings:4n8v.A&PDB-ENSP_mappings:4n8v.D&PDB-ENSP_mappings:4nnx.A&PDB-ENSP_mappings:4nny.A&PDB-ENSP_mappings:4no0.A&PDB-ENSP_mappings:4no2.A&PDB-ENSP_mappings:4no3.A&PDB-ENSP_mappings:4no5.A&PDB-ENSP_mappings:4nqv.A&PDB-ENSP_mappings:4nqv.C&PDB-ENSP_mappings:4nqv.E&PDB-ENSP_mappings:4nqv.G&PDB-ENSP_mappings:4nqv.I&PDB-ENSP_mappings:4nqv.K&PDB-ENSP_mappings:4nqx.A&PDB-ENSP_mappings:4nqx.C&PDB-ENSP_mappings:4nqx.E&PDB-ENSP_mappings:4nqx.G&PDB-ENSP_mappings:4nqx.I&PDB-ENSP_mappings:4nqx.K&PDB-ENSP_mappings:4qok.A&PDB-ENSP_mappings:4u6x.A&PDB-ENSP_mappings:4u6y.A&PDB-ENSP_mappings:4uq2.A&PDB-ENSP_mappings:4uq2.C&PDB-ENSP_mappings:4uq3.A&PDB-ENSP_mappings:4uq3.C&PDB-ENSP_mappings:4wj5.A&PDB-ENSP_mappings:4wj5.D&PDB-ENSP_mappings:4wu5.A&PDB-ENSP_mappings:4wu5.D&PDB-ENSP_mappings:4wu7.A&PDB-ENSP_mappings:4wu7.D&PDB-ENSP_mappings:4wuu.A&PDB-ENSP_mappings:5brz.A&PDB-ENSP_mappings:5bs0.A&PDB-ENSP_mappings:5c07.A&PDB-ENSP_mappings:5c07.F&PDB-ENSP_mappings:5c08.A&PDB-ENSP_mappings:5c08.F&PDB-ENSP_mappings:5c09.A&PDB-ENSP_mappings:5c09.F&PDB-ENSP_mappings:5c0a.A&PDB-ENSP_mappings:5c0a.F&PDB-ENSP_mappings:5c0b.A&PDB-ENSP_mappings:5c0b.F&PDB-ENSP_mappings:5c0c.A&PDB-ENSP_mappings:5c0c.F&PDB-ENSP_mappings:5c0d.A&PDB-ENSP_mappings:5c0e.A&PDB-ENSP_mappings:5c0f.A&PDB-ENSP_mappings:5c0g.A&PDB-ENSP_mappings:5c0i.A&PDB-ENSP_mappings:5c0j.A&PDB-ENSP_mappings:5d2l.A&PDB-ENSP_mappings:5d2l.C&PDB-ENSP_mappings:5d2l.G&PDB-ENSP_mappings:5d2l.M&PDB-ENSP_mappings:5d2n.A&PDB-ENSP_mappings:5d2n.H&PDB-ENSP_mappings:5d9s.A&PDB-ENSP_mappings:5ddh.A&PDB-ENSP_mappings:5e00.A&PDB-ENSP_mappings:5e6i.C&PDB-ENSP_mappings:5e6i.I&PDB-ENSP_mappings:5e6i.M&PDB-ENSP_mappings:5e6i.R&PDB-ENSP_mappings:5e9d.A&PDB-ENSP_mappings:5e9d.F&PDB-ENSP_mappings:5enw.A&PDB-ENSP_mappings:5eot.A&PDB-ENSP_mappings:5eu3.A&PDB-ENSP_mappings:5eu4.A&PDB-ENSP_mappings:5eu4.D&PDB-ENSP_mappings:5eu5.A&PDB-ENSP_mappings:5eu6.A&PDB-ENSP_mappings:5euo.A&PDB-ENSP_mappings:5euo.C&PDB-ENSP_mappings:5f7d.A&PDB-ENSP_mappings:5f9j.A&PDB-ENSP_mappings:5fa3.A&PDB-ENSP_mappings:5fa4.A&PDB-ENSP_mappings:5fdw.A&PDB-ENSP_mappings:5grd.A&PDB-ENSP_mappings:5grg.A&PDB-ENSP_mappings:5gsd.A&PDB-ENSP_mappings:5hga.A&PDB-ENSP_mappings:5hga.D&PDB-ENSP_mappings:5hgb.A&PDB-ENSP_mappings:5hgb.D&PDB-ENSP_mappings:5hgb.G&PDB-ENSP_mappings:5hgb.J&PDB-ENSP_mappings:5hgd.A&PDB-ENSP_mappings:5hgd.D&PDB-ENSP_mappings:5hgh.A&PDB-ENSP_mappings:5hhm.A&PDB-ENSP_mappings:5hhm.F&PDB-ENSP_mappings:5hhn.A&PDB-ENSP_mappings:5hho.A&PDB-ENSP_mappings:5hhp.A&PDB-ENSP_mappings:5hhq.A&PDB-ENSP_mappings:5hyj.A&PDB-ENSP_mappings:5hyj.F&PDB-ENSP_mappings:5iro.A&PDB-ENSP_mappings:5iro.E&PDB-ENSP_mappings:5iro.I&PDB-ENSP_mappings:5iro.M&PDB-ENSP_mappings:5iro.Q&PDB-ENSP_mappings:5iro.U&PDB-ENSP_mappings:5isz.A&PDB-ENSP_mappings:5jhd.A&PDB-ENSP_mappings:5jhd.F&PDB-ENSP_mappings:5jzi.A&PDB-ENSP_mappings:5jzi.F&PDB-ENSP_mappings:5men.A&PDB-ENSP_mappings:5meo.A&PDB-ENSP_mappings:5mep.A&PDB-ENSP_mappings:5mep.D&PDB-ENSP_mappings:5meq.A&PDB-ENSP_mappings:5mer.A&PDB-ENSP_mappings:5mer.D&PDB-ENSP_mappings:5n1y.A&PDB-ENSP_mappings:5n6b.A&PDB-ENSP_mappings:5n6b.D&PDB-ENSP_mappings:5nht.H&PDB-ENSP_mappings:5nme.A&PDB-ENSP_mappings:5nme.F&PDB-ENSP_mappings:5nmf.A&PDB-ENSP_mappings:5nmf.F&PDB-ENSP_mappings:5nmg.A&PDB-ENSP_mappings:5nmg.F&PDB-ENSP_mappings:5nmh.A&PDB-ENSP_mappings:5nmk.A&PDB-ENSP_mappings:5nqk.H&PDB-ENSP_mappings:5swq.A&PDB-ENSP_mappings:5tez.A&PDB-ENSP_mappings:5wjl.A&PDB-ENSP_mappings:5wjl.D&PDB-ENSP_mappings:5wjl.G&PDB-ENSP_mappings:5wjn.A&PDB-ENSP_mappings:5wjn.D&PDB-ENSP_mappings:5wjn.G&PDB-ENSP_mappings:5wkf.A&PDB-ENSP_mappings:5wkf.F&PDB-ENSP_mappings:5wkh.A&PDB-ENSP_mappings:5wkh.F&PDB-ENSP_mappings:5wsh.A&PDB-ENSP_mappings:5wwi.A&PDB-ENSP_mappings:5wwj.A&PDB-ENSP_mappings:5wwj.C&PDB-ENSP_mappings:5wwu.A&PDB-ENSP_mappings:5wxc.A&PDB-ENSP_mappings:5wxc.C&PDB-ENSP_mappings:5wxd.A&PDB-ENSP_mappings:5xov.A&PDB-ENSP_mappings:5xov.D&PDB-ENSP_mappings:5yxn.C&PDB-ENSP_mappings:5yxu.C&PDB-ENSP_mappings:5yxu.E&PDB-ENSP_mappings:6am5.A&PDB-ENSP_mappings:6amt.A&PDB-ENSP_mappings:6amt.D&PDB-ENSP_mappings:6amu.A&PDB-ENSP_mappings:6apn.A&PDB-ENSP_mappings:6apn.B&PDB-ENSP_mappings:6at9.A&PDB-ENSP_mappings:6d78.A&PDB-ENSP_mappings:6d7g.A&PDB-ENSP_mappings:6dkp.A&PDB-ENSP_mappings:6ei2.A&PDB-ENSP_mappings:6eny.F&PDB-ENSP_mappings:6eqa.A&PDB-ENSP_mappings:6eqb.A&PDB-ENSP_mappings:6ewa.A&PDB-ENSP_mappings:6ewa.E&PDB-ENSP_mappings:6ewc.A&PDB-ENSP_mappings:6ewc.E&PDB-ENSP_mappings:6ewo.A&PDB-ENSP_mappings:6ewo.E&PDB-ENSP_mappings:6g3j.A&PDB-ENSP_mappings:6g3j.D&PDB-ENSP_mappings:6g3k.A&PDB-ENSP_mappings:6g3k.D&PDB-ENSP_mappings:6j1w.A&PDB-ENSP_mappings:6j29.A&PDB-ENSP_mappings:6j2a.A&PDB-ENSP_mappings:6joz.A&PDB-ENSP_mappings:6jp3.A&PDB-ENSP_mappings:6mpp.A&PDB-ENSP_mappings:6nca.A&PDB-ENSP_mappings:6nca.B&PDB-ENSP_mappings:6nca.C&PDB-ENSP_mappings:6nca.D&PDB-ENSP_mappings:6nca.E&PDB-ENSP_mappings:6nca.F&PDB-ENSP_mappings:6nca.G&PDB-ENSP_mappings:6nca.H&PDB-ENSP_mappings:6nca.I&PDB-ENSP_mappings:6nca.J&PDB-ENSP_mappings:6nca.K&PDB-ENSP_mappings:6nca.L&PDB-ENSP_mappings:6nca.M&PDB-ENSP_mappings:6nca.N&PDB-ENSP_mappings:6nca.O&PDB-ENSP_mappings:6nca.P&PDB-ENSP_mappings:6nca.Q&PDB-ENSP_mappings:6nca.R&PDB-ENSP_mappings:6nca.S&PDB-ENSP_mappings:6nca.T&PDB-ENSP_mappings:6o9b.A&PDB-ENSP_mappings:6o9c.A&PDB-ENSP_mappings:6opd.A&PDB-ENSP_mappings:6pbh.A&PDB-ENSP_mappings:6ptb.A&PDB-ENSP_mappings:6ptb.D&PDB-ENSP_mappings:6pte.A&PDB-ENSP_mappings:6pte.E&PDB-ENSP_mappings:6pte.H&PDB-ENSP_mappings:6pte.K&PDB-ENSP_mappings:6q3k.A&PDB-ENSP_mappings:6q3s.A&PDB-ENSP_mappings:6r2l.A&PDB-ENSP_mappings:6rp9.A&PDB-ENSP_mappings:6rp9.F&PDB-ENSP_mappings:6rpa.A&PDB-ENSP_mappings:6rpb.A&PDB-ENSP_mappings:6rpb.F&PDB-ENSP_mappings:6rpb.K&PDB-ENSP_mappings:6rpb.P&PDB-ENSP_mappings:6rsy.A&PDB-ENSP_mappings:6rsy.F&PDB-ENSP_mappings:6ss7.A&PDB-ENSP_mappings:6ss7.D&PDB-ENSP_mappings:6ss8.A&PDB-ENSP_mappings:6ss8.D&PDB-ENSP_mappings:6ss9.A&PDB-ENSP_mappings:6ss9.D&PDB-ENSP_mappings:6ssa.A&PDB-ENSP_mappings:6ssa.D&PDB-ENSP_mappings:6ssa.G&PDB-ENSP_mappings:6ssa.J&PDB-ENSP_mappings:7l1b.A&PDB-ENSP_mappings:7l1c.A&PDB-ENSP_mappings:7l1d.A&PDB-ENSP_mappings:7mle.A&PDB-ENSP_mappings:7phr.H&PDB-ENSP_mappings:7qpd.M&PDB-ENSP_mappings:7rk7.A&PDB-ENSP_mappings:7rm4.A&PDB-ENSP_mappings:7rm4.F&PDB-ENSP_mappings:7rm4.K&PDB-ENSP_mappings:7rm4.P&PDB-ENSP_mappings:7rrg.A&PDB-ENSP_mappings:7uc5.A&PDB-ENSP_mappings:7uc5.D	.	0.3706	0.4153	0.402	0.2857	0.3757	0.3701	0.355	0.3466	0.3497	0.3872	0.2285	0.3693	0.388	0.3227	0.2964	0.1747	0.1903	0.1667	0.178	0.2126	0.08717	0.1034	0.04	0.1888	0.1603	0.1082	0.4153	AFR	1KG_ALL:-:NA	.	0&1	0&1	.	.	.	.	.	.	49	32	-16	50	0	0	0	0	HLA-A	30	30
chr6:29958523:AGGGACAGTACCCAGG:A	ENSG00000235290	-	splice_acceptor_variant&non_coding_transcript_exon_variant	HIGH	HLA-W	ENSG00000235290	Transcript	ENST00000439514	unprocessed_pseudogene	5/5	4/4	.	.	.	.	.	.	.	rs11267511	.	1	.	deletion	HGNC	HGNC:23425	YES	.	.	.	.	.	.	.	.	.	.	.	.	.	.	.	0.2821	0.2678	0.3588	0.3115	0.341	0.1564	.	.	.	.	.	.	.	.	.	0.29	0.267	0.2939	0.2849	0.2024	0.3097	0.363	0.2532	0.3059	0.274	0.1687	0.363	gnomADg_FIN	.	.	.	.	.	.	.	.	.	.	.	.	.	.	.	.	.	.	.	30	30
chr6:30108126:C:T	ENSG00000204616	T	synonymous_variant	LOW	TRIM31	ENSG00000204616	Transcript	ENST00000376734	protein_coding	6/9	.	.	.	920	810	270	L	ctG/ctA	rs28400887&COSV65060295	.	-1	.	SNV	HGNC	HGNC:16289	YES	NM_007028.5	.	5	P1	CCDS34374.1	ENSP00000365924	Q9BZY9.183	Q2L6J1.153	UPI00001B0109	Q9BZY9-1	.	.	.	.	.	0.253	0.2466	0.402	0.2282	0.2684	0.1656	0.2566	0.2553	0.3474	0.1506	0.2843	0.3132	0.2521	0.233	0.1532	0.2533	0.2503	0.3114	0.3031	0.1482	0.2517	0.3096	0.1551	0.2468	0.2102	0.1817	0.402	AMR	1KG_ALL:T:NA	.	0&1	0&1	18193213&34302177	.	.	.	.	.	-2	42	-2	42	0.83	0.35	0	0	TRIM31	30	30
chr6:143497103:G:A	ENSG00000293105	A	splice_donor_variant&non_coding_transcript_variant	HIGH	.	ENSG00000293105	Transcript	ENST00000589563	lncRNA	.	2/3	.	.	.	.	.	.	.	rs1338532	.	1	.	SNV	.	.	YES	.	.	5	.	.	.	.	.	.	.	.	.	.	.	.	0.0411	0.003	0.1225	0.0427	0.0119	0.0634	.	.	.	.	.	.	.	.	.	0.0182	0.002875	0	0.07312	0	0.04358	0.06986	0	0.002823	0.01967	0.0698	0.1225	AMR	.	.	.	.	.	.	.	.	.	.	.	.	.	.	.	.	.	.	.	30	30
chr15:28016197:C:T	ENSG00000104044	T	splice_polypyrimidine_tract_variant&intron_variant	LOW	OCA2	ENSG00000104044	Transcript	ENST00000354638	protein_coding	.	7/23	.	.	.	.	.	.	.	rs184813660	.	-1	.	SNV	HGNC	HGNC:8101	YES	NM_000275.3	.	1	P1	CCDS10020.1	ENSP00000346659	Q04671.213	.	UPI000013D158	Q04671-1	1	.	.	.	.	0.0002	0	0	0.001	0	0	3.977e-06	0	0	0	5.437e-05	0	0	0	0	6.571e-06	0	0	0	0	0.0001925	0	0	0	0	0	0.001	EAS	.	.	.	.	.	.	.	.	.	.	-2	-11	30	-30	0.74	0.66	0	0	OCA2	30	30
chr15:40807701:T:TGGGGC	ENSG00000166140	GGGGC	frameshift_variant	HIGH	ZFYVE19	ENSG00000166140	Transcript	ENST00000355341	protein_coding	1/11	.	.	.	613	112	38	W/WGX	tgg/tGGGGCgg	.	.	1	.	insertion	HGNC	HGNC:20758	YES	NM_001077268.2	.	1	P2	CCDS42025.1	ENSP00000347498	Q96K21.172	.	UPI0000E5924A	Q96K21-1	1	.	.	.	.	.	.	.	.	.	.	.	.	.	.	.	.	.	.	.	.	.	.	.	.	.	.	.	.	.	.	.	.	.	.	.	.	.	.	.	.	.	.	.	.	.	.	.	.	.	.	.	.	.
chr15:40873972:G:T	ENSG00000104140	T	stop_gained	HIGH	RHOV	ENSG00000104140	Transcript	ENST00000220507	protein_coding	1/3	.	.	.	263	168	56	Y/*	taC/taA	rs757439908	.	-1	.	SNV	HGNC	HGNC:18313	YES	NM_133639.4	.	1	P1	CCDS10068.1	ENSP00000220507	Q96L33.161	A0A024R9R2.55	UPI00000412A5	.	.	.	.	.	.	.	.	.	.	.	.	3.362e-05	0.0002015	0	0	5.643e-05	4.776e-05	2.874e-05	0	0	.	.	.	.	.	.	.	.	.	.	.	0.0002015	gnomADe_AFR	.	.	.	.	.	.	.	.	.	.	18	-15	4	-44	0	0	0.03	0	RHOV	30	30
chr15:43797216:A:AAG	ENSG00000184716	AG	frameshift_variant	HIGH	SERINC4	ENSG00000184716	Transcript	ENST00000319327	protein_coding	6/12	.	.	.	1006	772	258	M/TX	atg/aCTtg	rs143233262	.	-1	.	insertion	HGNC	HGNC:32237	YES	NM_001258031.2	.	5	P1	CCDS58360.1	ENSP00000319796	A6NH21.112	.	UPI000066D938	A6NH21-1	.	.	.	.	.	0.0164	0	0.0058	0.0714	0.001	0.0051	0.007783	0.000432	0.008128	0.001429	0.08086	5.935e-05	0.0004663	0.00321	0.001597	0.003516	0.0002654	0	0.004324	0.001443	0.0755	0	0	0.0005585	0.002865	0.003523	0.08086	gnomADe_EAS	.	.	.	.	.	.	.	.	.	.	.	.	.	.	.	.	.	.	.	.	.
chr15:47766572:T:A	ENSG00000137872	A	intron_variant	MODIFIER	SEMA6D	ENSG00000137872	Transcript	ENST00000536845	protein_coding	.	15/18	.	.	.	.	.	.	.	rs16960071	.	1	.	SNV	HGNC	HGNC:16770	YES	NM_001358351.3	.	2	P4	CCDS32225.1	ENSP00000446152	Q8NFY4.161	.	UPI000006E201	Q8NFY4-1	.	.	.	.	.	0.034	0.0023	0.0058	0.0476	0.0229	0.0941	0.03319	0.005497	0.009805	0.005177	0.06825	0.046	0.02789	0.02507	0.07472	0.02379	0.005287	0.05154	0.01108	0.003746	0.0577	0.04223	0.006329	0.02934	0.01815	0.08046	0.0941	SAS	.	.	.	.	16400609&17999355	.	.	.	.	.	2	5	-42	42	0.51	0.15	0	0	SEMA6D	30	30
chr15:67421443:C:T	ENSG00000103599	T	stop_gained	HIGH	IQCH	ENSG00000103599	Transcript	ENST00000335894	protein_coding	16/21	.	.	.	2482	2371	791	Q/*	Cag/Tag	rs200005536	.	1	.	SNV	HGNC	HGNC:25721	YES	NM_001031715.3	.	1	A2	CCDS32273.1	ENSP00000336861	Q86VS3.141	.	UPI000013CCE9	Q86VS3-1	.	.	.	.	.	0.0002	0	0	0.001	0	0	4.775e-05	0	0	0	0.000653	0	0	0	0	1.314e-05	0	0	0	0	0.0003855	0	0	0	0	0	0.001	EAS	.	.	.	.	.	.	.	.	.	.	-15	3	-15	20	0	0	0.01	0	IQCH	30	30
chr2:9849441:TA:T	ENSG00000115750	-	frameshift_variant	HIGH	TAF1B	ENSG00000115750	Transcript	ENST00000263663	protein_coding	3/15	.	.	.	255	187	63	K/X	Aaa/aa	rs528368939	.	1	.	deletion	HGNC	HGNC:11533	YES	NM_005680.3	.	1	P1	CCDS33143.1	ENSP00000263663	Q53T94.155	.	UPI0000208E44	Q53T94-1	.	.	.	.	.	.	.	.	.	.	.	0.07151	0.06682	0.09407	0.06457	0.08104	0.05983	0.06763	0.08086	0.07066	0.0001648	0.0001504	0	0.0002748	0	0.0001964	0.0006595	0	0.0001064	0	0	0.09407	gnomADe_AMR	.	.	.	.	.	.	.	.	.	.	24	-17	18	21	0	0	0	0	TAF1B	30	30
chr2:10052204:A:G	ENSG00000172059	G	intron_variant	MODIFIER	KLF11	ENSG00000172059	Transcript	ENST00000305883	protein_coding	.	3/3	.	.	.	.	.	.	.	rs185028724	.	1	.	SNV	HGNC	HGNC:11811	YES	NM_003597.5	.	1	A2	CCDS1668.1	ENSP00000307023	O14901.199	Q53QU8.145	UPI000012DEDA	O14901-1	1	.	.	.	.	0.0002	0	0	0.001	0	0	7.169e-05	0	2.891e-05	0	0.0007068	0	8.803e-06	0.0004897	0	3.947e-05	0	0	6.55e-05	0	0.0007704	0	0	1.47e-05	0	0	0.001	EAS	.	.	.	.	.	.	.	.	.	.	1	23	1	-26	0.52	0	0	0	KLF11	.	.
chr2:27306529:GGATGGGCCTTAAGGTGAGAGCCGCCC:G	ENSG00000138100	-	splice_donor_variant&splice_donor_5th_base_variant&coding_sequence_variant&3_prime_utr_variant&intron_variant	HIGH	TRIM54	ENSG00000138100	Transcript	ENST00000380075	protein_coding	8/9	8/8	.	.	1369	1066	356	.	.	rs780557491	.	1	.	deletion	HGNC	HGNC:16008	YES	NM_187841.3	.	1	P2	CCDS1746.2	ENSP00000369415	Q9BYV2.177	.	UPI000015928C	Q9BYV2-1	.	.	.	.	.	.	.	.	.	.	.	0.0001372	0	3.999e-05	0	0.001055	0	1.595e-05	0	0.0003038	9.868e-05	7.248e-05	0	0	0	0.0009686	0	0	7.355e-05	0.0004789	0.0002076	0.001055	gnomADe_EAS	.	.	.	.	.	.	.	.	.	.	.	.	.	.	.	.	.	.	.	.	.
chr2:29225548:GCTCC:G	ENSG00000171094	-	frameshift_variant	HIGH	ALK	ENSG00000171094	Transcript	ENST00000389048	protein_coding	19/29	.	.	.	4008	3081	1027	PE/X	ccGGAG/cc	rs752043691&COSV105324432	.	-1	.	deletion	HGNC	HGNC:427	YES	NM_004304.5	.	1	P1	CCDS33172.1	ENSP00000373700	Q9UM73.220	.	UPI00001684DA	.	1	.	.	PDB-ENSP_mappings:7ls0.A&PDB-ENSP_mappings:7ls0.B&PDB-ENSP_mappings:7ls0.C&PDB-ENSP_mappings:7ls0.D&PDB-ENSP_mappings:7nx3.A&PDB-ENSP_mappings:7nx3.F&PDB-ENSP_mappings:7nx4.A	.	.	.	.	.	.	.	0.008439	0.02351	0.003172	0.003708	0.01045	0.01549	0.008609	0.005106	0.002299	0.0001907	0	0	6.547e-05	0	0.0001929	0	0	0.0003531	0.001434	0	0.02351	gnomADe_AFR	1KG_ALL:-:NA	.	0&1	0&1	.	.	.	.	.	.	-4	17	17	-32	0	0.4	0	0	ALK	30	30
chr2:95950753:C:CAA	ENSG00000174501	AA	frameshift_variant	HIGH	ANKRD36C	ENSG00000174501	Transcript	ENST00000295246	protein_coding	16/88	.	.	.	1406	1290	430	-/X	-/TT	.	.	-1	.	insertion	HGNC	HGNC:32946	YES	NM_001393982.1	.	5	P4	CCDS92809.1	ENSP00000295246	.	A0A8J8YUB5.5	UPI0003EAEB48	.	.	.	.	.	.	.	.	.	.	.	.	.	.	.	.	.	.	.	.	.	.	.	.	.	.	.	.	.	.	.	.	.	.	.	.	.	.	.	.	.	.	.	.	.	.	.	.	.	.	.	.	.	30	30
chr2:113453150:TCTATG:T	ENSG00000136682	-	frameshift_variant	HIGH	ZNG1B	ENSG00000136682	Transcript	ENST00000259199	protein_coding	5/15	.	.	.	621	443	148	SM/X	tCTATG/t	rs781374827	.	1	.	deletion	HGNC	HGNC:17907	YES	NM_172003.3	.	1	P1	CCDS2116.1	ENSP00000259199	Q8IUF1.146	.	UPI000007478B	.	.	.	.	.	.	.	.	.	.	.	.	0.0001192	0.0002113	0	0	0	0.0001968	0.0001834	0	0	.	.	.	.	.	.	.	.	.	.	.	0.0002113	gnomADe_AFR	.	.	.	.	.	.	.	.	.	.	.	.	.	.	.	.	.	.	.	30	30
chr2:165155846:G:T	ENSG00000153253	T	stop_gained	HIGH	SCN3A	ENSG00000153253	Transcript	ENST00000283254	protein_coding	10/28	.	.	.	1564	1089	363	Y/*	taC/taA	rs202083628	.	-1	.	SNV	HGNC	HGNC:10590	YES	NM_006922.4	.	1	P1	CCDS33312.1	ENSP00000283254	Q9NY46.199	.	UPI000002A665	Q9NY46-3	1	.	.	.	.	.	.	.	.	.	.	0.00372	0.01405	0.0006961	0.001594	0.007585	0.004866	0.003464	0.004647	0.000196	.	.	.	.	.	.	.	.	.	.	.	0.01405	gnomADe_AFR	.	.	.	.	.	.	.	.	.	.	-21	18	-21	27	0	0	0	0	SCN3A	.	.
chr2:166047711:G:T	ENSG00000144285	T	stop_gained	HIGH	SCN1A	ENSG00000144285	Transcript	ENST00000674923	protein_coding	11/29	.	.	.	1564	1086	362	Y/*	taC/taA	rs78391141&COSV57689504	.	-1	.	SNV	HGNC	HGNC:10585	YES	NM_001165963.4	.	.	P4	CCDS54413.1	ENSP00000501589	P35498.230	.	UPI000003C71D	P35498-1	1	.	.	PDB-ENSP_mappings:7dtd.A	.	.	.	.	.	.	.	0.007212	0.02509	0.00177	0.002904	0.01266	0.006228	0.00792	0.008317	0.0002941	.	.	.	.	.	.	.	.	.	.	.	0.02509	gnomADe_AFR	1KG_ALL:T:NA	.	0&1	0&1	.	.	.	.	.	.	-21	46	-2	23	0	0	0	0	SCN1A	30	30
chr2:169767711:C:T	ENSG00000231550	T	splice_donor_variant&non_coding_transcript_variant	HIGH	PTCHD3P2	ENSG00000231550	Transcript	ENST00000424937	processed_pseudogene	.	1/1	.	.	.	.	.	.	.	rs2114646	.	-1	.	SNV	HGNC	HGNC:44946	YES	.	.	.	.	.	.	.	.	.	.	.	.	.	.	.	0.2532	0.0151	0.428	0.4335	0.2107	0.3088	.	.	.	.	.	.	.	.	.	0.1993	0.05472	0.2401	0.3529	0.1562	0.4068	0.2841	0.1656	0.2176	0.1855	0.32	0.4335	EAS	.	.	.	1	23251661	.	.	.	.	.	.	.	.	.	.	.	.	.	.	30	30
chr2:208160807:G:C	ENSG00000168582	C	stop_gained	HIGH	CRYGA	ENSG00000168582	Transcript	ENST00000304502	protein_coding	3/3	.	.	.	555	522	174	Y/*	taC/taG	rs201368354	.	-1	.	SNV	HGNC	HGNC:2408	YES	NM_014617.4	.	1	P1	CCDS33367.1	ENSP00000302105	P11844.178	A0A0S2A4T3.43	UPI000049DF32	.	.	.	.	.	.	0.0002	0	0	0.001	0	0	8.86e-05	0	0	0	0.001197	0	0	0	0	5.258e-05	0	0	0	0	0.001537	0	0	0	0	0	0.001537	gnomADg_EAS	.	.	.	.	.	.	.	.	.	.	-1	-34	1	-34	0	0.02	0	0	CRYGA	30	30
chr2:210315041:A:AT	ENSG00000168530	T	frameshift_variant&start_lost&start_retained_variant	HIGH	MYL1	ENSG00000168530	Transcript	ENST00000352451	protein_coding	1/7	.	.	.	133	1	1	M/NX	atg/aAtg	.	.	-1	.	insertion	HGNC	HGNC:7582	YES	NM_079420.3	.	1	.	CCDS2390.1	ENSP00000307280	P05976.195	.	UPI000013E94F	P05976-1	1	.	.	.	.	.	.	.	.	.	.	.	.	.	.	.	.	.	.	.	.	.	.	.	.	.	.	.	.	.	.	.	.	.	.	.	.	.	.	.	.	.	.	.	.	.	.	.	.	.	.	.	30	30
chr2:231593374:TGAGA:T	ENSG00000177673	-	frameshift_variant	HIGH	TEX44	ENSG00000177673	Transcript	ENST00000313965	protein_coding	1/1	.	.	.	512	424	142	ER/X	GAGAga/ga	rs145183277	.	1	.	deletion	HGNC	HGNC:28563	YES	NM_152614.3	.	.	P1	CCDS2487.1	ENSP00000315557	Q53QW1.99	.	UPI000013F6CA	.	.	.	.	.	.	0.0124	0	0.0086	0.0536	0.002	0	0.008693	0.0001846	0.01318	0.003175	0.07024	0.01081	0.0006417	0.006678	0.001796	0.004415	0.0002171	0	0.007791	0.00317	0.06766	0.0113	0	0.0005732	0.003346	0.003313	0.07024	gnomADe_EAS	.	.	.	.	.	.	.	.	.	.	.	.	.	.	.	.	.	.	.	30	30
chr2:233449969:T:G	ENSG00000077044	G	splice_polypyrimidine_tract_variant&intron_variant	LOW	DGKD	ENSG00000077044	Transcript	ENST00000264057	protein_coding	.	15/29	.	.	.	.	.	.	.	rs41270765&COSV51081603	.	1	.	SNV	HGNC	HGNC:2851	YES	NM_152879.3	.	1	.	CCDS2504.1	ENSP00000264057	Q16760.226	.	UPI000013D4AF	Q16760-1	.	.	.	.	.	0.018	0.0257	0.0159	0.0317	0.006	0.0072	0.01186	0.01884	0.0243	0.01405	0.03361	0.01043	0.004608	0.01356	0.007231	0.01197	0.01766	0	0.02557	0.01382	0.0286	0.008793	0.003185	0.004898	0.01388	0.009775	0.03361	gnomADe_EAS	1KG_ALL:G:NA	.	0&1	0&1	.	.	.	.	.	.	-10	13	13	-10	0.58	0.03	0	0	DGKD	30	30
chr16:1256558:AG:A	ENSG00000095917	-	frameshift_variant	HIGH	TPSD1	ENSG00000095917	Transcript	ENST00000211076	protein_coding	2/5	.	.	.	338	126	42	Q/X	caG/ca	rs3830782	.	1	.	deletion	HGNC	HGNC:14118	YES	NM_012217.3	.	1	P2	CCDS10432.1	ENSP00000211076	Q9BZJ3.167	.	UPI000007066B	Q9BZJ3-1	.	.	.	.	.	0.2678	0.4191	0.3401	0.1528	0.2217	0.1779	0.2371	0.3728	0.3911	0.3294	0.163	0.1576	0.2031	0.2564	0.1841	0.2627	0.3754	0.3066	0.3241	0.3542	0.1496	0.1556	0.3797	0.2052	0.2933	0.1767	0.4191	AFR	.	.	.	.	.	.	.	.	.	.	2	1	-43	30	0.18	0.36	0	0.02	TPSD1	30	30
chr16:3069296:C:CG	ENSG00000008517	G	frameshift_variant	HIGH	IL32	ENSG00000008517	Transcript	ENST00000525643	protein_coding	7/7	.	.	.	584	508	170	R/RX	cgg/cGgg	.	.	1	.	insertion	HGNC	HGNC:16830	YES	NM_001376923.1	.	1	A2	CCDS32377.1	ENSP00000432218	P24001.155	.	UPI00000540FD	P24001-2	.	.	.	.	.	.	.	.	.	.	.	.	.	.	.	.	.	.	.	.	.	.	.	.	.	.	.	.	.	.	.	.	.	.	.	.	.	.	.	.	.	.	.	-16	-39	-45	41	0	0	0	0	IL32	30	30
chr16:24553558:GTATA:GTA	ENSG00000122257	-	splice_donor_variant&splice_donor_5th_base_variant&intron_variant	HIGH	RBBP6	ENSG00000122257	Transcript	ENST00000319715	protein_coding	.	4/17	.	.	.	.	.	.	.	rs72133882	.	1	.	sequence_alteration	HGNC	HGNC:9889	YES	NM_006910.5	.	1	P3	CCDS10621.1	ENSP00000317872	Q7Z6E9.180	.	UPI00001A96B8	Q7Z6E9-1	.	.	.	.	.	.	.	.	.	.	.	0.01306	0.03303	0.01347	0.009707	0.008558	0.01175	0.01048	0.01124	0.01964	6.679e-06	0	0	0	0	0	0	0	1.491e-05	0	0	0.03303	gnomADe_AFR	.	.	.	.	.	.	.	.	.	.	-1	-10	-2	2	0	0.01	0	0	RBBP6	.	.
chr16:24553558:GTATA:G	ENSG00000122257	-	splice_donor_variant&splice_donor_5th_base_variant&intron_variant	HIGH	RBBP6	ENSG00000122257	Transcript	ENST00000319715	protein_coding	.	4/17	.	.	.	.	.	.	.	rs72133882	.	1	.	sequence_alteration	HGNC	HGNC:9889	YES	NM_006910.5	.	1	P3	CCDS10621.1	ENSP00000317872	Q7Z6E9.180	.	UPI00001A96B8	Q7Z6E9-1	.	.	.	.	.	.	.	.	.	.	.	0.01306	0.03303	0.01347	0.009707	0.008558	0.01175	0.01048	0.01124	0.01964	6.679e-06	0	0	0	0	0	0	0	1.491e-05	0	0	0.03303	gnomADe_AFR	.	.	.	.	.	.	.	.	.	.	-1	-10	-2	2	0	0.01	0	0	RBBP6	.	.
chr16:55871764:C:T	ENSG00000159398	T	splice_acceptor_variant	HIGH	CES5A	ENSG00000159398	Transcript	ENST00000290567	protein_coding	.	2/12	.	.	.	.	.	.	.	rs72810507&COSV51869451	.	-1	.	SNV	HGNC	HGNC:26459	YES	NM_001143685.2	.	1	P2	CCDS45490.1	ENSP00000290567	Q6NT32.142	.	UPI000035CC44	Q6NT32-1	.	.	.	.	.	0.0477	0.0121	0.0504	0.0327	0.1233	0.0317	0.09126	0.02677	0.06629	0.1127	0.03315	0.189	0.1114	0.1076	0.03467	0.08756	0.02694	0.4051	0.07079	0.1161	0.03177	0.1952	0.08544	0.1137	0.09243	0.0342	0.4051	gnomADg_AMI	1KG_ALL:T:NA	.	0&1	0&1	.	.	.	.	.	.	-2	-1	47	-49	0.85	0.99	0	0	CES5A	30	30
chr16:56667382:T:A	ENSG00000125144	A	splice_acceptor_variant	HIGH	MT1G	ENSG00000125144	Transcript	ENST00000379811	protein_coding	.	1/2	.	.	.	.	.	.	.	rs2298847&COSV60090662&COSV60091135	.	-1	.	SNV	HGNC	HGNC:7399	YES	NM_001301267.2	.	1	A1	CCDS76873.1	ENSP00000369139	P13640.175	.	UPI0000049C26	P13640-1	.	.	.	.	.	0.2406	0.1528	0.3357	0.4077	0.1213	0.2423	0.191	0.1547	0.3955	0.1453	0.4197	0.1051	0.1072	0.1492	0.2375	0.154	0.151	0.06908	0.2844	0.1482	0.4133	0.104	0.1392	0.1106	0.1514	0.2325	0.4197	gnomADe_EAS	1KG_ALL:A:NA	.	0&1&1	0&1&1	16400609&22284420	.	.	.	.	.	-5	-2	-35	-5	0.08	0.98	0	0	MT1G	30	30
chr16:67161939:T:C	ENSG00000135722	C	splice_donor_variant	HIGH	FBXL8	ENSG00000135722	Transcript	ENST00000258200	protein_coding	.	2/2	.	.	.	.	.	.	.	rs117575136	.	1	.	SNV	HGNC	HGNC:17875	YES	NM_018378.3	.	1	P1	CCDS10831.1	ENSP00000258200	Q96CD0.152	.	UPI000006E65E	.	.	.	.	.	.	0.0204	0.0008	0.0346	0.0486	0.001	0.0276	0.01385	0.000663	0.03757	0.0001037	0.06431	0.004848	0.0004067	0.009862	0.02195	0.006006	0.000748	0	0.0235	0	0.06052	0.004708	0	0.0005879	0.007177	0.02173	0.06431	gnomADe_EAS	.	.	.	.	.	.	.	.	.	.	-2	-28	-3	-2	0	0	0	0.17	FBXL8	.	.
chr16:72109460:GAGCT:G	ENSG00000140829	-	frameshift_variant	HIGH	DHX38	ENSG00000140829	Transcript	ENST00000268482	protein_coding	25/27	.	.	.	3652	3428	1143	EL/X	gAGCTg/gg	rs758046557	.	1	.	deletion	HGNC	HGNC:17211	YES	NM_014003.4	.	1	P1	CCDS10907.1	ENSP00000268482	Q92620.210	.	UPI000002FBFE	Q92620-1	1	.	.	PDB-ENSP_mappings:5yzg.Z&PDB-ENSP_mappings:6zym.r&PDB-ENSP_mappings:7a5p.r	.	.	.	.	.	.	.	0.001995	0.008114	0.0006122	0.000299	0.005583	0.00148	0.001718	0.001644	0.0001966	.	.	.	.	.	.	.	.	.	.	.	0.008114	gnomADe_AFR	.	.	.	.	.	.	.	.	.	.	-42	-45	-35	50	0.01	0.07	0	0.01	DHX38	30	30
chr16:87411805:G:T	ENSG00000140948	T	stop_gained	HIGH	ZCCHC14	ENSG00000140948	Transcript	ENST00000671377	protein_coding	12/13	.	.	.	3702	2916	972	Y/*	taC/taA	rs73238672	.	-1	.	SNV	HGNC	HGNC:24134	YES	NM_015144.3	.	.	P1	CCDS10961.2	ENSP00000499622	.	A0A590UJW6.12	UPI0011484869	.	.	.	.	.	.	.	.	.	.	.	.	8.216e-06	0	2.947e-05	0	0	0	9.123e-06	0	0	.	.	.	.	.	.	.	.	.	.	.	2.947e-05	gnomADe_AMR	.	.	.	.	.	.	.	.	.	.	6	21	0	-14	0	0	0	0	ZCCHC14	30	30
chr16:88714226:AGGTGTG:A	ENSG00000174177	-	splice_donor_variant&splice_donor_5th_base_variant&coding_sequence_variant&intron_variant	HIGH	CTU2	ENSG00000174177	Transcript	ENST00000453996	protein_coding	10/15	10/14	.	.	1125	1097	366	.	.	.	.	1	.	deletion	HGNC	HGNC:28005	YES	NM_001012759.3	.	1	P2	CCDS45545.1	ENSP00000388320	Q2VPK5.133	.	UPI0000251EAE	Q2VPK5-1	1	.	.	.	.	.	.	.	.	.	.	.	.	.	.	.	.	.	.	.	.	.	.	.	.	.	.	.	.	.	.	.	.	.	.	.	.	.	.	.	.	.	.	.	.	.	.	.	.	.	.	.	.	.
chr7:4175771:A:G	ENSG00000146555	G	splice_region_variant&splice_polypyrimidine_tract_variant&intron_variant	LOW	SDK1	ENSG00000146555	Transcript	ENST00000404826	protein_coding	.	33/44	.	.	.	.	.	.	.	rs112491467	.	1	.	SNV	HGNC	HGNC:19307	YES	NM_152744.4	.	1	P2	CCDS34590.1	ENSP00000385899	Q7Z5N4.162	.	UPI0000DBEEC4	Q7Z5N4-1	.	.	.	.	.	0.0345	0.0015	0.0086	0.0298	0.0338	0.1033	0.02899	0.004368	0.01104	0.002282	0.023	0.02609	0.02537	0.02363	0.0913	0.01968	0.004631	0.02637	0.01485	0.004896	0.03083	0.02731	0.02532	0.02386	0.02395	0.08375	0.1033	SAS	.	.	.	.	.	.	.	.	.	.	1	4	23	14	0.99	0.03	0	0	SDK1	30	30
chr7:31643222:C:T	ENSG00000180347	T	stop_gained	HIGH	ITPRID1	ENSG00000180347	Transcript	ENST00000615280	protein_coding	12/15	.	.	.	1980	1852	618	R/*	Cga/Tga	rs199508649	.	1	.	SNV	HGNC	HGNC:27363	YES	NM_001257967.3	.	2	P2	CCDS5435.2	ENSP00000478518	Q6ZRS4.118	A0A087WUB1.53	UPI00015A2549	Q6ZRS4-1	.	.	.	.	.	0.0002	0	0	0.001	0	0	3.987e-05	6.152e-05	0.0001446	0	5.438e-05	0	1.766e-05	0	3.267e-05	2.629e-05	2.413e-05	0	0	0	0.0001926	0	0	1.47e-05	0	0.0002076	0.001	EAS	.	.	.	.	.	.	.	.	.	.	.	.	.	.	.	.	.	.	.	30	30
chr7:34878128:C:T	ENSG00000187258	T	stop_gained	HIGH	NPSR1	ENSG00000187258	Transcript	ENST00000359791	protein_coding	9/9	.	.	.	1206	1078	360	R/*	Cga/Tga	rs7809642&COSV63103893	.	1	.	SNV	HGNC	HGNC:23631	.	.	.	1	.	CCDS5443.1	ENSP00000352839	Q6W5P4.153	.	UPI0000353D0F	Q6W5P4-4	1	.	.	.	.	0.1364	0.1051	0.121	0.1419	0.2256	0.092	0.1713	0.1156	0.09522	0.1485	0.1423	0.1992	0.2235	0.1852	0.0978	0.1763	0.1182	0.1637	0.1362	0.1466	0.1488	0.1973	0.1203	0.2271	0.1697	0.1009	0.2271	gnomADg_NFE	1KG_ALL:T:NA	.	0&1	0&1	.	.	.	.	.	.	.	.	.	.	.	.	.	.	.	30	30
chr7:35179156:CT:C	ENSG00000189212	-	splice_acceptor_variant&non_coding_transcript_variant	HIGH	DPY19L2P1	ENSG00000189212	Transcript	ENST00000454445	transcribed_unprocessed_pseudogene	.	3/21	.	.	.	.	.	.	.	rs143718247	.	-1	.	deletion	HGNC	HGNC:22305	YES	.	.	.	.	.	.	.	.	.	.	.	.	.	.	.	0.1861	0.0908	0.2248	0.1855	0.2634	0.2086	.	.	.	.	.	.	.	.	.	0.2231	0.09831	0.2539	0.2268	0.3223	0.1758	0.3088	0.2212	0.2833	0.2422	0.2045	0.3223	gnomADg_ASJ	.	.	.	.	.	.	.	.	.	.	.	.	.	.	.	.	.	.	.	.	.
chr7:44533824:TC:T	ENSG00000015520	-	frameshift_variant	HIGH	NPC1L1	ENSG00000015520	Transcript	ENST00000381160	protein_coding	7/19	.	.	.	2266	2195	732	R/X	cGa/ca	rs575895978	.	-1	.	deletion	HGNC	HGNC:7898	YES	NM_001101648.2	.	1	P1	CCDS43575.1	ENSP00000370552	.	A0A0C4DFX6.53	UPI000015C225	.	1	.	.	.	.	0.0008	0	0	0.004	0	0	0.0002664	0	0	0	0.003611	0	0	0	0	0.0001248	0	0	0	0	0.003667	0	0	0	0	0	0.004	EAS	.	.	.	.	.	.	.	.	.	.	-2	29	-14	-3	0	0.17	0	0	NPC1L1	30	30
chr7:64708639:G:GA	ENSG00000196247	A	frameshift_variant	HIGH	ZNF107	ENSG00000196247	Transcript	ENST00000620827	protein_coding	4/4	.	.	.	2692	2542	848	E/EX	gag/gAag	COSV105911704	.	1	.	insertion	HGNC	HGNC:12887	YES	NM_001282359.2	.	4	P2	CCDS75605.1	ENSP00000483720	.	A0A0B4J2G0.62	UPI0000049C52	.	.	.	.	.	.	.	.	.	.	.	.	.	.	.	.	.	.	.	.	.	.	.	.	.	.	.	.	.	.	.	.	.	.	1KG_ALL:A:NA	.	1	1	.	.	.	.	.	.	-34	30	0	-4	0	0	0	0	ZNF107	30	30
chr7:64708641:G:A	ENSG00000196247	GAA	frameshift_variant	HIGH	ZNF107	ENSG00000196247	Transcript	ENST00000620827	protein_coding	4/4	.	.	.	2694	2544	848	E/EX	gaG/gaGAA	rs201020174	.	1	.	indel	HGNC	HGNC:12887	YES	NM_001282359.2	.	4	P2	CCDS75605.1	ENSP00000483720	.	A0A0B4J2G0.62	UPI0000049C52	.	.	.	.	.	.	.	.	.	.	.	.	0.002768	0.03799	0.0004294	0.000431	0.00711	0.0004319	0.0001004	0.0008639	6.802e-05	0.0857	0.2738	0	0.03367	0.009227	0.1362	0.01009	0.07278	0.002106	0.06495	0.008917	0.2738	gnomADg_AFR	.	.	.	1	.	.	.	.	.	.	.	.	.	.	.	.	.	.	.	30	30
chr7:64708641:G:GAA	ENSG00000196247	GAA	frameshift_variant	HIGH	ZNF107	ENSG00000196247	Transcript	ENST00000620827	protein_coding	4/4	.	.	.	2694	2544	848	E/EX	gaG/gaGAA	rs201020174	.	1	.	indel	HGNC	HGNC:12887	YES	NM_001282359.2	.	4	P2	CCDS75605.1	ENSP00000483720	.	A0A0B4J2G0.62	UPI0000049C52	.	.	.	.	.	.	.	.	.	.	.	.	0.002768	0.03799	0.0004294	0.000431	0.00711	0.0004319	0.0001004	0.0008639	6.802e-05	0.0857	0.2738	0	0.03367	0.009227	0.1362	0.01009	0.07278	0.002106	0.06495	0.008917	0.2738	gnomADg_AFR	.	.	.	1	.	.	.	.	.	.	.	.	.	.	.	.	.	.	.	30	30
chr7:67281505:T:TGGGTGGC	ENSG00000230358	GGGTGGC	frameshift_variant	HIGH	SPDYE21	ENSG00000230358	Transcript	ENST00000424157	protein_coding	4/9	.	.	.	1055	511	171	W/WVAX	tgg/tGGGTGGCgg	.	.	1	.	insertion	HGNC	HGNC:51517	YES	NM_001382715.2	.	.	P1	CCDS94109.1	ENSP00000498431	A0A494C086.19	.	UPI0001A5C4CE	.	.	.	.	.	.	.	.	.	.	.	.	.	.	.	.	.	.	.	.	.	.	.	.	.	.	.	.	.	.	.	.	.	.	.	.	.	.	.	.	.	.	.	.	.	.	.	.	.	.	.	.	.	30	30
chr7:78256460:G:T	ENSG00000187391	T	stop_gained	HIGH	MAGI2	ENSG00000187391	Transcript	ENST00000354212	protein_coding	10/22	.	.	.	1877	1530	510	Y/*	taC/taA	rs201057526&COSV62646571&COSV62674463	.	-1	.	SNV	HGNC	HGNC:18957	YES	NM_012301.4	.	1	P4	CCDS5594.1	ENSP00000346151	Q86UL8.190	.	UPI00001615D2	Q86UL8-1	1	.	.	PDB-ENSP_mappings:1ueq.A	.	.	.	.	.	.	.	3.991e-06	0	0	0	5.483e-05	0	0	0	0	.	.	.	.	.	.	.	.	.	.	.	5.483e-05	gnomADe_EAS	1KG_ALL:T:NA	.	0&1&1	1&1&1	.	.	.	.	.	.	-23	47	-23	35	0.01	0.01	0	0	MAGI2	30	30
chr7:100554168:GC:G	ENSG00000106351	-	frameshift_variant	HIGH	AGFG2	ENSG00000106351	Transcript	ENST00000300176	protein_coding	5/12	.	.	.	806	662	221	A/X	gCc/gc	rs764378309	.	1	.	deletion	HGNC	HGNC:5177	YES	NM_006076.5	.	1	P1	CCDS5697.1	ENSP00000300176	O95081.159	A4D2D6.130	UPI000003E7D5	O95081-1	.	.	.	.	.	.	.	.	.	.	.	7.958e-05	0	0	0	0.001089	0	0	0	0	1.971e-05	0	0	0	0	0.0005776	0	0	0	0	0	0.001089	gnomADe_EAS	.	.	.	.	.	.	.	.	.	.	4	-43	0	-2	0.24	0.02	0	0	AGFG2	30	30
chr7:100960581:ATC:A	ENSG00000169894	-	frameshift_variant	HIGH	MUC3A	ENSG00000169894	Transcript	ENST00000379458	protein_coding	2/12	.	.	.	8894	8803	2935	S/X	TCa/a	rs764123091	.	1	.	deletion	HGNC	HGNC:7513	YES	NM_005960.2	.	5	P1	CCDS78262.1	ENSP00000368771	Q02505.160	.	UPI000455B941	Q02505-1	.	.	.	.	.	.	.	.	.	.	.	0.01823	0.017	0.006105	0.02024	0.05369	0.02343	0.01751	0.01441	0.01698	0.197	0.1975	0.2136	0.133	0.2341	0.2987	0.2082	0.2167	0.2003	0.1825	0.1976	0.2987	gnomADg_EAS	.	.	.	.	.	.	.	.	.	.	.	.	.	.	.	.	.	.	.	30	30
chr7:100960585:C:CGT	ENSG00000169894	GT	frameshift_variant	HIGH	MUC3A	ENSG00000169894	Transcript	ENST00000379458	protein_coding	2/12	.	.	.	8897	8806	2936	R/RX	cgc/cGTgc	.	.	1	.	insertion	HGNC	HGNC:7513	YES	NM_005960.2	.	5	P1	CCDS78262.1	ENSP00000368771	Q02505.160	.	UPI000455B941	Q02505-1	.	.	.	.	.	.	.	.	.	.	.	.	.	.	.	.	.	.	.	.	.	.	.	.	.	.	.	.	.	.	.	.	.	.	.	.	.	.	.	.	.	.	.	.	.	.	.	.	.	.	.	.	.	.
chr7:100960609:C:T	ENSG00000169894	T	stop_gained	HIGH	MUC3A	ENSG00000169894	Transcript	ENST00000379458	protein_coding	2/12	.	.	.	8921	8830	2944	Q/*	Cag/Tag	rs79874934&COSV60212030	.	1	.	SNV	HGNC	HGNC:7513	YES	NM_005960.2	.	5	P1	CCDS78262.1	ENSP00000368771	Q02505.160	.	UPI000455B941	Q02505-1	.	.	.	.	.	.	.	.	.	.	.	0.4728	0.4917	0.4635	0.4366	0.4876	0.4683	0.4784	0.4662	0.4548	0.4999	0.5	0.5	0.5	0.5	0.5	0.5	0.5	0.4999	0.5	0.5	0.5	gnomADg_AFR&gnomADg_AMI&gnomADg_AMR&gnomADg_ASJ&gnomADg_EAS&gnomADg_FIN&gnomADg_MID&gnomADg_OTH&gnomADg_SAS	1KG_ALL:T:NA	.	0&1	0&1	.	.	.	.	.	.	.	.	.	.	.	.	.	.	.	.	.
chr7:107185935:A:ATT	ENSG00000105856	TT	frameshift_variant	HIGH	HBP1	ENSG00000105856	Transcript	ENST00000222574	protein_coding	4/11	.	.	.	731	533	178	H/HX	cac/caTTc	rs199499040&COSV99753623	.	1	.	insertion	HGNC	HGNC:23200	YES	NM_012257.4	.	1	P1	CCDS5741.1	ENSP00000222574	O60381.172	A0A024R722.57	UPI000006DC04	O60381-1	.	.	.	.	.	0.0072	0	0	0.0357	0	0	0.000495	0	0	0	0.006861	0	0	0.0001636	0	0.001097	0	0	0.0001308	0	0.03061	0	0	1.47e-05	0.001435	0.0004136	0.0357	EAS	1KG_ALL:TT:NA	.	0&1	0&1	.	.	.	.	.	.	.	.	.	.	.	.	.	.	.	30	30
chr7:107185936:C:T	ENSG00000105856	CT	frameshift_variant	HIGH	HBP1	ENSG00000105856	Transcript	ENST00000222574	protein_coding	4/11	.	.	.	732	534	178	H/HX	caC/caCT	rs201145168&COSV56017811	.	1	.	indel	HGNC	HGNC:23200	YES	NM_012257.4	.	1	P1	CCDS5741.1	ENSP00000222574	O60381.172	A0A024R722.57	UPI000006DC04	O60381-1	.	.	.	.	.	0.0072	0	0	0.0357	0	0	0.0003795	0	0	0	0.005362	0	0	0	0	0.001099	0	0	0.000131	0	0.03068	0	0	1.47e-05	0.001442	0.0004146	0.0357	EAS	1KG_ALL:CT:NA&1KG_ALL:T:NA	.	0&1	0&1	.	.	.	.	.	.	-9	-20	-9	6	0	0	0.06	0	HBP1	30	30
chr7:107185936:C:CT	ENSG00000105856	CT	frameshift_variant	HIGH	HBP1	ENSG00000105856	Transcript	ENST00000222574	protein_coding	4/11	.	.	.	732	534	178	H/HX	caC/caCT	rs201145168&COSV56017811	.	1	.	indel	HGNC	HGNC:23200	YES	NM_012257.4	.	1	P1	CCDS5741.1	ENSP00000222574	O60381.172	A0A024R722.57	UPI000006DC04	O60381-1	.	.	.	.	.	0.0072	0	0	0.0357	0	0	0.0003795	0	0	0	0.005362	0	0	0	0	0.001099	0	0	0.000131	0	0.03068	0	0	1.47e-05	0.001442	0.0004146	0.0357	EAS	1KG_ALL:CT:NA&1KG_ALL:T:NA	.	0&1	0&1	.	.	.	.	.	.	-9	-20	-9	6	0	0	0.06	0	HBP1	30	30
chr7:123868274:A:G	ENSG00000106302	G	start_lost	HIGH	HYAL4	ENSG00000106302	Transcript	ENST00000223026	protein_coding	3/5	.	.	.	639	1	1	M/V	Atg/Gtg	rs12672205&COSV56138790	.	1	.	SNV	HGNC	HGNC:5323	YES	NM_012269.3	.	1	P1	CCDS5789.1	ENSP00000223026	Q2M3T9.131	.	UPI000006F62B	.	.	deleterious_low_confidence(0.03)	possibly_damaging(0.833)	.	.	0.0631	0.0045	0.1744	0.1131	0.0417	0.0337	0.05307	0.00641	0.1983	0.02952	0.1171	0.02379	0.02847	0.05159	0.04194	0.0379	0.007719	0.001096	0.1382	0.03401	0.1197	0.0243	0.01266	0.02984	0.04637	0.04295	0.1983	gnomADe_AMR	1KG_ALL:G:NA	.	0&1	0&1	.	.	.	.	.	.	-42	-20	-1	-20	0	0	0	0	HYAL4	30	30
chr7:129880983:G:T	ENSG00000186591	T	splice_polypyrimidine_tract_variant&intron_variant	LOW	UBE2H	ENSG00000186591	Transcript	ENST00000355621	protein_coding	.	1/6	.	.	.	.	.	.	.	rs183456347	.	-1	.	SNV	HGNC	HGNC:12484	YES	NM_003344.4	.	1	P1	CCDS5814.1	ENSP00000347836	P62256.174	A4D1L5.137	UPI0000006BD3	P62256-1	.	.	.	.	.	0.0022	0	0	0.0109	0	0	0.001019	0	0	0	0.01368	0	0	0.0001677	0.0001012	0.0004931	2.415e-05	0	0	0	0.01348	0	0	0	0.001435	0.0002067	0.01368	gnomADe_EAS	.	.	.	.	.	.	.	.	.	.	-2	-12	-30	-12	0.99	0.82	0	0	UBE2H	30	30
chr7:135186314:A:T	ENSG00000105875	T	missense_variant&splice_region_variant	MODERATE	WDR91	ENSG00000105875	Transcript	ENST00000354475	protein_coding	15/15	.	.	.	2105	2081	694	L/Q	cTg/cAg	rs186391437	.	-1	.	SNV	HGNC	HGNC:24997	YES	NM_014149.4	.	1	P1	CCDS34758.1	ENSP00000346466	A4D1P6.128	.	UPI000006F2DE	A4D1P6-1	.	deleterious(0)	possibly_damaging(0.829)	PDB-ENSP_mappings:6vyc.A&PDB-ENSP_mappings:6vyc.B	.	0.0002	0	0	0.001	0	0	1.217e-05	0	0	0	0.000167	0	0	0	0	6.572e-06	0	0	0	0	0.0001928	0	0	0	0	0	0.001	EAS	.	.	.	.	.	.	.	.	.	.	-2	-17	-2	-41	0.88	0	0	0	WDR91	30	30
chr7:142774423:GT:G	ENSG00000275896	-	frameshift_variant	HIGH	PRSS2	ENSG00000275896	Transcript	ENST00000539842	protein_coding	5/5	.	.	.	673	660	220	C/X	tgT/tg	rs554627905&COSV52102792	.	1	.	deletion	HGNC	HGNC:9483	YES	NM_002770.4	.	1	P2	CCDS83236.1	ENSP00000488338	P07478.201	Q5NV56.158	UPI000000130A	.	1	.	.	PDB-ENSP_mappings:7z9f.B&PDB-ENSP_mappings:7z9f.Y	.	.	.	.	.	.	.	.	.	.	.	.	.	.	.	.	0.3563	0.4405	0.3317	0.3528	0.3543	0.1172	0.3393	0.2826	0.3416	0.3588	0.1757	0.4405	gnomADg_AFR	1KG_ALL:-:NA	.	0&1	0&1	.	.	.	.	.	.	.	.	.	.	.	.	.	.	.	.	.
chr7:142962205:A:G	ENSG00000197993	G	start_lost&splice_region_variant	HIGH	KEL	ENSG00000197993	Transcript	ENST00000355265	protein_coding	1/19	.	.	.	159	2	1	M/T	aTg/aCg	rs2293266	.	-1	.	SNV	HGNC	HGNC:6308	YES	NM_000420.3	.	1	P1	CCDS34766.1	ENSP00000347409	P23276.213	A0A077QP03.56	UPI000000D923	.	1	deleterious_low_confidence(0)	unknown(0)	.	.	0.0006	0	0	0.003	0	0	0.0006842	0	5.782e-05	0	0.009026	0	2.639e-05	0.000163	0	0.0002633	0	0	6.555e-05	0	0.007146	0	0	2.941e-05	0	0	0.009026	gnomADe_EAS	.	.	.	.	.	.	.	.	.	.	50	5	-1	2	0	0	0	0	KEL	30	30
chr7:152247986:G:GT	ENSG00000055609	T	stop_gained&frameshift_variant	HIGH	KMT2C	ENSG00000055609	Transcript	ENST00000262189	protein_coding	14/59	.	.	.	2664	2447	816	Y/*	tac/taAc	.	.	-1	.	insertion	HGNC	HGNC:13726	YES	NM_170606.3	.	1	P2	CCDS5931.1	ENSP00000262189	Q8NEZ4.198	.	UPI0000141B9F	Q8NEZ4-1	1	.	.	.	.	.	.	.	.	.	.	.	.	.	.	.	.	.	.	.	.	.	.	.	.	.	.	.	.	.	.	.	.	.	.	.	.	.	.	.	.	.	.	39	-9	-25	-29	0	0	0	0.01	KMT2C	30	30
chr21:10605416:G:T	ENSG00000274391	T	splice_acceptor_variant	HIGH	TPTE	ENSG00000274391	Transcript	ENST00000618007	protein_coding	.	23/23	.	.	.	.	.	.	.	rs12627379	.	1	.	SNV	HGNC	HGNC:12023	YES	NM_199261.4	.	1	P2	CCDS74771.1	ENSP00000484403	P56180.184	.	UPI000016A18A	P56180-1	.	.	.	.	.	.	.	.	.	.	.	0.02554	0.05051	0.05338	0.01611	0.04361	0.005368	0.008083	0.02449	0.06365	0.02977	0.05892	0.01487	0.05207	0.01236	0.04467	0.007901	0.02069	0.01027	0.03151	0.06841	0.06841	gnomADg_SAS	.	.	.	.	.	.	.	.	.	.	.	.	.	.	.	.	.	.	.	30	30
chr21:28966883:AT:A	ENSG00000198862	-	frameshift_variant	HIGH	LTN1	ENSG00000198862	Transcript	ENST00000361371	protein_coding	10/30	.	.	.	1679	1607	536	N/X	aAt/at	rs560176639	.	-1	.	deletion	HGNC	HGNC:13082	YES	NM_015565.3	.	1	P1	CCDS33527.3	ENSP00000354977	O94822.201	.	UPI00001A95E0	O94822-1	.	.	.	PDB-ENSP_mappings:3j92.0&PDB-ENSP_mappings:3j92.w&PDB-ENSP_mappings:3j92.z	.	0.0909	0.1248	0.0461	0.0714	0.0586	0.1299	0.1294	0.07639	0.1723	0.1735	0.1225	0.1112	0.114	0.1489	0.1843	0.0002127	0.0001004	0	0.0001374	0	0	0.00121	0	0.0001971	0.0005025	0	0.1843	gnomADe_SAS	.	.	.	.	.	.	.	.	.	.	46	47	-7	-2	0.05	0	0	0.06	LTN1	30	30
chr21:42383199:C:CTA	ENSG00000160183	TA	splice_acceptor_variant	HIGH	TMPRSS3	ENSG00000160183	Transcript	ENST00000644384	protein_coding	.	7/12	.	.	.	.	.	.	.	.	.	-1	.	insertion	HGNC	HGNC:11877	YES	NM_001256317.3	.	.	A1	CCDS58790.1	ENSP00000494414	P57727.201	.	UPI000003FE60	P57727-5	1	.	.	.	.	.	.	.	.	.	.	.	.	.	.	.	.	.	.	.	.	.	.	.	.	.	.	.	.	.	.	.	.	.	.	.	.	.	.	.	.	.	.	.	.	.	.	.	.	.	.	.	30	30
chr21:42903610:C:T	ENSG00000160194	T	stop_gained	HIGH	NDUFV3	ENSG00000160194	Transcript	ENST00000354250	protein_coding	3/4	.	.	.	623	598	200	R/*	Cga/Tga	rs4148974&CM1212926&COSV61087777	.	1	.	SNV	HGNC	HGNC:7719	YES	NM_021075.4	.	1	.	CCDS33572.1	ENSP00000346196	P56181.174	.	UPI000037848B	P56181-2	.	.	.	.	.	0.0523	0.0038	0.0591	0.0804	0.0755	0.0603	0.06316	0.009849	0.05333	0.08259	0.09284	0.09517	0.06018	0.06389	0.06604	0.04811	0.01036	0.03509	0.04563	0.08266	0.08559	0.1013	0.03205	0.05773	0.05359	0.06419	0.1013	gnomADg_FIN	1KG_ALL:T:NA	.	0&1&1	0&1&1	25074467	.	.	.	.	.	39	-7	-2	8	0	0	0	0	NDUFV3	30	30
chr10:32518506:G:T	ENSG00000216937	T	splice_donor_variant	HIGH	CCDC7	ENSG00000216937	Transcript	ENST00000639629	protein_coding	.	12/43	.	.	.	.	.	.	.	rs41276068&COSV53229509	.	1	.	SNV	HGNC	HGNC:26533	YES	NM_001395015.1	.	5	A2	CCDS86081.1	ENSP00000491655	Q96M83.145	.	UPI0003EB0555	Q96M83-1	.	.	.	.	.	0.0869	0.0151	0.0937	0.1597	0.1004	0.09	0.09276	0.02003	0.07973	0.1199	0.1678	0.09081	0.0929	0.0965	0.09183	0.0754	0.02379	0.1484	0.0885	0.1271	0.1595	0.09465	0.1013	0.08918	0.0788	0.09618	0.1678	gnomADe_EAS	1KG_ALL:T:NA	.	0&1	0&1	.	.	.	.	.	.	16	-1	-2	-1	0	0	0	0.85	CCDC7	30	30
chr10:79611798:T:A	ENSG00000122852	A	splice_region_variant&splice_polypyrimidine_tract_variant&intron_variant	LOW	SFTPA1	ENSG00000122852	Transcript	ENST00000398636	protein_coding	.	2/5	.	.	.	.	.	.	.	rs3997775&COSV64866565	.	1	.	SNV	HGNC	HGNC:10798	YES	NM_005411.5	.	1	P1	CCDS44445.1	ENSP00000381633	Q8IWL2.186	A0A024QZP2.55	UPI000013CAFE	Q8IWL2-1	1	.	.	.	.	.	.	.	.	.	.	0.1886	0.08078	0.1405	0.1555	0.1435	0.203	0.243	0.1574	0.1508	0.01489	0.01257	0.008993	0.01246	0.004176	0.02569	0.04116	0	0.01349	0.01759	0.00981	0.243	gnomADe_NFE	1KG_ALL:A:NA	.	0&1	0&1	16400609	.	.	.	.	.	2	5	2	11	0.65	0.31	0	0	SFTPA1	30	30
chr10:88594666:G:C	ENSG00000204022	C	splice_acceptor_variant	HIGH	LIPJ	ENSG00000204022	Transcript	ENST00000371939	protein_coding	.	5/10	.	.	.	.	.	.	.	rs74777687&COSV64245470	.	1	.	SNV	HGNC	HGNC:21773	YES	NM_001010939.3	.	1	P1	CCDS31240.1	ENSP00000361007	Q5W064.126	.	UPI000013E51D	.	.	.	.	.	.	0.0401	0.0545	0.0086	0.0218	0.005	0.0982	0.01775	0.04936	0.008056	0.01033	0.02104	0.0005012	0.005496	0.01635	0.08094	0.02008	0.04726	0.006579	0.01279	0.007221	0.02083	0.0003784	0.06329	0.004159	0.02205	0.08454	0.0982	SAS	1KG_ALL:C:NA	.	0&1	0&1	.	.	.	.	.	.	11	1	-4	1	0	0.25	0	0	LIPJ	30	30
chr10:97679916:C:G	ENSG00000119986	G	splice_acceptor_variant	HIGH	AVPI1	ENSG00000119986	Transcript	ENST00000370626	protein_coding	.	1/2	.	.	.	.	.	.	.	rs3818780&COSV65697542	.	-1	.	SNV	HGNC	HGNC:30898	YES	NM_021732.3	.	1	P1	CCDS7470.1	ENSP00000359660	Q5T686.132	.	UPI000013CA70	.	.	.	.	.	.	0.2125	0.1589	0.1729	0.2153	0.16	0.364	0.1976	0.1402	0.1429	0.2214	0.2335	0.1501	0.1735	0.1896	0.3479	0.1739	0.1425	0.2434	0.1651	0.2155	0.2322	0.1446	0.2184	0.1796	0.1856	0.3402	0.364	SAS	1KG_ALL:G:NA	.	0&1	0&1	.	.	.	.	.	.	-3	-1	-31	-1	0.95	0.98	0	0	AVPI1	.	.
chr10:104164092:ACCT:A	ENSG00000197748	-	splice_donor_variant&coding_sequence_variant	HIGH	CFAP43	ENSG00000197748	Transcript	ENST00000357060	protein_coding	24/38	24/37	.	.	3363	3245	1082	.	.	rs529540848	.	-1	.	deletion	HGNC	HGNC:26684	YES	NM_025145.7	.	1	P1	CCDS31281.1	ENSP00000349568	Q8NDM7.146	.	UPI0000D60FC7	Q8NDM7-1	1	.	.	.	.	0.0014	0	0	0.0069	0	0	0.0003939	0	2.895e-05	0	0.005273	0	0	0.0001633	0	0.0001118	0	0	0	0	0.003272	0	0	0	0	0	0.0069	EAS	.	.	.	.	.	.	.	.	.	.	-39	1	4	1	0	0	0.99	0.99	CFAP43	30	30
chr10:133554659:A:G	ENSG00000130649	G	splice_acceptor_variant&non_coding_transcript_variant	HIGH	CYP2E1	ENSG00000130649	Transcript	ENST00000368520	retained_intron	.	5/5	.	.	.	.	.	.	.	rs2149616&COSV58217368	.	1	.	SNV	HGNC	HGNC:2631	.	.	.	1	.	.	.	.	.	.	.	.	.	.	.	.	0.1973	0.1997	0.1844	0.2698	0.1093	0.2188	0.1333	0.1849	0.157	0.09591	0.2478	0.119	0.09182	0.118	0.1836	0.1338	0.1831	0.08662	0.1369	0.1012	0.2527	0.1215	0.06329	0.09463	0.1272	0.1952	0.2698	EAS	1KG_ALL:G:NA	.	0&1	0&1	.	.	.	.	.	.	.	.	.	.	.	.	.	.	.	.	.
chr10:133625455:AC:A	ENSG00000225899	-	frameshift_variant	HIGH	FRG2B	ENSG00000225899	Transcript	ENST00000425520	protein_coding	4/4	.	.	.	533	480	160	R/X	agG/ag	rs745873123	.	-1	.	deletion	HGNC	HGNC:33518	YES	NM_001080998.2	.	1	A2	CCDS44502.1	ENSP00000401310	Q96QU4.105	.	UPI00000727C6	.	.	.	.	.	.	.	.	.	.	.	.	4.023e-06	0	0	0	0	0	0	0	3.356e-05	0.1575	0.1628	0.1525	0.1625	0.1445	0.2848	0.1698	0.1855	0.1338	0.1472	0.2652	0.2848	gnomADg_EAS	.	.	.	.	.	.	.	.	.	.	21	42	-45	1	0	0	0	0	FRG2B	.	.
chr8:100706997:G:GGATGAGGTCTGGCACCCTGAGCAGTC	ENSG00000070756	GATGAGGTCTGGCACCCTGAGCAGTC	frameshift_variant&splice_region_variant	HIGH	PABPC1	ENSG00000070756	Transcript	ENST00000318607	protein_coding	.	.	.	.	1841	1336	446	P/RLLRVPDLIX	cca/cGACTGCTCAGGGTGCCAGACCTCATCca	rs758404026&COSV59403357	.	-1	.	insertion	HGNC	HGNC:8554	YES	NM_002568.4	.	1	P1	CCDS6289.1	ENSP00000313007	P11940.258	A0A024R9C1.65	UPI0000000BC4	P11940-1	1	.	.	.	.	.	.	.	.	.	.	0.0008652	0.001026	0.001176	0.001322	0.0004435	0.0002548	0.000694	0.0007631	0.001665	6.584e-06	0	0	0	0	0	0	0	1.473e-05	0	0	0.001665	gnomADe_SAS	1KG_ALL:GATGAGGTCTGGCACCCTGAGCAGTC:NA	.	0&1	0&1	36095024	.	.	.	.	.	.	.	.	.	.	.	.	.	.	30	30
chr8:129729308:G:GT	ENSG00000224110	T	splice_donor_variant&non_coding_transcript_variant	HIGH	MTRF1LP2	ENSG00000224110	Transcript	ENST00000506027	processed_pseudogene	.	1/2	.	.	.	.	.	.	.	.	.	1	.	insertion	HGNC	HGNC:50612	YES	.	.	.	.	.	.	.	.	.	.	.	.	.	.	.	.	.	.	.	.	.	.	.	.	.	.	.	.	.	.	.	.	.	.	.	.	.	.	.	.	.	.	.	.	.	.	.	.	.	.	.	.	.	.	.	.	.	.	.	.	.	.	30	30
chr8:132871397:C:A	ENSG00000042832	A	stop_gained	HIGH	TG	ENSG00000042832	Transcript	ENST00000220616	protein_coding	4/48	.	.	.	367	324	108	Y/*	taC/taA	rs748211829&COSV55096029	.	1	.	SNV	HGNC	HGNC:11764	YES	NM_003235.5	.	1	P1	CCDS34944.1	ENSP00000220616	P01266.229	.	UPI000013C79F	P01266-1	1	.	.	PDB-ENSP_mappings:6scj.A&PDB-ENSP_mappings:6scj.B&PDB-ENSP_mappings:7b75.A&PDB-ENSP_mappings:7b75.B	.	.	.	.	.	.	.	0.00125	0.00675	8.704e-05	0.0002988	0.003371	0.001405	0.0008883	0.001157	3.268e-05	.	.	.	.	.	.	.	.	.	.	.	0.00675	gnomADe_AFR	1KG_ALL:A:NA	.	0&1	0&1	.	.	.	.	.	.	34	-49	-50	-32	0.02	0.15	0	0	TG	30	30
chr8:143440217:G:T	ENSG00000014164	T	stop_gained	HIGH	ZC3H3	ENSG00000014164	Transcript	ENST00000262577	protein_coding	11/12	.	.	.	2665	2639	880	S/*	tCa/tAa	rs2272754&COSV52787072	.	-1	.	SNV	HGNC	HGNC:28972	YES	NM_015117.3	.	1	P1	CCDS6402.1	ENSP00000262577	Q8IXZ2.155	.	UPI0000160D96	Q8IXZ2-1	.	.	.	.	.	0.1118	0.0363	0.1167	0.2431	0.1461	0.0399	0.1814	0.0875	0.1154	0.1722	0.3067	0.171	0.2194	0.1994	0.07022	0.1408	0.06925	0.3051	0.1212	0.1344	0.2534	0.1491	0.1803	0.183	0.1507	0.05197	0.3067	gnomADe_EAS	1KG_ALL:T:NA	.	0&1	0&1	.	.	.	.	.	.	-29	25	-28	-8	0.01	0	0	0	ZC3H3	30	30
chr14:20198016:C:CA	ENSG00000196832	A	frameshift_variant	HIGH	OR11G2	ENSG00000196832	Transcript	ENST00000641879	protein_coding	2/2	.	.	.	1354	579	193	-/X	-/A	.	.	1	.	insertion	HGNC	HGNC:15346	YES	NM_001386033.1	.	.	P1	CCDS32032.2	ENSP00000493427	.	A0A126GWS8.36	UPI000004B1F0	.	.	.	.	.	.	.	.	.	.	.	.	.	.	.	.	.	.	.	.	.	.	.	.	.	.	.	.	.	.	.	.	.	.	.	.	.	.	.	.	.	.	.	.	-4	41	11	-33	0	0.03	0.01	0.01	OR11G2	30	30
chr14:21570295:C:T	ENSG00000169208	T	stop_gained	HIGH	OR10G3	ENSG00000169208	Transcript	ENST00000641040	protein_coding	2/2	.	.	.	758	450	150	W/*	tgG/tgA	rs200504089	.	-1	.	SNV	HGNC	HGNC:8171	YES	NM_001005465.2	.	.	P1	CCDS32046.1	ENSP00000493245	Q8NGC4.153	A0A126GWE3.38	UPI000003CAB2	.	.	.	.	.	.	0.0002	0	0	0.001	0	0	3.981e-06	0	0	0	5.44e-05	0	0	0	0	6.57e-06	0	0	0	0	0.0001927	0	0	0	0	0	0.001	EAS	.	.	.	.	.	.	.	.	.	.	-31	4	-3	30	0	0	0	0	OR10G3	30	30
chr14:24506608:T:C	ENSG00000092009	C	splice_region_variant&splice_polypyrimidine_tract_variant&intron_variant	LOW	CMA1	ENSG00000092009	Transcript	ENST00000250378	protein_coding	.	2/4	.	.	.	.	.	.	.	rs5248&COSV51625896&CS068760	.	-1	.	SNV	HGNC	HGNC:2097	YES	NM_001836.5	.	1	P1	CCDS9630.1	ENSP00000250378	P23946.209	.	UPI000012EDED	P23946-1	.	.	.	.	.	0.1186	0.1271	0.0576	0.2222	0.0726	0.091	0.08587	0.128	0.05251	0.05847	0.2243	0.03114	0.07653	0.07707	0.1018	0.09084	0.1246	0.06798	0.07369	0.06149	0.2024	0.03061	0.1013	0.07593	0.09321	0.1025	0.2243	gnomADe_EAS	1KG_ALL:C:NA	.	0&1&1	0&1&1	16400609&24823657	.	.	.	.	.	-1	-4	-1	-3	0.96	0.12	0	0	CMA1	30	30
chr14:45246815:A:AT	ENSG00000129534	T	frameshift_variant	HIGH	MIS18BP1	ENSG00000129534	Transcript	ENST00000310806	protein_coding	2/17	.	.	.	730	471	157	-/X	-/A	.	.	-1	.	insertion	HGNC	HGNC:20190	YES	NM_018353.5	.	1	P1	CCDS9684.1	ENSP00000309790	Q6P0N0.170	.	UPI00001FD488	Q6P0N0-1	.	.	.	.	.	.	.	.	.	.	.	.	.	.	.	.	.	.	.	.	.	.	.	.	.	.	.	.	.	.	.	.	.	.	.	.	.	.	.	.	.	.	.	-7	15	14	15	0	0	0	0	MIS18BP1	30	30
chr14:73105898:AAG:A	ENSG00000119707	-	frameshift_variant	HIGH	RBM25	ENSG00000119707	Transcript	ENST00000261973	protein_coding	11/19	.	.	.	1382	1195	399	R/X	AGa/a	rs150988201	.	1	.	deletion	HGNC	HGNC:23244	YES	NM_021239.3	.	1	P1	CCDS32113.1	ENSP00000261973	P49756.179	.	UPI0000373D58	P49756-1	.	.	.	.	.	.	.	.	.	.	.	0.03951	0.03514	0.06969	0.0448	0.05489	0.007655	0.03524	0.04703	0.0508	0.0001132	2.433e-05	0	0.0001329	0	0	0.0005981	0	0.0001188	0	0	0.06969	gnomADe_AMR	.	.	.	.	.	.	.	.	.	.	-38	-28	-38	-16	0.01	0	0	0	RBM25	30	30
chr14:76770052:G:T	ENSG00000071246	T	splice_donor_variant	HIGH	VASH1	ENSG00000071246	Transcript	ENST00000167106	protein_coding	.	2/6	.	.	.	.	.	.	.	rs762771714&COSV51340219	.	1	.	SNV	HGNC	HGNC:19964	YES	NM_014909.5	.	1	P1	CCDS9851.1	ENSP00000167106	Q7L8A9.137	.	UPI0000073F7C	Q7L8A9-1	.	.	.	.	.	.	.	.	.	.	.	0.0003045	0.001259	0	0	0.0002187	0.001215	0.0002126	0.0003298	0	.	.	.	.	.	.	.	.	.	.	.	0.001259	gnomADe_AFR	1KG_ALL:T:NA	.	0&1	0&1	.	.	.	.	.	.	18	-1	39	-1	0	0	0.03	0.64	VASH1	30	30
chrX:72139693:C:A	ENSG00000204131	A	stop_gained	HIGH	NHSL2	ENSG00000204131	Transcript	ENST00000633930	protein_coding	6/8	.	.	.	2388	2145	715	Y/*	taC/taA	rs150942517&COSV65453670	.	1	.	SNV	HGNC	HGNC:33737	YES	NM_001013627.3	.	5	A2	CCDS87759.1	ENSP00000488668	Q5HYW2.110	.	UPI0001B09231	Q5HYW2-1	.	.	.	.	.	0.0021	0	0.0057	0.0039	0.0013	0.0014	0.001169	0.003207	0.0001465	0.0006776	0.001101	0.002242	0.001252	0.002037	0.0001053	.	.	.	.	.	.	.	.	.	.	.	0.0057	AMR	1KG_ALL:A:NA	.	0&1	0&1	.	.	.	.	.	.	10	6	-8	38	0	0	0	0	NHSL2	30	30
chrX:136877987:G:GAA	ENSG00000147274	AA	frameshift_variant	HIGH	RBMX	ENSG00000147274	Transcript	ENST00000320676	protein_coding	4/9	.	.	.	470	315	105	-/X	-/TT	.	.	-1	.	insertion	HGNC	HGNC:9910	YES	NM_002139.4	.	1	P1	CCDS14661.1	ENSP00000359645	P38159.234	.	UPI0000134535	P38159-1	1	.	.	.	.	.	.	.	.	.	.	.	.	.	.	.	.	.	.	.	.	.	.	.	.	.	.	.	.	.	.	.	.	.	.	.	.	.	.	.	.	.	.	.	.	.	.	.	.	.	.	.	.	.
chr12:193334:G:T	ENSG00000111181	T	stop_gained	HIGH	SLC6A12	ENSG00000111181	Transcript	ENST00000684302	protein_coding	14/16	.	.	.	1851	1473	491	Y/*	taC/taA	rs765452457&COSV106506105	.	-1	.	SNV	HGNC	HGNC:11045	YES	NM_001122848.3	.	.	P1	CCDS8501.1	ENSP00000508194	P48065.182	.	UPI000013C8DB	.	.	.	.	.	.	.	.	.	.	.	.	0.001466	0.004542	0.0003193	0.0004988	0.003149	0.003013	0.001283	0.001999	0	.	.	.	.	.	.	.	.	.	.	.	0.004542	gnomADe_AFR	1KG_ALL:T:NA	.	0&1	0&1	.	.	.	.	.	.	14	43	43	-15	0	0.12	0	0	SLC6A12	30	30
chr12:6872998:C:T	ENSG00000111671	T	splice_acceptor_variant	HIGH	SPSB2	ENSG00000111671	Transcript	ENST00000524270	protein_coding	.	1/2	.	.	.	.	.	.	.	rs11064437&COSV99222993	.	-1	.	SNV	HGNC	HGNC:29522	YES	NM_032641.4	.	1	P1	CCDS8567.1	ENSP00000428338	Q99619.181	.	UPI000003316E	Q99619-1	.	.	.	.	.	.	.	.	.	.	.	.	.	.	.	.	.	.	.	.	0.09184	0.2561	0	0.1011	0.01729	0.2678	9.413e-05	0.02848	0.002102	0.08517	0.01118	0.2678	gnomADg_EAS	1KG_ALL:T:NA	.	0&1	1&1	33073494&32170005&28567967&28869801&30529582&26965516&31085968&28637795&31399598&30820706&30498395&34594420	.	.	.	.	.	-12	-1	-22	-11	0.81	0.77	0	0	SPSB2	.	.
chr12:9181030:G:A	ENSG00000126838	A	stop_gained	HIGH	PZP	ENSG00000126838	Transcript	ENST00000261336	protein_coding	15/36	.	.	.	1846	1792	598	Q/*	Caa/Taa	rs117889746&CM118833&COSV54355601	.	-1	.	SNV	HGNC	HGNC:9750	YES	NM_002864.3	.	1	P1	CCDS8600.1	ENSP00000261336	P20742.192	.	UPI000013D168	P20742-1	.	.	.	.	.	.	.	.	.	.	.	0.006568	0.0001846	0.0001158	0.001192	0.0848	0	0.0001321	0.002123	0.001471	0.003074	0.0001689	0	0.0005233	0.000576	0.07916	0	0	0.0001764	0.003824	0.004134	0.0848	gnomADe_EAS	1KG_ALL:A:NA	.	0&1&1	0&1&1	28137300&31747953	.	.	.	.	.	38	-49	-5	-47	0	0	0	0.25	PZP	30	30
chr12:9253604:C:T	ENSG00000256069	T	splice_donor_variant&non_coding_transcript_variant	HIGH	A2MP1	ENSG00000256069	Transcript	ENST00000566278	transcribed_unprocessed_pseudogene	.	12/31	.	.	.	.	.	.	.	rs112215666	.	-1	.	SNV	HGNC	HGNC:8	YES	.	.	.	.	.	.	.	.	.	.	.	.	.	.	.	.	.	.	.	.	.	.	.	.	.	.	.	.	.	.	0.1498	0.2187	0.06031	0.1036	0.1374	0.1214	0.09945	0.1835	0.1235	0.1371	0.2466	0.2466	gnomADg_SAS	.	.	.	.	.	.	.	.	.	.	.	.	.	.	.	.	.	.	.	30	30
chr12:11030436:C:T	ENSG00000256436	T	stop_gained	HIGH	TAS2R31	ENSG00000256436	Transcript	ENST00000390675	protein_coding	1/1	.	.	.	972	900	300	W/*	tgG/tgA	rs78820764&COSV66829582	.	-1	.	SNV	HGNC	HGNC:19113	YES	NM_176885.2	.	.	P1	CCDS53747.1	ENSP00000375093	P59538.144	.	UPI000000D820	.	.	.	.	.	.	.	.	.	.	.	.	0.0001364	0.0003366	5.881e-05	0	0.0001663	0.0002054	0.0001647	0.0001686	0	0.2878	0.2573	0.3839	0.2748	0.1993	0.1267	0.3636	0.1721	0.326	0.2735	0.1609	0.3839	gnomADg_AMI	1KG_ALL:T:NA	.	0&1	0&1	.	.	.	.	.	.	22	-8	7	16	0.04	0.01	0.03	0.02	TAS2R31	.	.
chr12:11061546:C:T	ENSG00000226761	T	stop_gained	HIGH	TAS2R46	ENSG00000226761	Transcript	ENST00000533467	protein_coding	1/1	.	.	.	749	749	250	W/*	tGg/tAg	rs2708381&COSV99061941	.	-1	.	SNV	HGNC	HGNC:18877	YES	NM_176887.2	.	.	P1	CCDS53748.1	ENSP00000436450	P59540.141	.	UPI000000D821	.	.	.	.	PDB-ENSP_mappings:7xp4.R&PDB-ENSP_mappings:7xp5.R&PDB-ENSP_mappings:7xp6.R	.	0.2119	0.2375	0.2378	0.1925	0.2068	0.184	0.2275	0.222	0.2428	0.1669	0.2107	0.2685	0.2354	0.2158	0.1871	0.2031	0.1959	0.1173	0.1968	0.1506	0.1938	0.2381	0.1677	0.2107	0.1952	0.1692	0.2685	gnomADe_FIN	1KG_ALL:T:NA	.	0&1	0&1	19092995&23966204&30203366&32457649&36685884&37214416&28926134	.	.	.	.	.	-2	3	3	9	0.11	0.06	0.02	0.01	TAS2R46	30	30
chr12:11091468:A:ATT	ENSG00000255374	TT	frameshift_variant	HIGH	TAS2R43	ENSG00000255374	Transcript	ENST00000531678	protein_coding	1/1	.	.	.	845	761	254	S/RX	agt/agAAt	rs760672236&COSV67859539	.	-1	.	insertion	HGNC	HGNC:18875	YES	NM_176884.2	.	.	P1	CCDS53749.1	ENSP00000431719	P59537.150	.	UPI000000D81F	.	.	.	.	.	.	.	.	.	.	.	.	0.0005273	0.000365	0.0004966	0	0	0.0008549	0.000882	0	0	0.3292	0.1331	0.4844	0.3687	0.4001	0.4458	0.4601	0.4086	0.4205	0.3415	0.3595	0.4844	gnomADg_AMI	1KG_ALL:TT:NA	.	0&1	0&1	.	.	.	.	.	.	.	.	.	.	.	.	.	.	.	.	.
chr12:11091635:T:C	ENSG00000255374	C	missense_variant	MODERATE	TAS2R43	ENSG00000255374	Transcript	ENST00000531678	protein_coding	1/1	.	.	.	679	595	199	I/V	Atc/Gtc	rs78179946&COSV67852495	.	-1	.	SNV	HGNC	HGNC:18875	YES	NM_176884.2	.	.	P1	CCDS53749.1	ENSP00000431719	P59537.150	.	UPI000000D81F	.	.	tolerated(0.05)	benign(0.011)	.	.	.	.	.	.	.	.	0.005681	0.003426	0.00301	0.001384	0.0002334	0.008649	0.01011	0.005608	0.0001461	0.04421	0.01141	0.0979	0.06207	0.05481	0.04341	0.1099	0.04375	0.06251	0.04498	0.04405	0.1099	gnomADg_FIN	1KG_ALL:C:NA	.	0&1	0&1	32457649	.	.	.	.	.	-1	-30	5	-12	0.51	0.37	0.03	0.07	TAS2R43	.	.
chr12:11091956:TGATC:T	ENSG00000255374	-	frameshift_variant	HIGH	TAS2R43	ENSG00000255374	Transcript	ENST00000531678	protein_coding	1/1	.	.	.	354	270	90	VI/X	gtGATC/gt	rs768452582	.	-1	.	deletion	HGNC	HGNC:18875	YES	NM_176884.2	.	.	P1	CCDS53749.1	ENSP00000431719	P59537.150	.	UPI000000D81F	.	.	.	.	.	.	.	.	.	.	.	.	0	0	0	0	0	0	0	0	0	2e-05	0	0	0	0.0003652	0	0.0002054	0	0	0	0	0.0003652	gnomADg_ASJ	.	.	.	.	.	.	.	.	.	.	-26	-11	37	-35	0	0	0.01	0	TAS2R43	.	.
chr12:11308289:G:A	ENSG00000230657	A	stop_gained	HIGH	PRB4	ENSG00000230657	Transcript	ENST00000279575	protein_coding	3/4	.	.	.	732	694	232	Q/*	Caa/Taa	rs77514395	.	-1	.	SNV	HGNC	HGNC:9340	YES	NM_002723.6	.	5	P1	CCDS8641.1	ENSP00000279575	.	E9PAL0.91	UPI000013DBDC	.	.	.	.	.	.	0.0088	0	0	0.0417	0	0.002	0.002904	0.0001239	0.000208	0	0.03657	0	1.799e-05	0.001684	0.0007824	0.001341	0.0002171	0	6.545e-05	0	0.03394	0	0	0	0.003343	0.002279	0.0417	EAS	.	.	.	.	.	.	.	.	.	.	-48	48	43	-46	0	0	0	0	PRB4	30	30
chr12:12477741:GCACGC:G	ENSG00000111266	-	frameshift_variant	HIGH	DUSP16	ENSG00000111266	Transcript	ENST00000298573	protein_coding	7/7	.	.	.	2197	1085	362	SV/X	aGCGTG/a	rs201941751	.	-1	.	deletion	HGNC	HGNC:17909	YES	NM_030640.3	.	1	P1	CCDS8650.1	ENSP00000298573	Q9BY84.182	A0A024RAR2.66	UPI0000001BCE	Q9BY84-1	.	.	.	.	.	0.1022	0.0015	0.0821	0.2698	0.006	0.1789	0.05019	0.003954	0.1149	0.0102	0.2428	0.02179	0.004355	0.03133	0.1158	0.02991	0.006919	0	0.07225	0.01942	0.3051	0.02993	0	0.004199	0.03791	0.1652	0.3051	gnomADg_EAS	.	.	.	.	.	.	.	.	.	.	.	.	.	.	.	.	.	.	.	.	.
chr12:12477747:TGGGC:T	ENSG00000111266	-	frameshift_variant	HIGH	DUSP16	ENSG00000111266	Transcript	ENST00000298573	protein_coding	7/7	.	.	.	2192	1080	360	VP/X	gtGCCC/gt	rs200271649	.	-1	.	deletion	HGNC	HGNC:17909	YES	NM_030640.3	.	1	P1	CCDS8650.1	ENSP00000298573	Q9BY84.182	A0A024RAR2.66	UPI0000001BCE	Q9BY84-1	.	.	.	.	.	0.1022	0.0015	0.0821	0.2698	0.006	0.1789	0.04561	0.002554	0.1092	0.009562	0.1953	0.02107	0.00411	0.02897	0.1003	0.02563	0.004536	0	0.06668	0.01786	0.2493	0.02907	0	0.003983	0.03298	0.143	0.2698	EAS	.	.	.	1	.	.	.	.	.	.	7	41	-2	-44	0	0	0	0	DUSP16	.	.
chr12:14823483:CTA:C	ENSG00000182993	-	frameshift_variant	HIGH	C12orf60	ENSG00000182993	Transcript	ENST00000330828	protein_coding	2/2	.	.	.	655	549	183	TM/TX	acTAtg/actg	rs10556010	.	1	.	deletion	HGNC	HGNC:28726	YES	NM_175874.4	.	1	P1	CCDS8667.1	ENSP00000331691	Q5U649.103	.	UPI00001608A3	.	.	.	.	.	.	0.1901	0.323	0.0893	0.0823	0.1431	0.2413	0.1497	0.2722	0.09065	0.1505	0.07596	0.09221	0.1462	0.1485	0.2492	0.1705	0.2607	0.2374	0.1139	0.157	0.08038	0.09227	0.1962	0.1426	0.1537	0.2424	0.323	AFR	.	.	.	.	.	.	.	.	.	.	28	-24	-26	-17	0	0	0	0.03	C12orf60	30	30
chr12:26326465:GATGACTTCTCACTGTATCATCAC:G	ENSG00000256234	-	splice_acceptor_variant&splice_polypyrimidine_tract_variant&non_coding_transcript_exon_variant&intron_variant	HIGH	ITPR2-AS1	ENSG00000256234	Transcript	ENST00000540392	lncRNA	2/4	1/3	.	.	.	.	.	.	.	rs71994499	.	-1	.	deletion	HGNC	HGNC:56072	YES	.	.	3	.	.	.	.	.	.	.	.	.	.	.	.	0.1426	0.1596	0.1009	0.1081	0.1402	0.1871	.	.	.	.	.	.	.	.	.	0.1451	0.1627	0.3147	0.1104	0.1384	0.1091	0.1324	0.08599	0.1425	0.1411	0.1869	0.3147	gnomADg_AMI	.	.	.	.	.	.	.	.	.	.	.	.	.	.	.	.	.	.	.	30	30
chr12:48017195:G:A	ENSG00000257985	A	splice_acceptor_variant&non_coding_transcript_variant	HIGH	.	ENSG00000257985	Transcript	ENST00000546738	lncRNA	.	2/3	.	.	.	.	.	.	.	rs11168355	.	1	.	SNV	.	.	YES	.	.	2	.	.	.	.	.	.	.	.	.	.	.	.	0.1663	0.0514	0.1859	0.2391	0.2495	0.1472	.	.	.	.	.	.	.	.	.	0.1836	0.07964	0.1228	0.1964	0.2834	0.2752	0.1498	0.2278	0.2394	0.223	0.1461	0.2834	gnomADg_ASJ	.	.	.	.	.	.	.	.	.	.	.	.	.	.	.	.	.	.	.	.	.
chr12:48203092:C:CA	ENSG00000172640	A	frameshift_variant	HIGH	OR10AD1	ENSG00000172640	Transcript	ENST00000310248	protein_coding	1/1	.	.	.	200	200	67	L/LX	ctg/ctTg	.	.	-1	.	insertion	HGNC	HGNC:14819	YES	NM_001004134.1	.	.	P1	CCDS31787.1	ENSP00000308689	Q8NGE0.145	.	UPI0000041ECE	.	.	.	.	.	.	.	.	.	.	.	.	.	.	.	.	.	.	.	.	.	.	.	.	.	.	.	.	.	.	.	.	.	.	.	.	.	.	.	.	.	.	.	.	-44	-12	21	2	0.01	0	0	0	OR10AD1	.	.
chr12:55320622:C:CA	ENSG00000205330	A	frameshift_variant	HIGH	OR6C1	ENSG00000205330	Transcript	ENST00000642104	protein_coding	2/2	.	.	.	313	23	8	T/TX	aca/acAa	.	.	1	.	insertion	HGNC	HGNC:8355	YES	NM_001005182.2	.	.	P1	CCDS31818.1	ENSP00000492978	Q96RD1.156	.	UPI000016150F	.	.	.	.	.	.	.	.	.	.	.	.	.	.	.	.	.	.	.	.	.	.	.	.	.	.	.	.	.	.	.	.	.	.	.	.	.	.	.	.	.	.	.	.	43	2	42	45	0.03	0	0.01	0	OR6C1	30	30
chr12:55427174:CA:CAA	ENSG00000185821	AA	frameshift_variant	HIGH	OR6C76	ENSG00000185821	Transcript	ENST00000328314	protein_coding	1/1	.	.	.	922	922	308	K/KX	Aaa/AAaa	rs57387180	.	1	.	sequence_alteration	HGNC	HGNC:31305	YES	NM_001005183.1	.	.	P1	CCDS31823.1	ENSP00000328402	A6NM76.112	A0A126GW16.34	UPI000023786F	.	.	.	.	.	.	.	.	.	.	.	.	0.116	0.2095	0.1138	0.1272	0.2383	0.06355	0.1055	0.1252	0.07463	0.001354	0.001753	0	0.0007933	0.00185	0.006227	0.001588	0	0.0008659	0.001623	0.000885	0.2383	gnomADe_EAS	.	.	.	.	.	.	.	.	.	.	1	2	-30	-43	0.01	0.01	0	0.01	OR6C76	30	30
chr12:55427174:CA:C	ENSG00000185821	AA	frameshift_variant	HIGH	OR6C76	ENSG00000185821	Transcript	ENST00000328314	protein_coding	1/1	.	.	.	922	922	308	K/KX	Aaa/AAaa	rs57387180	.	1	.	sequence_alteration	HGNC	HGNC:31305	YES	NM_001005183.1	.	.	P1	CCDS31823.1	ENSP00000328402	A6NM76.112	A0A126GW16.34	UPI000023786F	.	.	.	.	.	.	.	.	.	.	.	.	0.116	0.2095	0.1138	0.1272	0.2383	0.06355	0.1055	0.1252	0.07463	0.001354	0.001753	0	0.0007933	0.00185	0.006227	0.001588	0	0.0008659	0.001623	0.000885	0.2383	gnomADe_EAS	.	.	.	.	.	.	.	.	.	.	1	2	-30	-43	0.01	0.01	0	0.01	OR6C76	30	30
chr12:56231415:C:G	ENSG00000139540	G	stop_gained	HIGH	SLC39A5	ENSG00000139540	Transcript	ENST00000454355	protein_coding	4/13	.	.	.	383	141	47	Y/*	taC/taG	rs199624584&CM147465&COSV57191402	.	1	.	SNV	HGNC	HGNC:20502	YES	NM_173596.3	.	1	P1	CCDS8912.2	ENSP00000405360	Q6ZMH5.147	A0A024RB24.66	UPI000035E86A	.	1	.	.	.	.	.	.	.	.	.	.	1.593e-05	0	0	0	0.0002175	0	0	0	0	2.629e-05	4.827e-05	0	0	0	0.0003851	0	0	0	0	0	0.0003851	gnomADg_EAS	1KG_ALL:G:NA	pathogenic	0&1&1	1&1&1	24891338	.	.	.	.	.	1	-38	1	-4	0.02	0.04	0	0	SLC39A5	.	.
chr12:57731655:T:C	ENSG00000135439	C	splice_polypyrimidine_tract_variant&intron_variant	LOW	AGAP2	ENSG00000135439	Transcript	ENST00000547588	protein_coding	.	8/18	.	.	.	.	.	.	.	rs12307841&COSV57727342	.	-1	.	SNV	HGNC	HGNC:16921	YES	NM_001122772.3	.	1	P3	CCDS44932.1	ENSP00000449241	.	F8VVT9.96	UPI00001AF80C	.	.	.	.	.	.	0.1046	0.0204	0.2536	0.0992	0.1243	0.0982	0.1336	0.02978	0.2927	0.06077	0.1149	0.1464	0.119	0.1329	0.08976	0.1041	0.03293	0.1173	0.2085	0.0603	0.1029	0.1417	0.04747	0.1213	0.09713	0.09552	0.2927	gnomADe_AMR	1KG_ALL:C:NA	.	0&1	0&1	23160276&35670784	.	.	.	.	.	-1	-13	33	-2	0.9	0.02	0	0	AGAP2	30	30
chr12:96720453:G:A	ENSG00000188596	A	missense_variant	MODERATE	CFAP54	ENSG00000188596	Transcript	ENST00000524981	protein_coding	50/68	.	.	.	6886	6853	2285	E/K	Gag/Aag	rs10860073&COSV61571294	.	1	.	SNV	HGNC	HGNC:26456	YES	NM_001306084.2	.	5	P1	CCDS76588.1	ENSP00000431759	Q96N23.124	.	UPI0001F77A4D	Q96N23-1	.	tolerated(0.05)	possibly_damaging(0.53)	.	.	0.1564	0.149	0.0576	0.4246	0.0507	0.0685	0.09602	0.1528	0.09911	0.05951	0.4461	0.08977	0.04633	0.07376	0.0699	0.09386	0.1488	0.07346	0.06772	0.06509	0.4411	0.09452	0.05696	0.04349	0.08509	0.07243	0.4461	gnomADe_EAS	1KG_ALL:A:NA	.	0&1	0&1	.	.	.	.	.	.	3	-48	2	-44	0.51	0.02	0	0	CFAP54	30	30
chr12:103979950:G:GA	ENSG00000139372	A	frameshift_variant	HIGH	TDG	ENSG00000139372	Transcript	ENST00000392872	protein_coding	3/10	.	.	.	452	286	96	E/EX	gaa/gAaa	.	.	1	.	insertion	HGNC	HGNC:11700	YES	NM_003211.6	.	1	P1	CCDS9095.1	ENSP00000376611	Q13569.193	.	UPI00000740E5	.	.	.	.	PDB-ENSP_mappings:5ff8.A&PDB-ENSP_mappings:5hf7.A&PDB-ENSP_mappings:5t2w.A&PDB-ENSP_mappings:6u15.A&PDB-ENSP_mappings:6u16.A&PDB-ENSP_mappings:6u17.A	.	.	.	.	.	.	.	.	.	.	.	.	.	.	.	.	.	.	.	.	.	.	.	.	.	.	.	.	.	.	.	.	.	.	.	.	.	.	.	31	12	-31	22	0	0	0.02	0.01	TDG	30	30
chr12:120462109:G:T	ENSG00000111786	T	stop_gained	HIGH	SRSF9	ENSG00000111786	Transcript	ENST00000229390	protein_coding	4/4	.	.	.	715	576	192	Y/*	taC/taA	rs201844994&COSV57570452	.	-1	.	SNV	HGNC	HGNC:10791	YES	NM_003769.3	.	1	P2	CCDS9199.1	ENSP00000229390	Q13242.216	.	UPI00001358C4	.	.	.	.	.	.	.	.	.	.	.	.	0.0009913	0.002115	0.0002324	0.0001994	0.001487	0.003052	0.0009013	0.001664	0	.	.	.	.	.	.	.	.	.	.	.	0.003052	gnomADe_FIN	1KG_ALL:T:NA	.	0&1	0&1	.	.	.	.	.	.	-24	20	-5	-11	0	0	0	0	SRSF9	.	.
chr17:3291793:G:A	ENSG00000180090	A	stop_gained	HIGH	OR3A1	ENSG00000180090	Transcript	ENST00000323404	protein_coding	2/2	.	.	.	874	790	264	R/*	Cga/Tga	rs138768418&COSV60162928	.	-1	.	SNV	HGNC	HGNC:8282	YES	NM_002550.3	.	.	P1	CCDS11023.1	ENSP00000313803	P47881.181	A0A126GVP1.44	UPI00001410CA	.	.	.	.	.	.	0.0018	0.0015	0	0.0069	0	0	0.0002705	6.152e-05	0	0	0.003642	0	0	0	0	0.0001446	2.413e-05	0	0	0	0.003848	0	0	1.47e-05	0	0	0.0069	EAS	1KG_ALL:A:NA	.	0&1	0&1	.	.	.	.	.	.	-18	17	2	40	0.1	0.06	0	0	OR3A1	30	30
chr17:17171866:GT:G	ENSG00000133030	-	splice_donor_variant	HIGH	MPRIP	ENSG00000133030	Transcript	ENST00000651222	protein_coding	.	17/23	.	.	.	.	.	.	.	rs3215213	.	1	.	deletion	HGNC	HGNC:30321	YES	NM_001364716.4	.	.	A2	CCDS92265.1	ENSP00000498253	.	A0A494BZV2.21	UPI00108C8A00	.	.	.	.	.	.	0.2191	0.3071	0.1542	0.2808	0.0626	0.2434	0.1488	0.2945	0.2597	0.09436	0.3124	0.08451	0.06769	0.127	0.2176	0.1522	0.2829	0.06689	0.1633	0.0853	0.3032	0.08086	0.1456	0.07022	0.139	0.2178	0.3124	gnomADe_EAS	.	.	.	.	.	.	.	.	.	.	-49	28	-2	28	0	0	0.01	0.01	MPRIP	30	30
chr17:21300880:C:T	ENSG00000034152	T	missense_variant	MODERATE	MAP2K3	ENSG00000034152	Transcript	ENST00000342679	protein_coding	5/12	.	.	.	496	286	96	R/W	Cgg/Tgg	rs56216806&COSV57561406	.	1	.	SNV	HGNC	HGNC:6843	YES	NM_145109.3	.	1	P1	CCDS11217.1	ENSP00000345083	P46734.220	Q6FI23.144	UPI000012F48C	P46734-1	.	deleterious_low_confidence(0)	probably_damaging(0.987)	.	.	.	.	.	.	.	.	0.4999	0.4999	0.5	0.4998	0.4999	0.5	0.4999	0.5	0.5	0.5	0.5	0.5	0.5	0.5	0.5	0.5	0.5	0.5	0.5	0.5	0.5	gnomADe_AMR&gnomADe_FIN&gnomADe_OTH&gnomADe_SAS&gnomADg_AFR&gnomADg_AMI&gnomADg_AMR&gnomADg_ASJ&gnomADg_EAS&gnomADg_FIN&gnomADg_MID&gnomADg_NFE&gnomADg_OTH&gnomADg_SAS	1KG_ALL:T:NA	pathogenic	0&1	1&1	34830095	.	.	.	.	.	21	-4	3	-5	0.06	0	0	0	MAP2K3	30	30
chr17:21300898:C:T	ENSG00000034152	T	stop_gained	HIGH	MAP2K3	ENSG00000034152	Transcript	ENST00000342679	protein_coding	5/12	.	.	.	514	304	102	Q/*	Cag/Tag	rs55796947&COSV57561420	.	1	.	SNV	HGNC	HGNC:6843	YES	NM_145109.3	.	1	P1	CCDS11217.1	ENSP00000345083	P46734.220	Q6FI23.144	UPI000012F48C	P46734-1	.	.	.	.	.	.	.	.	.	.	.	0.4999	0.5	0.4999	0.4998	0.4999	0.5	0.4999	0.5	0.5	0.5	0.5	0.5	0.5	0.5	0.5	0.5	0.5	0.5	0.5	0.5	0.5	gnomADe_AFR&gnomADe_FIN&gnomADe_OTH&gnomADe_SAS&gnomADg_AFR&gnomADg_AMI&gnomADg_AMR&gnomADg_ASJ&gnomADg_EAS&gnomADg_FIN&gnomADg_MID&gnomADg_NFE&gnomADg_OTH&gnomADg_SAS	1KG_ALL:T:NA	.	0&1	0&1	32066500&32163230&28863244	.	.	.	.	.	9	3	38	47	0	0.09	0	0	MAP2K3	30	30
chr17:35479822:AG:A	ENSG00000205045	-	frameshift_variant	HIGH	SLFN12L	ENSG00000205045	Transcript	ENST00000628453	protein_coding	3/5	.	.	.	1170	459	153	S/X	agC/ag	rs143471015&COSV99609463	.	-1	.	deletion	HGNC	HGNC:33920	YES	NM_001363830.2	.	5	A2	CCDS86591.2	ENSP00000487397	.	A0A8I5QCZ1.5	UPI001B887394	.	.	.	.	.	.	0.0665	0.1067	0.0115	0.1429	0.008	0.0327	0.02669	0.09969	0.008754	0.005588	0.1432	0.01277	0.006688	0.01629	0.03242	0.03831	0.09636	0	0.01655	0.004905	0.1383	0.01205	0.0538	0.006246	0.03879	0.04077	0.1432	gnomADe_EAS	1KG_ALL:-:NA	.	0&1	0&1	.	.	.	.	.	.	0	39	36	-28	0	0	0	0	SLFN12L	.	.
chr17:35879999:A:G	ENSG00000270240	G	intron_variant&non_coding_transcript_variant	MODIFIER	.	ENSG00000270240	Transcript	ENST00000605548	lncRNA	.	1/4	.	.	.	.	.	.	.	rs2280789&CS024462	.	1	.	SNV	.	.	YES	.	.	3	.	.	.	.	.	.	.	.	.	.	.	.	0.1853	0.1921	0.2003	0.3075	0.1133	0.1135	.	.	.	.	.	.	.	.	.	0.1623	0.1991	0.1692	0.1808	0.1682	0.331	0.148	0.1709	0.1271	0.1561	0.1317	0.331	gnomADg_EAS	1KG_ALL:G:NA	pathogenic	0&1	1&1	25383745&20978399&21206424&24309190&31921621&20531015&20617924&20041166&21160409&23133602&30842160&27051588&20149939&24240316&23168091&33166788&35476033&29253610&23985723&30921390&30554073&17848170&29608337&17540042&33573134&28336310&22174851&35312415&32256016&31035590&16773571&21975429&22162987&29606345&18217191&20805685&23207898&26304916&27304910&35091748&30411783&33893084&23900864&29641325&23991131&29657992&36768537&27059779&23935489&33933633&28435278&33810367&33724604&33507988&36432658&21547257&36983384&31413525&22265023&15899487&12114533	.	.	.	.	.	.	.	.	.	.	.	.	.	.	.	.
chr17:37710582:GTCACCAT:G	ENSG00000275410	-	frameshift_variant	HIGH	HNF1B	ENSG00000275410	Transcript	ENST00000617811	protein_coding	5/9	.	.	.	1295	1120	374	MVT/X	ATGGTGAcc/cc	rs768039349	.	-1	.	deletion	HGNC	HGNC:11630	YES	NM_000458.4	.	1	.	CCDS11324.1	ENSP00000480291	P35680.234	Q6FHW6.157	UPI000012CA96	P35680-1	1	.	.	.	.	.	.	.	.	.	.	0.03111	0.01653	0.009575	0.06518	0.002852	0.05712	0.03066	0.0241	0.05311	7.229e-05	0	0	0	0	0	9.414e-05	0	0.0001176	0.0004785	0.000207	0.06518	gnomADe_ASJ	.	.	.	.	.	.	.	.	.	.	.	.	.	.	.	.	.	.	.	30	30
chr17:40771237:C:G	ENSG00000186393	G	splice_acceptor_variant	HIGH	KRT26	ENSG00000186393	Transcript	ENST00000335552	protein_coding	.	1/7	.	.	.	.	.	.	.	rs183460150	.	-1	.	SNV	HGNC	HGNC:30840	YES	NM_181539.5	.	1	P1	CCDS11374.1	ENSP00000334798	Q7Z3Y9.147	.	UPI0000200C8F	.	.	.	.	.	.	0.0004	0	0	0.002	0	0	8.115e-05	0	0	0	0.001107	0	0	0	0	2.629e-05	0	0	0	0	0.0007692	0	0	0	0	0	0.002	EAS	.	.	.	.	.	.	.	.	.	.	-30	-1	34	7	0.43	0.99	0.02	0	KRT26	30	30
chr17:40779628:C:T	ENSG00000171446	T	splice_acceptor_variant	HIGH	KRT27	ENSG00000171446	Transcript	ENST00000301656	protein_coding	.	4/7	.	.	.	.	.	.	.	rs187944199	.	-1	.	SNV	HGNC	HGNC:30841	YES	NM_181537.4	.	1	P1	CCDS11375.1	ENSP00000301656	Q7Z3Y8.139	.	UPI0000200C91	.	.	.	.	.	.	0.0152	0	0	0.003	0	0.0746	0.007001	0.0001235	8.682e-05	0	0.0001632	0	3.523e-05	0.004093	0.05623	0.001767	0.0001206	0	0	0	0.0005776	0	0	1.47e-05	0	0.0539	0.0746	SAS	.	.	.	.	.	.	.	.	.	.	-3	-1	-3	-21	0.62	0.99	0	0	KRT27	30	30
chr17:41098083:A:AT	ENSG00000204880	T	frameshift_variant&start_lost&start_retained_variant	HIGH	KRTAP4-8	ENSG00000204880	Transcript	ENST00000333822	protein_coding	1/1	.	.	.	59	1	1	M/NX	atg/aAtg	.	.	-1	.	insertion	HGNC	HGNC:17230	YES	NM_031960.3	.	.	P1	CCDS45674.1	ENSP00000328444	Q9BYQ9.147	.	UPI0000366BFD	.	.	.	.	.	.	.	.	.	.	.	.	.	.	.	.	.	.	.	.	.	.	.	.	.	.	.	.	.	.	.	.	.	.	.	.	.	.	.	.	.	.	.	.	-2	-40	-2	20	0	0.01	0	0	KRTAP4-8	.	.
chr17:42120799:T:C	ENSG00000108773	TC	frameshift_variant	HIGH	KAT2A	ENSG00000108773	Transcript	ENST00000225916	protein_coding	2/18	.	.	.	433	370	124	K/EX	Aaa/GAaa	COSV56790555	.	-1	.	indel	HGNC	HGNC:4201	YES	NM_021078.3	.	1	P1	CCDS11417.1	ENSP00000225916	Q92830.228	.	UPI000000D978	Q92830-1	.	.	.	.	.	.	.	.	.	.	.	.	.	.	.	.	.	.	.	.	.	.	.	.	.	.	.	.	.	.	.	.	.	1KG_ALL:C:NA&1KG_ALL:TC:NA	.	1	1	.	.	.	.	.	.	36	30	18	12	0	0.07	0.11	0	KAT2A	30	30
chr17:42120799:T:TC	ENSG00000108773	TC	frameshift_variant	HIGH	KAT2A	ENSG00000108773	Transcript	ENST00000225916	protein_coding	2/18	.	.	.	433	370	124	K/EX	Aaa/GAaa	COSV56790555	.	-1	.	indel	HGNC	HGNC:4201	YES	NM_021078.3	.	1	P1	CCDS11417.1	ENSP00000225916	Q92830.228	.	UPI000000D978	Q92830-1	.	.	.	.	.	.	.	.	.	.	.	.	.	.	.	.	.	.	.	.	.	.	.	.	.	.	.	.	.	.	.	.	.	1KG_ALL:C:NA&1KG_ALL:TC:NA	.	1	1	.	.	.	.	.	.	36	30	18	12	0	0.07	0.11	0	KAT2A	30	30
chr17:42872403:A:C	ENSG00000260105	C	splice_acceptor_variant&non_coding_transcript_variant	HIGH	AOC4P	ENSG00000260105	Transcript	ENST00000566825	transcribed_unprocessed_pseudogene	.	1/3	.	.	.	.	.	.	.	rs1877692	.	1	.	SNV	HGNC	HGNC:48869	YES	.	.	.	.	.	.	.	.	.	.	.	.	.	.	.	0.0833	0.1906	0.0159	0.0327	0.002	0.1217	.	.	.	.	.	.	.	.	.	0.05447	0.1704	0	0.01977	0.0008656	0.03877	0.004239	0.01266	0.001397	0.03493	0.1061	0.1906	AFR	.	.	.	.	.	.	.	.	.	.	.	.	.	.	.	.	.	.	.	.	.
chr17:44708840:G:T	ENSG00000161692	T	splice_donor_variant	HIGH	DBF4B	ENSG00000161692	Transcript	ENST00000315005	protein_coding	.	1/13	.	.	.	.	.	.	.	rs34198215&CS134298	.	1	.	SNV	HGNC	HGNC:17883	YES	NM_145663.3	.	1	P2	CCDS11485.1	ENSP00000323663	Q8NFT6.144	.	UPI00000473C7	Q8NFT6-1	.	.	.	.	.	0.0619	0.1921	0.0288	0.0218	0.005	0.0092	0.01951	0.1721	0.01775	0.02371	0.011	0.000586	0.008365	0.02103	0.00757	0.05501	0.17	0.001096	0.03184	0.02218	0.01116	0.0008475	0.02532	0.008101	0.0522	0.008714	0.1921	AFR	1KG_ALL:T:NA	.	0&1	0&1	.	.	.	.	.	.	-2	-1	-2	-1	0	0	0.74	0.98	DBF4B	30	30
chr17:47347921:C:T	ENSG00000178852	T	stop_gained	HIGH	EFCAB13	ENSG00000178852	Transcript	ENST00000331493	protein_coding	9/25	.	.	.	1068	631	211	R/*	Cga/Tga	rs71377306&CM134299&COSV58946778&COSV58948987	.	1	.	SNV	HGNC	HGNC:26864	YES	NM_152347.5	.	1	A2	CCDS11512.1	ENSP00000332111	Q8IY85.148	.	UPI00001AFEA2	Q8IY85-1	.	.	.	.	.	0.0916	0.0023	0.0331	0.2252	0.0835	0.1247	0.07369	0.009007	0.0227	0.03915	0.241	0.1133	0.05644	0.06768	0.1123	0.05195	0.01097	0.009868	0.03612	0.03633	0.2275	0.1206	0.06646	0.05245	0.05694	0.1233	0.241	gnomADe_EAS	1KG_ALL:T:NA	.	0&1&1&1	0&1&1&1	25111073&35047017	.	.	.	.	.	30	-44	29	30	0	0.04	0	0.56	EFCAB13	30	30
chr17:69149049:TGA:T	ENSG00000154263	-	frameshift_variant	HIGH	ABCA10	ENSG00000154263	Transcript	ENST00000690296	protein_coding	38/39	.	.	.	5071	4515	1505	SQ/SX	tcTCag/tcag	rs3842375	.	-1	.	deletion	HGNC	HGNC:30	YES	NM_001377321.1	.	.	P1	CCDS11684.1	ENSP00000509702	Q8WWZ4.150	.	UPI000013D7F6	Q8WWZ4-1	.	.	.	.	.	0.0881	0.0711	0.1686	0.1111	0.0656	0.0532	0.08092	0.07438	0.1667	0.0658	0.1386	0.08706	0.05052	0.0752	0.06753	0.07272	0.07089	0.0318	0.1528	0.06509	0.121	0.07874	0.07911	0.05222	0.08023	0.06856	0.1686	AMR	.	.	.	1	24033266	.	.	.	.	.	44	30	-21	-17	0	0.01	0	0.02	ABCA10	30	30
chr17:69153832:G:A	ENSG00000154263	A	stop_gained&splice_region_variant	HIGH	ABCA10	ENSG00000154263	Transcript	ENST00000690296	protein_coding	32/39	.	.	.	4520	3964	1322	R/*	Cga/Tga	rs10491178&CM118828&COSV52219689	.	-1	.	SNV	HGNC	HGNC:30	YES	NM_001377321.1	.	.	P1	CCDS11684.1	ENSP00000509702	Q8WWZ4.150	.	UPI000013D7F6	Q8WWZ4-1	.	.	.	.	.	0.0887	0.0711	0.1729	0.1111	0.0656	0.0532	0.08114	0.07428	0.1671	0.06526	0.1388	0.08698	0.05068	0.07597	0.06819	0.07289	0.07106	0.0318	0.1528	0.0647	0.1217	0.07903	0.07911	0.05235	0.07998	0.06956	0.1729	AMR	1KG_ALL:A:NA	.	0&1&1	0&1&1	25294155&33374413&25074467	.	.	.	.	.	-8	7	9	-1	0	0	0.02	0.03	ABCA10	30	30
chr17:69194395:AACAG:A	ENSG00000154263	-	frameshift_variant	HIGH	ABCA10	ENSG00000154263	Transcript	ENST00000690296	protein_coding	12/39	.	.	.	1887	1331	444	SV/X	tCTGTt/tt	rs113082690	.	-1	.	deletion	HGNC	HGNC:30	YES	NM_001377321.1	.	.	P1	CCDS11684.1	ENSP00000509702	Q8WWZ4.150	.	UPI000013D7F6	Q8WWZ4-1	.	.	.	.	.	0.0885	0.0726	0.1686	0.1111	0.0656	0.0532	0.08047	0.07446	0.1656	0.06584	0.1377	0.08591	0.05037	0.07543	0.06744	0.07261	0.07104	0.0318	0.1525	0.0643	0.1207	0.0784	0.07911	0.05206	0.07887	0.06886	0.1686	AMR	.	.	.	.	.	.	.	.	.	.	-32	-9	-32	-12	0	0	0.08	0	ABCA10	30	30
chr17:78157496:T:C	ENSG00000267679	C	splice_donor_variant&non_coding_transcript_variant	HIGH	EIF5AP2	ENSG00000267679	Transcript	ENST00000585668	processed_pseudogene	.	1/2	.	.	.	.	.	.	.	rs72896299&COSV61117320	.	1	.	SNV	HGNC	HGNC:3303	YES	.	.	.	.	.	.	.	.	.	.	.	.	.	.	.	0.0954	0.0303	0.0648	0.2679	0.0219	0.1033	.	.	.	.	.	.	.	.	.	0.04089	0.03465	0	0.05092	0.01377	0.2608	0.03862	0.06148	0.024	0.03764	0.1041	0.2679	EAS	1KG_ALL:C:NA	.	0&1	0&1	.	.	.	.	.	.	.	.	.	.	.	.	.	.	.	30	30
chr1:953875:C:T	ENSG00000188976	T	synonymous_variant	LOW	NOC2L	ENSG00000188976	Transcript	ENST00000327044	protein_coding	8/19	.	.	.	811	795	265	S	tcG/tcA	rs150003341&COSV100498085	.	-1	.	SNV	HGNC	HGNC:24517	YES	NM_015658.4	.	1	P1	CCDS3.1	ENSP00000317992	Q9Y3T9.191	.	UPI000041820C	.	.	.	.	.	.	0.003	0.0061	0	0.001	0	0.0061	0.0007435	0.004214	0.0003474	0	0.0001089	0	0	0.0001639	0.003365	0.00157	0.005017	0	0.0007199	0	0.0001926	0	0	2.939e-05	0.0009551	0.003104	0.0061	AFR&SAS	1KG_ALL:T:NA	.	0&1	0&1	.	.	.	.	.	.	-2	17	-2	-45	0.55	0.01	0	0	NOC2L	30	30
chr1:16647782:A:C	ENSG00000186301	C	splice_acceptor_variant&non_coding_transcript_variant	HIGH	MST1P2	ENSG00000186301	Transcript	ENST00000457982	unprocessed_pseudogene	.	7/17	.	.	.	.	.	.	.	rs4661885	.	1	.	SNV	HGNC	HGNC:7383	YES	.	.	.	.	.	.	.	.	.	.	.	.	.	.	.	.	.	.	.	.	.	.	.	.	.	.	.	.	.	.	0.04862	0.0329	0.05452	0.05041	0.03584	0.2294	0.05967	0.03101	0.04622	0.04556	0.03825	0.2294	gnomADg_EAS	.	.	.	.	.	.	.	.	.	.	.	.	.	.	.	.	.	.	.	.	.
chr1:32205683:T:G	ENSG00000160051	G	start_lost	HIGH	IQCC	ENSG00000160051	Transcript	ENST00000291358	protein_coding	1/5	.	.	.	13	2	1	M/R	aTg/aGg	rs201299782	.	1	.	SNV	HGNC	HGNC:25545	YES	NM_018134.3	.	1	P2	CCDS355.1	ENSP00000291358	Q4KMZ1.120	.	UPI000013E040	Q4KMZ1-1	.	deleterious(0)	benign(0.095)	.	.	0.0002	0	0	0.001	0	0	2.975e-05	0	0	0	0.0003915	0	0	0	0	6.571e-06	0	0	0	0	0.0001931	0	0	0	0	0	0.001	EAS	.	.	.	.	.	.	.	.	.	.	1	26	36	25	0	0	0	0.06	IQCC	30	30
chr1:42842773:A:C	ENSG00000228192	C	splice_donor_variant&non_coding_transcript_variant	HIGH	ZNF691-DT	ENSG00000228192	Transcript	ENST00000659750	lncRNA	.	4/4	.	.	.	.	.	.	.	rs200901269&COSV60276138	.	-1	.	SNV	HGNC	HGNC:55800	YES	.	.	.	.	.	.	.	.	.	.	.	.	.	.	.	.	.	.	.	.	.	0.01093	0.0345	0.005582	0.004642	0.01524	0.006901	0.01295	0.01	0.0006234	6.574e-06	0	0	0	0	0	0	0	1.471e-05	0	0	0.0345	gnomADe_AFR	1KG_ALL:C:NA	.	0&1	0&1	.	.	.	.	.	.	.	.	.	.	.	.	.	.	.	.	.
chr1:45531041:GTT:G	ENSG00000234379	-	splice_donor_variant&splice_donor_region_variant&intron_variant&non_coding_transcript_variant	HIGH	HMGB1P48	ENSG00000234379	Transcript	ENST00000446155	unprocessed_pseudogene	.	1/2	.	.	.	.	.	.	.	rs71052898	.	1	.	deletion	HGNC	HGNC:39281	YES	.	.	.	.	.	.	.	.	.	.	.	.	.	.	.	.	.	.	.	.	.	.	.	.	.	.	.	.	.	.	0.06863	0.2263	0	0.03045	0.02442	0.0201	0.006231	0.04577	0.002007	0.04715	0.02202	0.2263	gnomADg_AFR	.	.	.	.	.	.	.	.	.	.	.	.	.	.	.	.	.	.	.	30	30
chr1:46815074:GAT:G	ENSG00000142973	-	frameshift_variant&splice_region_variant	HIGH	CYP4B1	ENSG00000142973	Transcript	ENST00000371923	protein_coding	8/12	.	.	.	920	884	295	D/X	gAT/g	rs3215983&COSV54725102	.	1	.	deletion	HGNC	HGNC:2644	YES	NM_001099772.2	.	1	P4	CCDS41328.1	ENSP00000360991	P13584.202	.	UPI0000073C54	P13584-2	.	.	.	.	.	0.1354	0.0386	0.1816	0.255	0.1302	0.1155	0.1489	0.05246	0.1945	0.1255	0.2422	0.142	0.1418	0.1442	0.1331	0.1233	0.05205	0.1382	0.183	0.1299	0.2563	0.143	0.1297	0.1385	0.1336	0.1334	0.2563	gnomADg_EAS	1KG_ALL:-:NA	.	0&1	1&1	24033266&31480463&34721006	.	.	.	.	.	7	-28	25	-28	0.2	0.02	0	0	CYP4B1	30	30
chr1:88983825:AT:A	ENSG00000213516	-	frameshift_variant&start_lost&start_retained_variant	HIGH	RBMXL1	ENSG00000213516	Transcript	ENST00000652648	protein_coding	3/3	.	.	.	386	1	1	M/X	Atg/tg	rs745448340	.	-1	.	deletion	HGNC	HGNC:25073	YES	NM_001162536.3	.	.	P1	CCDS716.1	ENSP00000498248	Q96E39.176	.	UPI000006DA18	.	.	.	.	.	.	.	.	.	.	.	.	0.1008	0.05415	0.1408	0.1587	0.1014	0.0426	0.08856	0.1266	0.1792	0.0004244	0.0001666	0	0.0003818	0	0.0002077	0.001452	0.003401	0.0004702	0.0005459	0.0004655	0.1792	gnomADe_SAS	.	.	.	.	.	.	.	.	.	.	6	-13	-2	-36	0	0	0	0	RBMXL1	30	30
chr1:109270052:C:A	ENSG00000143126	A	missense_variant	MODERATE	CELSR2	ENSG00000143126	Transcript	ENST00000271332	protein_coding	23/34	.	.	.	7768	7227	2409	H/Q	caC/caA	rs200084754	.	1	.	SNV	HGNC	HGNC:3231	YES	NM_001408.3	.	1	P1	CCDS796.1	ENSP00000271332	Q9HCU4.195	.	UPI00000015B6	.	.	deleterious_low_confidence(0.04)	benign(0.174)	.	.	0.0016	0	0	0.0079	0	0	0.0005925	0	2.892e-05	0	0.007883	0	0	0.0004886	0	0.0003286	2.413e-05	0	0	0	0.009266	0	0	0	0.0004794	0	0.009266	gnomADg_EAS	.	.	.	.	.	.	.	.	.	.	2	23	1	-23	0.62	0.12	0	0	CELSR2	30	30
chr1:111241783:G:A	ENSG00000064886	A	intron_variant	MODIFIER	CHI3L2	ENSG00000064886	Transcript	ENST00000369748	protein_coding	.	9/10	.	.	.	.	.	.	.	rs5003369	.	1	.	SNV	HGNC	HGNC:1933	YES	NM_004000.3	.	1	P1	CCDS30802.1	ENSP00000358763	Q15782.188	.	UPI0000126C1A	Q15782-4	.	.	.	.	.	0.1905	0.0507	0.1744	0.1974	0.333	0.2372	.	.	.	.	.	.	.	.	.	0.2497	0.0971	0.1919	0.2158	0.3471	0.1993	0.323	0.3165	0.3382	0.2754	0.2386	0.3471	gnomADg_ASJ	.	.	.	.	17033957&18252218&19747393	.	.	.	.	.	2	16	2	-37	0.63	0	0	0	CHI3L2	30	30
chr1:119471261:T:C	ENSG00000187481	C	splice_donor_variant&non_coding_transcript_variant	HIGH	HSD3BP1	ENSG00000187481	Transcript	ENST00000286193	unprocessed_pseudogene	.	2/2	.	.	.	.	.	.	.	rs587624843	.	1	.	SNV	HGNC	HGNC:5219	YES	.	.	.	.	.	.	.	.	.	.	.	.	.	.	.	0.0002	0	0	0.001	0	0	.	.	.	.	.	.	.	.	.	6.574e-06	0	0	0	0	0.0001924	0	0	0	0	0	0.001	EAS	.	.	.	.	.	.	.	.	.	.	.	.	.	.	.	.	.	.	.	30	30
chr1:149935297:A:C	ENSG00000014914	C	splice_donor_variant	HIGH	MTMR11	ENSG00000014914	Transcript	ENST00000439741	protein_coding	.	4/16	.	.	.	.	.	.	.	rs782763550&COSV63805088	.	-1	.	SNV	HGNC	HGNC:24307	YES	NM_001145862.2	.	2	P2	CCDS72902.1	ENSP00000391668	A4FU01.119	.	UPI000173AA17	A4FU01-1	.	.	.	.	.	.	.	.	.	.	.	0.003469	0.01052	0.0008403	0.0008987	0.009889	0.004057	0.003208	0.003956	0.0002288	.	.	.	.	.	.	.	.	.	.	.	0.01052	gnomADe_AFR	1KG_ALL:C:NA	.	0&1	0&1	.	.	.	.	.	.	-41	45	47	2	0	0.04	0	1	MTMR11	.	.
chr1:152309990:GT:G	ENSG00000143631	-	frameshift_variant	HIGH	FLG	ENSG00000143631	Transcript	ENST00000368799	protein_coding	3/3	.	.	.	4967	4895	1632	N/X	aAc/ac	rs760059994	.	-1	.	deletion	HGNC	HGNC:3748	YES	NM_002016.2	.	1	P1	CCDS30860.1	ENSP00000357789	P20930.192	.	UPI0000470CB3	.	1	.	.	.	.	.	.	.	.	.	.	7.953e-06	0	0	0	0.0001087	0	0	0	0	1.316e-05	0	0	0	0	0.0003879	0	0	0	0	0	0.0003879	gnomADg_EAS	.	.	.	.	.	.	.	.	.	.	2	47	-6	-7	0	0	0	0	FLG	.	.
chr1:165683106:C:T	ENSG00000143149	T	missense_variant	MODERATE	ALDH9A1	ENSG00000143149	Transcript	ENST00000354775	protein_coding	3/11	.	.	.	336	332	111	R/Q	cGg/cAg	rs118096304	.	-1	.	SNV	HGNC	HGNC:412	YES	NM_000696.4	.	1	P1	CCDS1250.2	ENSP00000346827	P49189.198	.	UPI00003E07DD	P49189-3	.	tolerated(0.11)	benign(0.132)	.	.	0.0042	0	0	0.0208	0	0	0.001573	6.153e-05	0.0006362	0	0.01843	0	0.0001322	0	0.000588	0.0008149	2.413e-05	0	0.00288	0	0.01269	0	0	0.0001029	0.0009588	0.0008278	0.0208	EAS	.	.	.	.	.	.	.	.	.	.	-2	23	-2	-38	0.73	0.01	0	0	ALDH9A1	30	30
chr1:171209118:C:CT	ENSG00000094963	T	frameshift_variant	HIGH	FMO2	ENSG00000094963	Transcript	ENST00000209929	protein_coding	9/9	.	.	.	1647	1581	527	-/X	-/T	.	.	1	.	insertion	HGNC	HGNC:3770	YES	NM_001460.5	.	1	P1	CCDS1293.2	ENSP00000209929	Q99518.199	.	UPI0000ED9123	.	.	.	.	.	.	.	.	.	.	.	.	.	.	.	.	.	.	.	.	.	.	.	.	.	.	.	.	.	.	.	.	.	.	.	.	.	.	.	.	.	.	.	.	-47	-37	-38	19	0	0	0	0	FMO2	.	.
chr1:203217822:C:CAGACCATGGCCCCGCCCAGTCCCT	ENSG00000133063	AGACCATGGCCCCGCCCAGTCCCT	stop_gained	HIGH	CHIT1	ENSG00000133063	Transcript	ENST00000367229	protein_coding	10/11	.	.	.	1109	1072	358	W/*GLGGAMVW	tgg/tAGGGACTGGGCGGGGCCATGGTCTgg	.	.	-1	.	insertion	HGNC	HGNC:1936	YES	NM_003465.3	.	1	P1	CCDS1436.1	ENSP00000356198	Q13231.205	.	UPI00000399C1	Q13231-1	1	.	.	PDB-ENSP_mappings:1guv.A&PDB-ENSP_mappings:1hki.A&PDB-ENSP_mappings:1hkj.A&PDB-ENSP_mappings:1hkk.A&PDB-ENSP_mappings:1hkm.A&PDB-ENSP_mappings:1lg1.A&PDB-ENSP_mappings:1lg2.A&PDB-ENSP_mappings:1lq0.A&PDB-ENSP_mappings:1waw.A&PDB-ENSP_mappings:1wb0.A&PDB-ENSP_mappings:4wjx.A&PDB-ENSP_mappings:4wk9.A&PDB-ENSP_mappings:4wka.A&PDB-ENSP_mappings:4wkf.A&PDB-ENSP_mappings:4wkh.A&PDB-ENSP_mappings:5hbf.A&PDB-ENSP_mappings:5hbf.B&PDB-ENSP_mappings:5nr8.A&PDB-ENSP_mappings:5nra.A&PDB-ENSP_mappings:5nrf.A&PDB-ENSP_mappings:6jjr.A&PDB-ENSP_mappings:6jk6.A&PDB-ENSP_mappings:6ze8.A&PDB-ENSP_mappings:6ze8.B&PDB-ENSP_mappings:6ze8.C&PDB-ENSP_mappings:6ze8.D&PDB-ENSP_mappings:6ze8.E&PDB-ENSP_mappings:6ze8.F	.	.	.	.	.	.	.	.	.	.	.	.	.	.	.	.	.	.	.	.	.	.	.	.	.	.	.	.	.	.	.	.	.	.	.	.	.	.	.	.	.	.	.	.	.	.	.	.	30	30
chr1:204036967:A:G	ENSG00000176754	G	splice_donor_variant&non_coding_transcript_variant	HIGH	LINC00303	ENSG00000176754	Transcript	ENST00000367207	lncRNA	.	3/4	.	.	.	.	.	.	.	rs41264273	.	-1	.	SNV	HGNC	HGNC:26865	YES	.	.	2	.	.	.	.	.	.	.	.	.	.	.	.	0.2119	0.0446	0.2781	0.25	0.2813	0.2802	.	.	.	.	.	.	.	.	.	0.2316	0.07716	0.1912	0.2619	0.3022	0.2405	0.2232	0.3006	0.3098	0.238	0.3107	0.3107	gnomADg_SAS	.	.	.	.	.	.	.	.	.	.	.	.	.	.	.	.	.	.	.	30	30
chr1:212836041:G:A	ENSG00000185523	A	stop_gained	HIGH	SPATA45	ENSG00000185523	Transcript	ENST00000332912	protein_coding	2/3	.	.	.	217	109	37	R/*	Cga/Tga	rs80161538&COSV60571486	.	-1	.	SNV	HGNC	HGNC:33709	YES	NM_001024601.3	.	1	P1	CCDS31020.1	ENSP00000419160	Q537H7.101	.	UPI0000160AFB	.	.	.	.	.	.	0.0258	0	0	0.127	0	0.001	0.009796	0.0002461	0.0002024	0.0003971	0.1282	0	0.0001585	0.004241	0.001441	0.004307	0.0002177	0	0.001056	0	0.1168	0	0	0.0001477	0.00291	0.002528	0.1282	gnomADe_EAS	1KG_ALL:A:NA	.	0&1	0&1	.	.	.	.	.	.	39	-5	24	-11	0	0	0	0	SPATA45	30	30
chr1:218302283:T:A	ENSG00000067533	A	splice_polypyrimidine_tract_variant&intron_variant	LOW	RRP15	ENSG00000067533	Transcript	ENST00000366932	protein_coding	.	1/4	.	.	.	.	.	.	.	rs79780813&COSV65118741	.	1	.	SNV	HGNC	HGNC:24255	YES	NM_016052.4	.	1	P1	CCDS1520.2	ENSP00000355899	Q9Y3B9.155	.	UPI0000205BC1	.	.	.	.	.	.	0.0855	0.2247	0.0389	0.0595	0.0388	0.0051	0.0432	0.1926	0.02267	0.02544	0.07487	0.02718	0.0367	0.03403	0.009852	0.07646	0.185	0.0307	0.04183	0.02765	0.07311	0.02176	0.06646	0.0352	0.06399	0.01159	0.2247	AFR	1KG_ALL:A:NA	.	0&1	0&1	.	.	.	.	.	.	2	11	11	15	1	0.7	0	0	RRP15	.	.
chr1:228413795:A:C	ENSG00000162931	C	splice_donor_variant	HIGH	TRIM17	ENSG00000162931	Transcript	ENST00000366698	protein_coding	.	3/6	.	.	.	.	.	.	.	rs201069806	.	-1	.	SNV	HGNC	HGNC:13430	YES	NM_016102.4	.	1	P1	CCDS1571.1	ENSP00000355659	Q9Y577.187	A0A024R3R3.15	UPI000000163B	Q9Y577-1	.	.	.	.	.	.	.	.	.	.	.	0.00289	0.01264	0.0006405	0.001103	0.002234	0.001598	0.003513	0.002681	0.000131	5.927e-05	0	0	0	0	0	0	0	0.0001328	0	0	0.01264	gnomADe_AFR	.	.	.	.	.	.	.	.	.	.	1	34	35	2	0	0	0	1	TRIM17	30	30
chr1:235177851:TCTGC:T	ENSG00000054267	-	frameshift_variant	HIGH	ARID4B	ENSG00000054267	Transcript	ENST00000264183	protein_coding	21/24	.	.	.	3853	3393	1131	KQ/X	aaGCAG/aa	rs775272234	.	-1	.	deletion	HGNC	HGNC:15550	YES	NM_016374.6	.	1	P1	CCDS31061.1	ENSP00000264183	Q4LE39.157	.	UPI00000437FE	Q4LE39-1	.	.	.	.	.	.	.	.	.	.	.	0.0004149	0.001546	5.807e-05	0	0	0.0006019	0.0005112	0.0009823	0	.	.	.	.	.	.	.	.	.	.	.	0.001546	gnomADe_AFR	.	.	.	.	.	.	.	.	.	.	48	27	43	-23	0	0	0	0.01	ARID4B	30	30
chr1:247556467:G:A	ENSG00000169224	A	splice_donor_variant	HIGH	GCSAML	ENSG00000169224	Transcript	ENST00000366488	protein_coding	.	2/4	.	.	.	.	.	.	.	rs56043070&CS168213	.	1	.	SNV	HGNC	HGNC:29583	YES	NM_145278.5	.	1	P1	CCDS1635.1	ENSP00000355444	Q5JQS6.121	.	UPI000004EBD8	Q5JQS6-1	.	.	.	.	.	0.0389	0.0318	0.0447	0.0327	0.0596	0.0297	0.05203	0.03374	0.03081	0.1039	0.02478	0.053	0.06628	0.06047	0.02992	0.05424	0.03722	0.04057	0.04722	0.1032	0.03029	0.05417	0.08861	0.06696	0.05891	0.0321	0.1039	gnomADe_ASJ	1KG_ALL:A:NA	.	0&1	1&1	32929287&34469753&34128465&27346686&27863252&32888493&32888494&34594039	.	.	.	.	.	20	-38	33	-1	0	0	0	1	GCSAML	30	30
chr1:248295573:CT:C	ENSG00000177201	-	frameshift_variant	HIGH	OR2T12	ENSG00000177201	Transcript	ENST00000641276	protein_coding	3/3	.	.	.	273	5	2	E/X	gAg/gg	rs11339452&COSV58775882&COSV58777113	.	-1	.	deletion	HGNC	HGNC:19592	YES	NM_001004692.2	.	.	P1	CCDS31110.1	ENSP00000493000	Q8NG77.144	.	UPI000004B235	.	.	.	.	.	.	0.2147	0.0159	0.245	0.3591	0.174	0.3548	0.1993	0.03764	0.2781	0.123	0.3682	0.2016	0.1603	0.1837	0.307	0.1572	0.04055	0.144	0.2497	0.1375	0.3744	0.2053	0.1487	0.1727	0.16	0.3236	0.3744	gnomADg_EAS	1KG_ALL:-:NA	.	0&1&1	0&1&1	.	.	.	.	.	.	-6	-35	-7	11	0	0.01	0	0	OR2T12	30	30
chr1:248362026:C:CTA	ENSG00000196944	TA	frameshift_variant	HIGH	OR2T4	ENSG00000196944	Transcript	ENST00000366473	protein_coding	1/1	.	.	.	362	362	121	T/TX	acc/acTAc	rs61248663&COSV63543228	.	1	.	insertion	HGNC	HGNC:15016	YES	NM_001004696.2	.	.	P1	CCDS31113.2	ENSP00000355429	.	A0A2C9F2M9.28	UPI0000061E59	.	.	.	.	.	.	0.2712	0.2284	0.2637	0.381	0.1779	0.317	0.2154	0.2174	0.2822	0.1327	0.4098	0.1937	0.155	0.1859	0.2997	0.21	0.2367	0.1272	0.259	0.1368	0.4199	0.1962	0.193	0.1664	0.1966	0.3272	0.4199	gnomADg_EAS	1KG_ALL:TA:NA	.	0&1	0&1	.	.	.	.	.	.	.	.	.	.	.	.	.	.	.	30	30
chr1:248453403:CTGCTGCG:C	ENSG00000196240	-	frameshift_variant	HIGH	OR2T2	ENSG00000196240	Transcript	ENST00000641925	protein_coding	4/4	.	.	.	1084	607	203	CCV/X	TGCTGCGtg/tg	rs199823862	.	1	.	deletion	HGNC	HGNC:14725	YES	NM_001004136.2	.	.	P1	CCDS31116.1	ENSP00000492947	Q6IF00.138	.	UPI0000048DB0	.	.	.	.	.	.	.	.	.	.	.	.	0.04047	0.0157	0.07828	0.01841	0.1323	0.007693	0.02333	0.0503	0.06024	0.2533	0.1245	0.3162	0.3314	0.2801	0.3774	0.2909	0.4267	0.2995	0.2868	0.3456	0.4267	gnomADg_MID	.	.	.	.	.	.	.	.	.	.	.	.	.	.	.	.	.	.	.	30	30
chr1:248559422:G:A	ENSG00000182783	A	stop_gained	HIGH	OR2T29	ENSG00000182783	Transcript	ENST00000641069	protein_coding	2/2	.	.	.	127	70	24	Q/*	Caa/Taa	rs200037558&COSV60771314	.	-1	.	SNV	HGNC	HGNC:31253	YES	NM_001004694.3	.	.	P1	CCDS55695.1	ENSP00000492895	Q8NH02.154	.	UPI000004F23C	.	.	.	.	.	.	0.0749	0.0507	0.0519	0.1538	0.0288	0.09	0.0482	0.04807	0.05485	0.03484	0.1501	0.0445	0.02276	0.05214	0.06423	0.06193	0.08271	0.01802	0.08525	0.05525	0.2074	0.05002	0.02885	0.03667	0.06842	0.08712	0.2074	gnomADg_EAS	1KG_ALL:A:NA	.	0&1	0&1	.	.	.	.	.	.	1	0	32	31	0	0	0.05	0	OR2T29	30	30
chr6:29417831:G:GCTGGCCTGTGGGAACA	ENSG00000251608	CTGGCCTGTGGGAACA	frameshift_variant	HIGH	OR12D1	ENSG00000251608	Transcript	ENST00000514827	protein_coding_LoF	2/2	.	.	.	638	552	184	-/LACGNX	-/CTGGCCTGTGGGAACA	.	.	1	.	insertion	HGNC	HGNC:8177	YES	.	.	.	P1	.	ENSP00000475351	.	.	.	.	.	.	.	.	.	.	.	.	.	.	.	.	.	.	.	.	.	.	.	.	.	.	.	.	.	.	.	.	.	.	.	.	.	.	.	.	.	.	.	.	.	.	.	.	.	.	.	.	.	.	.	.	.	.
chr6:29944251:AG:A	ENSG00000206503	-	frameshift_variant	HIGH	HLA-A	ENSG00000206503	Transcript	ENST00000376809	protein_coding	4/8	.	.	.	772	750	250	Q/X	caG/ca	rs45576436&COSV65138014	.	1	.	deletion	HGNC	HGNC:4931	YES	NM_002116.8	.	.	P2	CCDS34373.1	ENSP00000366005	P04439.211	B1PKY1.133	UPI000008AB1D	P04439-1	1	.	.	PDB-ENSP_mappings:1akj.A&PDB-ENSP_mappings:1ao7.A&PDB-ENSP_mappings:1b0g.A&PDB-ENSP_mappings:1b0g.D&PDB-ENSP_mappings:1b0r.A&PDB-ENSP_mappings:1bd2.A&PDB-ENSP_mappings:1duy.A&PDB-ENSP_mappings:1duy.D&PDB-ENSP_mappings:1duz.A&PDB-ENSP_mappings:1duz.D&PDB-ENSP_mappings:1eey.A&PDB-ENSP_mappings:1eey.D&PDB-ENSP_mappings:1eez.A&PDB-ENSP_mappings:1eez.D&PDB-ENSP_mappings:1hhg.A&PDB-ENSP_mappings:1hhg.D&PDB-ENSP_mappings:1hhh.A&PDB-ENSP_mappings:1hhi.A&PDB-ENSP_mappings:1hhi.D&PDB-ENSP_mappings:1hhj.A&PDB-ENSP_mappings:1hhj.D&PDB-ENSP_mappings:1hhk.A&PDB-ENSP_mappings:1hhk.D&PDB-ENSP_mappings:1hla.A&PDB-ENSP_mappings:1hsb.A&PDB-ENSP_mappings:1i1f.A&PDB-ENSP_mappings:1i1f.D&PDB-ENSP_mappings:1i1y.A&PDB-ENSP_mappings:1i1y.D&PDB-ENSP_mappings:1i4f.A&PDB-ENSP_mappings:1i7r.A&PDB-ENSP_mappings:1i7r.D&PDB-ENSP_mappings:1i7t.A&PDB-ENSP_mappings:1i7t.D&PDB-ENSP_mappings:1i7u.A&PDB-ENSP_mappings:1i7u.D&PDB-ENSP_mappings:1im3.A&PDB-ENSP_mappings:1im3.E&PDB-ENSP_mappings:1im3.I&PDB-ENSP_mappings:1im3.M&PDB-ENSP_mappings:1jf1.A&PDB-ENSP_mappings:1jht.A&PDB-ENSP_mappings:1lp9.A&PDB-ENSP_mappings:1lp9.H&PDB-ENSP_mappings:1oga.A&PDB-ENSP_mappings:1p7q.A&PDB-ENSP_mappings:1q94.A&PDB-ENSP_mappings:1q94.D&PDB-ENSP_mappings:1qew.A&PDB-ENSP_mappings:1qr1.A&PDB-ENSP_mappings:1qr1.D&PDB-ENSP_mappings:1qrn.A&PDB-ENSP_mappings:1qse.A&PDB-ENSP_mappings:1qsf.A&PDB-ENSP_mappings:1qvo.A&PDB-ENSP_mappings:1qvo.D&PDB-ENSP_mappings:1s8d.A&PDB-ENSP_mappings:1s9w.A&PDB-ENSP_mappings:1s9x.A&PDB-ENSP_mappings:1s9y.A&PDB-ENSP_mappings:1t1w.A&PDB-ENSP_mappings:1t1x.A&PDB-ENSP_mappings:1t1y.A&PDB-ENSP_mappings:1t1z.A&PDB-ENSP_mappings:1t20.A&PDB-ENSP_mappings:1t21.A&PDB-ENSP_mappings:1t22.A&PDB-ENSP_mappings:1tvb.A&PDB-ENSP_mappings:1tvb.D&PDB-ENSP_mappings:1tvh.A&PDB-ENSP_mappings:1tvh.D&PDB-ENSP_mappings:1w72.A&PDB-ENSP_mappings:1w72.D&PDB-ENSP_mappings:1x7q.A&PDB-ENSP_mappings:2av1.A&PDB-ENSP_mappings:2av1.D&PDB-ENSP_mappings:2av7.A&PDB-ENSP_mappings:2av7.D&PDB-ENSP_mappings:2bck.A&PDB-ENSP_mappings:2bck.D&PDB-ENSP_mappings:2bnq.A&PDB-ENSP_mappings:2bnr.A&PDB-ENSP_mappings:2c7u.A&PDB-ENSP_mappings:2c7u.D&PDB-ENSP_mappings:2clr.A&PDB-ENSP_mappings:2clr.D&PDB-ENSP_mappings:2f53.A&PDB-ENSP_mappings:2f54.A&PDB-ENSP_mappings:2f54.F&PDB-ENSP_mappings:2git.A&PDB-ENSP_mappings:2git.D&PDB-ENSP_mappings:2gj6.A&PDB-ENSP_mappings:2gt9.A&PDB-ENSP_mappings:2gt9.D&PDB-ENSP_mappings:2gtw.A&PDB-ENSP_mappings:2gtw.D&PDB-ENSP_mappings:2gtz.A&PDB-ENSP_mappings:2gtz.D&PDB-ENSP_mappings:2guo.A&PDB-ENSP_mappings:2guo.D&PDB-ENSP_mappings:2hla.A&PDB-ENSP_mappings:2hn7.A&PDB-ENSP_mappings:2j8u.A&PDB-ENSP_mappings:2j8u.H&PDB-ENSP_mappings:2jcc.A&PDB-ENSP_mappings:2jcc.H&PDB-ENSP_mappings:2p5e.A&PDB-ENSP_mappings:2p5w.A&PDB-ENSP_mappings:2pye.A&PDB-ENSP_mappings:2uwe.A&PDB-ENSP_mappings:2uwe.H&PDB-ENSP_mappings:2v2w.A&PDB-ENSP_mappings:2v2w.D&PDB-ENSP_mappings:2v2x.A&PDB-ENSP_mappings:2v2x.D&PDB-ENSP_mappings:2vlj.A&PDB-ENSP_mappings:2vlk.A&PDB-ENSP_mappings:2vll.A&PDB-ENSP_mappings:2vll.D&PDB-ENSP_mappings:2vlr.A&PDB-ENSP_mappings:2vlr.F&PDB-ENSP_mappings:2x4n.A&PDB-ENSP_mappings:2x4n.D&PDB-ENSP_mappings:2x4o.A&PDB-ENSP_mappings:2x4o.D&PDB-ENSP_mappings:2x4p.A&PDB-ENSP_mappings:2x4p.D&PDB-ENSP_mappings:2x4q.A&PDB-ENSP_mappings:2x4q.D&PDB-ENSP_mappings:2x4r.A&PDB-ENSP_mappings:2x4r.D&PDB-ENSP_mappings:2x4s.A&PDB-ENSP_mappings:2x4s.D&PDB-ENSP_mappings:2x4t.A&PDB-ENSP_mappings:2x4t.D&PDB-ENSP_mappings:2x4u.A&PDB-ENSP_mappings:2x4u.D&PDB-ENSP_mappings:2x70.A&PDB-ENSP_mappings:2x70.D&PDB-ENSP_mappings:2xpg.A&PDB-ENSP_mappings:3bgm.A&PDB-ENSP_mappings:3bh8.A&PDB-ENSP_mappings:3bh9.A&PDB-ENSP_mappings:3bhb.A&PDB-ENSP_mappings:3bo8.A&PDB-ENSP_mappings:3d25.A&PDB-ENSP_mappings:3d39.A&PDB-ENSP_mappings:3d3v.A&PDB-ENSP_mappings:3fqn.A&PDB-ENSP_mappings:3fqr.A&PDB-ENSP_mappings:3fqt.A&PDB-ENSP_mappings:3fqu.A&PDB-ENSP_mappings:3fqw.A&PDB-ENSP_mappings:3fqx.A&PDB-ENSP_mappings:3ft2.A&PDB-ENSP_mappings:3ft3.A&PDB-ENSP_mappings:3ft4.A&PDB-ENSP_mappings:3giv.A&PDB-ENSP_mappings:3giv.D&PDB-ENSP_mappings:3gjf.A&PDB-ENSP_mappings:3gjf.D&PDB-ENSP_mappings:3gsn.H&PDB-ENSP_mappings:3gso.A&PDB-ENSP_mappings:3gsq.A&PDB-ENSP_mappings:3gsr.A&PDB-ENSP_mappings:3gsu.A&PDB-ENSP_mappings:3gsv.A&PDB-ENSP_mappings:3gsw.A&PDB-ENSP_mappings:3gsx.A&PDB-ENSP_mappings:3h7b.A&PDB-ENSP_mappings:3h7b.D&PDB-ENSP_mappings:3h9h.A&PDB-ENSP_mappings:3h9h.D&PDB-ENSP_mappings:3h9s.A&PDB-ENSP_mappings:3hae.A&PDB-ENSP_mappings:3hae.D&PDB-ENSP_mappings:3hae.J&PDB-ENSP_mappings:3hae.P&PDB-ENSP_mappings:3hla.A&PDB-ENSP_mappings:3hpj.A&PDB-ENSP_mappings:3hpj.D&PDB-ENSP_mappings:3i6g.A&PDB-ENSP_mappings:3i6g.D&PDB-ENSP_mappings:3i6k.A&PDB-ENSP_mappings:3i6k.E&PDB-ENSP_mappings:3i6l.D&PDB-ENSP_mappings:3ixa.A&PDB-ENSP_mappings:3ixa.D&PDB-ENSP_mappings:3kla.A&PDB-ENSP_mappings:3kla.D&PDB-ENSP_mappings:3mgo.A&PDB-ENSP_mappings:3mgo.D&PDB-ENSP_mappings:3mgo.G&PDB-ENSP_mappings:3mgo.J&PDB-ENSP_mappings:3mgt.A&PDB-ENSP_mappings:3mgt.D&PDB-ENSP_mappings:3mgt.G&PDB-ENSP_mappings:3mgt.J&PDB-ENSP_mappings:3mr9.A&PDB-ENSP_mappings:3mrb.A&PDB-ENSP_mappings:3mrc.A&PDB-ENSP_mappings:3mrd.A&PDB-ENSP_mappings:3mre.A&PDB-ENSP_mappings:3mrf.A&PDB-ENSP_mappings:3mrg.A&PDB-ENSP_mappings:3mrh.A&PDB-ENSP_mappings:3mri.A&PDB-ENSP_mappings:3mrj.A&PDB-ENSP_mappings:3mrk.A&PDB-ENSP_mappings:3mrl.A&PDB-ENSP_mappings:3mrm.A&PDB-ENSP_mappings:3mrn.A&PDB-ENSP_mappings:3mro.A&PDB-ENSP_mappings:3mrp.A&PDB-ENSP_mappings:3mrq.A&PDB-ENSP_mappings:3mrr.A&PDB-ENSP_mappings:3myj.A&PDB-ENSP_mappings:3myj.D&PDB-ENSP_mappings:3nfn.A&PDB-ENSP_mappings:3o3a.A&PDB-ENSP_mappings:3o3a.D&PDB-ENSP_mappings:3o3b.A&PDB-ENSP_mappings:3o3b.D&PDB-ENSP_mappings:3o3d.A&PDB-ENSP_mappings:3o3d.D&PDB-ENSP_mappings:3o3e.A&PDB-ENSP_mappings:3o3e.D&PDB-ENSP_mappings:3pwj.A&PDB-ENSP_mappings:3pwj.D&PDB-ENSP_mappings:3pwl.A&PDB-ENSP_mappings:3pwl.D&PDB-ENSP_mappings:3pwn.A&PDB-ENSP_mappings:3pwn.D&PDB-ENSP_mappings:3pwp.A&PDB-ENSP_mappings:3qdg.A&PDB-ENSP_mappings:3qdj.A&PDB-ENSP_mappings:3qdm.A&PDB-ENSP_mappings:3qeq.A&PDB-ENSP_mappings:3qfd.A&PDB-ENSP_mappings:3qfd.D&PDB-ENSP_mappings:3qfj.A&PDB-ENSP_mappings:3qzw.A&PDB-ENSP_mappings:3qzw.D&PDB-ENSP_mappings:3rew.A&PDB-ENSP_mappings:3rew.D&PDB-ENSP_mappings:3rl1.A&PDB-ENSP_mappings:3rl2.A&PDB-ENSP_mappings:3utq.A&PDB-ENSP_mappings:3uts.A&PDB-ENSP_mappings:3uts.F&PDB-ENSP_mappings:3utt.A&PDB-ENSP_mappings:3utt.F&PDB-ENSP_mappings:3v5d.A&PDB-ENSP_mappings:3v5d.D&PDB-ENSP_mappings:3v5h.A&PDB-ENSP_mappings:3v5h.D&PDB-ENSP_mappings:3v5k.A&PDB-ENSP_mappings:3v5k.D&PDB-ENSP_mappings:3vxm.A&PDB-ENSP_mappings:3vxn.A&PDB-ENSP_mappings:3vxo.A&PDB-ENSP_mappings:3vxo.D&PDB-ENSP_mappings:3vxp.A&PDB-ENSP_mappings:3vxp.D&PDB-ENSP_mappings:3vxr.A&PDB-ENSP_mappings:3vxs.A&PDB-ENSP_mappings:3vxu.A&PDB-ENSP_mappings:3vxu.F&PDB-ENSP_mappings:3w0w.A&PDB-ENSP_mappings:3wl9.A&PDB-ENSP_mappings:3wlb.A&PDB-ENSP_mappings:4e5x.A&PDB-ENSP_mappings:4e5x.D&PDB-ENSP_mappings:4eup.A&PDB-ENSP_mappings:4eup.D&PDB-ENSP_mappings:4f7m.A&PDB-ENSP_mappings:4f7m.D&PDB-ENSP_mappings:4f7p.A&PDB-ENSP_mappings:4f7t.A&PDB-ENSP_mappings:4f7t.D&PDB-ENSP_mappings:4ftv.A&PDB-ENSP_mappings:4gkn.A&PDB-ENSP_mappings:4gkn.D&PDB-ENSP_mappings:4gks.A&PDB-ENSP_mappings:4gks.D&PDB-ENSP_mappings:4hwz.A&PDB-ENSP_mappings:4hx1.A&PDB-ENSP_mappings:4i48.A&PDB-ENSP_mappings:4i4w.A&PDB-ENSP_mappings:4jfd.A&PDB-ENSP_mappings:4jfe.A&PDB-ENSP_mappings:4jff.A&PDB-ENSP_mappings:4jfo.A&PDB-ENSP_mappings:4jfo.D&PDB-ENSP_mappings:4jfp.A&PDB-ENSP_mappings:4jfp.D&PDB-ENSP_mappings:4jfq.A&PDB-ENSP_mappings:4jfq.D&PDB-ENSP_mappings:4k7f.A&PDB-ENSP_mappings:4k7f.D&PDB-ENSP_mappings:4l29.A&PDB-ENSP_mappings:4l29.C&PDB-ENSP_mappings:4l29.E&PDB-ENSP_mappings:4l29.G&PDB-ENSP_mappings:4l29.I&PDB-ENSP_mappings:4l29.K&PDB-ENSP_mappings:4l29.M&PDB-ENSP_mappings:4l29.O&PDB-ENSP_mappings:4l29.Q&PDB-ENSP_mappings:4l29.S&PDB-ENSP_mappings:4l29.U&PDB-ENSP_mappings:4l29.W&PDB-ENSP_mappings:4l29.Y&PDB-ENSP_mappings:4l29.a&PDB-ENSP_mappings:4l3c.A&PDB-ENSP_mappings:4l3c.C&PDB-ENSP_mappings:4l3c.E&PDB-ENSP_mappings:4l3c.G&PDB-ENSP_mappings:4l3c.I&PDB-ENSP_mappings:4l3c.K&PDB-ENSP_mappings:4l3c.M&PDB-ENSP_mappings:4l3c.O&PDB-ENSP_mappings:4l3c.Q&PDB-ENSP_mappings:4l3c.S&PDB-ENSP_mappings:4l3c.U&PDB-ENSP_mappings:4l3c.W&PDB-ENSP_mappings:4l3c.Y&PDB-ENSP_mappings:4l3c.a&PDB-ENSP_mappings:4l3e.A&PDB-ENSP_mappings:4mj5.A&PDB-ENSP_mappings:4mj6.A&PDB-ENSP_mappings:4mnq.A&PDB-ENSP_mappings:4n8v.A&PDB-ENSP_mappings:4n8v.D&PDB-ENSP_mappings:4nnx.A&PDB-ENSP_mappings:4nny.A&PDB-ENSP_mappings:4no0.A&PDB-ENSP_mappings:4no2.A&PDB-ENSP_mappings:4no3.A&PDB-ENSP_mappings:4no5.A&PDB-ENSP_mappings:4nqv.A&PDB-ENSP_mappings:4nqv.C&PDB-ENSP_mappings:4nqv.E&PDB-ENSP_mappings:4nqv.G&PDB-ENSP_mappings:4nqv.I&PDB-ENSP_mappings:4nqv.K&PDB-ENSP_mappings:4nqx.A&PDB-ENSP_mappings:4nqx.C&PDB-ENSP_mappings:4nqx.E&PDB-ENSP_mappings:4nqx.G&PDB-ENSP_mappings:4nqx.I&PDB-ENSP_mappings:4nqx.K&PDB-ENSP_mappings:4qok.A&PDB-ENSP_mappings:4u6x.A&PDB-ENSP_mappings:4u6y.A&PDB-ENSP_mappings:4uq2.A&PDB-ENSP_mappings:4uq2.C&PDB-ENSP_mappings:4uq3.A&PDB-ENSP_mappings:4uq3.C&PDB-ENSP_mappings:4wj5.A&PDB-ENSP_mappings:4wj5.D&PDB-ENSP_mappings:4wu5.A&PDB-ENSP_mappings:4wu5.D&PDB-ENSP_mappings:4wu7.A&PDB-ENSP_mappings:4wu7.D&PDB-ENSP_mappings:4wuu.A&PDB-ENSP_mappings:5brz.A&PDB-ENSP_mappings:5bs0.A&PDB-ENSP_mappings:5c07.A&PDB-ENSP_mappings:5c07.F&PDB-ENSP_mappings:5c08.A&PDB-ENSP_mappings:5c08.F&PDB-ENSP_mappings:5c09.A&PDB-ENSP_mappings:5c09.F&PDB-ENSP_mappings:5c0a.A&PDB-ENSP_mappings:5c0a.F&PDB-ENSP_mappings:5c0b.A&PDB-ENSP_mappings:5c0b.F&PDB-ENSP_mappings:5c0c.A&PDB-ENSP_mappings:5c0c.F&PDB-ENSP_mappings:5c0d.A&PDB-ENSP_mappings:5c0e.A&PDB-ENSP_mappings:5c0f.A&PDB-ENSP_mappings:5c0g.A&PDB-ENSP_mappings:5c0i.A&PDB-ENSP_mappings:5c0j.A&PDB-ENSP_mappings:5d2l.A&PDB-ENSP_mappings:5d2l.C&PDB-ENSP_mappings:5d2l.G&PDB-ENSP_mappings:5d2l.M&PDB-ENSP_mappings:5d2n.A&PDB-ENSP_mappings:5d2n.H&PDB-ENSP_mappings:5d9s.A&PDB-ENSP_mappings:5ddh.A&PDB-ENSP_mappings:5e00.A&PDB-ENSP_mappings:5e6i.C&PDB-ENSP_mappings:5e6i.I&PDB-ENSP_mappings:5e6i.M&PDB-ENSP_mappings:5e6i.R&PDB-ENSP_mappings:5e9d.A&PDB-ENSP_mappings:5e9d.F&PDB-ENSP_mappings:5enw.A&PDB-ENSP_mappings:5eot.A&PDB-ENSP_mappings:5eu3.A&PDB-ENSP_mappings:5eu4.A&PDB-ENSP_mappings:5eu4.D&PDB-ENSP_mappings:5eu5.A&PDB-ENSP_mappings:5eu6.A&PDB-ENSP_mappings:5euo.A&PDB-ENSP_mappings:5euo.C&PDB-ENSP_mappings:5f7d.A&PDB-ENSP_mappings:5f9j.A&PDB-ENSP_mappings:5fa3.A&PDB-ENSP_mappings:5fa4.A&PDB-ENSP_mappings:5fdw.A&PDB-ENSP_mappings:5grd.A&PDB-ENSP_mappings:5grg.A&PDB-ENSP_mappings:5gsd.A&PDB-ENSP_mappings:5hga.A&PDB-ENSP_mappings:5hga.D&PDB-ENSP_mappings:5hgb.A&PDB-ENSP_mappings:5hgb.D&PDB-ENSP_mappings:5hgb.G&PDB-ENSP_mappings:5hgb.J&PDB-ENSP_mappings:5hgd.A&PDB-ENSP_mappings:5hgd.D&PDB-ENSP_mappings:5hgh.A&PDB-ENSP_mappings:5hhm.A&PDB-ENSP_mappings:5hhm.F&PDB-ENSP_mappings:5hhn.A&PDB-ENSP_mappings:5hho.A&PDB-ENSP_mappings:5hhp.A&PDB-ENSP_mappings:5hhq.A&PDB-ENSP_mappings:5hyj.A&PDB-ENSP_mappings:5hyj.F&PDB-ENSP_mappings:5iro.A&PDB-ENSP_mappings:5iro.E&PDB-ENSP_mappings:5iro.I&PDB-ENSP_mappings:5iro.M&PDB-ENSP_mappings:5iro.Q&PDB-ENSP_mappings:5iro.U&PDB-ENSP_mappings:5isz.A&PDB-ENSP_mappings:5jhd.A&PDB-ENSP_mappings:5jhd.F&PDB-ENSP_mappings:5jzi.A&PDB-ENSP_mappings:5jzi.F&PDB-ENSP_mappings:5men.A&PDB-ENSP_mappings:5meo.A&PDB-ENSP_mappings:5mep.A&PDB-ENSP_mappings:5mep.D&PDB-ENSP_mappings:5meq.A&PDB-ENSP_mappings:5mer.A&PDB-ENSP_mappings:5mer.D&PDB-ENSP_mappings:5n1y.A&PDB-ENSP_mappings:5n6b.A&PDB-ENSP_mappings:5n6b.D&PDB-ENSP_mappings:5nht.H&PDB-ENSP_mappings:5nme.A&PDB-ENSP_mappings:5nme.F&PDB-ENSP_mappings:5nmf.A&PDB-ENSP_mappings:5nmf.F&PDB-ENSP_mappings:5nmg.A&PDB-ENSP_mappings:5nmg.F&PDB-ENSP_mappings:5nmh.A&PDB-ENSP_mappings:5nmk.A&PDB-ENSP_mappings:5nqk.H&PDB-ENSP_mappings:5swq.A&PDB-ENSP_mappings:5tez.A&PDB-ENSP_mappings:5wjl.A&PDB-ENSP_mappings:5wjl.D&PDB-ENSP_mappings:5wjl.G&PDB-ENSP_mappings:5wjn.A&PDB-ENSP_mappings:5wjn.D&PDB-ENSP_mappings:5wjn.G&PDB-ENSP_mappings:5wkf.A&PDB-ENSP_mappings:5wkf.F&PDB-ENSP_mappings:5wkh.A&PDB-ENSP_mappings:5wkh.F&PDB-ENSP_mappings:5wsh.A&PDB-ENSP_mappings:5wwi.A&PDB-ENSP_mappings:5wwj.A&PDB-ENSP_mappings:5wwj.C&PDB-ENSP_mappings:5wwu.A&PDB-ENSP_mappings:5wxc.A&PDB-ENSP_mappings:5wxc.C&PDB-ENSP_mappings:5wxd.A&PDB-ENSP_mappings:5xov.A&PDB-ENSP_mappings:5xov.D&PDB-ENSP_mappings:5yxn.C&PDB-ENSP_mappings:5yxu.C&PDB-ENSP_mappings:5yxu.E&PDB-ENSP_mappings:6am5.A&PDB-ENSP_mappings:6amt.A&PDB-ENSP_mappings:6amt.D&PDB-ENSP_mappings:6amu.A&PDB-ENSP_mappings:6apn.A&PDB-ENSP_mappings:6apn.B&PDB-ENSP_mappings:6at9.A&PDB-ENSP_mappings:6d78.A&PDB-ENSP_mappings:6d7g.A&PDB-ENSP_mappings:6dkp.A&PDB-ENSP_mappings:6ei2.A&PDB-ENSP_mappings:6eny.F&PDB-ENSP_mappings:6eqa.A&PDB-ENSP_mappings:6eqb.A&PDB-ENSP_mappings:6ewa.A&PDB-ENSP_mappings:6ewa.E&PDB-ENSP_mappings:6ewc.A&PDB-ENSP_mappings:6ewc.E&PDB-ENSP_mappings:6ewo.A&PDB-ENSP_mappings:6ewo.E&PDB-ENSP_mappings:6g3j.A&PDB-ENSP_mappings:6g3j.D&PDB-ENSP_mappings:6g3k.A&PDB-ENSP_mappings:6g3k.D&PDB-ENSP_mappings:6j1w.A&PDB-ENSP_mappings:6j29.A&PDB-ENSP_mappings:6j2a.A&PDB-ENSP_mappings:6joz.A&PDB-ENSP_mappings:6jp3.A&PDB-ENSP_mappings:6mpp.A&PDB-ENSP_mappings:6nca.A&PDB-ENSP_mappings:6nca.B&PDB-ENSP_mappings:6nca.C&PDB-ENSP_mappings:6nca.D&PDB-ENSP_mappings:6nca.E&PDB-ENSP_mappings:6nca.F&PDB-ENSP_mappings:6nca.G&PDB-ENSP_mappings:6nca.H&PDB-ENSP_mappings:6nca.I&PDB-ENSP_mappings:6nca.J&PDB-ENSP_mappings:6nca.K&PDB-ENSP_mappings:6nca.L&PDB-ENSP_mappings:6nca.M&PDB-ENSP_mappings:6nca.N&PDB-ENSP_mappings:6nca.O&PDB-ENSP_mappings:6nca.P&PDB-ENSP_mappings:6nca.Q&PDB-ENSP_mappings:6nca.R&PDB-ENSP_mappings:6nca.S&PDB-ENSP_mappings:6nca.T&PDB-ENSP_mappings:6o9b.A&PDB-ENSP_mappings:6o9c.A&PDB-ENSP_mappings:6opd.A&PDB-ENSP_mappings:6pbh.A&PDB-ENSP_mappings:6ptb.A&PDB-ENSP_mappings:6ptb.D&PDB-ENSP_mappings:6pte.A&PDB-ENSP_mappings:6pte.E&PDB-ENSP_mappings:6pte.H&PDB-ENSP_mappings:6pte.K&PDB-ENSP_mappings:6q3k.A&PDB-ENSP_mappings:6q3s.A&PDB-ENSP_mappings:6r2l.A&PDB-ENSP_mappings:6rp9.A&PDB-ENSP_mappings:6rp9.F&PDB-ENSP_mappings:6rpa.A&PDB-ENSP_mappings:6rpb.A&PDB-ENSP_mappings:6rpb.F&PDB-ENSP_mappings:6rpb.K&PDB-ENSP_mappings:6rpb.P&PDB-ENSP_mappings:6rsy.A&PDB-ENSP_mappings:6rsy.F&PDB-ENSP_mappings:6ss7.A&PDB-ENSP_mappings:6ss7.D&PDB-ENSP_mappings:6ss8.A&PDB-ENSP_mappings:6ss8.D&PDB-ENSP_mappings:6ss9.A&PDB-ENSP_mappings:6ss9.D&PDB-ENSP_mappings:6ssa.A&PDB-ENSP_mappings:6ssa.D&PDB-ENSP_mappings:6ssa.G&PDB-ENSP_mappings:6ssa.J&PDB-ENSP_mappings:7l1b.A&PDB-ENSP_mappings:7l1c.A&PDB-ENSP_mappings:7l1d.A&PDB-ENSP_mappings:7mle.A&PDB-ENSP_mappings:7phr.H&PDB-ENSP_mappings:7qpd.M&PDB-ENSP_mappings:7rk7.A&PDB-ENSP_mappings:7rm4.A&PDB-ENSP_mappings:7rm4.F&PDB-ENSP_mappings:7rm4.K&PDB-ENSP_mappings:7rm4.P&PDB-ENSP_mappings:7rrg.A&PDB-ENSP_mappings:7uc5.A&PDB-ENSP_mappings:7uc5.D	.	0.3706	0.4153	0.402	0.2857	0.3757	0.3701	0.355	0.3466	0.3497	0.3872	0.2285	0.3693	0.388	0.3227	0.2964	0.1747	0.1903	0.1667	0.178	0.2126	0.08717	0.1034	0.04	0.1888	0.1603	0.1082	0.4153	AFR	1KG_ALL:-:NA	.	0&1	0&1	.	.	.	.	.	.	49	32	-16	50	0	0	0	0	HLA-A	30	30
chr6:29958523:AGGGACAGTACCCAGG:A	ENSG00000235290	-	splice_acceptor_variant&non_coding_transcript_exon_variant	HIGH	HLA-W	ENSG00000235290	Transcript	ENST00000439514	unprocessed_pseudogene	5/5	4/4	.	.	.	.	.	.	.	rs11267511	.	1	.	deletion	HGNC	HGNC:23425	YES	.	.	.	.	.	.	.	.	.	.	.	.	.	.	.	0.2821	0.2678	0.3588	0.3115	0.341	0.1564	.	.	.	.	.	.	.	.	.	0.29	0.267	0.2939	0.2849	0.2024	0.3097	0.363	0.2532	0.3059	0.274	0.1687	0.363	gnomADg_FIN	.	.	.	.	.	.	.	.	.	.	.	.	.	.	.	.	.	.	.	30	30
chr6:32530182:G:GAA	ENSG00000198502	AA	frameshift_variant	HIGH	HLA-DRB5	ENSG00000198502	Transcript	ENST00000374975	protein_coding	1/6	.	.	.	105	42	14	-/X	-/TT	rs745343465&COSV66612201	.	-1	.	insertion	HGNC	HGNC:4953	YES	NM_002125.4	.	.	P1	CCDS4751.1	ENSP00000364114	Q30154.190	A0A2Z4LKS3.28	UPI000008AF56	.	.	.	.	.	.	.	.	.	.	.	.	0.2013	0.253	0.1679	0.2197	0.1504	0.2275	0.2051	0.1747	0.2065	0.1248	0.1755	0.04602	0.1251	0.0857	0.1026	0.1385	0.2232	0.101	0.1317	0.1048	0.253	gnomADe_AFR	1KG_ALL:AA:NA	.	0&1	0&1	.	.	.	.	.	.	.	.	.	.	.	.	.	.	.	30	30
chr6:32581621:AC:A	ENSG00000196126	-	frameshift_variant	HIGH	HLA-DRB1	ENSG00000196126	Transcript	ENST00000360004	protein_coding	3/6	.	.	.	693	587	196	S/X	aGt/at	rs757139064&COSV63512736&COSV63512879&COSV63515024	.	-1	.	deletion	HGNC	HGNC:4948	YES	NM_002124.4	.	.	P1	CCDS47409.1	ENSP00000353099	P01911.180	D7RIH8.101&X5DNQ0.51	UPI000008A1F7	.	1	.	.	PDB-ENSP_mappings:1a6a.B&PDB-ENSP_mappings:1aqd.B&PDB-ENSP_mappings:1aqd.E&PDB-ENSP_mappings:1aqd.H&PDB-ENSP_mappings:1aqd.K&PDB-ENSP_mappings:1bx2.B&PDB-ENSP_mappings:1bx2.E&PDB-ENSP_mappings:1d5m.B&PDB-ENSP_mappings:1d5x.B&PDB-ENSP_mappings:1d5z.B&PDB-ENSP_mappings:1d6e.B&PDB-ENSP_mappings:1dlh.B&PDB-ENSP_mappings:1dlh.E&PDB-ENSP_mappings:1fyt.B&PDB-ENSP_mappings:1hxy.B&PDB-ENSP_mappings:1j8h.B&PDB-ENSP_mappings:1jwm.B&PDB-ENSP_mappings:1jws.B&PDB-ENSP_mappings:1jwu.B&PDB-ENSP_mappings:1kg0.B&PDB-ENSP_mappings:1klg.B&PDB-ENSP_mappings:1klu.B&PDB-ENSP_mappings:1lo5.B&PDB-ENSP_mappings:1pyw.B&PDB-ENSP_mappings:1r5i.B&PDB-ENSP_mappings:1r5i.F&PDB-ENSP_mappings:1seb.B&PDB-ENSP_mappings:1seb.F&PDB-ENSP_mappings:1sje.B&PDB-ENSP_mappings:1sjh.B&PDB-ENSP_mappings:1t5w.B&PDB-ENSP_mappings:1t5w.E&PDB-ENSP_mappings:1t5x.B&PDB-ENSP_mappings:1ymm.B&PDB-ENSP_mappings:2fse.B&PDB-ENSP_mappings:2fse.D&PDB-ENSP_mappings:2g9h.B&PDB-ENSP_mappings:2iam.B&PDB-ENSP_mappings:2ian.B&PDB-ENSP_mappings:2ian.G&PDB-ENSP_mappings:2ian.L&PDB-ENSP_mappings:2ian.Q&PDB-ENSP_mappings:2icw.B&PDB-ENSP_mappings:2icw.E&PDB-ENSP_mappings:2ipk.B&PDB-ENSP_mappings:2oje.B&PDB-ENSP_mappings:2oje.F&PDB-ENSP_mappings:2seb.B&PDB-ENSP_mappings:2wbj.B&PDB-ENSP_mappings:2wbj.F&PDB-ENSP_mappings:2xn9.E&PDB-ENSP_mappings:3l6f.B&PDB-ENSP_mappings:3o6f.B&PDB-ENSP_mappings:3o6f.F&PDB-ENSP_mappings:3pdo.B&PDB-ENSP_mappings:3pgc.B&PDB-ENSP_mappings:3pgc.E&PDB-ENSP_mappings:3pgd.B&PDB-ENSP_mappings:3pgd.E&PDB-ENSP_mappings:3qxa.B&PDB-ENSP_mappings:3qxa.E&PDB-ENSP_mappings:3qxd.B&PDB-ENSP_mappings:3qxd.E&PDB-ENSP_mappings:3s4s.B&PDB-ENSP_mappings:3s4s.E&PDB-ENSP_mappings:3s5l.B&PDB-ENSP_mappings:3s5l.E&PDB-ENSP_mappings:3t0e.B&PDB-ENSP_mappings:4aen.B&PDB-ENSP_mappings:4ah2.B&PDB-ENSP_mappings:4c56.E&PDB-ENSP_mappings:4c56.K&PDB-ENSP_mappings:4e41.B&PDB-ENSP_mappings:4e41.G&PDB-ENSP_mappings:4fqx.B&PDB-ENSP_mappings:4gbx.B&PDB-ENSP_mappings:4i5b.B&PDB-ENSP_mappings:4i5b.E&PDB-ENSP_mappings:4is6.B&PDB-ENSP_mappings:4mcy.B&PDB-ENSP_mappings:4mcz.B&PDB-ENSP_mappings:4md0.B&PDB-ENSP_mappings:4md4.B&PDB-ENSP_mappings:4md5.B&PDB-ENSP_mappings:4mdi.B&PDB-ENSP_mappings:4mdj.B&PDB-ENSP_mappings:4ov5.B&PDB-ENSP_mappings:4ov5.E&PDB-ENSP_mappings:4ov5.H&PDB-ENSP_mappings:4ov5.K&PDB-ENSP_mappings:4ov5.N&PDB-ENSP_mappings:4ov5.Q&PDB-ENSP_mappings:4x5w.B&PDB-ENSP_mappings:4x5x.B&PDB-ENSP_mappings:4x5x.D&PDB-ENSP_mappings:4y19.B&PDB-ENSP_mappings:4y1a.B&PDB-ENSP_mappings:5jlz.B&PDB-ENSP_mappings:5jlz.D&PDB-ENSP_mappings:5lax.B&PDB-ENSP_mappings:5lax.D&PDB-ENSP_mappings:5ni9.B&PDB-ENSP_mappings:5nig.B&PDB-ENSP_mappings:5v4m.C&PDB-ENSP_mappings:5v4m.F&PDB-ENSP_mappings:5v4m.I&PDB-ENSP_mappings:5v4m.L&PDB-ENSP_mappings:5v4n.C&PDB-ENSP_mappings:5v4n.F&PDB-ENSP_mappings:6bij.B&PDB-ENSP_mappings:6bil.B&PDB-ENSP_mappings:6bin.B&PDB-ENSP_mappings:6bir.B&PDB-ENSP_mappings:6biv.A&PDB-ENSP_mappings:6bix.B&PDB-ENSP_mappings:6biy.B&PDB-ENSP_mappings:6biz.B&PDB-ENSP_mappings:6cpl.B&PDB-ENSP_mappings:6cpn.B&PDB-ENSP_mappings:6cpo.B&PDB-ENSP_mappings:6cpo.E&PDB-ENSP_mappings:6cqj.B&PDB-ENSP_mappings:6cqj.E&PDB-ENSP_mappings:6cqj.H&PDB-ENSP_mappings:6cql.B&PDB-ENSP_mappings:6cqn.B&PDB-ENSP_mappings:6cqq.B&PDB-ENSP_mappings:6cqq.G&PDB-ENSP_mappings:6cqr.B&PDB-ENSP_mappings:6cqr.G&PDB-ENSP_mappings:6hby.B&PDB-ENSP_mappings:6hby.E&PDB-ENSP_mappings:6nix.B&PDB-ENSP_mappings:6qza.BBB&PDB-ENSP_mappings:6qza.EEE&PDB-ENSP_mappings:6qzc.BBB&PDB-ENSP_mappings:6qzd.BBB&PDB-ENSP_mappings:6qzd.EEE&PDB-ENSP_mappings:6r0e.BBB&PDB-ENSP_mappings:6v0y.B&PDB-ENSP_mappings:6v13.B&PDB-ENSP_mappings:6v15.B&PDB-ENSP_mappings:6v18.B&PDB-ENSP_mappings:6v19.B&PDB-ENSP_mappings:6v1a.B	.	.	.	.	.	.	.	0.001648	0.001705	0.002849	0.00168	0.003442	0.0001888	0.001477	0.002647	0.0007495	0.008181	0.002544	0.01875	0.01026	0.01208	0.02712	0.009589	0.01724	0.009068	0.01155	0.00384	0.02712	gnomADg_EAS	1KG_ALL:-:NA	.	0&1&1&1	0&1&1&1	35743738	.	.	.	.	.	-7	32	-6	-21	0	0	0.01	0	HLA-DRB1	30	30
chr6:32581625:C:CT	ENSG00000196126	T	frameshift_variant	HIGH	HLA-DRB1	ENSG00000196126	Transcript	ENST00000360004	protein_coding	3/6	.	.	.	689	583	195	R/QX	cga/cAga	rs375154056&COSV63515039	.	-1	.	insertion	HGNC	HGNC:4948	YES	NM_002124.4	.	.	P1	CCDS47409.1	ENSP00000353099	P01911.180	D7RIH8.101&X5DNQ0.51	UPI000008A1F7	.	1	.	.	PDB-ENSP_mappings:1a6a.B&PDB-ENSP_mappings:1aqd.B&PDB-ENSP_mappings:1aqd.E&PDB-ENSP_mappings:1aqd.H&PDB-ENSP_mappings:1aqd.K&PDB-ENSP_mappings:1bx2.B&PDB-ENSP_mappings:1bx2.E&PDB-ENSP_mappings:1d5m.B&PDB-ENSP_mappings:1d5x.B&PDB-ENSP_mappings:1d5z.B&PDB-ENSP_mappings:1d6e.B&PDB-ENSP_mappings:1dlh.B&PDB-ENSP_mappings:1dlh.E&PDB-ENSP_mappings:1fyt.B&PDB-ENSP_mappings:1hxy.B&PDB-ENSP_mappings:1j8h.B&PDB-ENSP_mappings:1jwm.B&PDB-ENSP_mappings:1jws.B&PDB-ENSP_mappings:1jwu.B&PDB-ENSP_mappings:1kg0.B&PDB-ENSP_mappings:1klg.B&PDB-ENSP_mappings:1klu.B&PDB-ENSP_mappings:1lo5.B&PDB-ENSP_mappings:1pyw.B&PDB-ENSP_mappings:1r5i.B&PDB-ENSP_mappings:1r5i.F&PDB-ENSP_mappings:1seb.B&PDB-ENSP_mappings:1seb.F&PDB-ENSP_mappings:1sje.B&PDB-ENSP_mappings:1sjh.B&PDB-ENSP_mappings:1t5w.B&PDB-ENSP_mappings:1t5w.E&PDB-ENSP_mappings:1t5x.B&PDB-ENSP_mappings:1ymm.B&PDB-ENSP_mappings:2fse.B&PDB-ENSP_mappings:2fse.D&PDB-ENSP_mappings:2g9h.B&PDB-ENSP_mappings:2iam.B&PDB-ENSP_mappings:2ian.B&PDB-ENSP_mappings:2ian.G&PDB-ENSP_mappings:2ian.L&PDB-ENSP_mappings:2ian.Q&PDB-ENSP_mappings:2icw.B&PDB-ENSP_mappings:2icw.E&PDB-ENSP_mappings:2ipk.B&PDB-ENSP_mappings:2oje.B&PDB-ENSP_mappings:2oje.F&PDB-ENSP_mappings:2seb.B&PDB-ENSP_mappings:2wbj.B&PDB-ENSP_mappings:2wbj.F&PDB-ENSP_mappings:2xn9.E&PDB-ENSP_mappings:3l6f.B&PDB-ENSP_mappings:3o6f.B&PDB-ENSP_mappings:3o6f.F&PDB-ENSP_mappings:3pdo.B&PDB-ENSP_mappings:3pgc.B&PDB-ENSP_mappings:3pgc.E&PDB-ENSP_mappings:3pgd.B&PDB-ENSP_mappings:3pgd.E&PDB-ENSP_mappings:3qxa.B&PDB-ENSP_mappings:3qxa.E&PDB-ENSP_mappings:3qxd.B&PDB-ENSP_mappings:3qxd.E&PDB-ENSP_mappings:3s4s.B&PDB-ENSP_mappings:3s4s.E&PDB-ENSP_mappings:3s5l.B&PDB-ENSP_mappings:3s5l.E&PDB-ENSP_mappings:3t0e.B&PDB-ENSP_mappings:4aen.B&PDB-ENSP_mappings:4ah2.B&PDB-ENSP_mappings:4c56.E&PDB-ENSP_mappings:4c56.K&PDB-ENSP_mappings:4e41.B&PDB-ENSP_mappings:4e41.G&PDB-ENSP_mappings:4fqx.B&PDB-ENSP_mappings:4gbx.B&PDB-ENSP_mappings:4i5b.B&PDB-ENSP_mappings:4i5b.E&PDB-ENSP_mappings:4is6.B&PDB-ENSP_mappings:4mcy.B&PDB-ENSP_mappings:4mcz.B&PDB-ENSP_mappings:4md0.B&PDB-ENSP_mappings:4md4.B&PDB-ENSP_mappings:4md5.B&PDB-ENSP_mappings:4mdi.B&PDB-ENSP_mappings:4mdj.B&PDB-ENSP_mappings:4ov5.B&PDB-ENSP_mappings:4ov5.E&PDB-ENSP_mappings:4ov5.H&PDB-ENSP_mappings:4ov5.K&PDB-ENSP_mappings:4ov5.N&PDB-ENSP_mappings:4ov5.Q&PDB-ENSP_mappings:4x5w.B&PDB-ENSP_mappings:4x5x.B&PDB-ENSP_mappings:4x5x.D&PDB-ENSP_mappings:4y19.B&PDB-ENSP_mappings:4y1a.B&PDB-ENSP_mappings:5jlz.B&PDB-ENSP_mappings:5jlz.D&PDB-ENSP_mappings:5lax.B&PDB-ENSP_mappings:5lax.D&PDB-ENSP_mappings:5ni9.B&PDB-ENSP_mappings:5nig.B&PDB-ENSP_mappings:5v4m.C&PDB-ENSP_mappings:5v4m.F&PDB-ENSP_mappings:5v4m.I&PDB-ENSP_mappings:5v4m.L&PDB-ENSP_mappings:5v4n.C&PDB-ENSP_mappings:5v4n.F&PDB-ENSP_mappings:6bij.B&PDB-ENSP_mappings:6bil.B&PDB-ENSP_mappings:6bin.B&PDB-ENSP_mappings:6bir.B&PDB-ENSP_mappings:6biv.A&PDB-ENSP_mappings:6bix.B&PDB-ENSP_mappings:6biy.B&PDB-ENSP_mappings:6biz.B&PDB-ENSP_mappings:6cpl.B&PDB-ENSP_mappings:6cpn.B&PDB-ENSP_mappings:6cpo.B&PDB-ENSP_mappings:6cpo.E&PDB-ENSP_mappings:6cqj.B&PDB-ENSP_mappings:6cqj.E&PDB-ENSP_mappings:6cqj.H&PDB-ENSP_mappings:6cql.B&PDB-ENSP_mappings:6cqn.B&PDB-ENSP_mappings:6cqq.B&PDB-ENSP_mappings:6cqq.G&PDB-ENSP_mappings:6cqr.B&PDB-ENSP_mappings:6cqr.G&PDB-ENSP_mappings:6hby.B&PDB-ENSP_mappings:6hby.E&PDB-ENSP_mappings:6nix.B&PDB-ENSP_mappings:6qza.BBB&PDB-ENSP_mappings:6qza.EEE&PDB-ENSP_mappings:6qzc.BBB&PDB-ENSP_mappings:6qzd.BBB&PDB-ENSP_mappings:6qzd.EEE&PDB-ENSP_mappings:6r0e.BBB&PDB-ENSP_mappings:6v0y.B&PDB-ENSP_mappings:6v13.B&PDB-ENSP_mappings:6v15.B&PDB-ENSP_mappings:6v18.B&PDB-ENSP_mappings:6v19.B&PDB-ENSP_mappings:6v1a.B	.	.	.	.	.	.	.	0.002811	0.002377	0.00497	0.002593	0.004908	0.0001804	0.002732	0.004874	0.001519	0.01129	0.003109	0.03659	0.01488	0.01534	0.04163	0.01581	0.02174	0.01255	0.01506	0.005495	0.04163	gnomADg_EAS	1KG_ALL:T:NA	.	0&1	0&1	.	.	.	.	.	.	6	28	-10	-40	0	0	0.01	0	HLA-DRB1	30	30
chr6:32581802:TG:T	ENSG00000196126	-	frameshift_variant	HIGH	HLA-DRB1	ENSG00000196126	Transcript	ENST00000360004	protein_coding	3/6	.	.	.	512	406	136	Q/X	Cag/ag	rs753045406	.	-1	.	deletion	HGNC	HGNC:4948	YES	NM_002124.4	.	.	P1	CCDS47409.1	ENSP00000353099	P01911.180	D7RIH8.101&X5DNQ0.51	UPI000008A1F7	.	1	.	.	PDB-ENSP_mappings:1a6a.B&PDB-ENSP_mappings:1aqd.B&PDB-ENSP_mappings:1aqd.E&PDB-ENSP_mappings:1aqd.H&PDB-ENSP_mappings:1aqd.K&PDB-ENSP_mappings:1bx2.B&PDB-ENSP_mappings:1bx2.E&PDB-ENSP_mappings:1d5m.B&PDB-ENSP_mappings:1d5x.B&PDB-ENSP_mappings:1d5z.B&PDB-ENSP_mappings:1d6e.B&PDB-ENSP_mappings:1dlh.B&PDB-ENSP_mappings:1dlh.E&PDB-ENSP_mappings:1fyt.B&PDB-ENSP_mappings:1hxy.B&PDB-ENSP_mappings:1j8h.B&PDB-ENSP_mappings:1jwm.B&PDB-ENSP_mappings:1jws.B&PDB-ENSP_mappings:1jwu.B&PDB-ENSP_mappings:1kg0.B&PDB-ENSP_mappings:1klg.B&PDB-ENSP_mappings:1klu.B&PDB-ENSP_mappings:1lo5.B&PDB-ENSP_mappings:1pyw.B&PDB-ENSP_mappings:1r5i.B&PDB-ENSP_mappings:1r5i.F&PDB-ENSP_mappings:1seb.B&PDB-ENSP_mappings:1seb.F&PDB-ENSP_mappings:1sje.B&PDB-ENSP_mappings:1sjh.B&PDB-ENSP_mappings:1t5w.B&PDB-ENSP_mappings:1t5w.E&PDB-ENSP_mappings:1t5x.B&PDB-ENSP_mappings:1ymm.B&PDB-ENSP_mappings:2fse.B&PDB-ENSP_mappings:2fse.D&PDB-ENSP_mappings:2g9h.B&PDB-ENSP_mappings:2iam.B&PDB-ENSP_mappings:2ian.B&PDB-ENSP_mappings:2ian.G&PDB-ENSP_mappings:2ian.L&PDB-ENSP_mappings:2ian.Q&PDB-ENSP_mappings:2icw.B&PDB-ENSP_mappings:2icw.E&PDB-ENSP_mappings:2ipk.B&PDB-ENSP_mappings:2oje.B&PDB-ENSP_mappings:2oje.F&PDB-ENSP_mappings:2seb.B&PDB-ENSP_mappings:2wbj.B&PDB-ENSP_mappings:2wbj.F&PDB-ENSP_mappings:2xn9.E&PDB-ENSP_mappings:3l6f.B&PDB-ENSP_mappings:3o6f.B&PDB-ENSP_mappings:3o6f.F&PDB-ENSP_mappings:3pdo.B&PDB-ENSP_mappings:3pgc.B&PDB-ENSP_mappings:3pgc.E&PDB-ENSP_mappings:3pgd.B&PDB-ENSP_mappings:3pgd.E&PDB-ENSP_mappings:3qxa.B&PDB-ENSP_mappings:3qxa.E&PDB-ENSP_mappings:3qxd.B&PDB-ENSP_mappings:3qxd.E&PDB-ENSP_mappings:3s4s.B&PDB-ENSP_mappings:3s4s.E&PDB-ENSP_mappings:3s5l.B&PDB-ENSP_mappings:3s5l.E&PDB-ENSP_mappings:3t0e.B&PDB-ENSP_mappings:4aen.B&PDB-ENSP_mappings:4ah2.B&PDB-ENSP_mappings:4c56.E&PDB-ENSP_mappings:4c56.K&PDB-ENSP_mappings:4e41.B&PDB-ENSP_mappings:4e41.G&PDB-ENSP_mappings:4fqx.B&PDB-ENSP_mappings:4gbx.B&PDB-ENSP_mappings:4i5b.B&PDB-ENSP_mappings:4i5b.E&PDB-ENSP_mappings:4is6.B&PDB-ENSP_mappings:4mcy.B&PDB-ENSP_mappings:4mcz.B&PDB-ENSP_mappings:4md0.B&PDB-ENSP_mappings:4md4.B&PDB-ENSP_mappings:4md5.B&PDB-ENSP_mappings:4mdi.B&PDB-ENSP_mappings:4mdj.B&PDB-ENSP_mappings:4ov5.B&PDB-ENSP_mappings:4ov5.E&PDB-ENSP_mappings:4ov5.H&PDB-ENSP_mappings:4ov5.K&PDB-ENSP_mappings:4ov5.N&PDB-ENSP_mappings:4ov5.Q&PDB-ENSP_mappings:4x5w.B&PDB-ENSP_mappings:4x5x.B&PDB-ENSP_mappings:4x5x.D&PDB-ENSP_mappings:4y19.B&PDB-ENSP_mappings:4y1a.B&PDB-ENSP_mappings:5jlz.B&PDB-ENSP_mappings:5jlz.D&PDB-ENSP_mappings:5lax.B&PDB-ENSP_mappings:5lax.D&PDB-ENSP_mappings:5ni9.B&PDB-ENSP_mappings:5nig.B&PDB-ENSP_mappings:5v4m.C&PDB-ENSP_mappings:5v4m.F&PDB-ENSP_mappings:5v4m.I&PDB-ENSP_mappings:5v4m.L&PDB-ENSP_mappings:5v4n.C&PDB-ENSP_mappings:5v4n.F&PDB-ENSP_mappings:6bij.B&PDB-ENSP_mappings:6bil.B&PDB-ENSP_mappings:6bin.B&PDB-ENSP_mappings:6bir.B&PDB-ENSP_mappings:6biv.A&PDB-ENSP_mappings:6bix.B&PDB-ENSP_mappings:6biy.B&PDB-ENSP_mappings:6biz.B&PDB-ENSP_mappings:6cpl.B&PDB-ENSP_mappings:6cpn.B&PDB-ENSP_mappings:6cpo.B&PDB-ENSP_mappings:6cpo.E&PDB-ENSP_mappings:6cqj.B&PDB-ENSP_mappings:6cqj.E&PDB-ENSP_mappings:6cqj.H&PDB-ENSP_mappings:6cql.B&PDB-ENSP_mappings:6cqn.B&PDB-ENSP_mappings:6cqq.B&PDB-ENSP_mappings:6cqq.G&PDB-ENSP_mappings:6cqr.B&PDB-ENSP_mappings:6cqr.G&PDB-ENSP_mappings:6hby.B&PDB-ENSP_mappings:6hby.E&PDB-ENSP_mappings:6nix.B&PDB-ENSP_mappings:6qza.BBB&PDB-ENSP_mappings:6qza.EEE&PDB-ENSP_mappings:6qzc.BBB&PDB-ENSP_mappings:6qzd.BBB&PDB-ENSP_mappings:6qzd.EEE&PDB-ENSP_mappings:6r0e.BBB&PDB-ENSP_mappings:6v0y.B&PDB-ENSP_mappings:6v13.B&PDB-ENSP_mappings:6v15.B&PDB-ENSP_mappings:6v18.B&PDB-ENSP_mappings:6v19.B&PDB-ENSP_mappings:6v1a.B	.	.	.	.	.	.	.	0.003031	0.001185	0.002537	0.002742	0.000565	0.003785	0.004615	0.002192	0.0003408	0.1952	0.1387	0.2692	0.2443	0.2267	0.2528	0.182	0.1504	0.213	0.2025	0.1851	0.2692	gnomADg_AMI	.	.	.	.	35743738	.	.	.	.	.	24	35	25	-35	0	0.03	0	0.01	HLA-DRB1	30	30
chr6:32581807:C:CT	ENSG00000196126	T	frameshift_variant	HIGH	HLA-DRB1	ENSG00000196126	Transcript	ENST00000360004	protein_coding	3/6	.	.	.	507	401	134	K/KX	aag/aaAg	.	.	-1	.	insertion	HGNC	HGNC:4948	YES	NM_002124.4	.	.	P1	CCDS47409.1	ENSP00000353099	P01911.180	D7RIH8.101&X5DNQ0.51	UPI000008A1F7	.	1	.	.	PDB-ENSP_mappings:1a6a.B&PDB-ENSP_mappings:1aqd.B&PDB-ENSP_mappings:1aqd.E&PDB-ENSP_mappings:1aqd.H&PDB-ENSP_mappings:1aqd.K&PDB-ENSP_mappings:1bx2.B&PDB-ENSP_mappings:1bx2.E&PDB-ENSP_mappings:1d5m.B&PDB-ENSP_mappings:1d5x.B&PDB-ENSP_mappings:1d5z.B&PDB-ENSP_mappings:1d6e.B&PDB-ENSP_mappings:1dlh.B&PDB-ENSP_mappings:1dlh.E&PDB-ENSP_mappings:1fyt.B&PDB-ENSP_mappings:1hxy.B&PDB-ENSP_mappings:1j8h.B&PDB-ENSP_mappings:1jwm.B&PDB-ENSP_mappings:1jws.B&PDB-ENSP_mappings:1jwu.B&PDB-ENSP_mappings:1kg0.B&PDB-ENSP_mappings:1klg.B&PDB-ENSP_mappings:1klu.B&PDB-ENSP_mappings:1lo5.B&PDB-ENSP_mappings:1pyw.B&PDB-ENSP_mappings:1r5i.B&PDB-ENSP_mappings:1r5i.F&PDB-ENSP_mappings:1seb.B&PDB-ENSP_mappings:1seb.F&PDB-ENSP_mappings:1sje.B&PDB-ENSP_mappings:1sjh.B&PDB-ENSP_mappings:1t5w.B&PDB-ENSP_mappings:1t5w.E&PDB-ENSP_mappings:1t5x.B&PDB-ENSP_mappings:1ymm.B&PDB-ENSP_mappings:2fse.B&PDB-ENSP_mappings:2fse.D&PDB-ENSP_mappings:2g9h.B&PDB-ENSP_mappings:2iam.B&PDB-ENSP_mappings:2ian.B&PDB-ENSP_mappings:2ian.G&PDB-ENSP_mappings:2ian.L&PDB-ENSP_mappings:2ian.Q&PDB-ENSP_mappings:2icw.B&PDB-ENSP_mappings:2icw.E&PDB-ENSP_mappings:2ipk.B&PDB-ENSP_mappings:2oje.B&PDB-ENSP_mappings:2oje.F&PDB-ENSP_mappings:2seb.B&PDB-ENSP_mappings:2wbj.B&PDB-ENSP_mappings:2wbj.F&PDB-ENSP_mappings:2xn9.E&PDB-ENSP_mappings:3l6f.B&PDB-ENSP_mappings:3o6f.B&PDB-ENSP_mappings:3o6f.F&PDB-ENSP_mappings:3pdo.B&PDB-ENSP_mappings:3pgc.B&PDB-ENSP_mappings:3pgc.E&PDB-ENSP_mappings:3pgd.B&PDB-ENSP_mappings:3pgd.E&PDB-ENSP_mappings:3qxa.B&PDB-ENSP_mappings:3qxa.E&PDB-ENSP_mappings:3qxd.B&PDB-ENSP_mappings:3qxd.E&PDB-ENSP_mappings:3s4s.B&PDB-ENSP_mappings:3s4s.E&PDB-ENSP_mappings:3s5l.B&PDB-ENSP_mappings:3s5l.E&PDB-ENSP_mappings:3t0e.B&PDB-ENSP_mappings:4aen.B&PDB-ENSP_mappings:4ah2.B&PDB-ENSP_mappings:4c56.E&PDB-ENSP_mappings:4c56.K&PDB-ENSP_mappings:4e41.B&PDB-ENSP_mappings:4e41.G&PDB-ENSP_mappings:4fqx.B&PDB-ENSP_mappings:4gbx.B&PDB-ENSP_mappings:4i5b.B&PDB-ENSP_mappings:4i5b.E&PDB-ENSP_mappings:4is6.B&PDB-ENSP_mappings:4mcy.B&PDB-ENSP_mappings:4mcz.B&PDB-ENSP_mappings:4md0.B&PDB-ENSP_mappings:4md4.B&PDB-ENSP_mappings:4md5.B&PDB-ENSP_mappings:4mdi.B&PDB-ENSP_mappings:4mdj.B&PDB-ENSP_mappings:4ov5.B&PDB-ENSP_mappings:4ov5.E&PDB-ENSP_mappings:4ov5.H&PDB-ENSP_mappings:4ov5.K&PDB-ENSP_mappings:4ov5.N&PDB-ENSP_mappings:4ov5.Q&PDB-ENSP_mappings:4x5w.B&PDB-ENSP_mappings:4x5x.B&PDB-ENSP_mappings:4x5x.D&PDB-ENSP_mappings:4y19.B&PDB-ENSP_mappings:4y1a.B&PDB-ENSP_mappings:5jlz.B&PDB-ENSP_mappings:5jlz.D&PDB-ENSP_mappings:5lax.B&PDB-ENSP_mappings:5lax.D&PDB-ENSP_mappings:5ni9.B&PDB-ENSP_mappings:5nig.B&PDB-ENSP_mappings:5v4m.C&PDB-ENSP_mappings:5v4m.F&PDB-ENSP_mappings:5v4m.I&PDB-ENSP_mappings:5v4m.L&PDB-ENSP_mappings:5v4n.C&PDB-ENSP_mappings:5v4n.F&PDB-ENSP_mappings:6bij.B&PDB-ENSP_mappings:6bil.B&PDB-ENSP_mappings:6bin.B&PDB-ENSP_mappings:6bir.B&PDB-ENSP_mappings:6biv.A&PDB-ENSP_mappings:6bix.B&PDB-ENSP_mappings:6biy.B&PDB-ENSP_mappings:6biz.B&PDB-ENSP_mappings:6cpl.B&PDB-ENSP_mappings:6cpn.B&PDB-ENSP_mappings:6cpo.B&PDB-ENSP_mappings:6cpo.E&PDB-ENSP_mappings:6cqj.B&PDB-ENSP_mappings:6cqj.E&PDB-ENSP_mappings:6cqj.H&PDB-ENSP_mappings:6cql.B&PDB-ENSP_mappings:6cqn.B&PDB-ENSP_mappings:6cqq.B&PDB-ENSP_mappings:6cqq.G&PDB-ENSP_mappings:6cqr.B&PDB-ENSP_mappings:6cqr.G&PDB-ENSP_mappings:6hby.B&PDB-ENSP_mappings:6hby.E&PDB-ENSP_mappings:6nix.B&PDB-ENSP_mappings:6qza.BBB&PDB-ENSP_mappings:6qza.EEE&PDB-ENSP_mappings:6qzc.BBB&PDB-ENSP_mappings:6qzd.BBB&PDB-ENSP_mappings:6qzd.EEE&PDB-ENSP_mappings:6r0e.BBB&PDB-ENSP_mappings:6v0y.B&PDB-ENSP_mappings:6v13.B&PDB-ENSP_mappings:6v15.B&PDB-ENSP_mappings:6v18.B&PDB-ENSP_mappings:6v19.B&PDB-ENSP_mappings:6v1a.B	.	.	.	.	.	.	.	.	.	.	.	.	.	.	.	.	.	.	.	.	.	.	.	.	.	.	.	.	.	.	.	.	.	.	.	.	.	.	.	19	-2	20	-40	0	0.01	0	0.02	HLA-DRB1	30	30
chr6:32584179:CGCCTG:C	ENSG00000196126	-	frameshift_variant	HIGH	HLA-DRB1	ENSG00000196126	Transcript	ENST00000360004	protein_coding	2/6	.	.	.	401	295	99	QA/X	CAGGCg/g	rs781606444	.	-1	.	deletion	HGNC	HGNC:4948	YES	NM_002124.4	.	.	P1	CCDS47409.1	ENSP00000353099	P01911.180	D7RIH8.101&X5DNQ0.51	UPI000008A1F7	.	1	.	.	PDB-ENSP_mappings:1a6a.B&PDB-ENSP_mappings:1aqd.B&PDB-ENSP_mappings:1aqd.E&PDB-ENSP_mappings:1aqd.H&PDB-ENSP_mappings:1aqd.K&PDB-ENSP_mappings:1bx2.B&PDB-ENSP_mappings:1bx2.E&PDB-ENSP_mappings:1d5m.B&PDB-ENSP_mappings:1d5x.B&PDB-ENSP_mappings:1d5z.B&PDB-ENSP_mappings:1d6e.B&PDB-ENSP_mappings:1dlh.B&PDB-ENSP_mappings:1dlh.E&PDB-ENSP_mappings:1fyt.B&PDB-ENSP_mappings:1hxy.B&PDB-ENSP_mappings:1j8h.B&PDB-ENSP_mappings:1jwm.B&PDB-ENSP_mappings:1jws.B&PDB-ENSP_mappings:1jwu.B&PDB-ENSP_mappings:1kg0.B&PDB-ENSP_mappings:1klg.B&PDB-ENSP_mappings:1klu.B&PDB-ENSP_mappings:1lo5.B&PDB-ENSP_mappings:1pyw.B&PDB-ENSP_mappings:1r5i.B&PDB-ENSP_mappings:1r5i.F&PDB-ENSP_mappings:1seb.B&PDB-ENSP_mappings:1seb.F&PDB-ENSP_mappings:1sje.B&PDB-ENSP_mappings:1sjh.B&PDB-ENSP_mappings:1t5w.B&PDB-ENSP_mappings:1t5w.E&PDB-ENSP_mappings:1t5x.B&PDB-ENSP_mappings:1ymm.B&PDB-ENSP_mappings:2fse.B&PDB-ENSP_mappings:2fse.D&PDB-ENSP_mappings:2g9h.B&PDB-ENSP_mappings:2iam.B&PDB-ENSP_mappings:2ian.B&PDB-ENSP_mappings:2ian.G&PDB-ENSP_mappings:2ian.L&PDB-ENSP_mappings:2ian.Q&PDB-ENSP_mappings:2icw.B&PDB-ENSP_mappings:2icw.E&PDB-ENSP_mappings:2ipk.B&PDB-ENSP_mappings:2oje.B&PDB-ENSP_mappings:2oje.F&PDB-ENSP_mappings:2seb.B&PDB-ENSP_mappings:2wbj.B&PDB-ENSP_mappings:2wbj.F&PDB-ENSP_mappings:2xn9.E&PDB-ENSP_mappings:3l6f.B&PDB-ENSP_mappings:3o6f.B&PDB-ENSP_mappings:3o6f.F&PDB-ENSP_mappings:3pdo.B&PDB-ENSP_mappings:3pgc.B&PDB-ENSP_mappings:3pgc.E&PDB-ENSP_mappings:3pgd.B&PDB-ENSP_mappings:3pgd.E&PDB-ENSP_mappings:3qxa.B&PDB-ENSP_mappings:3qxa.E&PDB-ENSP_mappings:3qxd.B&PDB-ENSP_mappings:3qxd.E&PDB-ENSP_mappings:3s4s.B&PDB-ENSP_mappings:3s4s.E&PDB-ENSP_mappings:3s5l.B&PDB-ENSP_mappings:3s5l.E&PDB-ENSP_mappings:3t0e.B&PDB-ENSP_mappings:4aen.B&PDB-ENSP_mappings:4ah2.B&PDB-ENSP_mappings:4c56.E&PDB-ENSP_mappings:4c56.K&PDB-ENSP_mappings:4e41.B&PDB-ENSP_mappings:4e41.G&PDB-ENSP_mappings:4fqx.B&PDB-ENSP_mappings:4gbx.B&PDB-ENSP_mappings:4i5b.B&PDB-ENSP_mappings:4i5b.E&PDB-ENSP_mappings:4is6.B&PDB-ENSP_mappings:4mcy.B&PDB-ENSP_mappings:4mcz.B&PDB-ENSP_mappings:4md0.B&PDB-ENSP_mappings:4md4.B&PDB-ENSP_mappings:4md5.B&PDB-ENSP_mappings:4mdi.B&PDB-ENSP_mappings:4mdj.B&PDB-ENSP_mappings:4ov5.B&PDB-ENSP_mappings:4ov5.E&PDB-ENSP_mappings:4ov5.H&PDB-ENSP_mappings:4ov5.K&PDB-ENSP_mappings:4ov5.N&PDB-ENSP_mappings:4ov5.Q&PDB-ENSP_mappings:4x5w.B&PDB-ENSP_mappings:4x5x.B&PDB-ENSP_mappings:4x5x.D&PDB-ENSP_mappings:4y19.B&PDB-ENSP_mappings:4y1a.B&PDB-ENSP_mappings:5jlz.B&PDB-ENSP_mappings:5jlz.D&PDB-ENSP_mappings:5lax.B&PDB-ENSP_mappings:5lax.D&PDB-ENSP_mappings:5ni9.B&PDB-ENSP_mappings:5nig.B&PDB-ENSP_mappings:5v4m.C&PDB-ENSP_mappings:5v4m.F&PDB-ENSP_mappings:5v4m.I&PDB-ENSP_mappings:5v4m.L&PDB-ENSP_mappings:5v4n.C&PDB-ENSP_mappings:5v4n.F&PDB-ENSP_mappings:6bij.B&PDB-ENSP_mappings:6bil.B&PDB-ENSP_mappings:6bin.B&PDB-ENSP_mappings:6bir.B&PDB-ENSP_mappings:6biv.A&PDB-ENSP_mappings:6bix.B&PDB-ENSP_mappings:6biy.B&PDB-ENSP_mappings:6biz.B&PDB-ENSP_mappings:6cpl.B&PDB-ENSP_mappings:6cpn.B&PDB-ENSP_mappings:6cpo.B&PDB-ENSP_mappings:6cpo.E&PDB-ENSP_mappings:6cqj.B&PDB-ENSP_mappings:6cqj.E&PDB-ENSP_mappings:6cqj.H&PDB-ENSP_mappings:6cql.B&PDB-ENSP_mappings:6cqn.B&PDB-ENSP_mappings:6cqq.B&PDB-ENSP_mappings:6cqq.G&PDB-ENSP_mappings:6cqr.B&PDB-ENSP_mappings:6cqr.G&PDB-ENSP_mappings:6hby.B&PDB-ENSP_mappings:6hby.E&PDB-ENSP_mappings:6nix.B&PDB-ENSP_mappings:6qza.BBB&PDB-ENSP_mappings:6qza.EEE&PDB-ENSP_mappings:6qzc.BBB&PDB-ENSP_mappings:6qzd.BBB&PDB-ENSP_mappings:6qzd.EEE&PDB-ENSP_mappings:6r0e.BBB&PDB-ENSP_mappings:6v0y.B&PDB-ENSP_mappings:6v13.B&PDB-ENSP_mappings:6v15.B&PDB-ENSP_mappings:6v18.B&PDB-ENSP_mappings:6v19.B&PDB-ENSP_mappings:6v1a.B	.	.	.	.	.	.	.	0.0004577	0	0.0006168	0.0006525	0.0002478	0.0005822	0.0005775	0	9.853e-05	0	0	0	0	0	0	0	0	0	0	0	0.0006525	gnomADe_ASJ	.	.	.	.	.	.	.	.	.	.	.	.	.	.	.	.	.	.	.	30	30
chr6:32664861:C:A	ENSG00000179344	A	stop_gained	HIGH	HLA-DQB1	ENSG00000179344	Transcript	ENST00000434651	protein_coding	2/5	.	.	.	366	316	106	E/*	Gag/Tag	rs1130385	.	-1	.	SNV	HGNC	HGNC:4944	YES	NM_002123.5	.	.	P4	CCDS43451.1	ENSP00000407332	.	Q5Y7D6.171	UPI000012C0BC	.	1	.	.	.	.	.	.	.	.	.	.	0.08138	0.07058	0.05939	0.1001	0.08968	0.08062	0.07455	0.0779	0.1262	0.2607	0.2993	0.3154	0.239	0.2344	0.2423	0.3313	0.24	0.2324	0.2899	0.3051	0.3313	gnomADg_FIN	.	.	.	.	.	.	.	.	.	.	-3	31	44	-11	0	0	0	0	HLA-DQB1	30	30
chr6:106663187:T:G	ENSG00000130348	G	splice_donor_variant	HIGH	QRSL1	ENSG00000130348	Transcript	ENST00000369046	protein_coding	.	10/10	.	.	.	.	.	.	.	rs374269566&COSV64688687	.	1	.	SNV	HGNC	HGNC:21020	YES	NM_018292.5	.	1	P1	CCDS5057.1	ENSP00000358042	Q9H0R6.149	.	UPI0000047463	Q9H0R6-1	1	.	.	.	.	.	.	.	.	.	.	0.0008731	0.001658	0.000271	0.0002018	0.0003488	0.001727	0.00118	0.0008483	3.31e-05	0.00115	0.0001691	0	0.0003948	0.002622	0.001356	0	0.003226	0.002078	0.001929	0	0.003226	gnomADg_MID	1KG_ALL:G:NA	.	0&1	0&1	.	.	.	.	.	.	43	-2	46	-2	0	0	0.07	0.98	QRSL1	30	30
chr6:109447382:AG:A	ENSG00000135596	-	frameshift_variant	HIGH	MICAL1	ENSG00000135596	Transcript	ENST00000358807	protein_coding	16/25	.	.	.	2141	2044	682	L/X	Ctg/tg	rs553320791&COSV57806997	.	-1	.	deletion	HGNC	HGNC:20619	YES	NM_022765.4	.	1	P2	CCDS5076.1	ENSP00000351664	Q8TDZ2.194	.	UPI00000745D0	Q8TDZ2-1	1	.	.	.	.	0.0038	0	0.0014	0.0159	0	0.002	0.00132	0	5.786e-05	0	0.0162	0	1.793e-05	0.0001633	0.0008492	0.0005675	0	0	6.578e-05	0	0.01408	0	0	1.472e-05	0.0004817	0.002294	0.0162	gnomADe_EAS	1KG_ALL:-:NA	.	0&1	1&1	.	.	.	.	.	.	-24	45	-26	39	0	0	0.03	0	MICAL1	.	.
chr6:132617703:C:T	ENSG00000146378	T	stop_gained	HIGH	TAAR2	ENSG00000146378	Transcript	ENST00000367931	protein_coding	2/2	.	.	.	503	503	168	W/*	tGg/tAg	rs8192646&CM134279&COSV51579147	.	-1	.	SNV	HGNC	HGNC:4514	YES	NM_001033080.1	.	1	P4	CCDS34541.1	ENSP00000356908	Q9P1P5.163	.	UPI000048F3E6	Q9P1P5-1	.	.	.	.	.	0.0587	0.0129	0.0086	0.1895	0.0109	0.0706	0.03639	0.01241	0.008084	0.01469	0.1973	0.01575	0.02299	0.02974	0.05705	0.02624	0.01275	0.001099	0.0154	0.01382	0.1866	0.01398	0.01582	0.02476	0.02199	0.06761	0.1973	gnomADe_EAS	1KG_ALL:T:NA	.	0&1&1	0&1&1	15329799&24517644&31710717&23393561&29055040&26650439&23686350	.	.	.	.	.	-2	17	4	0	0.07	0.01	0	0	TAAR2	30	30
chr6:138218046:A:AG	ENSG00000254440	G	frameshift_variant	HIGH	PBOV1	ENSG00000254440	Transcript	ENST00000527246	protein_coding	1/1	.	.	.	445	349	117	L/PX	cta/cCta	.	.	-1	.	insertion	HGNC	HGNC:21079	YES	NM_021635.3	.	.	P1	CCDS5190.1	ENSP00000432353	Q9GZY1.110	.	UPI0000073D97	.	.	.	.	.	.	.	.	.	.	.	.	.	.	.	.	.	.	.	.	.	.	.	.	.	.	.	.	.	.	.	.	.	.	.	.	.	.	.	.	.	.	.	.	-4	41	-3	1	0	0	0	0	PBOV1	.	.
chr6:143497103:G:A	ENSG00000293105	A	splice_donor_variant&non_coding_transcript_variant	HIGH	.	ENSG00000293105	Transcript	ENST00000589563	lncRNA	.	2/3	.	.	.	.	.	.	.	rs1338532	.	1	.	SNV	.	.	YES	.	.	5	.	.	.	.	.	.	.	.	.	.	.	.	0.0411	0.003	0.1225	0.0427	0.0119	0.0634	.	.	.	.	.	.	.	.	.	0.0182	0.002875	0	0.07312	0	0.04358	0.06986	0	0.002823	0.01967	0.0698	0.1225	AMR	.	.	.	.	.	.	.	.	.	.	.	.	.	.	.	.	.	.	.	30	30
chr6:152697964:GAGAT:G	ENSG00000120279	-	frameshift_variant	HIGH	MYCT1	ENSG00000120279	Transcript	ENST00000367245	protein_coding	1/2	.	.	.	69	63	21	RD/X	agAGAT/ag	rs3841162	.	1	.	deletion	HGNC	HGNC:23172	YES	NM_025107.3	.	1	P1	CCDS5239.1	ENSP00000356214	Q8N699.127	.	UPI0000073EDB	.	.	.	.	.	.	0.0843	0.1029	0.0821	0.1409	0.0219	0.0665	0.05482	0.09555	0.07267	0.03692	0.1809	0.05809	0.02696	0.04024	0.05024	0.05835	0.09455	0.001096	0.07144	0.03431	0.1698	0.06314	0.03165	0.0262	0.06651	0.05572	0.1809	gnomADe_EAS	.	.	.	.	.	.	.	.	.	.	0	6	-35	-40	0	0	0	0.01	MYCT1	30	30
chr6:167296214:G:A	ENSG00000112494	A	stop_gained	HIGH	UNC93A	ENSG00000112494	Transcript	ENST00000230256	protein_coding	3/8	.	.	.	627	452	151	W/*	tGg/tAg	rs2235197&COSV57807573	.	1	.	SNV	HGNC	HGNC:12570	YES	NM_018974.4	.	1	P1	CCDS5300.1	ENSP00000230256	Q86WB7.131	.	UPI0000062351	Q86WB7-1	.	.	.	.	.	0.1104	0.0371	0.1037	0.1399	0.1223	0.1718	0.1111	0.03765	0.1164	0.08671	0.1657	0.1462	0.09321	0.1034	0.1625	0.0854	0.03816	0.2989	0.08668	0.08353	0.1567	0.1507	0.07325	0.09044	0.07457	0.1621	0.2989	gnomADg_AMI	1KG_ALL:A:NA	.	0&1	1&1	31919106&35050183	.	.	.	.	.	2	-13	-7	47	0	0.02	0.03	0.14	UNC93A	30	30
chr6:167298071:G:C	ENSG00000112494	C	splice_donor_variant	HIGH	UNC93A	ENSG00000112494	Transcript	ENST00000230256	protein_coding	.	4/7	.	.	.	.	.	.	.	rs113906647&COSV57809865&CS134281	.	1	.	SNV	HGNC	HGNC:12570	YES	NM_018974.4	.	1	P1	CCDS5300.1	ENSP00000230256	Q86WB7.131	.	UPI0000062351	Q86WB7-1	.	.	.	.	.	0.0485	0	0.0764	0.1062	0.0109	0.0736	0.03311	0.005549	0.09632	0.01028	0.07459	0.01244	0.01346	0.02443	0.0477	0.01913	0.005409	0.02632	0.05515	0.008641	0.08074	0.01264	0	0.01347	0.02634	0.05477	0.1062	EAS	1KG_ALL:C:NA	.	0&1&1	0&1&1	32383162	.	.	.	.	.	-46	-1	-29	-1	0	0	0	0.96	UNC93A	30	30
chr20:145514:GCAAA:G	ENSG00000125788	-	frameshift_variant	HIGH	DEFB126	ENSG00000125788	Transcript	ENST00000382398	protein_coding	2/2	.	.	.	198	159	53	GK/X	ggCAAA/gg	rs11467497	.	1	.	deletion	HGNC	HGNC:15900	YES	NM_030931.4	.	1	P1	CCDS12990.1	ENSP00000371835	Q9BYW3.133	A0A384MDP8.17	UPI000013CBC7	.	.	.	.	.	.	.	.	.	.	.	.	0.1462	0.2639	0.1041	0.1966	0.06319	0.1018	0.1522	0.1636	0.1701	0.1782	0.2601	0.2115	0.1478	0.1979	0.07121	0.1069	0.2785	0.1519	0.1981	0.1797	0.2785	gnomADg_MID	.	.	.	1	35381696&25721098&36352091	.	.	.	.	.	33	26	-31	-27	0	0	0	0.04	DEFB126	30	30
chr20:3045699:A:AGCCCC	ENSG00000125787	GCCCC	frameshift_variant	HIGH	GNRH2	ENSG00000125787	Transcript	ENST00000359100	protein_coding	4/4	.	.	.	356	305	102	E/EPX	gag/gaGCCCCg	.	.	1	.	insertion	HGNC	HGNC:4420	YES	NM_178331.2	.	1	A2	CCDS13041.1	ENSP00000352003	O43555.163	.	UPI000002AAB0	O43555-3	.	.	.	.	.	.	.	.	.	.	.	.	.	.	.	.	.	.	.	.	.	.	.	.	.	.	.	.	.	.	.	.	.	.	.	.	.	.	.	.	.	.	.	.	.	.	.	.	.	.	.	.	.	.
chr20:3668985:ATCTGGACT:A	ENSG00000149451	-	frameshift_variant	HIGH	ADAM33	ENSG00000149451	Transcript	ENST00000356518	protein_coding	22/22	.	.	.	2418	2412	804	QVQM/HX	caAGTCCAGAtg/catg	rs17548837	.	-1	.	deletion	HGNC	HGNC:15478	YES	NM_025220.5	.	1	P4	CCDS13058.1	ENSP00000348912	Q9BZ11.195	.	UPI0000048F2A	Q9BZ11-1	.	.	.	.	.	0.0705	0.056	0.0937	0.1141	0.0368	0.0634	0.04197	0.05202	0.06927	0.02095	0.1082	0.02218	0.02931	0.03424	0.03714	0.04941	0.05773	0.02418	0.08511	0.03514	0.1129	0.02892	0.0414	0.03524	0.05019	0.05726	0.1141	EAS	.	.	.	1	.	.	.	.	.	.	.	.	.	.	.	.	.	.	.	30	30
chr20:23085831:TC:T	ENSG00000125810	-	frameshift_variant	HIGH	CD93	ENSG00000125810	Transcript	ENST00000246006	protein_coding	1/2	.	.	.	493	361	121	E/X	Gag/ag	rs762805003&COSV105850946	.	-1	.	deletion	HGNC	HGNC:15855	YES	NM_012072.4	.	1	P1	CCDS13149.1	ENSP00000246006	Q9NPY3.202	.	UPI00001273BC	.	.	.	.	PDB-ENSP_mappings:8a59.A	.	.	.	.	.	.	.	.	.	.	.	.	.	.	.	.	0	0	0	0	0	0	0	0	0	0	0	0	gnomADg_AFR&gnomADg_AMI&gnomADg_AMR&gnomADg_ASJ&gnomADg_EAS&gnomADg_FIN&gnomADg_MID&gnomADg_NFE&gnomADg_OTH&gnomADg_SAS	1KG_ALL:-:NA	.	0&1	0&1	.	.	.	.	.	.	24	-30	13	39	0	0	0	0	CD93	30	30
chr20:23603731:G:A	ENSG00000173335	A	stop_gained	HIGH	CST9	ENSG00000173335	Transcript	ENST00000376971	protein_coding	2/2	.	.	.	312	259	87	R/*	Cga/Tga	rs118095359&CM148733&COSV65402802	.	-1	.	SNV	HGNC	HGNC:13261	YES	NM_001008693.3	.	1	P1	CCDS33450.1	ENSP00000366170	Q5W186.121	.	UPI000013ED7B	.	.	.	.	.	.	0.0028	0.0008	0	0.0129	0	0	0.00119	0.000123	2.893e-05	0	0.0156	0	8.794e-06	0.0004892	0.0001633	0.000565	9.651e-05	0	6.543e-05	0	0.01366	0	0	7.349e-05	0.0009569	0.0006209	0.0156	gnomADe_EAS	1KG_ALL:A:NA	.	0&1&1	0&1&1	.	.	.	.	.	.	-4	3	2	-3	0	0.16	0	0.01	CST9	30	30
chr20:25012623:G:T	ENSG00000154930	T	stop_gained	HIGH	ACSS1	ENSG00000154930	Transcript	ENST00000323482	protein_coding	12/14	.	.	.	1786	1749	583	Y/*	taC/taA	rs758117687&COSV60221990	.	-1	.	SNV	HGNC	HGNC:16091	YES	NM_032501.4	.	1	P1	CCDS13167.1	ENSP00000316924	Q9NUB1.177	.	UPI00001615FE	Q9NUB1-1	.	.	.	.	.	.	.	.	.	.	.	0.0003953	0.0008112	5.791e-05	0.0001988	0.0004923	0.001023	0.0003883	0.001146	0	.	.	.	.	.	.	.	.	.	.	.	0.001146	gnomADe_OTH	1KG_ALL:T:NA	.	0&1	0&1	.	.	.	.	.	.	-12	41	41	-22	0	0	0	0	ACSS1	30	30
chr20:32796810:A:AG	ENSG00000088305	G	frameshift_variant	HIGH	DNMT3B	ENSG00000088305	Transcript	ENST00000328111	protein_coding	13/23	.	.	.	1639	1318	440	R/RX	agg/aGgg	.	.	1	.	insertion	HGNC	HGNC:2979	YES	NM_006892.4	.	1	A2	CCDS13205.1	ENSP00000328547	Q9UBC3.216	.	UPI0000001046	Q9UBC3-1	1	.	.	PDB-ENSP_mappings:6pa7.N&PDB-ENSP_mappings:6pa7.S&PDB-ENSP_mappings:7o45.A&PDB-ENSP_mappings:7o45.B&PDB-ENSP_mappings:7o45.C&PDB-ENSP_mappings:7o45.D	.	.	.	.	.	.	.	.	.	.	.	.	.	.	.	.	.	.	.	.	.	.	.	.	.	.	.	.	.	.	.	.	.	.	.	.	.	.	.	0	1	0	1	0.45	0.42	0	0	DNMT3B	30	30
chr20:35627312:C:CA	ENSG00000214078	A	frameshift_variant	HIGH	CPNE1	ENSG00000214078	Transcript	ENST00000397443	protein_coding	14/16	.	.	.	1344	1203	401	-/X	-/T	.	.	-1	.	insertion	HGNC	HGNC:2314	YES	NM_152925.3	.	5	P1	CCDS13260.1	ENSP00000380585	Q99829.185	.	UPI0000049386	.	.	.	.	.	.	.	.	.	.	.	.	.	.	.	.	.	.	.	.	.	.	.	.	.	.	.	.	.	.	.	.	.	.	.	.	.	.	.	.	.	.	.	.	3	4	-33	4	0	0	0.01	0.64	CPNE1	30	30
chr20:37179387:G:GCTTACAGACAGGGCCCCGCGGCCGGCACT	ENSG00000101353	CTTACAGACAGGGCCCCGCGGCCGGCACT	splice_donor_variant&stop_gained&frameshift_variant	HIGH	MROH8	ENSG00000101353	Transcript	ENST00000343811	protein_coding	.	.	.	.	160	92	31	N/KVPAAGPCL*X	aac/aaAGTGCCGGCCGCGGGGCCCTGTCTGTAAGc	.	.	-1	.	insertion	HGNC	HGNC:16125	YES	.	.	1	P3	.	ENSP00000513568	.	A0A8V8TLY2.3	UPI0020B0376E	.	.	.	.	.	.	.	.	.	.	.	.	.	.	.	.	.	.	.	.	.	.	.	.	.	.	.	.	.	.	.	.	.	.	.	.	.	.	.	.	.	.	.	.	.	.	.	.	.	.	.	.	.	30	30
chr20:37179387:G:GCTTATAGACAGGGCCCCGCGGCCGGCACT	ENSG00000101353	CTTACAGACAGGGCCCCGCGGCCGGCACT	splice_donor_variant&stop_gained&frameshift_variant	HIGH	MROH8	ENSG00000101353	Transcript	ENST00000343811	protein_coding	.	.	.	.	160	92	31	N/KVPAAGPCL*X	aac/aaAGTGCCGGCCGCGGGGCCCTGTCTGTAAGc	.	.	-1	.	insertion	HGNC	HGNC:16125	YES	.	.	1	P3	.	ENSP00000513568	.	A0A8V8TLY2.3	UPI0020B0376E	.	.	.	.	.	.	.	.	.	.	.	.	.	.	.	.	.	.	.	.	.	.	.	.	.	.	.	.	.	.	.	.	.	.	.	.	.	.	.	.	.	.	.	.	.	.	.	.	.	.	.	.	.	30	30
chr20:45891618:TG:T	ENSG00000064601	-	frameshift_variant	HIGH	CTSA	ENSG00000064601	Transcript	ENST00000646241	protein_coding	2/15	.	.	.	96	51	17	L/X	ctG/ct	rs564815597&COSV51943084&CX177259	.	1	.	deletion	HGNC	HGNC:9251	YES	NM_000308.4	.	.	.	CCDS46609.1	ENSP00000493613	P10619.244	.	UPI00001323E1	P10619-1	1	.	.	.	.	0.0429	0.0106	0.0303	0.129	0.007	0.044	0.01746	0.006978	0.05444	0.0009208	0.07082	0.01107	0.0007006	0.01374	0.02095	0.01398	0.01279	0	0.02545	0.001728	0.1252	0.02742	0.003165	0.001015	0.009551	0.036	0.129	EAS	1KG_ALL:-:NA	.	0&1&1	1&1&1	.	.	.	.	.	.	9	-49	9	26	0.01	0.05	0	0	CTSA	30	30
chr20:45891620:CTG:C	ENSG00000064601	-	frameshift_variant	HIGH	CTSA	ENSG00000064601	Transcript	ENST00000646241	protein_coding	2/15	.	.	.	98	53	18	L/X	cTG/c	rs562182818&COSV51941686	.	1	.	deletion	HGNC	HGNC:9251	YES	NM_000308.4	.	.	.	CCDS46609.1	ENSP00000493613	P10619.244	.	UPI00001323E1	P10619-1	1	.	.	.	.	0.0429	0.0106	0.0303	0.129	0.007	0.044	0.01765	0.006969	0.05462	0.0009214	0.07238	0.01128	0.0006917	0.01389	0.02101	0.014	0.01286	0	0.02547	0.001728	0.1249	0.02742	0.003165	0.001015	0.00956	0.03598	0.129	EAS	1KG_ALL:-:NA	.	0&1	1&1	.	.	.	.	.	.	7	-41	0	1	0	0	0	0	CTSA	30	30
chr9:116800:C:G	ENSG00000170122	G	stop_lost	HIGH	FOXD4	ENSG00000170122	Transcript	ENST00000382500	protein_coding	1/1	.	.	.	1618	1320	440	*/Y	taG/taC	rs79220013&COSV58697811	.	-1	.	SNV	HGNC	HGNC:3805	YES	NM_207305.5	.	.	P1	CCDS34975.1	ENSP00000371940	Q12950.179	.	UPI00001AFF18	.	.	.	.	.	.	.	.	.	.	.	.	0.2497	0.1396	0.168	0.3268	0.2855	0.3194	0.272	0.2592	0.2211	0.2319	0.1409	0.2913	0.195	0.3337	0.2748	0.3263	0.2373	0.2716	0.2411	0.2316	0.3337	gnomADg_ASJ	1KG_ALL:G:NA	.	0&1	0&1	.	.	.	.	.	.	10	-10	-6	48	0	0	0	0	FOXD4	.	.
chr9:117366:C:CCG	ENSG00000170122	CG	frameshift_variant	HIGH	FOXD4	ENSG00000170122	Transcript	ENST00000382500	protein_coding	1/1	.	.	.	1051	753	251	-/X	-/CG	rs773530430&COSV106059489&COSV58698461	.	-1	.	insertion	HGNC	HGNC:3805	YES	NM_207305.5	.	.	P1	CCDS34975.1	ENSP00000371940	Q12950.179	.	UPI00001AFF18	.	.	.	.	.	.	.	.	.	.	.	.	0.1592	0.2679	0.1728	0.1332	0.05112	0.1356	0.1708	0.1704	0.1383	0.2318	0.2854	0.1183	0.2485	0.1796	0.06651	0.2037	0.2467	0.2212	0.2231	0.1762	0.2854	gnomADg_AFR	1KG_ALL:CG:NA	.	0&1&1	0&1&1	.	.	.	.	.	.	.	.	.	.	.	.	.	.	.	.	.
chr9:117370:GCC:G	ENSG00000170122	-	frameshift_variant	HIGH	FOXD4	ENSG00000170122	Transcript	ENST00000382500	protein_coding	1/1	.	.	.	1046	748	250	G/X	GGc/c	rs754377138&COSV58700965	.	-1	.	deletion	HGNC	HGNC:3805	YES	NM_207305.5	.	.	P1	CCDS34975.1	ENSP00000371940	Q12950.179	.	UPI00001AFF18	.	.	.	.	.	.	.	.	.	.	.	.	0.1599	0.2706	0.1727	0.1322	0.05075	0.1347	0.1725	0.1692	0.1368	0.2319	0.2847	0.1197	0.2484	0.1798	0.06754	0.2035	0.2467	0.2217	0.2229	0.1766	0.2847	gnomADg_AFR	1KG_ALL:-:NA	.	0&1	0&1	.	.	.	.	.	.	25	29	-14	-24	0	0	0	0	FOXD4	.	.
chr9:6893142:C:A	ENSG00000107077	A	stop_gained	HIGH	KDM4C	ENSG00000107077	Transcript	ENST00000381309	protein_coding	8/22	.	.	.	1079	831	277	Y/*	taC/taA	rs200248939	.	1	.	SNV	HGNC	HGNC:17071	YES	NM_015061.6	.	1	P1	CCDS6471.1	ENSP00000370710	Q9H3R0.184	.	UPI0000367602	Q9H3R0-1	.	.	.	PDB-ENSP_mappings:2xml.A&PDB-ENSP_mappings:2xml.B&PDB-ENSP_mappings:4xdo.A&PDB-ENSP_mappings:4xdo.B&PDB-ENSP_mappings:4xdp.A&PDB-ENSP_mappings:4xdp.B&PDB-ENSP_mappings:5fjh.A&PDB-ENSP_mappings:5fjh.B&PDB-ENSP_mappings:5fjk.A&PDB-ENSP_mappings:5kr7.A&PDB-ENSP_mappings:5kr7.B	.	.	.	.	.	.	.	0.0006966	0.003843	3.077e-05	0.0002019	0.0005192	0.001318	0.0006361	0.0001739	0	.	.	.	.	.	.	.	.	.	.	.	0.003843	gnomADe_AFR	.	.	.	.	.	.	.	.	.	.	35	-47	-47	-10	0	0.01	0	0	KDM4C	30	30
chr9:68387464:G:A	ENSG00000154330	A	splice_region_variant&synonymous_variant	LOW	PGM5	ENSG00000154330	Transcript	ENST00000396396	protein_coding	4/11	.	.	.	1090	573	191	V	gtG/gtA	rs151283035&COSV67165086	.	1	.	SNV	HGNC	HGNC:8908	YES	NM_021965.4	.	2	P1	CCDS6622.2	ENSP00000379678	Q15124.179	.	UPI0000210ABF	Q15124-1	.	.	.	.	.	0.0016	0	0	0.001	0.001	0.0061	0.001396	0.0003706	8.724e-05	0	0.0001633	9.266e-05	0.0008945	0.00148	0.007392	0.004523	0.002627	0	0.00447	0.002292	0.006429	0.00352	0.007407	0.00549	0.00618	0.01007	0.01007	gnomADg_SAS	1KG_ALL:A:NA	.	0&1	0&1	.	.	.	.	.	.	2	8	2	8	0.58	0.01	0	0	PGM5	30	30
chr9:122629491:C:CA	ENSG00000280094	A	frameshift_variant	HIGH	OR1B1	ENSG00000280094	Transcript	ENST00000623530	protein_coding	2/2	.	.	.	574	41	14	L/FX	ttg/ttTg	.	.	-1	.	insertion	HGNC	HGNC:8181	YES	NM_001004450.3	.	.	P1	.	ENSP00000485577	Q8NGR6.152	.	UPI000003CAC6	.	.	.	.	.	.	.	.	.	.	.	.	.	.	.	.	.	.	.	.	.	.	.	.	.	.	.	.	.	.	.	.	.	.	.	.	.	.	.	.	.	.	.	.	-19	13	-9	8	0	0	0	0	OR1B1	.	.
chr9:124923227:T:C	ENSG00000136935	C	splice_region_variant&splice_polypyrimidine_tract_variant&intron_variant	LOW	GOLGA1	ENSG00000136935	Transcript	ENST00000373555	protein_coding	.	7/22	.	.	.	.	.	.	.	rs9644946	.	-1	.	SNV	HGNC	HGNC:4424	YES	NM_002077.4	.	1	P1	CCDS6860.1	ENSP00000362656	Q92805.172	.	UPI000013D059	.	.	.	.	.	.	0.0525	0	0.0029	0.1329	0.0089	0.1207	0.03324	0.0004986	0.003011	0.02663	0.1604	0.05243	0.00552	0.02364	0.1051	0.01601	0.000651	0	0.003401	0.02768	0.1543	0.05305	0.003165	0.004689	0.01242	0.114	0.1604	gnomADe_EAS	.	.	.	.	16400609	.	.	.	.	.	-1	-4	1	-49	0.95	0.03	0	0	GOLGA1	30	30
chr5:256368:CTT:C	ENSG00000073578	-	frameshift_variant	HIGH	SDHA	ENSG00000073578	Transcript	ENST00000264932	protein_coding	15/15	.	.	.	1980	1944	648	TL/TX	acTTtg/actg	rs112307877	.	1	.	deletion	HGNC	HGNC:10680	YES	NM_004168.4	.	1	P1	CCDS3853.1	ENSP00000264932	P31040.237	A0A024QZ30.57	UPI0000000C2C	P31040-1	1	.	.	PDB-ENSP_mappings:6vax.A&PDB-ENSP_mappings:6vax.C	.	.	.	.	.	.	.	1.217e-05	0.0001273	2.988e-05	0	0	0	0	0	0	0.0002005	0.0004463	0	0.0001351	0	0.00125	9.489e-05	0	2.955e-05	0	0.0002112	0.00125	gnomADg_EAS	.	.	.	1	26556299&33466296&31527833&30276801&31512412	.	.	.	.	.	-36	-35	-35	-27	0	0	0	0	SDHA	30	30
chr5:176599120:TCAAAGACCCAGGA:T	ENSG00000169258	-	frameshift_variant	HIGH	GPRIN1	ENSG00000169258	Transcript	ENST00000303991	protein_coding	2/2	.	.	.	903	702	234	DPGSL/X	gaTCCTGGGTCTTTG/ga	rs761227225&COSV56135283	.	-1	.	deletion	HGNC	HGNC:24835	YES	NM_052899.3	.	1	P1	CCDS4405.1	ENSP00000305839	Q7Z2K8.151	.	UPI0000246D49	Q7Z2K8-1	.	.	.	.	.	.	.	.	.	.	.	0.2618	0.2956	0.2249	0.2719	0.3268	0.2045	0.2646	0.2717	0.2705	0.2758	0.2977	0.2	0.2378	0.2748	0.3342	0.2272	0.3259	0.2737	0.2729	0.2931	0.3342	gnomADg_EAS	1KG_ALL:-:NA	.	0&1	1&1	.	.	.	.	.	.	.	.	.	.	.	.	.	.	.	30	30
chr5:176599134:TCCTCCTTCCTC:T	ENSG00000169258	-	frameshift_variant	HIGH	GPRIN1	ENSG00000169258	Transcript	ENST00000303991	protein_coding	2/2	.	.	.	891	690	230	PRKED/PX	ccGAGGAAGGAGGat/ccat	rs749944557&COSV56135285	.	-1	.	deletion	HGNC	HGNC:24835	YES	NM_052899.3	.	1	P1	CCDS4405.1	ENSP00000305839	Q7Z2K8.151	.	UPI0000246D49	Q7Z2K8-1	.	.	.	.	.	.	.	.	.	.	.	0.2621	0.2957	0.2251	0.2719	0.3272	0.2056	0.265	0.2721	0.2706	0.2757	0.2977	0.2	0.2378	0.2746	0.3337	0.227	0.3259	0.2737	0.2722	0.2926	0.3337	gnomADg_EAS	1KG_ALL:-:NA	.	0&1	1&1	.	.	.	.	.	.	.	.	.	.	.	.	.	.	.	.	.
chr19:1989868:G:A	ENSG00000267283	A	splice_donor_variant&non_coding_transcript_variant	HIGH	.	ENSG00000267283	Transcript	ENST00000587498	lncRNA	.	1/1	.	.	.	.	.	.	.	rs7251590	.	1	.	SNV	.	.	YES	.	.	3	.	.	.	.	.	.	.	.	.	.	.	.	0.1817	0.3865	0.0591	0.1131	0.0875	0.1595	.	.	.	.	.	.	.	.	.	0.1618	0.3466	0.08333	0.09575	0.1415	0.1186	0.06445	0.08544	0.08694	0.1456	0.1446	0.3865	AFR	.	.	.	.	.	.	.	.	.	.	.	.	.	.	.	.	.	.	.	30	30
chr19:2255312:C:G	ENSG00000167476	G	start_lost	HIGH	JSRP1	ENSG00000167476	Transcript	ENST00000300961	protein_coding	2/7	.	.	.	68	3	1	M/I	atG/atC	rs7250822&COSV55558698	.	-1	.	SNV	HGNC	HGNC:24963	YES	NM_144616.4	.	2	P1	CCDS12086.1	ENSP00000300961	Q96MG2.138	.	UPI000006EA5D	.	.	tolerated_low_confidence(0.45)	benign(0)	.	.	0.2348	0.475	0.1326	0.2728	0.0239	0.1605	0.0883	0.4239	0.1134	0.03411	0.2437	0.006074	0.02333	0.05963	0.1145	0.1554	0.4204	0.02412	0.1551	0.03404	0.2382	0.007729	0.04747	0.02274	0.1291	0.1202	0.475	AFR	1KG_ALL:G:NA	.	0&1	0&1	17952073&20442750	.	.	.	.	.	4	28	-15	1	0.01	0	0	0	JSRP1	30	30
chr19:8910510:T:G	ENSG00000181143	G	splice_acceptor_variant	HIGH	MUC16	ENSG00000181143	Transcript	ENST00000711672	protein_coding	.	22/87	.	.	.	.	.	.	.	rs77057234	.	-1	.	SNV	HGNC	HGNC:15582	YES	.	.	.	.	.	ENSP00000518832	.	.	.	.	1	.	.	.	.	.	.	.	.	.	.	.	.	.	.	.	.	.	.	.	0.009978	0.008807	0.002283	0.01617	0.003963	0.01172	0.01021	0	0.008656	0.01527	0.01798	0.01798	gnomADg_SAS	.	.	.	.	.	.	.	.	.	.	17	-2	17	-24	0.45	0.98	0	0	MUC16	30	30
chr19:9126022:G:GATGGT	ENSG00000170920	ATGGT	frameshift_variant	HIGH	OR7G3	ENSG00000170920	Transcript	ENST00000305444	protein_coding	1/1	.	.	.	928	928	310	S/YHX	tct/tACCATct	.	.	-1	.	insertion	HGNC	HGNC:8467	YES	NM_001001958.1	.	.	P1	CCDS32899.1	ENSP00000302867	Q8NG95.158	A0A126GVR4.40	UPI0000041C0E	.	.	.	.	.	.	.	.	.	.	.	.	.	.	.	.	.	.	.	.	.	.	.	.	.	.	.	.	.	.	.	.	.	.	.	.	.	.	.	.	.	.	.	.	.	.	.	.	.	.	.	.	.	30	30
chr19:9126240:AG:A	ENSG00000170920	-	frameshift_variant	HIGH	OR7G3	ENSG00000170920	Transcript	ENST00000305444	protein_coding	1/1	.	.	.	710	710	237	A/X	gCt/gt	rs75266995&COSV59639739	.	-1	.	deletion	HGNC	HGNC:8467	YES	NM_001001958.1	.	.	P1	CCDS32899.1	ENSP00000302867	Q8NG95.158	A0A126GVR4.40	UPI0000041C0E	.	.	.	.	.	.	0.0627	0.0923	0.0576	0.0317	0.0427	0.0787	0.05573	0.08128	0.07028	0.0128	0.03006	0.03538	0.05327	0.04857	0.08029	0.05974	0.08258	0.02961	0.06014	0.01499	0.02737	0.03532	0.003165	0.05356	0.05072	0.08347	0.0923	AFR	1KG_ALL:-:NA	.	0&1	0&1	.	.	.	.	.	.	20	19	-14	10	0	0.02	0.03	0.06	OR7G3	.	.
chr19:9126293:G:A	ENSG00000170920	A	stop_gained	HIGH	OR7G3	ENSG00000170920	Transcript	ENST00000305444	protein_coding	1/1	.	.	.	658	658	220	R/*	Cga/Tga	rs61751875	.	-1	.	SNV	HGNC	HGNC:8467	YES	NM_001001958.1	.	.	P1	CCDS32899.1	ENSP00000302867	Q8NG95.158	A0A126GVR4.40	UPI0000041C0E	.	.	.	.	.	.	0.0333	0.0946	0.0058	0.0357	0.002	0	0.01073	0.09226	0.004685	0.008434	0.04045	0.0005081	0.00117	0.007012	0.0007513	0.02862	0.09231	0	0.01101	0.00692	0.04049	0.0001885	0.006329	0.001088	0.02059	0.001867	0.0946	AFR	.	.	.	.	28137300	.	.	.	.	.	3	-34	2	-43	0	0.02	0.01	0.06	OR7G3	.	.
chr19:13959894:A:AGGTGGGCCCAGGGCGGGCAG	ENSG00000132017	GGTGGGCCCAGGGCGGGCAG	frameshift_variant&splice_region_variant	HIGH	DCAF15	ENSG00000132017	Transcript	ENST00000254337	protein_coding	9/13	.	.	.	1443	1439	480	E/EVGPGRAX	gag/gaGGTGGGCCCAGGGCGGGCAGg	.	.	1	.	insertion	HGNC	HGNC:25095	YES	NM_138353.4	.	1	P1	CCDS32926.1	ENSP00000254337	Q66K64.129	.	UPI0000203531	.	.	.	.	PDB-ENSP_mappings:6pai.C&PDB-ENSP_mappings:6q0r.C&PDB-ENSP_mappings:6q0v.C&PDB-ENSP_mappings:6q0w.C&PDB-ENSP_mappings:6sj7.A&PDB-ENSP_mappings:6ud7.A&PDB-ENSP_mappings:6ue5.A	.	.	.	.	.	.	.	.	.	.	.	.	.	.	.	.	.	.	.	.	.	.	.	.	.	.	.	.	.	.	.	.	.	.	.	.	.	.	.	.	.	.	.	.	.	.	.	.	.	.
chr19:14478566:C:T	ENSG00000123159	T	splice_region_variant&synonymous_variant	LOW	GIPC1	ENSG00000123159	Transcript	ENST00000393033	protein_coding	9/9	.	.	.	1117	852	284	A	gcG/gcA	rs1127307&COSV52876126	.	-1	.	SNV	HGNC	HGNC:1226	YES	NM_005716.4	.	1	P1	CCDS12310.1	ENSP00000376753	O14908.194	A0A024R7I0.65	UPI000012B4BB	O14908-1	1	.	.	.	.	0.2482	0.27	0.2651	0.3036	0.2217	0.1769	0.214	0.2598	0.2186	0.2185	0.3206	0.2127	0.2039	0.2144	0.1572	0.2279	0.2605	0.1876	0.2545	0.216	0.3206	0.2156	0.1551	0.202	0.2517	0.1672	0.3206	gnomADe_EAS&gnomADg_EAS	1KG_ALL:T:NA	.	0&1	0&1	16400609&22419660&16472775	.	.	.	.	.	-2	-16	-2	-9	0.93	0	0	0	GIPC1	.	.
chr19:15548178:ACT:A	ENSG00000171954	-	frameshift_variant	HIGH	CYP4F22	ENSG00000171954	Transcript	ENST00000269703	protein_coding	11/14	.	.	.	1375	1208	403	T/X	aCT/a	rs763109569	.	1	.	deletion	HGNC	HGNC:26820	YES	NM_173483.4	.	2	P1	CCDS12331.1	ENSP00000269703	Q6NT55.159	.	UPI000013D84B	.	1	.	.	.	.	.	.	.	.	.	.	1.591e-05	0	0	0	0.0002175	0	0	0	0	6.591e-06	0	0	0	0	0.0001936	0	0	0	0	0	0.0002175	gnomADe_EAS	.	.	.	.	.	.	.	.	.	.	-25	-28	-15	17	0	0.03	0	0	CYP4F22	30	30
chr19:35228117:C:T	ENSG00000177558	T	stop_gained	HIGH	FAM187B	ENSG00000177558	Transcript	ENST00000324675	protein_coding	1/2	.	.	.	623	564	188	W/*	tgG/tgA	rs541169&COSV61201002	.	-1	.	SNV	HGNC	HGNC:26366	YES	NM_152481.2	.	1	P1	CCDS12448.1	ENSP00000323355	Q17R55.115	.	UPI0000049306	.	.	.	.	.	.	0.3183	0.3124	0.3487	0.1746	0.3221	0.4489	0.3362	0.3077	0.337	0.3287	0.1769	0.3365	0.3303	0.3389	0.4693	0.3278	0.3094	0.3769	0.3431	0.338	0.1742	0.3351	0.4108	0.3344	0.3618	0.4576	0.4693	gnomADe_SAS	1KG_ALL:T:NA	.	0&1	0&1	26359528	.	.	.	.	.	-28	11	6	-27	0	0	0	0	FAM187B	.	.
chr19:41116202:G:GC	ENSG00000197446	C	frameshift_variant	HIGH	CYP2F1	ENSG00000197446	Transcript	ENST00000331105	protein_coding	2/10	.	.	.	86	14	5	S/SX	agc/agCc	CI071425	.	1	.	insertion	HGNC	HGNC:2632	YES	NM_000774.5	.	1	P1	CCDS12572.1	ENSP00000333534	P24903.183	.	UPI000013C622	P24903-1	.	.	.	.	.	.	.	.	.	.	.	.	.	.	.	.	.	.	.	.	.	.	.	.	.	.	.	.	.	.	.	.	.	1KG_ALL:C:NA	.	1	1	.	.	.	.	.	.	26	-28	-25	30	0	0.12	0	0	CYP2F1	30	30
chr19:43268150:C:T	ENSG00000183668	T	splice_acceptor_variant	HIGH	PSG9	ENSG00000183668	Transcript	ENST00000270077	protein_coding	.	1/5	.	.	.	.	.	.	.	rs3746297&COSV52484890	.	-1	.	SNV	HGNC	HGNC:9526	YES	NM_002784.5	.	1	P2	CCDS12618.1	ENSP00000270077	Q00887.184	.	UPI00001327A5	Q00887-1	.	.	.	.	.	0.1895	0.2141	0.1455	0.38	0.0825	0.1012	0.1151	0.2009	0.1429	0.07872	0.3676	0.0897	0.06376	0.09758	0.09891	0.1203	0.1974	0.1626	0.1183	0.0791	0.3726	0.07868	0.07278	0.06422	0.1269	0.1035	0.38	EAS	1KG_ALL:T:NA	.	0&1	0&1	29956771	.	.	.	.	.	-43	-1	36	-1	0.14	0.96	0	0	PSG9	30	30
chr19:48703560:C:T	ENSG00000176920	T	stop_gained	HIGH	FUT2	ENSG00000176920	Transcript	ENST00000425340	protein_coding	2/2	.	.	.	725	604	202	R/*	Cga/Tga	rs1800028&CM960664	.	1	.	SNV	HGNC	HGNC:4013	YES	NM_000511.6	.	1	P1	CCDS33069.1	ENSP00000387498	Q10981.194	A8K2L2.108	UPI00000338F5	.	1	.	.	.	.	0.0008	0	0	0.004	0	0	0.000558	0.0006171	0.0004048	0	0.005764	0	2.643e-05	0.0004905	0.0001316	0.0005066	0.0005553	0	0.0005245	0	0.007118	0	0	2.941e-05	0.003359	0	0.007118	gnomADg_EAS	1KG_ALL:T:NA	pathogenic&confers_sensitivity	0&1	1&1	25741868&32764781&8755920&8928486&31850076&29123975&30401457	.	.	.	.	.	31	-14	1	-46	0	0	0	0	FUT2	30	30
chr19:48939592:T:TG	ENSG00000104808	G	frameshift_variant	HIGH	DHDH	ENSG00000104808	Transcript	ENST00000221403	protein_coding	4/7	.	.	.	533	510	170	-/X	-/G	.	.	1	.	insertion	HGNC	HGNC:17887	YES	NM_014475.4	.	1	P1	CCDS12741.1	ENSP00000221403	Q9UQ10.146	.	UPI000006DD01	.	.	.	.	.	.	.	.	.	.	.	.	.	.	.	.	.	.	.	.	.	.	.	.	.	.	.	.	.	.	.	.	.	.	.	.	.	.	.	.	.	.	.	.	39	-14	-19	-14	0	0.01	0	0	DHDH	30	30
chr19:48942517:C:T	ENSG00000104808	T	stop_gained	HIGH	DHDH	ENSG00000104808	Transcript	ENST00000221403	protein_coding	5/7	.	.	.	720	697	233	Q/*	Cag/Tag	rs10423255&COSV55483321	.	1	.	SNV	HGNC	HGNC:17887	YES	NM_014475.4	.	1	P1	CCDS12741.1	ENSP00000221403	Q9UQ10.146	.	UPI000006DD01	.	.	.	.	.	.	0.0551	0.0681	0.0461	0.0506	0.0606	0.0429	0.05526	0.06312	0.04332	0.04214	0.05162	0.05513	0.05994	0.0553	0.05382	0.05939	0.06299	0.1024	0.04401	0.0481	0.04934	0.0562	0.04747	0.06251	0.05975	0.05176	0.1024	gnomADg_AMI	1KG_ALL:T:NA	.	0&1	0&1	.	.	.	.	.	.	-38	-45	41	47	0	0.03	0	0.01	DHDH	30	30
chr19:51501537:G:GC	ENSG00000254521	C	frameshift_variant	HIGH	SIGLEC12	ENSG00000254521	Transcript	ENST00000291707	protein_coding	1/8	.	.	.	263	196	66	A/GX	gca/gGca	.	.	-1	.	insertion	HGNC	HGNC:15482	YES	NM_053003.4	.	1	P1	CCDS12833.1	ENSP00000291707	Q96PQ1.186	.	UPI0000135992	Q96PQ1-1	.	.	.	.	.	.	.	.	.	.	.	.	.	.	.	.	.	.	.	.	.	.	.	.	.	.	.	.	.	.	.	.	.	.	.	.	.	.	.	.	.	.	.	-31	20	-11	-4	0	0	0	0	SIGLEC12	30	30
chr19:51581437:A:AG	ENSG00000105497	G	frameshift_variant	HIGH	ZNF175	ENSG00000105497	Transcript	ENST00000262259	protein_coding	3/5	.	.	.	492	119	40	E/EX	gag/gaGg	.	.	1	.	insertion	HGNC	HGNC:12964	YES	NM_007147.4	.	1	P1	CCDS12837.1	ENSP00000262259	Q9Y473.195	.	UPI000013C30A	.	.	.	.	.	.	.	.	.	.	.	.	.	.	.	.	.	.	.	.	.	.	.	.	.	.	.	.	.	.	.	.	.	.	.	.	.	.	.	.	.	.	.	.	0	-47	0	32	0	0.12	0	0	ZNF175	30	30
chr19:52384817:T:TTTGGGAGGCCGAGGCGG	ENSG00000221923	TTGGGAGGCCGAGGCGG	frameshift_variant	HIGH	ZNF880	ENSG00000221923	Transcript	ENST00000422689	protein_coding	4/4	.	.	.	1280	1237	413	C/FGRPRRX	tgt/tTTGGGAGGCCGAGGCGGgt	rs755155273&COSV106573188&COSV69906205	.	1	.	insertion	HGNC	HGNC:37249	YES	NM_001145434.2	.	2	P1	CCDS46164.1	ENSP00000406318	Q6PDB4.135	.	UPI00001D818D	Q6PDB4-1	.	.	.	.	.	.	.	.	.	.	.	0.06822	0.04995	0.05836	0.06896	0.04697	0.06611	0.07005	0.05776	0.09874	0.09401	0.08296	0.08793	0.09399	0.1123	0.07967	0.07967	0.1466	0.1018	0.09301	0.1126	0.1466	gnomADg_MID	1KG_ALL:TTGGGAGGCCGAGGCGG:NA	.	0&1&1	0&1&1	.	.	.	.	.	.	.	.	.	.	.	.	.	.	.	30	30
chr19:52801215:CAT:C	ENSG00000198538	-	frameshift_variant	HIGH	ZNF28	ENSG00000198538	Transcript	ENST00000457749	protein_coding	4/4	.	.	.	749	628	210	M/X	ATg/g	rs146695045&COSV60424068	.	-1	.	deletion	HGNC	HGNC:13073	YES	NM_006969.5	.	1	P1	CCDS33093.2	ENSP00000397693	P17035.190	.	UPI00001D8190	P17035-1	.	.	.	.	.	0.013	0	0	0.0456	0	0.0194	0.005749	0.0005547	0.0006072	0.0002976	0.04866	9.24e-05	0.0001935	0.002937	0.01552	0.002438	0.0005795	0	0.0003273	0.000288	0.04757	9.427e-05	0	0.0001323	0.002868	0.01614	0.04866	gnomADe_EAS	1KG_ALL:-:NA	.	0&1	1&1	34282934	.	.	.	.	.	17	4	-19	19	0	0	0	0	ZNF28	30	30
chr19:54587200:G:A	ENSG00000239998	A	splice_acceptor_variant	HIGH	LILRA2	ENSG00000239998	Transcript	ENST00000391738	protein_coding	.	7/7	.	.	.	.	.	.	.	rs2241524&COSV52189668	.	1	.	SNV	HGNC	HGNC:6603	YES	NM_001130917.3	.	1	P4	CCDS46179.1	ENSP00000375618	Q8N149.167	.	UPI00034F238E	Q8N149-1	.	.	.	.	.	0.0964	0.0204	0.1628	0.2698	0.0109	0.0613	0.06619	0.0317	0.2151	0.01241	0.2984	0.01554	0.009648	0.04246	0.04313	0.03689	0.02938	0.002193	0.1139	0.008065	0.2908	0.01818	0.009494	0.00906	0.03448	0.04878	0.2984	gnomADe_EAS	1KG_ALL:A:NA	.	0&1	0&1	34484216&17903297&20236493&28351852&18273033&37029297&23555527	.	.	.	.	.	10	1	24	1	0.8	0.76	0	0	LILRA2	30	30
chr19:55303667:A:AC	ENSG00000160469	C	frameshift_variant&splice_region_variant	HIGH	BRSK1	ENSG00000160469	Transcript	ENST00000309383	protein_coding	12/19	.	.	.	1573	1127	376	D/DX	gac/gaCc	.	.	1	.	insertion	HGNC	HGNC:18994	YES	NM_032430.2	.	1	P1	CCDS12921.1	ENSP00000310649	Q8TDC3.187	.	UPI0000070495	Q8TDC3-1	.	.	.	.	.	.	.	.	.	.	.	.	.	.	.	.	.	.	.	.	.	.	.	.	.	.	.	.	.	.	.	.	.	.	.	.	.	.	.	.	.	.	.	13	-1	-23	13	0	0.01	0	0	BRSK1	30	30
chr19:56193031:A:AG	ENSG00000197213	G	frameshift_variant	HIGH	ZSCAN5B	ENSG00000197213	Transcript	ENST00000586855	protein_coding	2/5	.	.	.	198	21	7	-/X	-/C	.	.	-1	.	insertion	HGNC	HGNC:34246	YES	NM_001080456.5	.	5	P1	CCDS46203.1	ENSP00000466072	A6NJL1.132	.	UPI000059D7BA	.	.	.	.	.	.	.	.	.	.	.	.	.	.	.	.	.	.	.	.	.	.	.	.	.	.	.	.	.	.	.	.	.	.	.	.	.	.	.	.	.	.	.	.	22	25	-35	25	0.07	0.02	0	0	ZSCAN5B	30	30
chr19:56193035:TG:T	ENSG00000197213	-	frameshift_variant	HIGH	ZSCAN5B	ENSG00000197213	Transcript	ENST00000586855	protein_coding	2/5	.	.	.	194	17	6	T/X	aCa/aa	rs767211827	.	-1	.	deletion	HGNC	HGNC:34246	YES	NM_001080456.5	.	5	P1	CCDS46203.1	ENSP00000466072	A6NJL1.132	.	UPI000059D7BA	.	.	.	.	.	.	.	.	.	.	.	.	1.063e-05	0	0	0	7.692e-05	0	1.231e-05	0	0	1.316e-05	2.416e-05	0	0	0	0.0001936	0	0	0	0	0	0.0001936	gnomADg_EAS	.	.	.	.	.	.	.	.	.	.	19	-16	-38	-10	0.08	0	0	0	ZSCAN5B	30	30
chr19:58262674:T:TGTAG	ENSG00000198131	GTAG	frameshift_variant	HIGH	ZNF544	ENSG00000198131	Transcript	ENST00000687789	protein_coding	7/7	.	.	.	2332	2068	690	C/CRX	tgt/tGTAGgt	.	.	1	.	insertion	HGNC	HGNC:16759	YES	NM_014480.4	.	.	P1	CCDS12973.1	ENSP00000510489	Q6NX49.166	.	UPI000013D856	.	.	.	.	.	.	.	.	.	.	.	.	.	.	.	.	.	.	.	.	.	.	.	.	.	.	.	.	.	.	.	.	.	.	.	.	.	.	.	.	.	.	.	.	.	.	.	.	.	.	.	.	.	.	.
