585	1	1296625	1301745	chr1.225	5	1024	227328	hg38.gc5Base.bw	0	100	1024	66620	4722800
585	1	2289905	2295025	chr1.419	5	1024	425984	hg38.gc5Base.bw	0	100	1024	61420	4132400
585	1	2540785	2545905	chr1.468	5	1024	476160	hg38.gc5Base.bw	0	100	1024	64980	4551600
585	1	3224290	3229410	chr1.594	5	1024	604160	hg38.gc5Base.bw	0	100	1024	55860	3577200
585	1	3280610	3285730	chr1.605	5	1024	615424	hg38.gc5Base.bw	0	100	1024	60400	3993600
585	1	3342050	3347170	chr1.617	5	1024	627712	hg38.gc5Base.bw	0	100	1024	51300	3097200
585	1	3618530	3623650	chr1.671	5	1024	683008	hg38.gc5Base.bw	0	100	1024	52500	3188400
585	1	3905250	3910370	chr1.727	5	1024	740352	hg38.gc5Base.bw	0	100	1024	55340	3476400
585	1	4115170	4120290	chr1.768	5	1024	782336	hg38.gc5Base.bw	0	100	1024	54440	3330400
585	1	4253410	4258530	chr1.795	5	1024	809984	hg38.gc5Base.bw	0	100	1024	46900	2614000
585	1	4386530	4391650	chr1.821	5	1024	836608	hg38.gc5Base.bw	0	100	1024	51160	2980000
585	1	4391650	4396770	chr1.822	5	1024	837632	hg38.gc5Base.bw	0	100	1024	43480	2360000
585	1	4427490	4432610	chr1.829	5	1024	844800	hg38.gc5Base.bw	0	100	1024	48120	2717600
585	1	4432610	4437730	chr1.830	5	1024	845824	hg38.gc5Base.bw	0	100	1024	48260	2766000
585	1	4473570	4478690	chr1.838	5	1024	854016	hg38.gc5Base.bw	0	100	1024	45280	2448800
585	1	4652770	4657890	chr1.873	5	1024	889856	hg38.gc5Base.bw	0	100	1024	67220	4966000
585	1	5077730	5082850	chr1.956	5	1024	974848	hg38.gc5Base.bw	0	100	1024	45060	2475600
585	1	6296290	6301410	chr1.1194	5	1024	1218560	hg38.gc5Base.bw	0	100	1024	54040	3353600
585	1	6649570	6654690	chr1.1263	5	1024	1289216	hg38.gc5Base.bw	0	100	1024	49620	2914800
585	1	7299810	7304930	chr1.1390	5	1024	1419264	hg38.gc5Base.bw	0	100	1024	44140	2458000
585	1	7566050	7571170	chr1.1442	5	1024	1472512	hg38.gc5Base.bw	0	100	1024	51000	2952000
585	1	7576290	7581410	chr1.1444	5	1024	1474560	hg38.gc5Base.bw	0	100	1024	54300	3374800
585	1	8349410	8354530	chr1.1595	5	1024	1629184	hg38.gc5Base.bw	0	100	1024	55820	3496400
585	1	8805090	8810210	chr1.1684	5	1024	1720320	hg38.gc5Base.bw	0	100	1024	43200	2413600
585	1	9317090	9322210	chr1.1784	5	1024	1822720	hg38.gc5Base.bw	0	100	1024	57420	3695600
585	1	9327330	9332450	chr1.1786	5	1024	1824768	hg38.gc5Base.bw	0	100	1024	51100	3044400
585	1	9496290	9501410	chr1.1819	5	1024	1858560	hg38.gc5Base.bw	0	100	1024	47620	2725200
585	1	9562850	9567970	chr1.1832	5	1024	1871872	hg38.gc5Base.bw	0	100	1024	43780	2440400
585	1	9644770	9649890	chr1.1848	5	1024	1888256	hg38.gc5Base.bw	0	100	1024	49180	2933200
585	1	9946850	9951970	chr1.1907	5	1024	1948672	hg38.gc5Base.bw	0	100	1024	46600	2641600
585	1	10146530	10151650	chr1.1946	5	1024	1988608	hg38.gc5Base.bw	0	100	1024	44620	2522000
585	1	10376930	10382050	chr1.1991	5	1024	2034688	hg38.gc5Base.bw	0	100	1024	46480	2630400
585	1	10479330	10484450	chr1.2011	5	1024	2055168	hg38.gc5Base.bw	0	100	1024	46280	2657600
585	1	10986210	10991330	chr1.2110	5	1024	2156544	hg38.gc5Base.bw	0	100	1024	49240	2893600
585	1	11600610	11605730	chr1.2230	5	1024	2279424	hg38.gc5Base.bw	0	100	1024	52600	3192000
585	1	11749090	11754210	chr1.2259	5	1024	2309120	hg38.gc5Base.bw	0	100	1024	58340	3736400
585	1	11759330	11764450	chr1.2261	5	1024	2311168	hg38.gc5Base.bw	0	100	1024	55760	3559200
585	1	12727010	12732130	chr1.2450	5	1024	2504704	hg38.gc5Base.bw	0	100	1024	43060	2241200
585	1	13268525	13273645	chr1.2547	5	1024	2603008	hg38.gc5Base.bw	0	100	1024	52000	3102400
585	1	13954605	13959725	chr1.2681	5	1024	2740224	hg38.gc5Base.bw	0	100	1024	44280	2444000
585	1	13959725	13964845	chr1.2682	5	1024	2741248	hg38.gc5Base.bw	0	100	1024	47100	2645200
585	1	14082605	14087725	chr1.2706	5	1024	2765824	hg38.gc5Base.bw	0	100	1024	38820	1954800
585	1	14118445	14123565	chr1.2713	5	1024	2772992	hg38.gc5Base.bw	0	100	1024	43900	2337200
585	1	14256685	14261805	chr1.2740	5	1024	2800640	hg38.gc5Base.bw	0	100	1024	45960	2567200
585	1	14451245	14456365	chr1.2778	5	1024	2839552	hg38.gc5Base.bw	0	100	1024	44380	2394800
585	1	14533165	14538285	chr1.2794	5	1024	2855936	hg38.gc5Base.bw	0	100	1024	46680	2619200
585	1	14630445	14635565	chr1.2813	5	1024	2875392	hg38.gc5Base.bw	0	100	1024	47160	2669600
585	1	14942765	14947885	chr1.2874	5	1024	2937856	hg38.gc5Base.bw	0	100	1024	54080	3362400
585	1	15715885	15721005	chr1.3025	5	1024	3092480	hg38.gc5Base.bw	0	100	1024	54000	3318400
585	1	16233005	16238125	chr1.3126	5	1024	3195904	hg38.gc5Base.bw	0	100	1024	52840	3280800
585	1	16289325	16294445	chr1.3137	5	1024	3207168	hg38.gc5Base.bw	0	100	1024	44620	2470800
585	1	16381485	16386605	chr1.3155	5	1024	3225600	hg38.gc5Base.bw	0	100	1024	49300	2900400
585	1	16984440	16989560	chr1.3264	5	1024	3336192	hg38.gc5Base.bw	0	100	1024	60440	4039200
585	1	17051000	17056120	chr1.3277	5	1024	3349504	hg38.gc5Base.bw	0	100	1024	49820	3009200
585	1	17363320	17368440	chr1.3338	5	1024	3411968	hg38.gc5Base.bw	0	100	1024	50060	2966000
585	1	17568120	17573240	chr1.3378	5	1024	3452928	hg38.gc5Base.bw	0	100	1024	57680	3672000
585	1	17634680	17639800	chr1.3391	5	1024	3466240	hg38.gc5Base.bw	0	100	1024	57680	3672800
585	1	17957240	17962360	chr1.3454	5	1024	3530752	hg38.gc5Base.bw	0	100	1024	48660	2754800
585	1	17962360	17967480	chr1.3455	5	1024	3531776	hg38.gc5Base.bw	0	100	1024	49860	2887600
585	1	18003320	18008440	chr1.3463	5	1024	3539968	hg38.gc5Base.bw	0	100	1024	51820	3060400
585	1	18023800	18028920	chr1.3467	5	1024	3544064	hg38.gc5Base.bw	0	100	1024	45960	2543200
585	1	18126200	18131320	chr1.3487	5	1024	3564544	hg38.gc5Base.bw	0	100	1024	53560	3276800
585	1	18218360	18223480	chr1.3505	5	1024	3582976	hg38.gc5Base.bw	0	100	1024	50440	2918400
585	1	18269560	18274680	chr1.3515	5	1024	3593216	hg38.gc5Base.bw	0	100	1024	50100	2922800
585	1	18377080	18382200	chr1.3536	5	1024	3614720	hg38.gc5Base.bw	0	100	1024	50100	2894800
585	1	18387320	18392440	chr1.3538	5	1024	3616768	hg38.gc5Base.bw	0	100	1024	50600	2995200
585	1	18464120	18469240	chr1.3553	5	1024	3632128	hg38.gc5Base.bw	0	100	1024	51280	3012800
585	1	18745720	18750840	chr1.3608	5	1024	3688448	hg38.gc5Base.bw	0	100	1024	48820	2784400
585	1	19303800	19308920	chr1.3717	5	1024	3800064	hg38.gc5Base.bw	0	100	1024	53240	3236000
585	1	19570040	19575160	chr1.3769	5	1024	3853312	hg38.gc5Base.bw	0	100	1024	46860	2670800
585	1	19626360	19631480	chr1.3780	5	1024	3864576	hg38.gc5Base.bw	0	100	1024	47520	2713600
585	1	19754360	19759480	chr1.3805	5	1024	3890176	hg38.gc5Base.bw	0	100	1024	48600	2847200
585	1	19907960	19913080	chr1.3835	5	1024	3920896	hg38.gc5Base.bw	0	100	1024	43520	2336000
585	1	20056440	20061560	chr1.3864	5	1024	3950592	hg38.gc5Base.bw	0	100	1024	43160	2328800
585	1	20066680	20071800	chr1.3866	5	1024	3952640	hg38.gc5Base.bw	0	100	1024	48340	2840400
585	1	20210040	20215160	chr1.3894	5	1024	3981312	hg38.gc5Base.bw	0	100	1024	47780	2765200
585	1	20665720	20670840	chr1.3983	5	1024	4072448	hg38.gc5Base.bw	0	100	1024	51680	3166400
585	1	21351800	21356920	chr1.4117	5	1024	4209664	hg38.gc5Base.bw	0	100	1024	48420	2832400
585	1	21356920	21362040	chr1.4118	5	1024	4210688	hg38.gc5Base.bw	0	100	1024	47340	2795600
585	1	21843320	21848440	chr1.4213	5	1024	4307968	hg38.gc5Base.bw	0	100	1024	57840	3727200
585	1	21955960	21961080	chr1.4235	5	1024	4330496	hg38.gc5Base.bw	0	100	1024	54100	3350000
585	1	22150520	22155640	chr1.4273	5	1024	4369408	hg38.gc5Base.bw	0	100	1024	53240	3262400
585	1	22268280	22273400	chr1.4296	5	1024	4392960	hg38.gc5Base.bw	0	100	1024	52100	3191600
585	1	22293880	22299000	chr1.4301	5	1024	4398080	hg38.gc5Base.bw	0	100	1024	47780	2720400
585	1	22391160	22396280	chr1.4320	5	1024	4417536	hg38.gc5Base.bw	0	100	1024	50560	2988000
585	1	23092600	23097720	chr1.4457	5	1024	4557824	hg38.gc5Base.bw	0	100	1024	43120	2314400
585	1	23599480	23604600	chr1.4556	5	1024	4659200	hg38.gc5Base.bw	0	100	1024	50420	2967600
585	1	23881080	23886200	chr1.4611	5	1024	4715520	hg38.gc5Base.bw	0	100	1024	48620	2891600
585	1	24091000	24096120	chr1.4652	5	1024	4757504	hg38.gc5Base.bw	0	100	1024	57840	3679200
585	1	24178040	24183160	chr1.4669	5	1024	4774912	hg38.gc5Base.bw	0	100	1024	48940	2863600
585	1	24428920	24434040	chr1.4718	5	1024	4825088	hg38.gc5Base.bw	0	100	1024	41840	2221600
585	1	24485240	24490360	chr1.4729	5	1024	4836352	hg38.gc5Base.bw	0	100	1024	49160	2925600
585	1	24859000	24864120	chr1.4802	5	1024	4911104	hg38.gc5Base.bw	0	100	1024	53620	3352400
585	1	25017720	25022840	chr1.4833	5	1024	4942848	hg38.gc5Base.bw	0	100	1024	59180	3826800
585	1	25560440	25565560	chr1.4939	5	1024	5051392	hg38.gc5Base.bw	0	100	1024	54960	3464800
585	1	25678200	25683320	chr1.4962	5	1024	5074944	hg38.gc5Base.bw	0	100	1024	43060	2338000
585	1	25831800	25836920	chr1.4992	5	1024	5105664	hg38.gc5Base.bw	0	100	1024	44600	2416800
585	1	25995640	26000760	chr1.5024	5	1024	5138432	hg38.gc5Base.bw	0	100	1024	49520	2951200
585	1	26072440	26077560	chr1.5039	5	1024	5153792	hg38.gc5Base.bw	0	100	1024	47240	2690400
585	1	27055480	27060600	chr1.5231	5	1024	5350400	hg38.gc5Base.bw	0	100	1024	51840	3185600
585	1	27603320	27608440	chr1.5338	5	1024	5459968	hg38.gc5Base.bw	0	100	1024	59040	3904800
585	1	28914040	28919160	chr1.5594	5	1024	5722112	hg38.gc5Base.bw	0	100	1024	49760	3068000
585	1	28960120	28965240	chr1.5603	5	1024	5731328	hg38.gc5Base.bw	0	100	1024	40720	2187200
585	1	29118840	29123960	chr1.5634	5	1024	5763072	hg38.gc5Base.bw	0	100	1024	64360	4636000
585	1	29190520	29195640	chr1.5648	5	1024	5777408	hg38.gc5Base.bw	0	100	1024	52700	3198000
585	1	29205880	29211000	chr1.5651	5	1024	5780480	hg38.gc5Base.bw	0	100	1024	48540	2774800
585	1	29451640	29456760	chr1.5699	5	1024	5829632	hg38.gc5Base.bw	0	100	1024	56900	3594800
585	1	29467000	29472120	chr1.5702	5	1024	5832704	hg38.gc5Base.bw	0	100	1024	54560	3342400
585	1	29472120	29477240	chr1.5703	5	1024	5833728	hg38.gc5Base.bw	0	100	1024	46240	2593600
585	1	29606840	29611960	chr1.5730	5	1024	5860352	hg38.gc5Base.bw	0	100	1024	35860	1767600
585	1	29770680	29775800	chr1.5762	5	1024	5893120	hg38.gc5Base.bw	0	100	1024	31400	1496800
585	1	29842360	29847480	chr1.5776	5	1024	5907456	hg38.gc5Base.bw	0	100	1024	47680	2712800
585	1	30047160	30052280	chr1.5816	5	1024	5948416	hg38.gc5Base.bw	0	100	1024	51740	3059600
585	1	30456760	30461880	chr1.5896	5	1024	6030336	hg38.gc5Base.bw	0	100	1024	49600	2847200
585	1	30507960	30513080	chr1.5906	5	1024	6040576	hg38.gc5Base.bw	0	100	1024	51640	3052000
585	1	30513080	30518200	chr1.5907	5	1024	6041600	hg38.gc5Base.bw	0	100	1024	53800	3281600
585	1	30533560	30538680	chr1.5911	5	1024	6045696	hg38.gc5Base.bw	0	100	1024	52840	3148000
585	1	30763960	30769080	chr1.5956	5	1024	6091776	hg38.gc5Base.bw	0	100	1024	51480	3095200
585	1	30989240	30994360	chr1.6000	5	1024	6136832	hg38.gc5Base.bw	0	100	1024	40520	2114400
585	1	31839160	31844280	chr1.6166	5	1024	6306816	hg38.gc5Base.bw	0	100	1024	49000	2906400
585	1	33093560	33098680	chr1.6411	5	1024	6557696	hg38.gc5Base.bw	0	100	1024	48520	2798400
585	1	33098680	33103800	chr1.6412	5	1024	6558720	hg38.gc5Base.bw	0	100	1024	46960	2647200
585	1	33318840	33323960	chr1.6455	5	1024	6602752	hg38.gc5Base.bw	0	100	1024	53100	3237200
585	1	33441720	33446840	chr1.6479	5	1024	6627328	hg38.gc5Base.bw	0	100	1024	45720	2526400
585	1	33477560	33482680	chr1.6486	5	1024	6634496	hg38.gc5Base.bw	0	100	1024	43980	2363600
585	1	33615800	33620920	chr1.6513	5	1024	6662144	hg38.gc5Base.bw	0	100	1024	48400	2768000
585	1	33994680	33999800	chr1.6587	5	1024	6737920	hg38.gc5Base.bw	0	100	1024	48040	2734400
585	1	34429880	34435000	chr1.6672	5	1024	6824960	hg38.gc5Base.bw	0	100	1024	46560	2624800
585	1	34547640	34552760	chr1.6695	5	1024	6848512	hg38.gc5Base.bw	0	100	1024	43320	2334400
585	1	34747320	34752440	chr1.6734	5	1024	6888448	hg38.gc5Base.bw	0	100	1024	50900	2974000
585	1	35254200	35259320	chr1.6833	5	1024	6989824	hg38.gc5Base.bw	0	100	1024	43900	2439600
585	1	35305400	35310520	chr1.6843	5	1024	7000064	hg38.gc5Base.bw	0	100	1024	39760	2112800
585	1	35715000	35720120	chr1.6923	5	1024	7081984	hg38.gc5Base.bw	0	100	1024	55960	3583200
585	1	35889080	35894200	chr1.6957	5	1024	7116800	hg38.gc5Base.bw	0	100	1024	46860	2714000
585	1	36534200	36539320	chr1.7083	5	1024	7245824	hg38.gc5Base.bw	0	100	1024	49440	2872800
585	1	36938680	36943800	chr1.7162	5	1024	7326720	hg38.gc5Base.bw	0	100	1024	51280	3012800
585	1	37051320	37056440	chr1.7184	5	1024	7349248	hg38.gc5Base.bw	0	100	1024	48900	2826000
585	1	37092280	37097400	chr1.7192	5	1024	7357440	hg38.gc5Base.bw	0	100	1024	53320	3201600
585	1	37297080	37302200	chr1.7232	5	1024	7398400	hg38.gc5Base.bw	0	100	1024	51860	3041200
585	1	37655480	37660600	chr1.7302	5	1024	7470080	hg38.gc5Base.bw	0	100	1024	54540	3390800
585	1	37716920	37722040	chr1.7314	5	1024	7482368	hg38.gc5Base.bw	0	100	1024	60940	4028400
585	1	37788600	37793720	chr1.7328	5	1024	7496704	hg38.gc5Base.bw	0	100	1024	48680	2830400
585	1	37839800	37844920	chr1.7338	5	1024	7506944	hg38.gc5Base.bw	0	100	1024	45360	2515200
585	1	38059960	38065080	chr1.7381	5	1024	7550976	hg38.gc5Base.bw	0	100	1024	55280	3419200
585	1	38264760	38269880	chr1.7421	5	1024	7591936	hg38.gc5Base.bw	0	100	1024	51340	3047600
585	1	38367160	38372280	chr1.7441	5	1024	7612416	hg38.gc5Base.bw	0	100	1024	41380	2162000
585	1	38623160	38628280	chr1.7491	5	1024	7663616	hg38.gc5Base.bw	0	100	1024	50580	2970800
585	1	38633400	38638520	chr1.7493	5	1024	7665664	hg38.gc5Base.bw	0	100	1024	43480	2308000
585	1	39672760	39677880	chr1.7696	5	1024	7873536	hg38.gc5Base.bw	0	100	1024	52720	3214400
585	1	39898040	39903160	chr1.7740	5	1024	7918592	hg38.gc5Base.bw	0	100	1024	57220	3826800
585	1	40543160	40548280	chr1.7866	5	1024	8047616	hg38.gc5Base.bw	0	100	1024	38660	1980400
585	1	41183160	41188280	chr1.7991	5	1024	8175616	hg38.gc5Base.bw	0	100	1024	39040	2010400
585	1	41439160	41444280	chr1.8041	5	1024	8226816	hg38.gc5Base.bw	0	100	1024	47720	2738400
585	1	42109880	42115000	chr1.8172	5	1024	8360960	hg38.gc5Base.bw	0	100	1024	43340	2355600
585	1	43359160	43364280	chr1.8416	5	1024	8610816	hg38.gc5Base.bw	0	100	1024	53120	3205600
585	1	43512760	43517880	chr1.8446	5	1024	8641536	hg38.gc5Base.bw	0	100	1024	45100	2449200
585	1	43604920	43610040	chr1.8464	5	1024	8659968	hg38.gc5Base.bw	0	100	1024	59760	3844800
585	1	43681720	43686840	chr1.8479	5	1024	8675328	hg38.gc5Base.bw	0	100	1024	48120	2776000
585	1	44485560	44490680	chr1.8636	5	1024	8836096	hg38.gc5Base.bw	0	100	1024	44420	2522000
585	1	44536760	44541880	chr1.8646	5	1024	8846336	hg38.gc5Base.bw	0	100	1024	46000	2540800
585	1	44603320	44608440	chr1.8659	5	1024	8859648	hg38.gc5Base.bw	0	100	1024	50600	3000800
585	1	46098360	46103480	chr1.8951	5	1024	9158656	hg38.gc5Base.bw	0	100	1024	38140	1967600
585	1	46262200	46267320	chr1.8983	5	1024	9191424	hg38.gc5Base.bw	0	100	1024	47280	2640800
585	1	46339000	46344120	chr1.8998	5	1024	9206784	hg38.gc5Base.bw	0	100	1024	54640	3424800
585	1	46431160	46436280	chr1.9016	5	1024	9225216	hg38.gc5Base.bw	0	100	1024	55220	3427600
585	1	46497720	46502840	chr1.9029	5	1024	9238528	hg38.gc5Base.bw	0	100	1024	47260	2711600
585	1	46579640	46584760	chr1.9045	5	1024	9254912	hg38.gc5Base.bw	0	100	1024	46920	2624000
585	1	46589880	46595000	chr1.9047	5	1024	9256960	hg38.gc5Base.bw	0	100	1024	47560	2708800
585	1	47173560	47178680	chr1.9161	5	1024	9373696	hg38.gc5Base.bw	0	100	1024	48220	2734000
585	1	47188920	47194040	chr1.9164	5	1024	9376768	hg38.gc5Base.bw	0	100	1024	57300	3636400
585	1	47194040	47199160	chr1.9165	5	1024	9377792	hg38.gc5Base.bw	0	100	1024	47700	2730000
585	1	47470520	47475640	chr1.9219	5	1024	9433088	hg38.gc5Base.bw	0	100	1024	48500	2774800
585	1	47741880	47747000	chr1.9272	5	1024	9487360	hg38.gc5Base.bw	0	100	1024	45640	2512000
585	1	48223160	48228280	chr1.9366	5	1024	9583616	hg38.gc5Base.bw	0	100	1024	53940	3223600
585	1	48847800	48852920	chr1.9488	5	1024	9708544	hg38.gc5Base.bw	0	100	1024	42220	2227600
585	1	48924600	48929720	chr1.9503	5	1024	9723904	hg38.gc5Base.bw	0	100	1024	41020	2142000
585	1	49011640	49016760	chr1.9520	5	1024	9741312	hg38.gc5Base.bw	0	100	1024	43700	2367600
585	1	49948600	49953720	chr1.9703	5	1024	9928704	hg38.gc5Base.bw	0	100	1024	34720	1602400
585	1	50967480	50972600	chr1.9902	5	1024	10132480	hg38.gc5Base.bw	0	100	1024	47940	2986000
585	1	52150200	52155320	chr1.10133	5	1024	10369024	hg38.gc5Base.bw	0	100	1024	44700	2459600
585	1	52698040	52703160	chr1.10240	5	1024	10478592	hg38.gc5Base.bw	0	100	1024	44800	2524800
585	1	52877240	52882360	chr1.10275	5	1024	10514432	hg38.gc5Base.bw	0	100	1024	41180	2152400
585	1	53317560	53322680	chr1.10361	5	1024	10602496	hg38.gc5Base.bw	0	100	1024	55740	3463600
585	1	53338040	53343160	chr1.10365	5	1024	10606592	hg38.gc5Base.bw	0	100	1024	49520	2879200
585	1	53379000	53384120	chr1.10373	5	1024	10614784	hg38.gc5Base.bw	0	100	1024	49620	2875600
585	1	53399480	53404600	chr1.10377	5	1024	10618880	hg38.gc5Base.bw	0	100	1024	50100	2948400
585	1	53414840	53419960	chr1.10380	5	1024	10621952	hg38.gc5Base.bw	0	100	1024	44020	2402000
585	1	53455800	53460920	chr1.10388	5	1024	10630144	hg38.gc5Base.bw	0	100	1024	50480	3148800
585	1	53594040	53599160	chr1.10415	5	1024	10657792	hg38.gc5Base.bw	0	100	1024	56660	3638000
585	1	54141880	54147000	chr1.10522	5	1024	10767360	hg38.gc5Base.bw	0	100	1024	47760	2768800
585	1	54648760	54653880	chr1.10621	5	1024	10868736	hg38.gc5Base.bw	0	100	1024	50660	2939600
585	1	55529400	55534520	chr1.10793	5	1024	11044864	hg38.gc5Base.bw	0	100	1024	39360	2002400
585	1	55580600	55585720	chr1.10803	5	1024	11055104	hg38.gc5Base.bw	0	100	1024	46840	2608800
585	1	55693240	55698360	chr1.10825	5	1024	11077632	hg38.gc5Base.bw	0	100	1024	43260	2284400
585	1	56036280	56041400	chr1.10892	5	1024	11146240	hg38.gc5Base.bw	0	100	1024	43580	2314800
585	1	56092600	56097720	chr1.10903	5	1024	11157504	hg38.gc5Base.bw	0	100	1024	41040	2126400
585	1	56174520	56179640	chr1.10919	5	1024	11173888	hg38.gc5Base.bw	0	100	1024	37360	1840000
585	1	56333240	56338360	chr1.10950	5	1024	11205632	hg38.gc5Base.bw	0	100	1024	42660	2262800
585	1	56486840	56491960	chr1.10980	5	1024	11236352	hg38.gc5Base.bw	0	100	1024	40520	2122400
585	1	56538040	56543160	chr1.10990	5	1024	11246592	hg38.gc5Base.bw	0	100	1024	41420	2149200
585	1	56619960	56625080	chr1.11006	5	1024	11262976	hg38.gc5Base.bw	0	100	1024	43160	2328000
585	1	56937400	56942520	chr1.11068	5	1024	11326464	hg38.gc5Base.bw	0	100	1024	41020	2122000
585	1	57055160	57060280	chr1.11091	5	1024	11350016	hg38.gc5Base.bw	0	100	1024	43380	2348400
585	1	57162680	57167800	chr1.11112	5	1024	11371520	hg38.gc5Base.bw	0	100	1024	42280	2225600
585	1	57188280	57193400	chr1.11117	5	1024	11376640	hg38.gc5Base.bw	0	100	1024	43400	2287200
585	1	57377720	57382840	chr1.11154	5	1024	11414528	hg38.gc5Base.bw	0	100	1024	41780	2156400
585	1	57756600	57761720	chr1.11228	5	1024	11490304	hg38.gc5Base.bw	0	100	1024	40840	2118400
585	1	58027960	58033080	chr1.11281	5	1024	11544576	hg38.gc5Base.bw	0	100	1024	41420	2172400
585	1	58365880	58371000	chr1.11347	5	1024	11612160	hg38.gc5Base.bw	0	100	1024	41140	2132400
585	1	58391480	58396600	chr1.11352	5	1024	11617280	hg38.gc5Base.bw	0	100	1024	41980	2214000
585	1	58406840	58411960	chr1.11355	5	1024	11620352	hg38.gc5Base.bw	0	100	1024	44420	2389200
585	1	58504120	58509240	chr1.11374	5	1024	11639808	hg38.gc5Base.bw	0	100	1024	36140	1766800
585	1	58903480	58908600	chr1.11452	5	1024	11719680	hg38.gc5Base.bw	0	100	1024	46880	2704800
585	1	59108280	59113400	chr1.11492	5	1024	11760640	hg38.gc5Base.bw	0	100	1024	43700	2325200
585	1	59446200	59451320	chr1.11558	5	1024	11828224	hg38.gc5Base.bw	0	100	1024	39200	2004800
585	1	59538360	59543480	chr1.11576	5	1024	11846656	hg38.gc5Base.bw	0	100	1024	40600	2111200
585	1	59553720	59558840	chr1.11579	5	1024	11849728	hg38.gc5Base.bw	0	100	1024	45180	2509200
585	1	59860920	59866040	chr1.11639	5	1024	11911168	hg38.gc5Base.bw	0	100	1024	33720	1576000
585	1	59978680	59983800	chr1.11662	5	1024	11934720	hg38.gc5Base.bw	0	100	1024	43440	2280000
585	1	59994040	59999160	chr1.11665	5	1024	11937792	hg38.gc5Base.bw	0	100	1024	40640	2048800
585	1	60291000	60296120	chr1.11723	5	1024	11997184	hg38.gc5Base.bw	0	100	1024	39940	2018000
585	1	60864440	60869560	chr1.11835	5	1024	12111872	hg38.gc5Base.bw	0	100	1024	39680	2056000
585	1	60946360	60951480	chr1.11851	5	1024	12128256	hg38.gc5Base.bw	0	100	1024	45180	2430800
585	1	61007800	61012920	chr1.11863	5	1024	12140544	hg38.gc5Base.bw	0	100	1024	41500	2195600
585	1	61053880	61059000	chr1.11872	5	1024	12149760	hg38.gc5Base.bw	0	100	1024	46760	2758400
585	1	61617080	61622200	chr1.11982	5	1024	12262400	hg38.gc5Base.bw	0	100	1024	40840	2115200
585	1	61816760	61821880	chr1.12021	5	1024	12302336	hg38.gc5Base.bw	0	100	1024	44320	2444000
585	1	61893560	61898680	chr1.12036	5	1024	12317696	hg38.gc5Base.bw	0	100	1024	44680	2435200
585	1	62205880	62211000	chr1.12097	5	1024	12380160	hg38.gc5Base.bw	0	100	1024	40100	2055600
585	1	62246840	62251960	chr1.12105	5	1024	12388352	hg38.gc5Base.bw	0	100	1024	50180	2994800
585	1	62595000	62600120	chr1.12173	5	1024	12457984	hg38.gc5Base.bw	0	100	1024	33280	1556800
585	1	63060920	63066040	chr1.12264	5	1024	12551168	hg38.gc5Base.bw	0	100	1024	44420	2420400
585	1	63337400	63342520	chr1.12318	5	1024	12606464	hg38.gc5Base.bw	0	100	1024	45800	2610400
585	1	63378360	63383480	chr1.12326	5	1024	12614656	hg38.gc5Base.bw	0	100	1024	41560	2293600
585	1	63787960	63793080	chr1.12406	5	1024	12696576	hg38.gc5Base.bw	0	100	1024	46000	2542400
585	1	63869880	63875000	chr1.12422	5	1024	12712960	hg38.gc5Base.bw	0	100	1024	39640	1979200
585	1	63885240	63890360	chr1.12425	5	1024	12716032	hg38.gc5Base.bw	0	100	1024	43440	2330400
585	1	64310200	64315320	chr1.12508	5	1024	12801024	hg38.gc5Base.bw	0	100	1024	44620	2450000
585	1	64740280	64745400	chr1.12592	5	1024	12887040	hg38.gc5Base.bw	0	100	1024	43980	2620400
585	1	65057720	65062840	chr1.12654	5	1024	12950528	hg38.gc5Base.bw	0	100	1024	36580	1771600
585	1	65713080	65718200	chr1.12782	5	1024	13081600	hg38.gc5Base.bw	0	100	1024	35080	1624800
585	1	65871800	65876920	chr1.12813	5	1024	13113344	hg38.gc5Base.bw	0	100	1024	35840	1704800
585	1	66194360	66199480	chr1.12876	5	1024	13177856	hg38.gc5Base.bw	0	100	1024	36980	1814800
585	1	66501560	66506680	chr1.12936	5	1024	13239296	hg38.gc5Base.bw	0	100	1024	37200	1854400
585	1	66593720	66598840	chr1.12954	5	1024	13257728	hg38.gc5Base.bw	0	100	1024	39460	1993200
585	1	66721720	66726840	chr1.12979	5	1024	13283328	hg38.gc5Base.bw	0	100	1024	40660	2090800
585	1	67208120	67213240	chr1.13074	5	1024	13380608	hg38.gc5Base.bw	0	100	1024	43740	2382800
585	1	67249080	67254200	chr1.13082	5	1024	13388800	hg38.gc5Base.bw	0	100	1024	36400	1785600
585	1	67254200	67259320	chr1.13083	5	1024	13389824	hg38.gc5Base.bw	0	100	1024	40980	2157200
585	1	67377080	67382200	chr1.13107	5	1024	13414400	hg38.gc5Base.bw	0	100	1024	43740	2404400
585	1	67520440	67525560	chr1.13135	5	1024	13443072	hg38.gc5Base.bw	0	100	1024	47660	2706000
585	1	67627960	67633080	chr1.13156	5	1024	13464576	hg38.gc5Base.bw	0	100	1024	45660	2490000
585	1	67981240	67986360	chr1.13225	5	1024	13535232	hg38.gc5Base.bw	0	100	1024	43400	2311200
585	1	68139960	68145080	chr1.13256	5	1024	13566976	hg38.gc5Base.bw	0	100	1024	40880	2105600
585	1	68370360	68375480	chr1.13301	5	1024	13613056	hg38.gc5Base.bw	0	100	1024	41060	2211600
585	1	68948920	68954040	chr1.13414	5	1024	13728768	hg38.gc5Base.bw	0	100	1024	38800	1943200
585	1	70351800	70356920	chr1.13688	5	1024	14009344	hg38.gc5Base.bw	0	100	1024	47760	2869600
585	1	70356920	70362040	chr1.13689	5	1024	14010368	hg38.gc5Base.bw	0	100	1024	40780	2172400
585	1	70464440	70469560	chr1.13710	5	1024	14031872	hg38.gc5Base.bw	0	100	1024	41360	2187200
585	1	70633400	70638520	chr1.13743	5	1024	14065664	hg38.gc5Base.bw	0	100	1024	36920	1764000
585	1	70894520	70899640	chr1.13794	5	1024	14117888	hg38.gc5Base.bw	0	100	1024	40080	1987200
585	1	71939000	71944120	chr1.13998	5	1024	14326784	hg38.gc5Base.bw	0	100	1024	34160	1656000
585	1	72061880	72067000	chr1.14022	5	1024	14351360	hg38.gc5Base.bw	0	100	1024	36780	1786000
585	1	72067000	72072120	chr1.14023	5	1024	14352384	hg38.gc5Base.bw	0	100	1024	33240	1520800
585	1	72543160	72548280	chr1.14116	5	1024	14447616	hg38.gc5Base.bw	0	80	1024	34440	1595200
585	1	72932280	72937400	chr1.14192	5	1024	14525440	hg38.gc5Base.bw	0	100	1024	33540	1544400
585	1	73178040	73183160	chr1.14240	5	1024	14574592	hg38.gc5Base.bw	0	100	1024	43620	2435600
585	1	74125240	74130360	chr1.14425	5	1024	14764032	hg38.gc5Base.bw	0	100	1024	38420	1894800
585	1	74488760	74493880	chr1.14496	5	1024	14836736	hg38.gc5Base.bw	0	100	1024	38140	1906800
585	1	74708920	74714040	chr1.14539	5	1024	14880768	hg38.gc5Base.bw	0	100	1024	39220	1991600
585	1	75154360	75159480	chr1.14626	5	1024	14969856	hg38.gc5Base.bw	0	100	1024	38020	1912400
585	1	75599800	75604920	chr1.14713	5	1024	15058944	hg38.gc5Base.bw	0	100	1024	35780	1687600
585	1	75917240	75922360	chr1.14775	5	1024	15122432	hg38.gc5Base.bw	0	100	1024	35720	1722400
585	1	76132280	76137400	chr1.14817	5	1024	15165440	hg38.gc5Base.bw	0	100	1024	45680	2523200
585	1	76260280	76265400	chr1.14842	5	1024	15191040	hg38.gc5Base.bw	0	100	1024	39140	1951600
585	1	76828600	76833720	chr1.14953	5	1024	15304704	hg38.gc5Base.bw	0	100	1024	36740	1819600
585	1	76849080	76854200	chr1.14957	5	1024	15308800	hg38.gc5Base.bw	0	100	1024	35360	1676000
585	1	77412280	77417400	chr1.15067	5	1024	15421440	hg38.gc5Base.bw	0	100	1024	41700	2174000
585	1	77483960	77489080	chr1.15081	5	1024	15435776	hg38.gc5Base.bw	0	100	1024	38820	1970000
585	1	78733240	78738360	chr1.15325	5	1024	15685632	hg38.gc5Base.bw	0	100	1024	39040	1967200
585	1	79598520	79603640	chr1.15494	5	1024	15858688	hg38.gc5Base.bw	0	100	1024	33980	1546000
585	1	79854520	79859640	chr1.15544	5	1024	15909888	hg38.gc5Base.bw	0	100	1024	41300	2170000
585	1	80218040	80223160	chr1.15615	5	1024	15982592	hg38.gc5Base.bw	0	100	1024	36560	1752800
585	1	80376760	80381880	chr1.15646	5	1024	16014336	hg38.gc5Base.bw	0	100	1024	33900	1566000
585	1	80724920	80730040	chr1.15714	5	1024	16083968	hg38.gc5Base.bw	0	100	1024	40420	2130000
585	1	81016760	81021880	chr1.15771	5	1024	16142336	hg38.gc5Base.bw	0	100	1024	37200	1828800
585	1	81206200	81211320	chr1.15808	5	1024	16180224	hg38.gc5Base.bw	0	100	1024	36020	1749200
585	1	81334200	81339320	chr1.15833	5	1024	16205824	hg38.gc5Base.bw	0	100	1024	40140	2064400
585	1	81400760	81405880	chr1.15846	5	1024	16219136	hg38.gc5Base.bw	0	100	1024	41480	2209600
585	1	81411000	81416120	chr1.15848	5	1024	16221184	hg38.gc5Base.bw	0	100	1024	40060	2072400
585	1	81728440	81733560	chr1.15910	5	1024	16284672	hg38.gc5Base.bw	0	100	1024	36760	1774400
585	1	81810360	81815480	chr1.15926	5	1024	16301056	hg38.gc5Base.bw	0	100	1024	30820	1366800
585	1	82219960	82225080	chr1.16006	5	1024	16382976	hg38.gc5Base.bw	0	100	1024	41740	2149200
585	1	82240440	82245560	chr1.16010	5	1024	16387072	hg38.gc5Base.bw	0	100	1024	36280	1725600
585	1	82511800	82516920	chr1.16063	5	1024	16441344	hg38.gc5Base.bw	0	80	1024	32620	1482800
585	1	82870200	82875320	chr1.16133	5	1024	16513024	hg38.gc5Base.bw	0	100	1024	37980	1872400
585	1	83546040	83551160	chr1.16265	5	1024	16648192	hg38.gc5Base.bw	0	100	1024	39620	2016400
585	1	83694520	83699640	chr1.16294	5	1024	16677888	hg38.gc5Base.bw	0	100	1024	41020	2113200
585	1	83699640	83704760	chr1.16295	5	1024	16678912	hg38.gc5Base.bw	0	100	1024	45580	2519600
585	1	83715000	83720120	chr1.16298	5	1024	16681984	hg38.gc5Base.bw	0	100	1024	42360	2223200
585	1	83827640	83832760	chr1.16320	5	1024	16704512	hg38.gc5Base.bw	0	100	1024	40820	2090000
585	1	84093880	84099000	chr1.16372	5	1024	16757760	hg38.gc5Base.bw	0	80	1024	33940	1554000
585	1	84232120	84237240	chr1.16399	5	1024	16785408	hg38.gc5Base.bw	0	100	1024	41580	2161200
585	1	84267960	84273080	chr1.16406	5	1024	16792576	hg38.gc5Base.bw	0	100	1024	41380	2206000
585	1	84273080	84278200	chr1.16407	5	1024	16793600	hg38.gc5Base.bw	0	100	1024	40240	2041600
585	1	84380600	84385720	chr1.16428	5	1024	16815104	hg38.gc5Base.bw	0	100	1024	36500	1785200
585	1	84523960	84529080	chr1.16456	5	1024	16843776	hg38.gc5Base.bw	0	100	1024	35280	1732000
585	1	84764600	84769720	chr1.16503	5	1024	16891904	hg38.gc5Base.bw	0	100	1024	45540	2494000
585	1	84785080	84790200	chr1.16507	5	1024	16896000	hg38.gc5Base.bw	0	100	1024	41180	2150800
585	1	84826040	84831160	chr1.16515	5	1024	16904192	hg38.gc5Base.bw	0	100	1024	39260	2010800
585	1	84846520	84851640	chr1.16519	5	1024	16908288	hg38.gc5Base.bw	0	100	1024	48300	2788400
585	1	85071800	85076920	chr1.16563	5	1024	16953344	hg38.gc5Base.bw	0	100	1024	41040	2199200
585	1	85445560	85450680	chr1.16636	5	1024	17028096	hg38.gc5Base.bw	0	100	1024	43000	2288800
585	1	85486520	85491640	chr1.16644	5	1024	17036288	hg38.gc5Base.bw	0	100	1024	39320	1971200
585	1	85798840	85803960	chr1.16705	5	1024	17098752	hg38.gc5Base.bw	0	100	1024	37020	1774000
585	1	86044600	86049720	chr1.16753	5	1024	17147904	hg38.gc5Base.bw	0	100	1024	35140	1718000
585	1	87196600	87201720	chr1.16978	5	1024	17378304	hg38.gc5Base.bw	0	100	1024	43140	2287600
585	1	87242680	87247800	chr1.16987	5	1024	17387520	hg38.gc5Base.bw	0	100	1024	43000	2252000
585	1	87309240	87314360	chr1.17000	5	1024	17400832	hg38.gc5Base.bw	0	100	1024	43400	2336800
585	1	87595960	87601080	chr1.17056	5	1024	17458176	hg38.gc5Base.bw	0	100	1024	42740	2283600
585	1	87729080	87734200	chr1.17082	5	1024	17484800	hg38.gc5Base.bw	0	100	1024	41720	2179200
585	1	87785400	87790520	chr1.17093	5	1024	17496064	hg38.gc5Base.bw	0	100	1024	41100	2108400
585	1	88323000	88328120	chr1.17198	5	1024	17603584	hg38.gc5Base.bw	0	100	1024	39980	2018800
585	1	89316280	89321400	chr1.17392	5	1024	17802240	hg38.gc5Base.bw	0	100	1024	39440	1984800
585	1	90074040	90079160	chr1.17540	5	1024	17953792	hg38.gc5Base.bw	0	100	1024	37540	1859600
585	1	90120120	90125240	chr1.17549	5	1024	17963008	hg38.gc5Base.bw	0	100	1024	40040	2051200
585	1	90202040	90207160	chr1.17565	5	1024	17979392	hg38.gc5Base.bw	0	100	1024	42540	2221200
585	1	90591160	90596280	chr1.17641	5	1024	18057216	hg38.gc5Base.bw	0	100	1024	39500	2018000
585	1	91051960	91057080	chr1.17731	5	1024	18149376	hg38.gc5Base.bw	0	100	1024	42040	2176800
585	1	91835320	91840440	chr1.17884	5	1024	18306048	hg38.gc5Base.bw	0	100	1024	40920	2234400
585	1	92116920	92122040	chr1.17939	5	1024	18362368	hg38.gc5Base.bw	0	100	1024	39800	2108800
585	1	94011320	94016440	chr1.18309	5	1024	18741248	hg38.gc5Base.bw	0	100	1024	51860	3098000
585	1	94036920	94042040	chr1.18314	5	1024	18746368	hg38.gc5Base.bw	0	100	1024	46220	2552400
585	1	94676920	94682040	chr1.18439	5	1024	18874368	hg38.gc5Base.bw	0	100	1024	44400	2446400
585	1	94851000	94856120	chr1.18473	5	1024	18909184	hg38.gc5Base.bw	0	100	1024	45480	2496800
585	1	94958520	94963640	chr1.18494	5	1024	18930688	hg38.gc5Base.bw	0	100	1024	42740	2330000
585	1	95649720	95654840	chr1.18629	5	1024	19068928	hg38.gc5Base.bw	0	100	1024	39620	2046000
585	1	96714680	96719800	chr1.18837	5	1024	19281920	hg38.gc5Base.bw	0	100	1024	35720	1725600
585	1	97103800	97108920	chr1.18913	5	1024	19359744	hg38.gc5Base.bw	0	100	1024	40120	2058400
585	1	97175480	97180600	chr1.18927	5	1024	19374080	hg38.gc5Base.bw	0	100	1024	40760	2104800
585	1	97370040	97375160	chr1.18965	5	1024	19412992	hg38.gc5Base.bw	0	100	1024	37420	1903600
585	1	97380280	97385400	chr1.18967	5	1024	19415040	hg38.gc5Base.bw	0	100	1024	36320	1796800
585	1	97400760	97405880	chr1.18971	5	1024	19419136	hg38.gc5Base.bw	0	100	1024	34620	1614000
585	1	97421240	97426360	chr1.18975	5	1024	19423232	hg38.gc5Base.bw	0	100	1024	37020	1751600
585	1	97544120	97549240	chr1.18999	5	1024	19447808	hg38.gc5Base.bw	0	100	1024	38400	1925600
585	1	97549240	97554360	chr1.19000	5	1024	19448832	hg38.gc5Base.bw	0	100	1024	32880	1476000
585	1	97600440	97605560	chr1.19010	5	1024	19459072	hg38.gc5Base.bw	0	100	1024	32840	1484000
585	1	97626040	97631160	chr1.19015	5	1024	19464192	hg38.gc5Base.bw	0	100	1024	36080	1732000
585	1	97764280	97769400	chr1.19042	5	1024	19491840	hg38.gc5Base.bw	0	100	1024	35380	1696400
585	1	97800120	97805240	chr1.19049	5	1024	19499008	hg38.gc5Base.bw	0	80	1024	33560	1512800
585	1	97871800	97876920	chr1.19063	5	1024	19513344	hg38.gc5Base.bw	0	100	1024	34520	1612800
585	1	97882040	97887160	chr1.19065	5	1024	19515392	hg38.gc5Base.bw	0	100	1024	35640	1716800
585	1	98388920	98394040	chr1.19164	5	1024	19616768	hg38.gc5Base.bw	0	100	1024	39500	2020400
585	1	98824120	98829240	chr1.19249	5	1024	19703808	hg38.gc5Base.bw	0	100	1024	41100	2163600
585	1	99187640	99192760	chr1.19320	5	1024	19776512	hg38.gc5Base.bw	0	100	1024	36120	1718400
585	1	99223480	99228600	chr1.19327	5	1024	19783680	hg38.gc5Base.bw	0	100	1024	41740	2170800
585	1	99259320	99264440	chr1.19334	5	1024	19790848	hg38.gc5Base.bw	0	100	1024	40640	2097600
585	1	99412920	99418040	chr1.19364	5	1024	19821568	hg38.gc5Base.bw	0	100	1024	37520	1832800
585	1	99453880	99459000	chr1.19372	5	1024	19829760	hg38.gc5Base.bw	0	100	1024	41240	2161600
585	1	99607480	99612600	chr1.19402	5	1024	19860480	hg38.gc5Base.bw	0	100	1024	35440	1638400
585	1	99668920	99674040	chr1.19414	5	1024	19872768	hg38.gc5Base.bw	0	100	1024	38340	1894000
585	1	99730360	99735480	chr1.19426	5	1024	19885056	hg38.gc5Base.bw	0	100	1024	38580	1950000
585	1	100523960	100529080	chr1.19581	5	1024	20043776	hg38.gc5Base.bw	0	100	1024	41260	2179600
585	1	100882360	100887480	chr1.19651	5	1024	20115456	hg38.gc5Base.bw	0	100	1024	38520	1877600
585	1	100892600	100897720	chr1.19653	5	1024	20117504	hg38.gc5Base.bw	0	100	1024	45960	2667200
585	1	101046200	101051320	chr1.19683	5	1024	20148224	hg38.gc5Base.bw	0	100	1024	37700	1901200
585	1	101138360	101143480	chr1.19701	5	1024	20166656	hg38.gc5Base.bw	0	100	1024	40660	2114000
585	1	101455800	101460920	chr1.19763	5	1024	20230144	hg38.gc5Base.bw	0	100	1024	36440	1802400
585	1	101583800	101588920	chr1.19788	5	1024	20255744	hg38.gc5Base.bw	0	100	1024	38140	1858000
585	1	101727160	101732280	chr1.19816	5	1024	20284416	hg38.gc5Base.bw	0	100	1024	35820	1710800
585	1	101967800	101972920	chr1.19863	5	1024	20332544	hg38.gc5Base.bw	0	100	1024	38380	1912400
585	1	102679480	102684600	chr1.20002	5	1024	20474880	hg38.gc5Base.bw	0	100	1024	35520	1712800
585	1	102720440	102725560	chr1.20010	5	1024	20483072	hg38.gc5Base.bw	0	100	1024	32380	1453200
585	1	103370680	103375800	chr1.20137	5	1024	20613120	hg38.gc5Base.bw	0	100	1024	35860	1772400
585	1	103903160	103908280	chr1.20241	5	1024	20719616	hg38.gc5Base.bw	0	100	1024	35720	1762400
585	1	104886200	104891320	chr1.20433	5	1024	20916224	hg38.gc5Base.bw	0	100	1024	34340	1610000
585	1	105731000	105736120	chr1.20598	5	1024	21085184	hg38.gc5Base.bw	0	100	1024	30360	1364800
585	1	106022840	106027960	chr1.20655	5	1024	21143552	hg38.gc5Base.bw	0	100	1024	33740	1569200
585	1	106386360	106391480	chr1.20726	5	1024	21216256	hg38.gc5Base.bw	0	100	1024	34840	1688000
585	1	106422200	106427320	chr1.20733	5	1024	21223424	hg38.gc5Base.bw	0	100	1024	37040	1844800
585	1	106944440	106949560	chr1.20835	5	1024	21327872	hg38.gc5Base.bw	0	100	1024	40060	2014800
585	1	107036600	107041720	chr1.20853	5	1024	21346304	hg38.gc5Base.bw	0	100	1024	42140	2221200
585	1	107092920	107098040	chr1.20864	5	1024	21357568	hg38.gc5Base.bw	0	100	1024	37160	1859200
585	1	107113400	107118520	chr1.20868	5	1024	21361664	hg38.gc5Base.bw	0	100	1024	40140	2006800
585	1	107241400	107246520	chr1.20893	5	1024	21387264	hg38.gc5Base.bw	0	100	1024	38060	1936400
585	1	107374520	107379640	chr1.20919	5	1024	21413888	hg38.gc5Base.bw	0	100	1024	43060	2313200
585	1	107415480	107420600	chr1.20927	5	1024	21422080	hg38.gc5Base.bw	0	100	1024	35200	1669600
585	1	107497400	107502520	chr1.20943	5	1024	21438464	hg38.gc5Base.bw	0	100	1024	44400	2413600
585	1	107666360	107671480	chr1.20976	5	1024	21472256	hg38.gc5Base.bw	0	100	1024	39020	1940400
585	1	107702200	107707320	chr1.20983	5	1024	21479424	hg38.gc5Base.bw	0	100	1024	36980	1811600
585	1	108070840	108075960	chr1.21055	5	1024	21553152	hg38.gc5Base.bw	0	100	1024	39800	1986400
585	1	109018040	109023160	chr1.21240	5	1024	21742592	hg38.gc5Base.bw	0	100	1024	44540	2572400
585	1	109678520	109683640	chr1.21369	5	1024	21874688	hg38.gc5Base.bw	0	100	1024	44120	2458400
585	1	109903800	109908920	chr1.21413	5	1024	21919744	hg38.gc5Base.bw	0	100	1024	50780	2975600
585	1	110042040	110047160	chr1.21440	5	1024	21947392	hg38.gc5Base.bw	0	100	1024	49440	2912800
585	1	110231480	110236600	chr1.21477	5	1024	21985280	hg38.gc5Base.bw	0	100	1024	54500	3323600
585	1	110318520	110323640	chr1.21494	5	1024	22002688	hg38.gc5Base.bw	0	100	1024	42160	2268800
585	1	110405560	110410680	chr1.21511	5	1024	22020096	hg38.gc5Base.bw	0	100	1024	47580	2842000
585	1	110410680	110415800	chr1.21512	5	1024	22021120	hg38.gc5Base.bw	0	100	1024	44360	2416800
585	1	111101880	111107000	chr1.21647	5	1024	22159360	hg38.gc5Base.bw	0	100	1024	38380	1942000
585	1	111142840	111147960	chr1.21655	5	1024	22167552	hg38.gc5Base.bw	0	100	1024	38980	1994800
585	1	111183800	111188920	chr1.21663	5	1024	22175744	hg38.gc5Base.bw	0	100	1024	41600	2141600
585	1	111275960	111281080	chr1.21681	5	1024	22194176	hg38.gc5Base.bw	0	100	1024	41720	2180800
585	1	111347640	111352760	chr1.21695	5	1024	22208512	hg38.gc5Base.bw	0	100	1024	40840	2088800
585	1	111578040	111583160	chr1.21740	5	1024	22254592	hg38.gc5Base.bw	0	100	1024	43140	2307600
585	1	111588280	111593400	chr1.21742	5	1024	22256640	hg38.gc5Base.bw	0	100	1024	38960	2000800
585	1	111654840	111659960	chr1.21755	5	1024	22269952	hg38.gc5Base.bw	0	100	1024	35460	1744400
585	1	111706040	111711160	chr1.21765	5	1024	22280192	hg38.gc5Base.bw	0	100	1024	36760	1788800
585	1	111915960	111921080	chr1.21806	5	1024	22322176	hg38.gc5Base.bw	0	100	1024	44860	2470800
585	1	111962040	111967160	chr1.21815	5	1024	22331392	hg38.gc5Base.bw	0	100	1024	51340	3015600
585	1	112320440	112325560	chr1.21885	5	1024	22403072	hg38.gc5Base.bw	0	100	1024	46540	2582000
585	1	112730040	112735160	chr1.21965	5	1024	22484992	hg38.gc5Base.bw	0	100	1024	46660	2604400
585	1	112950200	112955320	chr1.22008	5	1024	22529024	hg38.gc5Base.bw	0	100	1024	38280	1921600
585	1	112965560	112970680	chr1.22011	5	1024	22532096	hg38.gc5Base.bw	0	100	1024	46300	2644400
585	1	113226680	113231800	chr1.22062	5	1024	22584320	hg38.gc5Base.bw	0	100	1024	40780	2122800
585	1	113533880	113539000	chr1.22122	5	1024	22645760	hg38.gc5Base.bw	0	100	1024	36420	1766800
585	1	113702840	113707960	chr1.22155	5	1024	22679552	hg38.gc5Base.bw	0	100	1024	37140	1846000
585	1	114122680	114127800	chr1.22237	5	1024	22763520	hg38.gc5Base.bw	0	100	1024	52580	3147600
585	1	114132920	114138040	chr1.22239	5	1024	22765568	hg38.gc5Base.bw	0	100	1024	53320	3197600
585	1	114158520	114163640	chr1.22244	5	1024	22770688	hg38.gc5Base.bw	0	100	1024	41780	2159600
585	1	114199480	114204600	chr1.22252	5	1024	22778880	hg38.gc5Base.bw	0	100	1024	43140	2299600
585	1	114235320	114240440	chr1.22259	5	1024	22786048	hg38.gc5Base.bw	0	100	1024	45800	2589600
585	1	114255800	114260920	chr1.22263	5	1024	22790144	hg38.gc5Base.bw	0	100	1024	44580	2395600
585	1	115028920	115034040	chr1.22414	5	1024	22944768	hg38.gc5Base.bw	0	100	1024	33880	1565600
585	1	115295160	115300280	chr1.22466	5	1024	22998016	hg38.gc5Base.bw	0	100	1024	42900	2249200
585	1	115556280	115561400	chr1.22517	5	1024	23050240	hg38.gc5Base.bw	0	100	1024	41340	2166000
585	1	115699640	115704760	chr1.22545	5	1024	23078912	hg38.gc5Base.bw	0	100	1024	44060	2375600
585	1	116764600	116769720	chr1.22753	5	1024	23291904	hg38.gc5Base.bw	0	100	1024	50220	2922800
585	1	117839800	117844920	chr1.22963	5	1024	23506944	hg38.gc5Base.bw	0	100	1024	43460	2298000
585	1	117952440	117957560	chr1.22985	5	1024	23529472	hg38.gc5Base.bw	0	80	1024	35420	1671600
585	1	118080440	118085560	chr1.23010	5	1024	23555072	hg38.gc5Base.bw	0	100	1024	41740	2188400
585	1	119222200	119227320	chr1.23233	5	1024	23783424	hg38.gc5Base.bw	0	100	1024	42380	2230800
585	1	119365560	119370680	chr1.23261	5	1024	23812096	hg38.gc5Base.bw	0	100	1024	43960	2353600
585	1	119447480	119452600	chr1.23277	5	1024	23828480	hg38.gc5Base.bw	0	100	1024	47840	2718400
585	1	147035740	147040860	chr1.25191	5	1024	25734144	hg38.gc5Base.bw	0	100	1024	34980	1618800
585	1	147557980	147563100	chr1.25293	5	1024	25838592	hg38.gc5Base.bw	0	100	1024	42320	2266400
585	1	147609180	147614300	chr1.25303	5	1024	25848832	hg38.gc5Base.bw	0	100	1024	44460	2433200
585	1	150706780	150711900	chr1.25908	5	1024	26468352	hg38.gc5Base.bw	0	100	1024	36460	1814800
585	1	150834780	150839900	chr1.25933	5	1024	26493952	hg38.gc5Base.bw	0	100	1024	38740	1942000
585	1	150962780	150967900	chr1.25958	5	1024	26519552	hg38.gc5Base.bw	0	100	1024	49260	2838800
585	1	151372380	151377500	chr1.26038	5	1024	26601472	hg38.gc5Base.bw	0	100	1024	50760	3054400
585	1	151546460	151551580	chr1.26072	5	1024	26636288	hg38.gc5Base.bw	0	100	1024	48320	2770400
585	1	151577180	151582300	chr1.26078	5	1024	26642432	hg38.gc5Base.bw	0	100	1024	48420	2764400
585	1	151710300	151715420	chr1.26104	5	1024	26669056	hg38.gc5Base.bw	0	100	1024	57620	3662000
585	1	151879260	151884380	chr1.26137	5	1024	26702848	hg38.gc5Base.bw	0	100	1024	41040	2219200
585	1	152078940	152084060	chr1.26176	5	1024	26742784	hg38.gc5Base.bw	0	100	1024	48640	2948800
585	1	152416860	152421980	chr1.26242	5	1024	26810368	hg38.gc5Base.bw	0	100	1024	42740	2262000
585	1	152457820	152462940	chr1.26250	5	1024	26818560	hg38.gc5Base.bw	0	100	1024	45080	2553600
585	1	152539740	152544860	chr1.26266	5	1024	26834944	hg38.gc5Base.bw	0	100	1024	46160	2524800
585	1	152949340	152954460	chr1.26346	5	1024	26916864	hg38.gc5Base.bw	0	100	1024	48040	2713600
585	1	153620060	153625180	chr1.26477	5	1024	27051008	hg38.gc5Base.bw	0	100	1024	46420	2646000
585	1	153645660	153650780	chr1.26482	5	1024	27056128	hg38.gc5Base.bw	0	100	1024	51240	3032800
585	1	153952860	153957980	chr1.26542	5	1024	27117568	hg38.gc5Base.bw	0	100	1024	52940	3230800
585	1	154782300	154787420	chr1.26704	5	1024	27283456	hg38.gc5Base.bw	0	100	1024	49980	3019600
585	1	154818140	154823260	chr1.26711	5	1024	27290624	hg38.gc5Base.bw	0	100	1024	54680	3377600
585	1	154925660	154930780	chr1.26732	5	1024	27312128	hg38.gc5Base.bw	0	100	1024	51380	3065200
585	1	155703900	155709020	chr1.26884	5	1024	27467776	hg38.gc5Base.bw	0	100	1024	45880	2660000
585	1	156210780	156215900	chr1.26983	5	1024	27569152	hg38.gc5Base.bw	0	100	1024	50820	3072400
585	1	156420700	156425820	chr1.27024	5	1024	27611136	hg38.gc5Base.bw	0	100	1024	54360	3465600
585	1	156436060	156441180	chr1.27027	5	1024	27614208	hg38.gc5Base.bw	0	100	1024	52120	3240000
585	1	156451420	156456540	chr1.27030	5	1024	27617280	hg38.gc5Base.bw	0	100	1024	45640	2570400
585	1	156656220	156661340	chr1.27070	5	1024	27658240	hg38.gc5Base.bw	0	100	1024	60160	3958400
585	1	157280860	157285980	chr1.27192	5	1024	27783168	hg38.gc5Base.bw	0	100	1024	43740	2322000
585	1	157454940	157460060	chr1.27226	5	1024	27817984	hg38.gc5Base.bw	0	100	1024	46220	2542000
585	1	157567580	157572700	chr1.27248	5	1024	27840512	hg38.gc5Base.bw	0	100	1024	42360	2192000
585	1	157833820	157838940	chr1.27300	5	1024	27893760	hg38.gc5Base.bw	0	100	1024	43980	2386000
585	1	158253660	158258780	chr1.27382	5	1024	27977728	hg38.gc5Base.bw	0	100	1024	44400	2392000
585	1	158284380	158289500	chr1.27388	5	1024	27983872	hg38.gc5Base.bw	0	100	1024	40920	2092800
585	1	158417500	158422620	chr1.27414	5	1024	28010496	hg38.gc5Base.bw	0	100	1024	38720	1896800
585	1	158591580	158596700	chr1.27448	5	1024	28045312	hg38.gc5Base.bw	0	100	1024	33980	1570000
585	1	158601820	158606940	chr1.27450	5	1024	28047360	hg38.gc5Base.bw	0	100	1024	37540	1814800
585	1	158770780	158775900	chr1.27483	5	1024	28081152	hg38.gc5Base.bw	0	100	1024	36180	1739600
585	1	159047260	159052380	chr1.27537	5	1024	28136448	hg38.gc5Base.bw	0	100	1024	39340	1964400
585	1	159159900	159165020	chr1.27559	5	1024	28158976	hg38.gc5Base.bw	0	100	1024	41440	2124000
585	1	159364700	159369820	chr1.27599	5	1024	28199936	hg38.gc5Base.bw	0	100	1024	38920	1993600
585	1	159436380	159441500	chr1.27613	5	1024	28214272	hg38.gc5Base.bw	0	100	1024	41520	2151200
585	1	159707740	159712860	chr1.27666	5	1024	28268544	hg38.gc5Base.bw	0	100	1024	43740	2344400
585	1	160086620	160091740	chr1.27740	5	1024	28344320	hg38.gc5Base.bw	0	100	1024	55100	3405200
585	1	160142940	160148060	chr1.27751	5	1024	28355584	hg38.gc5Base.bw	0	100	1024	42340	2315600
585	1	160434780	160439900	chr1.27808	5	1024	28413952	hg38.gc5Base.bw	0	100	1024	39280	1963200
585	1	160450140	160455260	chr1.27811	5	1024	28417024	hg38.gc5Base.bw	0	100	1024	40600	2112000
585	1	161238620	161243740	chr1.27965	5	1024	28574720	hg38.gc5Base.bw	0	100	1024	45460	2525200
585	1	161806940	161812060	chr1.28076	5	1024	28688384	hg38.gc5Base.bw	0	100	1024	38780	1941200
585	1	161950300	161955420	chr1.28104	5	1024	28717056	hg38.gc5Base.bw	0	100	1024	40080	2014400
585	1	162037340	162042460	chr1.28121	5	1024	28734464	hg38.gc5Base.bw	0	100	1024	43500	2282000
585	1	162068060	162073180	chr1.28127	5	1024	28740608	hg38.gc5Base.bw	0	100	1024	50980	3162800
585	1	162216540	162221660	chr1.28156	5	1024	28770304	hg38.gc5Base.bw	0	100	1024	45460	2499600
585	1	162339420	162344540	chr1.28180	5	1024	28794880	hg38.gc5Base.bw	0	100	1024	43100	2292400
585	1	162370140	162375260	chr1.28186	5	1024	28801024	hg38.gc5Base.bw	0	100	1024	52020	3115600
585	1	162380380	162385500	chr1.28188	5	1024	28803072	hg38.gc5Base.bw	0	100	1024	54260	3310000
585	1	162482780	162487900	chr1.28208	5	1024	28823552	hg38.gc5Base.bw	0	100	1024	41480	2284800
585	1	162856540	162861660	chr1.28281	5	1024	28898304	hg38.gc5Base.bw	0	100	1024	42820	2260400
585	1	162866780	162871900	chr1.28283	5	1024	28900352	hg38.gc5Base.bw	0	100	1024	40260	2099600
585	1	162958940	162964060	chr1.28301	5	1024	28918784	hg38.gc5Base.bw	0	100	1024	38120	1922400
585	1	163035740	163040860	chr1.28316	5	1024	28934144	hg38.gc5Base.bw	0	100	1024	37480	1864800
585	1	163143260	163148380	chr1.28337	5	1024	28955648	hg38.gc5Base.bw	0	100	1024	37660	1886000
585	1	163609180	163614300	chr1.28428	5	1024	29048832	hg38.gc5Base.bw	0	100	1024	40100	2009200
585	1	163793500	163798620	chr1.28464	5	1024	29085696	hg38.gc5Base.bw	0	100	1024	39020	1958000
585	1	164059740	164064860	chr1.28516	5	1024	29138944	hg38.gc5Base.bw	0	100	1024	38240	1899200
585	1	164725340	164730460	chr1.28646	5	1024	29272064	hg38.gc5Base.bw	0	100	1024	40320	2078400
585	1	165114460	165119580	chr1.28722	5	1024	29349888	hg38.gc5Base.bw	0	100	1024	48400	2789600
585	1	165221980	165227100	chr1.28743	5	1024	29371392	hg38.gc5Base.bw	0	100	1024	42580	2226800
585	1	165247580	165252700	chr1.28748	5	1024	29376512	hg38.gc5Base.bw	0	100	1024	44980	2452400
585	1	165324380	165329500	chr1.28763	5	1024	29391872	hg38.gc5Base.bw	0	100	1024	46040	2545600
585	1	165396060	165401180	chr1.28777	5	1024	29406208	hg38.gc5Base.bw	0	100	1024	48040	2760800
585	1	165539420	165544540	chr1.28805	5	1024	29434880	hg38.gc5Base.bw	0	100	1024	46000	2554400
585	1	165677660	165682780	chr1.28832	5	1024	29462528	hg38.gc5Base.bw	0	100	1024	41700	2207600
585	1	165698140	165703260	chr1.28836	5	1024	29466624	hg38.gc5Base.bw	0	100	1024	46300	2682000
585	1	166071900	166077020	chr1.28909	5	1024	29541376	hg38.gc5Base.bw	0	100	1024	43460	2306000
585	1	166333020	166338140	chr1.28960	5	1024	29593600	hg38.gc5Base.bw	0	100	1024	38680	1976000
585	1	166353500	166358620	chr1.28964	5	1024	29597696	hg38.gc5Base.bw	0	100	1024	42940	2306000
585	1	166363740	166368860	chr1.28966	5	1024	29599744	hg38.gc5Base.bw	0	100	1024	42600	2285600
585	1	166542940	166548060	chr1.29001	5	1024	29635584	hg38.gc5Base.bw	0	100	1024	37880	1870400
585	1	166583900	166589020	chr1.29009	5	1024	29643776	hg38.gc5Base.bw	0	100	1024	39540	2002000
585	1	166604380	166609500	chr1.29013	5	1024	29647872	hg38.gc5Base.bw	0	100	1024	40620	2093200
585	1	166855260	166860380	chr1.29062	5	1024	29698048	hg38.gc5Base.bw	0	100	1024	40900	2151600
585	1	166880860	166885980	chr1.29067	5	1024	29703168	hg38.gc5Base.bw	0	100	1024	45700	2574000
585	1	167229020	167234140	chr1.29135	5	1024	29772800	hg38.gc5Base.bw	0	100	1024	39920	2047200
585	1	167525980	167531100	chr1.29193	5	1024	29832192	hg38.gc5Base.bw	0	100	1024	47080	2703200
585	1	167694940	167700060	chr1.29226	5	1024	29865984	hg38.gc5Base.bw	0	100	1024	50600	3035200
585	1	167874140	167879260	chr1.29261	5	1024	29901824	hg38.gc5Base.bw	0	100	1024	42620	2280400
585	1	168314460	168319580	chr1.29347	5	1024	29989888	hg38.gc5Base.bw	0	100	1024	45420	2495600
585	1	168411740	168416860	chr1.29366	5	1024	30009344	hg38.gc5Base.bw	0	100	1024	42400	2287200
585	1	168601180	168606300	chr1.29403	5	1024	30047232	hg38.gc5Base.bw	0	100	1024	38720	1927200
585	1	168652380	168657500	chr1.29413	5	1024	30057472	hg38.gc5Base.bw	0	100	1024	40360	2037600
585	1	168765020	168770140	chr1.29435	5	1024	30080000	hg38.gc5Base.bw	0	100	1024	38440	1936800
585	1	169118300	169123420	chr1.29504	5	1024	30150656	hg38.gc5Base.bw	0	100	1024	43400	2315200
585	1	169420380	169425500	chr1.29563	5	1024	30211072	hg38.gc5Base.bw	0	100	1024	33800	1552000
585	1	169466460	169471580	chr1.29572	5	1024	30220288	hg38.gc5Base.bw	0	100	1024	39020	1958000
585	1	169594460	169599580	chr1.29597	5	1024	30245888	hg38.gc5Base.bw	0	100	1024	38720	1912800
585	1	169620060	169625180	chr1.29602	5	1024	30251008	hg38.gc5Base.bw	0	100	1024	42640	2236000
585	1	170014300	170019420	chr1.29679	5	1024	30329856	hg38.gc5Base.bw	0	100	1024	34460	1620400
585	1	170208860	170213980	chr1.29717	5	1024	30368768	hg38.gc5Base.bw	0	100	1024	39480	1974400
585	1	171140700	171145820	chr1.29899	5	1024	30555136	hg38.gc5Base.bw	0	100	1024	41340	2179600
585	1	171248220	171253340	chr1.29920	5	1024	30576640	hg38.gc5Base.bw	0	100	1024	43060	2369200
585	1	171432540	171437660	chr1.29956	5	1024	30613504	hg38.gc5Base.bw	0	100	1024	42020	2237200
585	1	171493980	171499100	chr1.29968	5	1024	30625792	hg38.gc5Base.bw	0	100	1024	41580	2234000
585	1	172354140	172359260	chr1.30136	5	1024	30797824	hg38.gc5Base.bw	0	100	1024	38220	1900400
585	1	172697180	172702300	chr1.30203	5	1024	30866432	hg38.gc5Base.bw	0	100	1024	41680	2136800
585	1	173111900	173117020	chr1.30284	5	1024	30949376	hg38.gc5Base.bw	0	100	1024	40020	2042000
585	1	173424220	173429340	chr1.30345	5	1024	31011840	hg38.gc5Base.bw	0	100	1024	42140	2240400
585	1	174274140	174279260	chr1.30511	5	1024	31181824	hg38.gc5Base.bw	0	80	1024	33080	1569600
585	1	174827100	174832220	chr1.30619	5	1024	31292416	hg38.gc5Base.bw	0	100	1024	38620	1930800
585	1	174934620	174939740	chr1.30640	5	1024	31313920	hg38.gc5Base.bw	0	100	1024	41000	2220800
585	1	174939740	174944860	chr1.30641	5	1024	31314944	hg38.gc5Base.bw	0	100	1024	42000	2216000
585	1	175011420	175016540	chr1.30655	5	1024	31329280	hg38.gc5Base.bw	0	100	1024	41140	2143600
585	1	175113820	175118940	chr1.30675	5	1024	31349760	hg38.gc5Base.bw	0	100	1024	46160	2557600
585	1	175554140	175559260	chr1.30761	5	1024	31437824	hg38.gc5Base.bw	0	100	1024	41980	2167600
585	1	175851100	175856220	chr1.30819	5	1024	31497216	hg38.gc5Base.bw	0	100	1024	46580	2607600
585	1	176030300	176035420	chr1.30854	5	1024	31533056	hg38.gc5Base.bw	0	100	1024	35680	1729600
585	1	176127580	176132700	chr1.30873	5	1024	31552512	hg38.gc5Base.bw	0	100	1024	32080	1414400
585	1	177407580	177412700	chr1.31123	5	1024	31808512	hg38.gc5Base.bw	0	100	1024	42200	2229600
585	1	178672220	178677340	chr1.31370	5	1024	32061440	hg38.gc5Base.bw	0	80	1024	38720	2003200
585	1	179092060	179097180	chr1.31452	5	1024	32145408	hg38.gc5Base.bw	0	100	1024	50500	2924400
585	1	179281500	179286620	chr1.31489	5	1024	32183296	hg38.gc5Base.bw	0	100	1024	45380	2592400
585	1	179363420	179368540	chr1.31505	5	1024	32199680	hg38.gc5Base.bw	0	100	1024	48800	2928800
585	1	179778140	179783260	chr1.31586	5	1024	32282624	hg38.gc5Base.bw	0	100	1024	47140	2673200
585	1	180249180	180254300	chr1.31678	5	1024	32376832	hg38.gc5Base.bw	0	100	1024	56440	3536000
585	1	180863580	180868700	chr1.31798	5	1024	32499712	hg38.gc5Base.bw	0	100	1024	37580	1866000
585	1	180904540	180909660	chr1.31806	5	1024	32507904	hg38.gc5Base.bw	0	100	1024	48960	2886400
585	1	181268060	181273180	chr1.31877	5	1024	32580608	hg38.gc5Base.bw	0	100	1024	40080	2012800
585	1	181518940	181524060	chr1.31926	5	1024	32630784	hg38.gc5Base.bw	0	100	1024	43100	2298000
585	1	181580380	181585500	chr1.31938	5	1024	32643072	hg38.gc5Base.bw	0	100	1024	44400	2360000
585	1	182210140	182215260	chr1.32061	5	1024	32769024	hg38.gc5Base.bw	0	100	1024	43520	2341600
585	1	182384220	182389340	chr1.32095	5	1024	32803840	hg38.gc5Base.bw	0	100	1024	45180	2456400
585	1	182829660	182834780	chr1.32182	5	1024	32892928	hg38.gc5Base.bw	0	100	1024	41060	2161200
585	1	183075420	183080540	chr1.32230	5	1024	32942080	hg38.gc5Base.bw	0	100	1024	41140	2162800
585	1	184048220	184053340	chr1.32420	5	1024	33136640	hg38.gc5Base.bw	0	100	1024	40380	2115600
585	1	184867420	184872540	chr1.32580	5	1024	33300480	hg38.gc5Base.bw	0	100	1024	40600	2101600
585	1	185200220	185205340	chr1.32645	5	1024	33367040	hg38.gc5Base.bw	0	100	1024	39660	2102000
585	1	185312860	185317980	chr1.32667	5	1024	33389568	hg38.gc5Base.bw	0	100	1024	46880	2811200
585	1	185456220	185461340	chr1.32695	5	1024	33418240	hg38.gc5Base.bw	0	100	1024	41800	2224800
585	1	185855580	185860700	chr1.32773	5	1024	33498112	hg38.gc5Base.bw	0	100	1024	36540	1846800
585	1	186014300	186019420	chr1.32804	5	1024	33529856	hg38.gc5Base.bw	0	100	1024	36340	1752400
585	1	186142300	186147420	chr1.32829	5	1024	33555456	hg38.gc5Base.bw	0	100	1024	40700	2086000
585	1	186306140	186311260	chr1.32861	5	1024	33588224	hg38.gc5Base.bw	0	100	1024	46380	2608400
585	1	187125340	187130460	chr1.33021	5	1024	33752064	hg38.gc5Base.bw	0	100	1024	33860	1559600
585	1	187540060	187545180	chr1.33102	5	1024	33835008	hg38.gc5Base.bw	0	100	1024	39260	1932400
585	1	187918940	187924060	chr1.33176	5	1024	33910784	hg38.gc5Base.bw	0	80	1024	33700	1507600
585	1	187959900	187965020	chr1.33184	5	1024	33918976	hg38.gc5Base.bw	0	100	1024	33740	1532400
585	1	188011100	188016220	chr1.33194	5	1024	33929216	hg38.gc5Base.bw	0	100	1024	41360	2272000
585	1	188297820	188302940	chr1.33250	5	1024	33986560	hg38.gc5Base.bw	0	100	1024	33060	1495600
585	1	188661340	188666460	chr1.33321	5	1024	34059264	hg38.gc5Base.bw	0	100	1024	33800	1582400
585	1	189347420	189352540	chr1.33455	5	1024	34196480	hg38.gc5Base.bw	0	100	1024	33900	1567600
585	1	189541980	189547100	chr1.33493	5	1024	34235392	hg38.gc5Base.bw	0	100	1024	33660	1567600
585	1	189572700	189577820	chr1.33499	5	1024	34241536	hg38.gc5Base.bw	0	100	1024	31540	1414000
585	1	189623900	189629020	chr1.33509	5	1024	34251776	hg38.gc5Base.bw	0	100	1024	34340	1639600
585	1	189905500	189910620	chr1.33564	5	1024	34308096	hg38.gc5Base.bw	0	100	1024	38700	1928400
585	1	190161500	190166620	chr1.33614	5	1024	34359296	hg38.gc5Base.bw	0	100	1024	32360	1472000
585	1	190903900	190909020	chr1.33759	5	1024	34507776	hg38.gc5Base.bw	0	100	1024	34480	1602400
585	1	191897180	191902300	chr1.33953	5	1024	34706432	hg38.gc5Base.bw	0	100	1024	39020	1979600
585	1	192127580	192132700	chr1.33998	5	1024	34752512	hg38.gc5Base.bw	0	100	1024	35440	1687200
585	1	192470620	192475740	chr1.34065	5	1024	34821120	hg38.gc5Base.bw	0	100	1024	37920	1901600
585	1	193474140	193479260	chr1.34261	5	1024	35021824	hg38.gc5Base.bw	0	100	1024	37700	1834800
585	1	193586780	193591900	chr1.34283	5	1024	35044352	hg38.gc5Base.bw	0	100	1024	39540	2021200
585	1	193627740	193632860	chr1.34291	5	1024	35052544	hg38.gc5Base.bw	0	100	1024	35160	1663200
585	1	194124380	194129500	chr1.34388	5	1024	35151872	hg38.gc5Base.bw	0	80	1024	32260	1477200
585	1	194155100	194160220	chr1.34394	5	1024	35158016	hg38.gc5Base.bw	0	100	1024	36400	1748800
585	1	194979420	194984540	chr1.34555	5	1024	35322880	hg38.gc5Base.bw	0	100	1024	35220	1639600
585	1	195045980	195051100	chr1.34568	5	1024	35336192	hg38.gc5Base.bw	0	100	1024	33820	1558000
585	1	195081820	195086940	chr1.34575	5	1024	35343360	hg38.gc5Base.bw	0	100	1024	36280	1736000
585	1	195921500	195926620	chr1.34739	5	1024	35511296	hg38.gc5Base.bw	0	100	1024	34300	1599600
585	1	196331100	196336220	chr1.34819	5	1024	35593216	hg38.gc5Base.bw	0	100	1024	34980	1665200
585	1	196382300	196387420	chr1.34829	5	1024	35603456	hg38.gc5Base.bw	0	100	1024	35460	1731600
585	1	198000220	198005340	chr1.35145	5	1024	35927040	hg38.gc5Base.bw	0	100	1024	38440	1889600
585	1	198440540	198445660	chr1.35231	5	1024	36015104	hg38.gc5Base.bw	0	100	1024	33720	1583200
585	1	198686300	198691420	chr1.35279	5	1024	36064256	hg38.gc5Base.bw	0	100	1024	34240	1569600
585	1	199341660	199346780	chr1.35407	5	1024	36195328	hg38.gc5Base.bw	0	100	1024	35260	1629200
585	1	199403100	199408220	chr1.35419	5	1024	36207616	hg38.gc5Base.bw	0	80	1024	39040	1904000
585	1	199418460	199423580	chr1.35422	5	1024	36210688	hg38.gc5Base.bw	0	80	1024	38000	1838400
585	1	199500380	199505500	chr1.35438	5	1024	36227072	hg38.gc5Base.bw	0	100	1024	35200	1691200
585	1	199623260	199628380	chr1.35462	5	1024	36251648	hg38.gc5Base.bw	0	100	1024	34840	1668000
585	1	199920220	199925340	chr1.35520	5	1024	36311040	hg38.gc5Base.bw	0	100	1024	41240	2172800
585	1	200063580	200068700	chr1.35548	5	1024	36339712	hg38.gc5Base.bw	0	100	1024	43100	2340400
585	1	200135260	200140380	chr1.35562	5	1024	36354048	hg38.gc5Base.bw	0	100	1024	37420	1878800
585	1	200969820	200974940	chr1.35725	5	1024	36520960	hg38.gc5Base.bw	0	100	1024	61240	4098400
585	1	201102940	201108060	chr1.35751	5	1024	36547584	hg38.gc5Base.bw	0	100	1024	51160	3042400
585	1	201246300	201251420	chr1.35779	5	1024	36576256	hg38.gc5Base.bw	0	100	1024	44500	2513200
585	1	201266780	201271900	chr1.35783	5	1024	36580352	hg38.gc5Base.bw	0	100	1024	49500	2867600
585	1	201328220	201333340	chr1.35795	5	1024	36592640	hg38.gc5Base.bw	0	100	1024	52960	3224800
585	1	201507420	201512540	chr1.35830	5	1024	36628480	hg38.gc5Base.bw	0	100	1024	48860	2803600
585	1	202004060	202009180	chr1.35927	5	1024	36727808	hg38.gc5Base.bw	0	100	1024	52360	3173600
585	1	202116700	202121820	chr1.35949	5	1024	36750336	hg38.gc5Base.bw	0	100	1024	51540	3122000
585	1	202592860	202597980	chr1.36042	5	1024	36845568	hg38.gc5Base.bw	0	100	1024	50200	2882400
585	1	202705500	202710620	chr1.36064	5	1024	36868096	hg38.gc5Base.bw	0	100	1024	57200	3702400
585	1	203043420	203048540	chr1.36130	5	1024	36935680	hg38.gc5Base.bw	0	100	1024	56880	3616800
585	1	203048540	203053660	chr1.36131	5	1024	36936704	hg38.gc5Base.bw	0	100	1024	56020	3543600
585	1	203161180	203166300	chr1.36153	5	1024	36959232	hg38.gc5Base.bw	0	100	1024	54320	3342400
585	1	203365980	203371100	chr1.36193	5	1024	37000192	hg38.gc5Base.bw	0	100	1024	49040	2792800
585	1	203678300	203683420	chr1.36254	5	1024	37062656	hg38.gc5Base.bw	0	100	1024	48700	2770800
585	1	204031580	204036700	chr1.36323	5	1024	37133312	hg38.gc5Base.bw	0	100	1024	49800	2966400
585	1	204062300	204067420	chr1.36329	5	1024	37139456	hg38.gc5Base.bw	0	100	1024	49100	2848400
585	1	204098140	204103260	chr1.36336	5	1024	37146624	hg38.gc5Base.bw	0	100	1024	50360	2972000
585	1	204169820	204174940	chr1.36350	5	1024	37160960	hg38.gc5Base.bw	0	100	1024	45560	2528000
585	1	204773980	204779100	chr1.36468	5	1024	37281792	hg38.gc5Base.bw	0	100	1024	46060	2520400
585	1	204809820	204814940	chr1.36475	5	1024	37288960	hg38.gc5Base.bw	0	100	1024	43860	2393200
585	1	205490780	205495900	chr1.36608	5	1024	37425152	hg38.gc5Base.bw	0	100	1024	55820	3534800
585	1	205541980	205547100	chr1.36618	5	1024	37435392	hg38.gc5Base.bw	0	100	1024	52260	3186800
585	1	205833820	205838940	chr1.36675	5	1024	37493760	hg38.gc5Base.bw	0	100	1024	47940	2742800
585	1	206545500	206550620	chr1.36814	5	1024	37636096	hg38.gc5Base.bw	0	100	1024	42720	2318400
585	1	206663260	206668380	chr1.36837	5	1024	37659648	hg38.gc5Base.bw	0	100	1024	47440	2717600
585	1	206688860	206693980	chr1.36842	5	1024	37664768	hg38.gc5Base.bw	0	100	1024	50620	2956400
585	1	206786140	206791260	chr1.36861	5	1024	37684224	hg38.gc5Base.bw	0	100	1024	45200	2437600
585	1	206898780	206903900	chr1.36883	5	1024	37706752	hg38.gc5Base.bw	0	100	1024	49820	2897200
585	1	206924380	206929500	chr1.36888	5	1024	37711872	hg38.gc5Base.bw	0	100	1024	49860	2930800
585	1	207011420	207016540	chr1.36905	5	1024	37729280	hg38.gc5Base.bw	0	100	1024	45420	2466800
585	1	208061020	208066140	chr1.37110	5	1024	37939200	hg38.gc5Base.bw	0	100	1024	48960	2801600
585	1	208926300	208931420	chr1.37279	5	1024	38112256	hg38.gc5Base.bw	0	100	1024	41880	2199200
585	1	209428060	209433180	chr1.37377	5	1024	38212608	hg38.gc5Base.bw	0	100	1024	48820	2825200
585	1	209530460	209535580	chr1.37397	5	1024	38233088	hg38.gc5Base.bw	0	100	1024	44780	2418800
585	1	210559580	210564700	chr1.37598	5	1024	38438912	hg38.gc5Base.bw	0	100	1024	43540	2334800
585	1	210733660	210738780	chr1.37632	5	1024	38473728	hg38.gc5Base.bw	0	100	1024	45660	2514000
585	1	210754140	210759260	chr1.37636	5	1024	38477824	hg38.gc5Base.bw	0	100	1024	48240	2708000
585	1	210907740	210912860	chr1.37666	5	1024	38508544	hg38.gc5Base.bw	0	100	1024	43200	2299200
585	1	212622940	212628060	chr1.38001	5	1024	38851584	hg38.gc5Base.bw	0	100	1024	50040	2928800
585	1	212689500	212694620	chr1.38014	5	1024	38864896	hg38.gc5Base.bw	0	100	1024	50060	2877200
585	1	212986460	212991580	chr1.38072	5	1024	38924288	hg38.gc5Base.bw	0	100	1024	38760	1931200
585	1	213421660	213426780	chr1.38157	5	1024	39011328	hg38.gc5Base.bw	0	100	1024	47020	2672400
585	1	213600860	213605980	chr1.38192	5	1024	39047168	hg38.gc5Base.bw	0	100	1024	43560	2407200
585	1	214015580	214020700	chr1.38273	5	1024	39130112	hg38.gc5Base.bw	0	100	1024	43600	2367200
585	1	214286940	214292060	chr1.38326	5	1024	39184384	hg38.gc5Base.bw	0	100	1024	41420	2190800
585	1	214322780	214327900	chr1.38333	5	1024	39191552	hg38.gc5Base.bw	0	100	1024	45340	2518800
585	1	214338140	214343260	chr1.38336	5	1024	39194624	hg38.gc5Base.bw	0	100	1024	43500	2309200
585	1	214788700	214793820	chr1.38424	5	1024	39284736	hg38.gc5Base.bw	0	100	1024	40620	2078000
585	1	214937180	214942300	chr1.38453	5	1024	39314432	hg38.gc5Base.bw	0	100	1024	39840	2056800
585	1	214952540	214957660	chr1.38456	5	1024	39317504	hg38.gc5Base.bw	0	100	1024	39480	1996800
585	1	214988380	214993500	chr1.38463	5	1024	39324672	hg38.gc5Base.bw	0	100	1024	40660	2073200
585	1	215239260	215244380	chr1.38512	5	1024	39374848	hg38.gc5Base.bw	0	100	1024	37860	1826800
585	1	215710300	215715420	chr1.38604	5	1024	39469056	hg38.gc5Base.bw	0	100	1024	39240	1992000
585	1	215822940	215828060	chr1.38626	5	1024	39491584	hg38.gc5Base.bw	0	80	1024	37000	1756800
585	1	215838300	215843420	chr1.38629	5	1024	39494656	hg38.gc5Base.bw	0	100	1024	36620	1762000
585	1	215976540	215981660	chr1.38656	5	1024	39522304	hg38.gc5Base.bw	0	100	1024	36540	1776400
585	1	216549980	216555100	chr1.38768	5	1024	39636992	hg38.gc5Base.bw	0	100	1024	38400	1929600
585	1	216698460	216703580	chr1.38797	5	1024	39666688	hg38.gc5Base.bw	0	100	1024	38220	1941200
585	1	216703580	216708700	chr1.38798	5	1024	39667712	hg38.gc5Base.bw	0	100	1024	36020	1771600
585	1	216816220	216821340	chr1.38820	5	1024	39690240	hg38.gc5Base.bw	0	100	1024	36620	1747600
585	1	216903260	216908380	chr1.38837	5	1024	39707648	hg38.gc5Base.bw	0	100	1024	43020	2288400
585	1	217000540	217005660	chr1.38856	5	1024	39727104	hg38.gc5Base.bw	0	100	1024	37660	1888400
585	1	217133660	217138780	chr1.38882	5	1024	39753728	hg38.gc5Base.bw	0	100	1024	58600	3952000
585	1	217297500	217302620	chr1.38914	5	1024	39786496	hg38.gc5Base.bw	0	100	1024	37720	1855200
585	1	217445980	217451100	chr1.38943	5	1024	39816192	hg38.gc5Base.bw	0	100	1024	34560	1638400
585	1	218551900	218557020	chr1.39159	5	1024	40037376	hg38.gc5Base.bw	0	100	1024	41780	2200400
585	1	219524700	219529820	chr1.39349	5	1024	40231936	hg38.gc5Base.bw	0	100	1024	40480	2120000
585	1	219601500	219606620	chr1.39364	5	1024	40247296	hg38.gc5Base.bw	0	100	1024	39540	1995600
585	1	219668060	219673180	chr1.39377	5	1024	40260608	hg38.gc5Base.bw	0	100	1024	42060	2189200
585	1	220349020	220354140	chr1.39510	5	1024	40396800	hg38.gc5Base.bw	0	100	1024	41540	2222000
585	1	220466780	220471900	chr1.39533	5	1024	40420352	hg38.gc5Base.bw	0	100	1024	45340	2636400
585	1	221122140	221127260	chr1.39661	5	1024	40551424	hg38.gc5Base.bw	0	80	1024	37680	1808800
585	1	221731420	221736540	chr1.39780	5	1024	40673280	hg38.gc5Base.bw	0	100	1024	41120	2136000
585	1	221946460	221951580	chr1.39822	5	1024	40716288	hg38.gc5Base.bw	0	100	1024	45340	2500400
585	1	221977180	221982300	chr1.39828	5	1024	40722432	hg38.gc5Base.bw	0	100	1024	42260	2270800
585	1	222719580	222724700	chr1.39973	5	1024	40870912	hg38.gc5Base.bw	0	100	1024	35400	1726400
585	1	223006300	223011420	chr1.40029	5	1024	40928256	hg38.gc5Base.bw	0	100	1024	41100	2145200
585	1	223451740	223456860	chr1.40116	5	1024	41017344	hg38.gc5Base.bw	0	100	1024	42860	2286800
585	1	223477340	223482460	chr1.40121	5	1024	41022464	hg38.gc5Base.bw	0	100	1024	52780	3189200
585	1	223716780	223721900	chr1.40159	5	1024	41060352	hg38.gc5Base.bw	0	100	1024	50140	2927600
585	1	223834540	223839660	chr1.40182	5	1024	41083904	hg38.gc5Base.bw	0	100	1024	41760	2190400
585	1	224064940	224070060	chr1.40227	5	1024	41129984	hg38.gc5Base.bw	0	100	1024	43500	2366800
585	1	224377260	224382380	chr1.40288	5	1024	41192448	hg38.gc5Base.bw	0	100	1024	44200	2402400
585	1	224535980	224541100	chr1.40319	5	1024	41224192	hg38.gc5Base.bw	0	100	1024	42780	2291600
585	1	225431980	225437100	chr1.40494	5	1024	41403392	hg38.gc5Base.bw	0	100	1024	45560	2496800
585	1	225493420	225498540	chr1.40506	5	1024	41415680	hg38.gc5Base.bw	0	100	1024	33680	1529600
585	1	225841580	225846700	chr1.40574	5	1024	41485312	hg38.gc5Base.bw	0	100	1024	57760	3714400
585	1	226015660	226020780	chr1.40608	5	1024	41520128	hg38.gc5Base.bw	0	100	1024	45020	2541200
585	1	226640300	226645420	chr1.40730	5	1024	41645056	hg38.gc5Base.bw	0	100	1024	58780	3845200
585	1	226998700	227003820	chr1.40800	5	1024	41716736	hg38.gc5Base.bw	0	100	1024	43560	2344000
585	1	227090860	227095980	chr1.40818	5	1024	41735168	hg38.gc5Base.bw	0	100	1024	38960	1989600
585	1	227362220	227367340	chr1.40871	5	1024	41789440	hg38.gc5Base.bw	0	100	1024	45140	2519600
585	1	227433900	227439020	chr1.40885	5	1024	41803776	hg38.gc5Base.bw	0	100	1024	45060	2510800
585	1	228176300	228181420	chr1.41030	5	1024	41952256	hg38.gc5Base.bw	0	100	1024	51360	3121600
585	1	228422060	228427180	chr1.41078	5	1024	42001408	hg38.gc5Base.bw	0	100	1024	51740	3132400
585	1	228463020	228468140	chr1.41086	5	1024	42009600	hg38.gc5Base.bw	0	100	1024	49620	2932400
585	1	228488620	228493740	chr1.41091	5	1024	42014720	hg38.gc5Base.bw	0	100	1024	53620	3312400
585	1	228514220	228519340	chr1.41096	5	1024	42019840	hg38.gc5Base.bw	0	100	1024	43440	2313600
585	1	228779255	228784375	chr1.41139	5	1024	42062848	hg38.gc5Base.bw	0	100	1024	48300	2680400
585	1	228784375	228789495	chr1.41140	5	1024	42063872	hg38.gc5Base.bw	0	100	1024	46600	2605600
585	1	228984055	228989175	chr1.41179	5	1024	42103808	hg38.gc5Base.bw	0	100	1024	50120	2953600
585	1	229009655	229014775	chr1.41184	5	1024	42108928	hg38.gc5Base.bw	0	100	1024	39720	2060000
585	1	229019895	229025015	chr1.41186	5	1024	42110976	hg38.gc5Base.bw	0	100	1024	48260	2782800
585	1	229956855	229961975	chr1.41369	5	1024	42298368	hg38.gc5Base.bw	0	100	1024	34460	1610000
585	1	229982455	229987575	chr1.41374	5	1024	42303488	hg38.gc5Base.bw	0	100	1024	47080	2625600
585	1	230028535	230033655	chr1.41383	5	1024	42312704	hg38.gc5Base.bw	0	100	1024	44620	2415600
585	1	230069495	230074615	chr1.41391	5	1024	42320896	hg38.gc5Base.bw	0	100	1024	49880	2918400
585	1	230279415	230284535	chr1.41432	5	1024	42362880	hg38.gc5Base.bw	0	100	1024	53960	3400800
585	1	230489335	230494455	chr1.41473	5	1024	42404864	hg38.gc5Base.bw	0	100	1024	40580	2059600
585	1	230571255	230576375	chr1.41489	5	1024	42421248	hg38.gc5Base.bw	0	100	1024	42740	2267600
585	1	230740215	230745335	chr1.41522	5	1024	42455040	hg38.gc5Base.bw	0	100	1024	50260	2920400
585	1	230888695	230893815	chr1.41551	5	1024	42484736	hg38.gc5Base.bw	0	100	1024	45120	2540000
585	1	231042295	231047415	chr1.41581	5	1024	42515456	hg38.gc5Base.bw	0	100	1024	43520	2337600
585	1	231185655	231190775	chr1.41609	5	1024	42544128	hg38.gc5Base.bw	0	100	1024	51960	3073600
585	1	231201015	231206135	chr1.41612	5	1024	42547200	hg38.gc5Base.bw	0	100	1024	52180	3154000
585	1	231585015	231590135	chr1.41687	5	1024	42624000	hg38.gc5Base.bw	0	100	1024	46040	2590400
585	1	231590135	231595255	chr1.41688	5	1024	42625024	hg38.gc5Base.bw	0	100	1024	41840	2185600
585	1	231672055	231677175	chr1.41704	5	1024	42641408	hg38.gc5Base.bw	0	100	1024	42700	2265200
585	1	231728375	231733495	chr1.41715	5	1024	42652672	hg38.gc5Base.bw	0	100	1024	41120	2095200
585	1	231733495	231738615	chr1.41716	5	1024	42653696	hg38.gc5Base.bw	0	100	1024	41960	2179200
585	1	231759095	231764215	chr1.41721	5	1024	42658816	hg38.gc5Base.bw	0	100	1024	43780	2355600
585	1	231963895	231969015	chr1.41761	5	1024	42699776	hg38.gc5Base.bw	0	100	1024	40780	2098000
585	1	232521975	232527095	chr1.41870	5	1024	42811392	hg38.gc5Base.bw	0	100	1024	41340	2212400
585	1	233192695	233197815	chr1.42001	5	1024	42945536	hg38.gc5Base.bw	0	100	1024	32400	1483200
585	1	233679095	233684215	chr1.42096	5	1024	43042816	hg38.gc5Base.bw	0	100	1024	42380	2288400
585	1	233807095	233812215	chr1.42121	5	1024	43068416	hg38.gc5Base.bw	0	100	1024	41780	2151600
585	1	233909495	233914615	chr1.42141	5	1024	43088896	hg38.gc5Base.bw	0	100	1024	44560	2430400
585	1	233970935	233976055	chr1.42153	5	1024	43101184	hg38.gc5Base.bw	0	100	1024	47200	2675200
585	1	234145015	234150135	chr1.42187	5	1024	43136000	hg38.gc5Base.bw	0	100	1024	40640	2091200
585	1	234175735	234180855	chr1.42193	5	1024	43142144	hg38.gc5Base.bw	0	100	1024	45000	2409600
585	1	234585335	234590455	chr1.42273	5	1024	43224064	hg38.gc5Base.bw	0	100	1024	46020	2562000
585	1	234626295	234631415	chr1.42281	5	1024	43232256	hg38.gc5Base.bw	0	100	1024	42000	2215200
585	1	234764535	234769655	chr1.42308	5	1024	43259904	hg38.gc5Base.bw	0	100	1024	48880	2816000
585	1	234984695	234989815	chr1.42351	5	1024	43303936	hg38.gc5Base.bw	0	100	1024	48520	2808000
585	1	235547895	235553015	chr1.42461	5	1024	43416576	hg38.gc5Base.bw	0	100	1024	49020	2881200
585	1	236054775	236059895	chr1.42560	5	1024	43517952	hg38.gc5Base.bw	0	100	1024	43000	2337600
585	1	236469495	236474615	chr1.42641	5	1024	43600896	hg38.gc5Base.bw	0	100	1024	45280	2564000
585	1	236740855	236745975	chr1.42694	5	1024	43655168	hg38.gc5Base.bw	0	100	1024	48360	2844000
585	1	236961015	236966135	chr1.42737	5	1024	43699200	hg38.gc5Base.bw	0	100	1024	44980	2458800
585	1	236976375	236981495	chr1.42740	5	1024	43702272	hg38.gc5Base.bw	0	100	1024	47540	2743600
585	1	237032695	237037815	chr1.42751	5	1024	43713536	hg38.gc5Base.bw	0	100	1024	42780	2253200
585	1	237257975	237263095	chr1.42795	5	1024	43758592	hg38.gc5Base.bw	0	100	1024	41780	2214000
585	1	237268215	237273335	chr1.42797	5	1024	43760640	hg38.gc5Base.bw	0	100	1024	39660	2052400
585	1	237391095	237396215	chr1.42821	5	1024	43785216	hg38.gc5Base.bw	0	100	1024	38180	1917200
585	1	237406455	237411575	chr1.42824	5	1024	43788288	hg38.gc5Base.bw	0	100	1024	34440	1604000
585	1	237432055	237437175	chr1.42829	5	1024	43793408	hg38.gc5Base.bw	0	100	1024	35820	1728400
585	1	238087415	238092535	chr1.42957	5	1024	43924480	hg38.gc5Base.bw	0	100	1024	40860	2066800
585	1	238409975	238415095	chr1.43020	5	1024	43988992	hg38.gc5Base.bw	0	100	1024	39360	1986400
585	1	238420215	238425335	chr1.43022	5	1024	43991040	hg38.gc5Base.bw	0	100	1024	35280	1678400
585	1	239142135	239147255	chr1.43163	5	1024	44135424	hg38.gc5Base.bw	0	100	1024	33440	1536000
585	1	239305975	239311095	chr1.43195	5	1024	44168192	hg38.gc5Base.bw	0	100	1024	39720	2050400
585	1	239398135	239403255	chr1.43213	5	1024	44186624	hg38.gc5Base.bw	0	100	1024	40360	2105600
585	1	240294135	240299255	chr1.43388	5	1024	44365824	hg38.gc5Base.bw	0	100	1024	40600	2128800
585	1	240437495	240442615	chr1.43416	5	1024	44394496	hg38.gc5Base.bw	0	100	1024	42260	2214000
585	1	240821495	240826615	chr1.43491	5	1024	44471296	hg38.gc5Base.bw	0	100	1024	42520	2303200
585	1	240969975	240975095	chr1.43520	5	1024	44500992	hg38.gc5Base.bw	0	100	1024	41700	2248400
585	1	241164535	241169655	chr1.43558	5	1024	44539904	hg38.gc5Base.bw	0	100	1024	43980	2404400
585	1	241266935	241272055	chr1.43578	5	1024	44560384	hg38.gc5Base.bw	0	100	1024	44580	2439600
585	1	241645815	241650935	chr1.43652	5	1024	44636160	hg38.gc5Base.bw	0	100	1024	43540	2329200
585	1	241922295	241927415	chr1.43706	5	1024	44691456	hg38.gc5Base.bw	0	100	1024	45620	2570800
585	1	242086135	242091255	chr1.43738	5	1024	44724224	hg38.gc5Base.bw	0	100	1024	41420	2173200
585	1	242505975	242511095	chr1.43820	5	1024	44808192	hg38.gc5Base.bw	0	100	1024	43940	2410800
585	1	242710775	242715895	chr1.43860	5	1024	44849152	hg38.gc5Base.bw	0	100	1024	43380	2296400
585	1	244190455	244195575	chr1.44149	5	1024	45145088	hg38.gc5Base.bw	0	100	1024	40120	2070400
585	1	244282615	244287735	chr1.44167	5	1024	45163520	hg38.gc5Base.bw	0	100	1024	49600	2897600
585	1	244379895	244385015	chr1.44186	5	1024	45182976	hg38.gc5Base.bw	0	100	1024	48520	2844800
585	1	244466935	244472055	chr1.44203	5	1024	45200384	hg38.gc5Base.bw	0	100	1024	36400	1752000
585	1	244646135	244651255	chr1.44238	5	1024	45236224	hg38.gc5Base.bw	0	100	1024	43780	2369200
585	1	244963575	244968695	chr1.44300	5	1024	45299712	hg38.gc5Base.bw	0	100	1024	41500	2244400
585	1	245142775	245147895	chr1.44335	5	1024	45335552	hg38.gc5Base.bw	0	100	1024	48240	2799200
585	1	245255415	245260535	chr1.44357	5	1024	45358080	hg38.gc5Base.bw	0	100	1024	49100	2835600
585	1	245306615	245311735	chr1.44367	5	1024	45368320	hg38.gc5Base.bw	0	100	1024	43840	2440800
585	1	245316855	245321975	chr1.44369	5	1024	45370368	hg38.gc5Base.bw	0	100	1024	44840	2436800
585	1	245409015	245414135	chr1.44387	5	1024	45388800	hg38.gc5Base.bw	0	100	1024	47200	2679200
585	1	245490935	245496055	chr1.44403	5	1024	45405184	hg38.gc5Base.bw	0	100	1024	43060	2304400
585	1	245716215	245721335	chr1.44447	5	1024	45450240	hg38.gc5Base.bw	0	100	1024	45240	2479200
585	1	245757175	245762295	chr1.44455	5	1024	45458432	hg38.gc5Base.bw	0	100	1024	41540	2177200
585	1	246207735	246212855	chr1.44543	5	1024	45548544	hg38.gc5Base.bw	0	100	1024	36860	1789200
585	1	246499575	246504695	chr1.44600	5	1024	45606912	hg38.gc5Base.bw	0	100	1024	44560	2430400
585	1	246514935	246520055	chr1.44603	5	1024	45609984	hg38.gc5Base.bw	0	100	1024	57020	3606800
585	1	246540535	246545655	chr1.44608	5	1024	45615104	hg38.gc5Base.bw	0	100	1024	41280	2220800
585	1	247805175	247810295	chr1.44855	5	1024	45868032	hg38.gc5Base.bw	0	100	1024	36980	1811600
585	1	248091895	248097015	chr1.44911	5	1024	45925376	hg38.gc5Base.bw	0	100	1024	39180	1994800
585	1	248230135	248235255	chr1.44938	5	1024	45953024	hg38.gc5Base.bw	0	100	1024	36340	1819600
585	2	199440	204560	chr2.246363	5	1024	251872892	hg38.gc5Base.bw	0	100	1024	45680	2558400
585	2	230160	235280	chr2.246369	5	1024	251879036	hg38.gc5Base.bw	0	100	1024	39740	2062800
585	2	291600	296720	chr2.246381	5	1024	251891324	hg38.gc5Base.bw	0	100	1024	48020	2748400
585	2	793360	798480	chr2.246479	5	1024	251991676	hg38.gc5Base.bw	0	100	1024	49580	2964400
585	2	916240	921360	chr2.246503	5	1024	252016252	hg38.gc5Base.bw	0	100	1024	44960	2469600
585	2	1223440	1228560	chr2.246563	5	1024	252077692	hg38.gc5Base.bw	0	100	1024	50200	2966400
585	2	1418000	1423120	chr2.246601	5	1024	252116604	hg38.gc5Base.bw	0	100	1024	50480	3013600
585	2	1474320	1479440	chr2.246612	5	1024	252127868	hg38.gc5Base.bw	0	100	1024	56780	3724400
585	2	1494800	1499920	chr2.246616	5	1024	252131964	hg38.gc5Base.bw	0	100	1024	53920	3311200
585	2	1622800	1627920	chr2.246641	5	1024	252157564	hg38.gc5Base.bw	0	100	1024	48880	2880000
585	2	2529040	2534160	chr2.246818	5	1024	252338812	hg38.gc5Base.bw	0	100	1024	44240	2419200
585	2	2621200	2626320	chr2.246836	5	1024	252357244	hg38.gc5Base.bw	0	100	1024	40460	2091600
585	2	2749200	2754320	chr2.246861	5	1024	252382844	hg38.gc5Base.bw	0	100	1024	54380	3356400
585	2	2769680	2774800	chr2.246865	5	1024	252386940	hg38.gc5Base.bw	0	100	1024	51700	3104400
585	2	3143440	3148560	chr2.246938	5	1024	252461692	hg38.gc5Base.bw	0	100	1024	56540	3598800
585	2	3563280	3568400	chr2.247020	5	1024	252545660	hg38.gc5Base.bw	0	100	1024	48560	2885600
585	2	3594000	3599120	chr2.247026	5	1024	252551804	hg38.gc5Base.bw	0	100	1024	51880	3206400
585	2	3737360	3742480	chr2.247054	5	1024	252580476	hg38.gc5Base.bw	0	100	1024	41180	2240400
585	2	3865360	3870480	chr2.247079	5	1024	252606076	hg38.gc5Base.bw	0	100	1024	47260	2660400
585	2	3901200	3906320	chr2.247086	5	1024	252613244	hg38.gc5Base.bw	0	100	1024	46420	2653200
585	2	4121360	4126480	chr2.247129	5	1024	252657276	hg38.gc5Base.bw	0	100	1024	37400	1808000
585	2	4474640	4479760	chr2.247198	5	1024	252727932	hg38.gc5Base.bw	0	100	1024	41780	2153200
585	2	5160720	5165840	chr2.247332	5	1024	252865148	hg38.gc5Base.bw	0	100	1024	36420	1780400
585	2	5278480	5283600	chr2.247355	5	1024	252888700	hg38.gc5Base.bw	0	100	1024	37060	1854800
585	2	5467920	5473040	chr2.247392	5	1024	252926588	hg38.gc5Base.bw	0	100	1024	42760	2282400
585	2	5606160	5611280	chr2.247419	5	1024	252954236	hg38.gc5Base.bw	0	100	1024	45460	2564400
585	2	5969680	5974800	chr2.247490	5	1024	253026940	hg38.gc5Base.bw	0	100	1024	44480	2432000
585	2	6220560	6225680	chr2.247539	5	1024	253077116	hg38.gc5Base.bw	0	100	1024	43500	2346000
585	2	6251280	6256400	chr2.247545	5	1024	253083260	hg38.gc5Base.bw	0	100	1024	39280	1995200
585	2	6481680	6486800	chr2.247590	5	1024	253129340	hg38.gc5Base.bw	0	100	1024	42820	2324400
585	2	6486800	6491920	chr2.247591	5	1024	253130364	hg38.gc5Base.bw	0	100	1024	40340	2071600
585	2	6507280	6512400	chr2.247595	5	1024	253134460	hg38.gc5Base.bw	0	100	1024	40560	2079200
585	2	6635280	6640400	chr2.247620	5	1024	253160060	hg38.gc5Base.bw	0	100	1024	40220	2040400
585	2	7055120	7060240	chr2.247702	5	1024	253244028	hg38.gc5Base.bw	0	100	1024	43460	2333200
585	2	7864080	7869200	chr2.247860	5	1024	253405820	hg38.gc5Base.bw	0	100	1024	40340	2076400
585	2	7956240	7961360	chr2.247878	5	1024	253424252	hg38.gc5Base.bw	0	100	1024	45000	2474400
585	2	7966480	7971600	chr2.247880	5	1024	253426300	hg38.gc5Base.bw	0	100	1024	44320	2384000
585	2	8304400	8309520	chr2.247946	5	1024	253493884	hg38.gc5Base.bw	0	100	1024	47720	2692000
585	2	8365840	8370960	chr2.247958	5	1024	253506172	hg38.gc5Base.bw	0	100	1024	48220	2779600
585	2	8463120	8468240	chr2.247977	5	1024	253525628	hg38.gc5Base.bw	0	100	1024	45740	2575600
585	2	8488720	8493840	chr2.247982	5	1024	253530748	hg38.gc5Base.bw	0	100	1024	46680	2676800
585	2	8575760	8580880	chr2.247999	5	1024	253548156	hg38.gc5Base.bw	0	100	1024	49440	2854400
585	2	8801040	8806160	chr2.248043	5	1024	253593212	hg38.gc5Base.bw	0	100	1024	40200	2077600
585	2	8806160	8811280	chr2.248044	5	1024	253594236	hg38.gc5Base.bw	0	100	1024	42740	2296400
585	2	8836880	8842000	chr2.248050	5	1024	253600380	hg38.gc5Base.bw	0	100	1024	52740	3310800
585	2	9558800	9563920	chr2.248191	5	1024	253744764	hg38.gc5Base.bw	0	100	1024	43920	2486400
585	2	9604880	9610000	chr2.248200	5	1024	253753980	hg38.gc5Base.bw	0	100	1024	42440	2324000
585	2	9671440	9676560	chr2.248213	5	1024	253767292	hg38.gc5Base.bw	0	100	1024	46880	2682400
585	2	9748240	9753360	chr2.248228	5	1024	253782652	hg38.gc5Base.bw	0	100	1024	52780	3221200
585	2	9794320	9799440	chr2.248237	5	1024	253791868	hg38.gc5Base.bw	0	100	1024	54300	3356400
585	2	9906960	9912080	chr2.248259	5	1024	253814396	hg38.gc5Base.bw	0	100	1024	40120	2052800
585	2	9983760	9988880	chr2.248274	5	1024	253829756	hg38.gc5Base.bw	0	100	1024	47120	2704000
585	2	10398480	10403600	chr2.248355	5	1024	253912700	hg38.gc5Base.bw	0	100	1024	56920	3653600
585	2	10403600	10408720	chr2.248356	5	1024	253913724	hg38.gc5Base.bw	0	100	1024	55640	3463200
585	2	10572560	10577680	chr2.248389	5	1024	253947516	hg38.gc5Base.bw	0	100	1024	43460	2364400
585	2	10782480	10787600	chr2.248430	5	1024	253989500	hg38.gc5Base.bw	0	100	1024	45160	2524000
585	2	10941200	10946320	chr2.248461	5	1024	254021244	hg38.gc5Base.bw	0	100	1024	53100	3233200
585	2	11084560	11089680	chr2.248489	5	1024	254049916	hg38.gc5Base.bw	0	100	1024	39560	2028800
585	2	11632400	11637520	chr2.248596	5	1024	254159484	hg38.gc5Base.bw	0	100	1024	55420	3525200
585	2	12687120	12692240	chr2.248802	5	1024	254370428	hg38.gc5Base.bw	0	100	1024	40240	2028800
585	2	13224720	13229840	chr2.248907	5	1024	254477948	hg38.gc5Base.bw	0	100	1024	34740	1705200
585	2	13352720	13357840	chr2.248932	5	1024	254503548	hg38.gc5Base.bw	0	100	1024	37840	1879200
585	2	13383440	13388560	chr2.248938	5	1024	254509692	hg38.gc5Base.bw	0	100	1024	36640	1783200
585	2	13598480	13603600	chr2.248980	5	1024	254552700	hg38.gc5Base.bw	0	100	1024	31560	1436800
585	2	13603600	13608720	chr2.248981	5	1024	254553724	hg38.gc5Base.bw	0	100	1024	36860	1831600
585	2	13706000	13711120	chr2.249001	5	1024	254574204	hg38.gc5Base.bw	0	100	1024	35180	1631600
585	2	14151440	14156560	chr2.249088	5	1024	254663292	hg38.gc5Base.bw	0	100	1024	38680	1940000
585	2	14550800	14555920	chr2.249166	5	1024	254743164	hg38.gc5Base.bw	0	100	1024	42780	2299600
585	2	15042320	15047440	chr2.249262	5	1024	254841468	hg38.gc5Base.bw	0	100	1024	43440	2338400
585	2	15288080	15293200	chr2.249310	5	1024	254890620	hg38.gc5Base.bw	0	100	1024	43000	2303200
585	2	15339280	15344400	chr2.249320	5	1024	254900860	hg38.gc5Base.bw	0	100	1024	35320	1694400
585	2	15482640	15487760	chr2.249348	5	1024	254929532	hg38.gc5Base.bw	0	100	1024	36580	1757200
585	2	15702800	15707920	chr2.249391	5	1024	254973564	hg38.gc5Base.bw	0	100	1024	48080	2734400
585	2	16179955	16185075	chr2.249485	5	1024	255068796	hg38.gc5Base.bw	0	100	1024	46820	2671600
585	2	16226035	16231155	chr2.249494	5	1024	255078012	hg38.gc5Base.bw	0	100	1024	46140	2594000
585	2	16451315	16456435	chr2.249538	5	1024	255123068	hg38.gc5Base.bw	0	100	1024	39060	2022800
585	2	16620275	16625395	chr2.249571	5	1024	255156860	hg38.gc5Base.bw	0	100	1024	44840	2406400
585	2	16625395	16630515	chr2.249572	5	1024	255157884	hg38.gc5Base.bw	0	100	1024	50320	2939200
585	2	16978675	16983795	chr2.249641	5	1024	255228540	hg38.gc5Base.bw	0	100	1024	37300	1870800
585	2	17741555	17746675	chr2.249790	5	1024	255381116	hg38.gc5Base.bw	0	100	1024	34900	1631600
585	2	17961715	17966835	chr2.249833	5	1024	255425148	hg38.gc5Base.bw	0	100	1024	45380	2486800
585	2	18248435	18253555	chr2.249889	5	1024	255482492	hg38.gc5Base.bw	0	100	1024	41980	2201200
585	2	18304755	18309875	chr2.249900	5	1024	255493756	hg38.gc5Base.bw	0	100	1024	38520	1898400
585	2	18530035	18535155	chr2.249944	5	1024	255538812	hg38.gc5Base.bw	0	100	1024	44780	2450800
585	2	18811635	18816755	chr2.249999	5	1024	255595132	hg38.gc5Base.bw	0	100	1024	38780	1870000
585	2	18965235	18970355	chr2.250029	5	1024	255625852	hg38.gc5Base.bw	0	100	1024	36660	1758000
585	2	19236595	19241715	chr2.250082	5	1024	255680124	hg38.gc5Base.bw	0	100	1024	47380	2670800
585	2	19379955	19385075	chr2.250110	5	1024	255708796	hg38.gc5Base.bw	0	100	1024	38000	1861600
585	2	19446515	19451635	chr2.250123	5	1024	255722108	hg38.gc5Base.bw	0	100	1024	42340	2179600
585	2	19502835	19507955	chr2.250134	5	1024	255733372	hg38.gc5Base.bw	0	100	1024	39400	1989600
585	2	19523315	19528435	chr2.250138	5	1024	255737468	hg38.gc5Base.bw	0	100	1024	39500	1998800
585	2	19569395	19574515	chr2.250147	5	1024	255746684	hg38.gc5Base.bw	0	100	1024	46720	2617600
585	2	19897075	19902195	chr2.250211	5	1024	255812220	hg38.gc5Base.bw	0	100	1024	42360	2309600
585	2	19912435	19917555	chr2.250214	5	1024	255815292	hg38.gc5Base.bw	0	100	1024	39780	2084400
585	2	20055795	20060915	chr2.250242	5	1024	255843964	hg38.gc5Base.bw	0	80	1024	36380	1745200
585	2	20147955	20153075	chr2.250260	5	1024	255862396	hg38.gc5Base.bw	0	100	1024	43100	2336400
585	2	20178675	20183795	chr2.250266	5	1024	255868540	hg38.gc5Base.bw	0	100	1024	54840	3410400
585	2	20419315	20424435	chr2.250313	5	1024	255916668	hg38.gc5Base.bw	0	100	1024	54340	3334000
585	2	21049075	21054195	chr2.250436	5	1024	256042620	hg38.gc5Base.bw	0	100	1024	41640	2197600
585	2	21187315	21192435	chr2.250463	5	1024	256070268	hg38.gc5Base.bw	0	100	1024	41240	2151200
585	2	21351155	21356275	chr2.250495	5	1024	256103036	hg38.gc5Base.bw	0	100	1024	44280	2405600
585	2	22016755	22021875	chr2.250625	5	1024	256236156	hg38.gc5Base.bw	0	100	1024	38220	1894800
585	2	22190835	22195955	chr2.250659	5	1024	256270972	hg38.gc5Base.bw	0	100	1024	37640	1869600
585	2	22349555	22354675	chr2.250690	5	1024	256302716	hg38.gc5Base.bw	0	100	1024	39280	1991200
585	2	22830835	22835955	chr2.250784	5	1024	256398972	hg38.gc5Base.bw	0	100	1024	40040	2076800
585	2	22958835	22963955	chr2.250809	5	1024	256424572	hg38.gc5Base.bw	0	100	1024	41600	2164800
585	2	22974195	22979315	chr2.250812	5	1024	256427644	hg38.gc5Base.bw	0	100	1024	40020	2067600
585	2	23276275	23281395	chr2.250871	5	1024	256488060	hg38.gc5Base.bw	0	100	1024	47660	2710800
585	2	23532275	23537395	chr2.250921	5	1024	256539260	hg38.gc5Base.bw	0	100	1024	50220	2982800
585	2	23614195	23619315	chr2.250937	5	1024	256555644	hg38.gc5Base.bw	0	100	1024	51900	3171600
585	2	23813875	23818995	chr2.250976	5	1024	256595580	hg38.gc5Base.bw	0	100	1024	36200	1749600
585	2	24141555	24146675	chr2.251040	5	1024	256661116	hg38.gc5Base.bw	0	100	1024	45780	2610800
585	2	24208115	24213235	chr2.251053	5	1024	256674428	hg38.gc5Base.bw	0	100	1024	52440	3182400
585	2	24218355	24223475	chr2.251055	5	1024	256676476	hg38.gc5Base.bw	0	100	1024	46960	2652800
585	2	25032435	25037555	chr2.251214	5	1024	256839292	hg38.gc5Base.bw	0	100	1024	51400	3026400
585	2	25150195	25155315	chr2.251237	5	1024	256862844	hg38.gc5Base.bw	0	100	1024	53100	3266800
585	2	25155315	25160435	chr2.251238	5	1024	256863868	hg38.gc5Base.bw	0	100	1024	51840	3114400
585	2	26097395	26102515	chr2.251422	5	1024	257052284	hg38.gc5Base.bw	0	100	1024	40980	2170800
585	2	26281715	26286835	chr2.251458	5	1024	257089148	hg38.gc5Base.bw	0	100	1024	40580	2211600
585	2	26844915	26850035	chr2.251568	5	1024	257201788	hg38.gc5Base.bw	0	100	1024	62280	4392800
585	2	27136755	27141875	chr2.251625	5	1024	257260156	hg38.gc5Base.bw	0	100	1024	53680	3345600
585	2	27546355	27551475	chr2.251705	5	1024	257342076	hg38.gc5Base.bw	0	100	1024	41400	2268000
585	2	27623155	27628275	chr2.251720	5	1024	257357436	hg38.gc5Base.bw	0	100	1024	39600	1964000
585	2	27771635	27776755	chr2.251749	5	1024	257387132	hg38.gc5Base.bw	0	100	1024	42600	2296000
585	2	28324595	28329715	chr2.251857	5	1024	257497724	hg38.gc5Base.bw	0	100	1024	50760	3013600
585	2	28554995	28560115	chr2.251902	5	1024	257543804	hg38.gc5Base.bw	0	100	1024	44960	2445600
585	2	28595955	28601075	chr2.251910	5	1024	257551996	hg38.gc5Base.bw	0	100	1024	47480	2711200
585	2	28990195	28995315	chr2.251987	5	1024	257630844	hg38.gc5Base.bw	0	100	1024	54660	3382000
585	2	29466355	29471475	chr2.252080	5	1024	257726076	hg38.gc5Base.bw	0	100	1024	37820	1893200
585	2	29732595	29737715	chr2.252132	5	1024	257779324	hg38.gc5Base.bw	0	100	1024	38300	1954000
585	2	30367475	30372595	chr2.252256	5	1024	257906300	hg38.gc5Base.bw	0	100	1024	48760	2816000
585	2	30649075	30654195	chr2.252311	5	1024	257962620	hg38.gc5Base.bw	0	100	1024	46660	2640400
585	2	30802675	30807795	chr2.252341	5	1024	257993340	hg38.gc5Base.bw	0	100	1024	49160	2805600
585	2	31324915	31330035	chr2.252443	5	1024	258097788	hg38.gc5Base.bw	0	100	1024	43780	2358000
585	2	31330035	31335155	chr2.252444	5	1024	258098812	hg38.gc5Base.bw	0	100	1024	48740	2756400
585	2	31406835	31411955	chr2.252459	5	1024	258114172	hg38.gc5Base.bw	0	100	1024	38180	1898800
585	2	31683315	31688435	chr2.252513	5	1024	258169468	hg38.gc5Base.bw	0	100	1024	40900	2125200
585	2	31790835	31795955	chr2.252534	5	1024	258190972	hg38.gc5Base.bw	0	100	1024	42320	2254400
585	2	32758515	32763635	chr2.252723	5	1024	258384508	hg38.gc5Base.bw	0	100	1024	40860	2163600
585	2	32850675	32855795	chr2.252741	5	1024	258402940	hg38.gc5Base.bw	0	100	1024	45820	2545200
585	2	32960195	32965315	chr2.252764	5	1024	258424444	hg38.gc5Base.bw	0	100	1024	41560	2220800
585	2	33733315	33738435	chr2.252915	5	1024	258579068	hg38.gc5Base.bw	0	100	1024	39460	2047600
585	2	33892035	33897155	chr2.252946	5	1024	258610812	hg38.gc5Base.bw	0	100	1024	44040	2410400
585	2	33897155	33902275	chr2.252947	5	1024	258611836	hg38.gc5Base.bw	0	100	1024	40540	2156400
585	2	34060995	34066115	chr2.252979	5	1024	258644604	hg38.gc5Base.bw	0	100	1024	39540	2013200
585	2	34096835	34101955	chr2.252986	5	1024	258651772	hg38.gc5Base.bw	0	100	1024	41820	2148400
585	2	34255555	34260675	chr2.253017	5	1024	258683516	hg38.gc5Base.bw	0	100	1024	39820	2031600
585	2	34352835	34357955	chr2.253036	5	1024	258702972	hg38.gc5Base.bw	0	100	1024	35980	1720400
585	2	35484355	35489475	chr2.253257	5	1024	258929276	hg38.gc5Base.bw	0	100	1024	30940	1401200
585	2	35714755	35719875	chr2.253302	5	1024	258975356	hg38.gc5Base.bw	0	100	1024	32820	1524400
585	2	35781315	35786435	chr2.253315	5	1024	258988668	hg38.gc5Base.bw	0	100	1024	40320	2042400
585	2	35852995	35858115	chr2.253329	5	1024	259003004	hg38.gc5Base.bw	0	100	1024	42120	2235200
585	2	35893955	35899075	chr2.253337	5	1024	259011196	hg38.gc5Base.bw	0	100	1024	40740	2117200
585	2	36344515	36349635	chr2.253425	5	1024	259101308	hg38.gc5Base.bw	0	100	1024	38320	1869600
585	2	36436675	36441795	chr2.253443	5	1024	259119740	hg38.gc5Base.bw	0	100	1024	43500	2350800
585	2	36477635	36482755	chr2.253451	5	1024	259127932	hg38.gc5Base.bw	0	100	1024	41260	2134000
585	2	36661955	36667075	chr2.253487	5	1024	259164796	hg38.gc5Base.bw	0	100	1024	38900	1988400
585	2	36672195	36677315	chr2.253489	5	1024	259166844	hg38.gc5Base.bw	0	100	1024	35720	1707200
585	2	36805315	36810435	chr2.253515	5	1024	259193468	hg38.gc5Base.bw	0	100	1024	50900	3053200
585	2	36846275	36851395	chr2.253523	5	1024	259201660	hg38.gc5Base.bw	0	100	1024	36140	1770000
585	2	36892355	36897475	chr2.253532	5	1024	259210876	hg38.gc5Base.bw	0	100	1024	38780	2004400
585	2	36948675	36953795	chr2.253543	5	1024	259222140	hg38.gc5Base.bw	0	100	1024	39860	2054000
585	2	36958915	36964035	chr2.253545	5	1024	259224188	hg38.gc5Base.bw	0	100	1024	41060	2184400
585	2	37276355	37281475	chr2.253607	5	1024	259287676	hg38.gc5Base.bw	0	100	1024	34700	1669200
585	2	37373635	37378755	chr2.253626	5	1024	259307132	hg38.gc5Base.bw	0	100	1024	39300	1984400
585	2	37680835	37685955	chr2.253686	5	1024	259368572	hg38.gc5Base.bw	0	100	1024	41140	2094000
585	2	37778115	37783235	chr2.253705	5	1024	259388028	hg38.gc5Base.bw	0	100	1024	44920	2451200
585	2	38034115	38039235	chr2.253755	5	1024	259439228	hg38.gc5Base.bw	0	100	1024	42700	2275600
585	2	38151875	38156995	chr2.253778	5	1024	259462780	hg38.gc5Base.bw	0	100	1024	42960	2232000
585	2	38192835	38197955	chr2.253786	5	1024	259470972	hg38.gc5Base.bw	0	100	1024	46040	2555200
585	2	38459075	38464195	chr2.253838	5	1024	259524220	hg38.gc5Base.bw	0	100	1024	43720	2421600
585	2	38530755	38535875	chr2.253852	5	1024	259538556	hg38.gc5Base.bw	0	100	1024	49560	2876800
585	2	38761155	38766275	chr2.253897	5	1024	259584636	hg38.gc5Base.bw	0	100	1024	41320	2184800
585	2	38791875	38796995	chr2.253903	5	1024	259590780	hg38.gc5Base.bw	0	100	1024	44980	2533200
585	2	38945475	38950595	chr2.253933	5	1024	259621500	hg38.gc5Base.bw	0	100	1024	45580	2518000
585	2	40046275	40051395	chr2.254148	5	1024	259841660	hg38.gc5Base.bw	0	100	1024	39100	1949200
585	2	40066755	40071875	chr2.254152	5	1024	259845756	hg38.gc5Base.bw	0	100	1024	37760	1840800
585	2	40266435	40271555	chr2.254191	5	1024	259885692	hg38.gc5Base.bw	0	100	1024	42300	2190000
585	2	40327875	40332995	chr2.254203	5	1024	259897980	hg38.gc5Base.bw	0	100	1024	38860	1959600
585	2	40343235	40348355	chr2.254206	5	1024	259901052	hg38.gc5Base.bw	0	100	1024	39560	1996800
585	2	40404675	40409795	chr2.254218	5	1024	259913340	hg38.gc5Base.bw	0	100	1024	39420	1966800
585	2	40553155	40558275	chr2.254247	5	1024	259943036	hg38.gc5Base.bw	0	100	1024	39140	1950000
585	2	40594115	40599235	chr2.254255	5	1024	259951228	hg38.gc5Base.bw	0	100	1024	35820	1754000
585	2	40942275	40947395	chr2.254323	5	1024	260020860	hg38.gc5Base.bw	0	80	1024	30160	1293600
585	2	41044675	41049795	chr2.254343	5	1024	260041340	hg38.gc5Base.bw	0	100	1024	36400	1782400
585	2	41474755	41479875	chr2.254427	5	1024	260127356	hg38.gc5Base.bw	0	100	1024	35920	1671200
585	2	41556675	41561795	chr2.254443	5	1024	260143740	hg38.gc5Base.bw	0	100	1024	37000	1768000
585	2	41638595	41643715	chr2.254459	5	1024	260160124	hg38.gc5Base.bw	0	100	1024	36960	1822400
585	2	41720515	41725635	chr2.254475	5	1024	260176508	hg38.gc5Base.bw	0	100	1024	40160	2058400
585	2	41868995	41874115	chr2.254504	5	1024	260206204	hg38.gc5Base.bw	0	100	1024	49460	2874000
585	2	42437315	42442435	chr2.254615	5	1024	260319868	hg38.gc5Base.bw	0	100	1024	38080	1961600
585	2	42862275	42867395	chr2.254698	5	1024	260404860	hg38.gc5Base.bw	0	100	1024	52480	3204800
585	2	43323075	43328195	chr2.254788	5	1024	260497020	hg38.gc5Base.bw	0	100	1024	44700	2437200
585	2	43640515	43645635	chr2.254850	5	1024	260560508	hg38.gc5Base.bw	0	100	1024	35160	1685600
585	2	43814595	43819715	chr2.254884	5	1024	260595324	hg38.gc5Base.bw	0	100	1024	40660	2113200
585	2	43983555	43988675	chr2.254917	5	1024	260629116	hg38.gc5Base.bw	0	100	1024	39880	2112000
585	2	44249795	44254915	chr2.254969	5	1024	260682364	hg38.gc5Base.bw	0	100	1024	40700	2103600
585	2	44326595	44331715	chr2.254984	5	1024	260697724	hg38.gc5Base.bw	0	100	1024	41640	2220000
585	2	44546755	44551875	chr2.255027	5	1024	260741756	hg38.gc5Base.bw	0	100	1024	41360	2119200
585	2	44976835	44981955	chr2.255111	5	1024	260827772	hg38.gc5Base.bw	0	100	1024	48460	2771600
585	2	45053635	45058755	chr2.255126	5	1024	260843132	hg38.gc5Base.bw	0	100	1024	51740	3094000
585	2	45278915	45284035	chr2.255170	5	1024	260888188	hg38.gc5Base.bw	0	100	1024	49280	2880800
585	2	45309635	45314755	chr2.255176	5	1024	260894332	hg38.gc5Base.bw	0	100	1024	49960	2945600
585	2	45964995	45970115	chr2.255304	5	1024	261025404	hg38.gc5Base.bw	0	100	1024	45140	2467600
585	2	46000835	46005955	chr2.255311	5	1024	261032572	hg38.gc5Base.bw	0	100	1024	44880	2430400
585	2	46092995	46098115	chr2.255329	5	1024	261051004	hg38.gc5Base.bw	0	100	1024	43380	2334800
585	2	46139075	46144195	chr2.255338	5	1024	261060220	hg38.gc5Base.bw	0	100	1024	43440	2387200
585	2	46180035	46185155	chr2.255346	5	1024	261068412	hg38.gc5Base.bw	0	100	1024	50980	2970800
585	2	46579395	46584515	chr2.255424	5	1024	261148284	hg38.gc5Base.bw	0	100	1024	39180	1973200
585	2	46784195	46789315	chr2.255464	5	1024	261189244	hg38.gc5Base.bw	0	100	1024	41420	2206000
585	2	46881475	46886595	chr2.255483	5	1024	261208700	hg38.gc5Base.bw	0	100	1024	47940	2727600
585	2	47751875	47756995	chr2.255653	5	1024	261382780	hg38.gc5Base.bw	0	100	1024	46160	2666400
585	2	48975555	48980675	chr2.255892	5	1024	261627516	hg38.gc5Base.bw	0	100	1024	43420	2313200
585	2	49287875	49292995	chr2.255953	5	1024	261689980	hg38.gc5Base.bw	0	100	1024	37240	1796000
585	2	49415875	49420995	chr2.255978	5	1024	261715580	hg38.gc5Base.bw	0	100	1024	35500	1666000
585	2	49523395	49528515	chr2.255999	5	1024	261737084	hg38.gc5Base.bw	0	100	1024	37900	1906800
585	2	50864835	50869955	chr2.256261	5	1024	262005372	hg38.gc5Base.bw	0	100	1024	34460	1635600
585	2	50895555	50900675	chr2.256267	5	1024	262011516	hg38.gc5Base.bw	0	100	1024	36880	1840000
585	2	50910915	50916035	chr2.256270	5	1024	262014588	hg38.gc5Base.bw	0	100	1024	35780	1684400
585	2	51428035	51433155	chr2.256371	5	1024	262118012	hg38.gc5Base.bw	0	100	1024	40160	2033600
585	2	51504835	51509955	chr2.256386	5	1024	262133372	hg38.gc5Base.bw	0	100	1024	37020	1808400
585	2	51556035	51561155	chr2.256396	5	1024	262143612	hg38.gc5Base.bw	0	100	1024	37580	1825200
585	2	51658435	51663555	chr2.256416	5	1024	262164092	hg38.gc5Base.bw	0	100	1024	33200	1495200
585	2	51750595	51755715	chr2.256434	5	1024	262182524	hg38.gc5Base.bw	0	100	1024	36920	1793600
585	2	51801795	51806915	chr2.256444	5	1024	262192764	hg38.gc5Base.bw	0	100	1024	39300	2044400
585	2	51842755	51847875	chr2.256452	5	1024	262200956	hg38.gc5Base.bw	0	100	1024	36960	1831200
585	2	52324035	52329155	chr2.256546	5	1024	262297212	hg38.gc5Base.bw	0	100	1024	42260	2302000
585	2	52462275	52467395	chr2.256573	5	1024	262324860	hg38.gc5Base.bw	0	100	1024	35140	1665200
585	2	52595395	52600515	chr2.256599	5	1024	262351484	hg38.gc5Base.bw	0	100	1024	37460	1848400
585	2	52805315	52810435	chr2.256640	5	1024	262393468	hg38.gc5Base.bw	0	100	1024	35460	1695600
585	2	52820675	52825795	chr2.256643	5	1024	262396540	hg38.gc5Base.bw	0	80	1024	35080	1612000
585	2	52825795	52830915	chr2.256644	5	1024	262397564	hg38.gc5Base.bw	0	100	1024	37200	1815200
585	2	53179075	53184195	chr2.256713	5	1024	262468220	hg38.gc5Base.bw	0	100	1024	39440	1988800
585	2	53296835	53301955	chr2.256736	5	1024	262491772	hg38.gc5Base.bw	0	100	1024	37520	1841600
585	2	53301955	53307075	chr2.256737	5	1024	262492796	hg38.gc5Base.bw	0	100	1024	36840	1821600
585	2	53501635	53506755	chr2.256776	5	1024	262532732	hg38.gc5Base.bw	0	100	1024	43100	2307600
585	2	54622915	54628035	chr2.256995	5	1024	262756988	hg38.gc5Base.bw	0	100	1024	44380	2429200
585	2	54740675	54745795	chr2.257018	5	1024	262780540	hg38.gc5Base.bw	0	100	1024	44080	2400000
585	2	54832835	54837955	chr2.257036	5	1024	262798972	hg38.gc5Base.bw	0	100	1024	45680	2531200
585	2	54868675	54873795	chr2.257043	5	1024	262806140	hg38.gc5Base.bw	0	100	1024	40540	2086000
585	2	55124675	55129795	chr2.257093	5	1024	262857340	hg38.gc5Base.bw	0	100	1024	44980	2492400
585	2	55314115	55319235	chr2.257130	5	1024	262895228	hg38.gc5Base.bw	0	100	1024	35920	1785600
585	2	55457475	55462595	chr2.257158	5	1024	262923900	hg38.gc5Base.bw	0	100	1024	44180	2397200
585	2	55841475	55846595	chr2.257233	5	1024	263000700	hg38.gc5Base.bw	0	100	1024	41180	2136400
585	2	55959235	55964355	chr2.257256	5	1024	263024252	hg38.gc5Base.bw	0	100	1024	38100	1886000
585	2	56102595	56107715	chr2.257284	5	1024	263052924	hg38.gc5Base.bw	0	100	1024	44560	2401600
585	2	56174275	56179395	chr2.257298	5	1024	263067260	hg38.gc5Base.bw	0	100	1024	41680	2181600
585	2	56220355	56225475	chr2.257307	5	1024	263076476	hg38.gc5Base.bw	0	100	1024	35700	1678800
585	2	56455875	56460995	chr2.257353	5	1024	263123580	hg38.gc5Base.bw	0	100	1024	40700	2105200
585	2	56481475	56486595	chr2.257358	5	1024	263128700	hg38.gc5Base.bw	0	80	1024	39280	1955200
585	2	56491715	56496835	chr2.257360	5	1024	263130748	hg38.gc5Base.bw	0	100	1024	33280	1532000
585	2	57418435	57423555	chr2.257541	5	1024	263316092	hg38.gc5Base.bw	0	100	1024	42880	2269600
585	2	57546435	57551555	chr2.257566	5	1024	263341692	hg38.gc5Base.bw	0	100	1024	38400	1905600
585	2	57909955	57915075	chr2.257637	5	1024	263414396	hg38.gc5Base.bw	0	100	1024	34900	1658800
585	2	58089155	58094275	chr2.257672	5	1024	263450236	hg38.gc5Base.bw	0	100	1024	36960	1790400
585	2	58263235	58268355	chr2.257706	5	1024	263485052	hg38.gc5Base.bw	0	100	1024	41600	2164800
585	2	58657475	58662595	chr2.257783	5	1024	263563900	hg38.gc5Base.bw	0	100	1024	38940	2003600
585	2	59584195	59589315	chr2.257964	5	1024	263749244	hg38.gc5Base.bw	0	100	1024	40560	2073600
585	2	59722435	59727555	chr2.257991	5	1024	263776892	hg38.gc5Base.bw	0	100	1024	39200	1956000
585	2	59768515	59773635	chr2.258000	5	1024	263786108	hg38.gc5Base.bw	0	100	1024	36560	1741600
585	2	60372675	60377795	chr2.258118	5	1024	263906940	hg38.gc5Base.bw	0	100	1024	43640	2348800
585	2	60382915	60388035	chr2.258120	5	1024	263908988	hg38.gc5Base.bw	0	100	1024	47520	2664800
585	2	60940995	60946115	chr2.258229	5	1024	264020604	hg38.gc5Base.bw	0	100	1024	36800	1808800
585	2	61289155	61294275	chr2.258297	5	1024	264090236	hg38.gc5Base.bw	0	100	1024	34660	1644400
585	2	61714115	61719235	chr2.258380	5	1024	264175228	hg38.gc5Base.bw	0	100	1024	47500	2723600
585	2	62958275	62963395	chr2.258623	5	1024	264424060	hg38.gc5Base.bw	0	100	1024	36600	1762400
585	2	63229635	63234755	chr2.258676	5	1024	264478332	hg38.gc5Base.bw	0	100	1024	39620	1987600
585	2	64243395	64248515	chr2.258874	5	1024	264681084	hg38.gc5Base.bw	0	100	1024	42480	2201600
585	2	64248515	64253635	chr2.258875	5	1024	264682108	hg38.gc5Base.bw	0	100	1024	47320	2698400
585	2	64427715	64432835	chr2.258910	5	1024	264717948	hg38.gc5Base.bw	0	100	1024	35880	1770400
585	2	64504515	64509635	chr2.258925	5	1024	264733308	hg38.gc5Base.bw	0	100	1024	42280	2271200
585	2	64617155	64622275	chr2.258947	5	1024	264755836	hg38.gc5Base.bw	0	100	1024	46180	2626000
585	2	64868035	64873155	chr2.258996	5	1024	264806012	hg38.gc5Base.bw	0	100	1024	50200	2991200
585	2	65497795	65502915	chr2.259119	5	1024	264931964	hg38.gc5Base.bw	0	100	1024	48480	2811200
585	2	65743555	65748675	chr2.259167	5	1024	264981116	hg38.gc5Base.bw	0	100	1024	43220	2334800
585	2	65748675	65753795	chr2.259168	5	1024	264982140	hg38.gc5Base.bw	0	100	1024	42940	2306800
585	2	65840835	65845955	chr2.259186	5	1024	265000572	hg38.gc5Base.bw	0	100	1024	43660	2382000
585	2	65973955	65979075	chr2.259212	5	1024	265027196	hg38.gc5Base.bw	0	100	1024	42400	2255200
585	2	66250435	66255555	chr2.259266	5	1024	265082492	hg38.gc5Base.bw	0	100	1024	40340	2043600
585	2	66373315	66378435	chr2.259290	5	1024	265107068	hg38.gc5Base.bw	0	100	1024	38120	1915200
585	2	66460355	66465475	chr2.259307	5	1024	265124476	hg38.gc5Base.bw	0	100	1024	38960	1952800
585	2	66900675	66905795	chr2.259393	5	1024	265212540	hg38.gc5Base.bw	0	100	1024	44280	2379200
585	2	66992835	66997955	chr2.259411	5	1024	265230972	hg38.gc5Base.bw	0	100	1024	38680	1900800
585	2	67013315	67018435	chr2.259415	5	1024	265235068	hg38.gc5Base.bw	0	100	1024	38660	1950800
585	2	67197635	67202755	chr2.259451	5	1024	265271932	hg38.gc5Base.bw	0	100	1024	37680	1841600
585	2	67207875	67212995	chr2.259453	5	1024	265273980	hg38.gc5Base.bw	0	100	1024	35180	1687600
585	2	67443395	67448515	chr2.259499	5	1024	265321084	hg38.gc5Base.bw	0	100	1024	35100	1692400
585	2	67458755	67463875	chr2.259502	5	1024	265324156	hg38.gc5Base.bw	0	100	1024	39820	2022800
585	2	67545795	67550915	chr2.259519	5	1024	265341564	hg38.gc5Base.bw	0	100	1024	44220	2369200
585	2	67689155	67694275	chr2.259547	5	1024	265370236	hg38.gc5Base.bw	0	100	1024	39640	2006400
585	2	67730115	67735235	chr2.259555	5	1024	265378428	hg38.gc5Base.bw	0	100	1024	42160	2224000
585	2	67806915	67812035	chr2.259570	5	1024	265393788	hg38.gc5Base.bw	0	100	1024	42140	2206000
585	2	68114115	68119235	chr2.259630	5	1024	265455228	hg38.gc5Base.bw	0	100	1024	45880	2548800
585	2	68815555	68820675	chr2.259767	5	1024	265595516	hg38.gc5Base.bw	0	100	1024	44620	2458000
585	2	69097155	69102275	chr2.259822	5	1024	265651836	hg38.gc5Base.bw	0	100	1024	39840	2008000
585	2	69168835	69173955	chr2.259836	5	1024	265666172	hg38.gc5Base.bw	0	100	1024	45100	2463600
585	2	69214915	69220035	chr2.259845	5	1024	265675388	hg38.gc5Base.bw	0	100	1024	44820	2459600
585	2	69568195	69573315	chr2.259914	5	1024	265746044	hg38.gc5Base.bw	0	100	1024	42960	2311200
585	2	69721795	69726915	chr2.259944	5	1024	265776764	hg38.gc5Base.bw	0	100	1024	40760	2215200
585	2	69824195	69829315	chr2.259964	5	1024	265797244	hg38.gc5Base.bw	0	100	1024	40160	2116000
585	2	70080195	70085315	chr2.260014	5	1024	265848444	hg38.gc5Base.bw	0	100	1024	45180	2542800
585	2	70638275	70643395	chr2.260123	5	1024	265960060	hg38.gc5Base.bw	0	100	1024	46800	2668800
585	2	71068355	71073475	chr2.260207	5	1024	266046076	hg38.gc5Base.bw	0	100	1024	53680	3259200
585	2	71355075	71360195	chr2.260263	5	1024	266103420	hg38.gc5Base.bw	0	100	1024	39480	2020000
585	2	71713475	71718595	chr2.260333	5	1024	266175100	hg38.gc5Base.bw	0	100	1024	54100	3267600
585	2	72251075	72256195	chr2.260438	5	1024	266282620	hg38.gc5Base.bw	0	100	1024	40100	2015600
585	2	73423555	73428675	chr2.260667	5	1024	266517116	hg38.gc5Base.bw	0	100	1024	37740	1834800
585	2	74493635	74498755	chr2.260876	5	1024	266731132	hg38.gc5Base.bw	0	100	1024	53700	3301200
585	2	74688195	74693315	chr2.260914	5	1024	266770044	hg38.gc5Base.bw	0	100	1024	40280	2078400
585	2	75138755	75143875	chr2.261002	5	1024	266860156	hg38.gc5Base.bw	0	100	1024	42420	2197200
585	2	75200195	75205315	chr2.261014	5	1024	266872444	hg38.gc5Base.bw	0	100	1024	42480	2325600
585	2	75404995	75410115	chr2.261054	5	1024	266913404	hg38.gc5Base.bw	0	100	1024	38980	1986800
585	2	75461315	75466435	chr2.261065	5	1024	266924668	hg38.gc5Base.bw	0	100	1024	39900	2029200
585	2	75532995	75538115	chr2.261079	5	1024	266939004	hg38.gc5Base.bw	0	100	1024	38920	1984800
585	2	75712195	75717315	chr2.261114	5	1024	266974844	hg38.gc5Base.bw	0	100	1024	42440	2281600
585	2	75737795	75742915	chr2.261119	5	1024	266979964	hg38.gc5Base.bw	0	100	1024	43560	2356800
585	2	76014275	76019395	chr2.261173	5	1024	267035260	hg38.gc5Base.bw	0	100	1024	36640	1767200
585	2	76060355	76065475	chr2.261182	5	1024	267044476	hg38.gc5Base.bw	0	100	1024	38440	1991200
585	2	76157635	76162755	chr2.261201	5	1024	267063932	hg38.gc5Base.bw	0	100	1024	42220	2222800
585	2	76454595	76459715	chr2.261259	5	1024	267123324	hg38.gc5Base.bw	0	100	1024	37500	1815600
585	2	76516035	76521155	chr2.261271	5	1024	267135612	hg38.gc5Base.bw	0	100	1024	34220	1606800
585	2	76787395	76792515	chr2.261324	5	1024	267189884	hg38.gc5Base.bw	0	100	1024	37240	1789600
585	2	76802755	76807875	chr2.261327	5	1024	267192956	hg38.gc5Base.bw	0	100	1024	34620	1679600
585	2	76864195	76869315	chr2.261339	5	1024	267205244	hg38.gc5Base.bw	0	100	1024	38340	1936400
585	2	76981955	76987075	chr2.261362	5	1024	267228796	hg38.gc5Base.bw	0	100	1024	35180	1670800
585	2	77427395	77432515	chr2.261449	5	1024	267317884	hg38.gc5Base.bw	0	100	1024	39720	2060000
585	2	77442755	77447875	chr2.261452	5	1024	267320956	hg38.gc5Base.bw	0	100	1024	35320	1649600
585	2	77596355	77601475	chr2.261482	5	1024	267351676	hg38.gc5Base.bw	0	100	1024	35200	1656800
585	2	77831875	77836995	chr2.261528	5	1024	267398780	hg38.gc5Base.bw	0	100	1024	43840	2349600
585	2	78994115	78999235	chr2.261755	5	1024	267631228	hg38.gc5Base.bw	0	100	1024	44200	2399200
585	2	79582915	79588035	chr2.261870	5	1024	267748988	hg38.gc5Base.bw	0	100	1024	38460	1946800
585	2	79772355	79777475	chr2.261907	5	1024	267786876	hg38.gc5Base.bw	0	100	1024	39540	1977200
585	2	79982275	79987395	chr2.261948	5	1024	267828860	hg38.gc5Base.bw	0	100	1024	41460	2211600
585	2	80089795	80094915	chr2.261969	5	1024	267850364	hg38.gc5Base.bw	0	100	1024	40180	2006000
585	2	80530115	80535235	chr2.262055	5	1024	267938428	hg38.gc5Base.bw	0	100	1024	42280	2203200
585	2	80673475	80678595	chr2.262083	5	1024	267967100	hg38.gc5Base.bw	0	100	1024	37840	1906400
585	2	80719555	80724675	chr2.262092	5	1024	267976316	hg38.gc5Base.bw	0	100	1024	39520	2028000
585	2	81528515	81533635	chr2.262250	5	1024	268138108	hg38.gc5Base.bw	0	100	1024	37500	1853200
585	2	81702595	81707715	chr2.262284	5	1024	268172924	hg38.gc5Base.bw	0	100	1024	38000	1874400
585	2	81876675	81881795	chr2.262318	5	1024	268207740	hg38.gc5Base.bw	0	100	1024	36780	1768400
585	2	82107075	82112195	chr2.262363	5	1024	268253820	hg38.gc5Base.bw	0	100	1024	35680	1708000
585	2	82516675	82521795	chr2.262443	5	1024	268335740	hg38.gc5Base.bw	0	100	1024	37080	1813600
585	2	83125955	83131075	chr2.262562	5	1024	268457596	hg38.gc5Base.bw	0	100	1024	34260	1651600
585	2	83310275	83315395	chr2.262598	5	1024	268494460	hg38.gc5Base.bw	0	100	1024	36480	1771200
585	2	83617475	83622595	chr2.262658	5	1024	268555900	hg38.gc5Base.bw	0	100	1024	40320	2036800
585	2	83699395	83704515	chr2.262674	5	1024	268572284	hg38.gc5Base.bw	0	100	1024	32800	1468800
585	2	84057795	84062915	chr2.262744	5	1024	268643964	hg38.gc5Base.bw	0	100	1024	39700	1990000
585	2	84139715	84144835	chr2.262760	5	1024	268660348	hg38.gc5Base.bw	0	100	1024	39700	2022800
585	2	85086915	85092035	chr2.262945	5	1024	268849788	hg38.gc5Base.bw	0	100	1024	45900	2598800
585	2	85112515	85117635	chr2.262950	5	1024	268854908	hg38.gc5Base.bw	0	100	1024	42140	2198800
585	2	85148355	85153475	chr2.262957	5	1024	268862076	hg38.gc5Base.bw	0	100	1024	41120	2253600
585	2	85240515	85245635	chr2.262975	5	1024	268880508	hg38.gc5Base.bw	0	100	1024	49760	2938400
585	2	85291715	85296835	chr2.262985	5	1024	268890748	hg38.gc5Base.bw	0	100	1024	46680	2725600
585	2	85368515	85373635	chr2.263000	5	1024	268906108	hg38.gc5Base.bw	0	100	1024	50400	2988000
585	2	85516995	85522115	chr2.263029	5	1024	268935804	hg38.gc5Base.bw	0	100	1024	46640	2687200
585	2	85598915	85604035	chr2.263045	5	1024	268952188	hg38.gc5Base.bw	0	100	1024	60280	4032800
585	2	88169155	88174275	chr2.263547	5	1024	269466236	hg38.gc5Base.bw	0	100	1024	52500	3243600
585	2	88322755	88327875	chr2.263577	5	1024	269496956	hg38.gc5Base.bw	0	100	1024	39300	2062000
585	2	95285975	95291095	chr2.264645	5	1024	270575228	hg38.gc5Base.bw	0	100	1024	59680	3900800
585	2	95342295	95347415	chr2.264656	5	1024	270586492	hg38.gc5Base.bw	0	100	1024	62820	4394800
585	2	95408855	95413975	chr2.264669	5	1024	270599804	hg38.gc5Base.bw	0	100	1024	51900	3098000
585	2	95710935	95716055	chr2.264728	5	1024	270660220	hg38.gc5Base.bw	0	100	1024	45780	2523600
585	2	96842455	96847575	chr2.264949	5	1024	270886524	hg38.gc5Base.bw	0	100	1024	53280	3332000
585	2	97655330	97660450	chr2.265099	5	1024	271039100	hg38.gc5Base.bw	0	100	1024	59660	3904400
585	2	97844770	97849890	chr2.265136	5	1024	271076988	hg38.gc5Base.bw	0	100	1024	36480	1808000
585	2	98008610	98013730	chr2.265168	5	1024	271109756	hg38.gc5Base.bw	0	100	1024	44440	2482400
585	2	98095650	98100770	chr2.265185	5	1024	271127164	hg38.gc5Base.bw	0	80	1024	37100	1794800
585	2	98274850	98279970	chr2.265220	5	1024	271163004	hg38.gc5Base.bw	0	100	1024	51380	3033200
585	2	99124770	99129890	chr2.265386	5	1024	271332988	hg38.gc5Base.bw	0	100	1024	40020	2065200
585	2	99191330	99196450	chr2.265399	5	1024	271346300	hg38.gc5Base.bw	0	100	1024	39080	1982400
585	2	100184610	100189730	chr2.265593	5	1024	271544956	hg38.gc5Base.bw	0	100	1024	47060	2657200
585	2	100624930	100630050	chr2.265679	5	1024	271633020	hg38.gc5Base.bw	0	100	1024	51200	3055200
585	2	100701730	100706850	chr2.265694	5	1024	271648380	hg38.gc5Base.bw	0	100	1024	48820	2813200
585	2	100717090	100722210	chr2.265697	5	1024	271651452	hg38.gc5Base.bw	0	100	1024	42780	2263600
585	2	100860450	100865570	chr2.265725	5	1024	271680124	hg38.gc5Base.bw	0	100	1024	43920	2371200
585	2	100891170	100896290	chr2.265731	5	1024	271686268	hg38.gc5Base.bw	0	100	1024	48160	2712000
585	2	101024290	101029410	chr2.265757	5	1024	271712892	hg38.gc5Base.bw	0	100	1024	48780	2890800
585	2	101433890	101439010	chr2.265837	5	1024	271794812	hg38.gc5Base.bw	0	100	1024	44820	2539600
585	2	101695010	101700130	chr2.265888	5	1024	271847036	hg38.gc5Base.bw	0	100	1024	53040	3433600
585	2	101700130	101705250	chr2.265889	5	1024	271848060	hg38.gc5Base.bw	0	100	1024	42780	2330800
585	2	102232610	102237730	chr2.265993	5	1024	271954556	hg38.gc5Base.bw	0	100	1024	48860	2855600
585	2	102340130	102345250	chr2.266014	5	1024	271976060	hg38.gc5Base.bw	0	100	1024	40840	2120000
585	2	102432290	102437410	chr2.266032	5	1024	271994492	hg38.gc5Base.bw	0	100	1024	41520	2191200
585	2	102555170	102560290	chr2.266056	5	1024	272019068	hg38.gc5Base.bw	0	100	1024	41140	2130000
585	2	102611490	102616610	chr2.266067	5	1024	272030332	hg38.gc5Base.bw	0	100	1024	39060	1918800
585	2	103379490	103384610	chr2.266217	5	1024	272183932	hg38.gc5Base.bw	0	100	1024	40340	2058800
585	2	103702050	103707170	chr2.266280	5	1024	272248444	hg38.gc5Base.bw	0	100	1024	32100	1479600
585	2	103814690	103819810	chr2.266302	5	1024	272270972	hg38.gc5Base.bw	0	100	1024	37860	1918000
585	2	103958050	103963170	chr2.266330	5	1024	272299644	hg38.gc5Base.bw	0	100	1024	36000	1760000
585	2	104695330	104700450	chr2.266474	5	1024	272447100	hg38.gc5Base.bw	0	100	1024	39760	2007200
585	2	105217570	105222690	chr2.266576	5	1024	272551548	hg38.gc5Base.bw	0	100	1024	46240	2580800
585	2	105232930	105238050	chr2.266579	5	1024	272554620	hg38.gc5Base.bw	0	100	1024	47440	2751200
585	2	105366050	105371170	chr2.266605	5	1024	272581244	hg38.gc5Base.bw	0	100	1024	48500	2805200
585	2	105514530	105519650	chr2.266634	5	1024	272610940	hg38.gc5Base.bw	0	100	1024	49460	2907600
585	2	105965090	105970210	chr2.266722	5	1024	272701052	hg38.gc5Base.bw	0	100	1024	46140	2596400
585	2	105970210	105975330	chr2.266723	5	1024	272702076	hg38.gc5Base.bw	0	100	1024	49280	2846400
585	2	106103330	106108450	chr2.266749	5	1024	272728700	hg38.gc5Base.bw	0	100	1024	51460	3090800
585	2	106625570	106630690	chr2.266851	5	1024	272833148	hg38.gc5Base.bw	0	100	1024	43300	2328400
585	2	107127330	107132450	chr2.266949	5	1024	272933500	hg38.gc5Base.bw	0	100	1024	42460	2259600
585	2	107670050	107675170	chr2.267055	5	1024	273042044	hg38.gc5Base.bw	0	100	1024	38760	1983200
585	2	107808290	107813410	chr2.267082	5	1024	273069692	hg38.gc5Base.bw	0	100	1024	42680	2285600
585	2	108320290	108325410	chr2.267182	5	1024	273172092	hg38.gc5Base.bw	0	100	1024	44560	2377600
585	2	108822050	108827170	chr2.267280	5	1024	273272444	hg38.gc5Base.bw	0	100	1024	35120	1663200
585	2	109006370	109011490	chr2.267316	5	1024	273309308	hg38.gc5Base.bw	0	100	1024	44880	2512000
585	2	109042210	109047330	chr2.267323	5	1024	273316476	hg38.gc5Base.bw	0	100	1024	46220	2686800
585	2	109518370	109523490	chr2.267416	5	1024	273411708	hg38.gc5Base.bw	0	100	1024	50760	3066400
585	2	110214690	110219810	chr2.267552	5	1024	273550972	hg38.gc5Base.bw	0	100	1024	44940	2430800
585	2	110639650	110644770	chr2.267635	5	1024	273635964	hg38.gc5Base.bw	0	100	1024	41220	2143600
585	2	110839330	110844450	chr2.267674	5	1024	273675900	hg38.gc5Base.bw	0	100	1024	45720	2506400
585	2	110854690	110859810	chr2.267677	5	1024	273678972	hg38.gc5Base.bw	0	100	1024	44740	2409200
585	2	110951970	110957090	chr2.267696	5	1024	273698428	hg38.gc5Base.bw	0	100	1024	40700	2171600
585	2	111515170	111520290	chr2.267806	5	1024	273811068	hg38.gc5Base.bw	0	100	1024	45320	2478400
585	2	111535650	111540770	chr2.267810	5	1024	273815164	hg38.gc5Base.bw	0	100	1024	49340	2882000
585	2	111668770	111673890	chr2.267836	5	1024	273841788	hg38.gc5Base.bw	0	100	1024	51860	3218800
585	2	112083490	112088610	chr2.267917	5	1024	273924732	hg38.gc5Base.bw	0	100	1024	45320	2492000
585	2	112774690	112779810	chr2.268052	5	1024	274062972	hg38.gc5Base.bw	0	100	1024	42040	2220000
585	2	112790050	112795170	chr2.268055	5	1024	274066044	hg38.gc5Base.bw	0	100	1024	45260	2505200
585	2	113010210	113015330	chr2.268098	5	1024	274110076	hg38.gc5Base.bw	0	100	1024	36220	1755600
585	2	113025570	113030690	chr2.268101	5	1024	274113148	hg38.gc5Base.bw	0	100	1024	43440	2274400
585	2	113071650	113076770	chr2.268110	5	1024	274122364	hg38.gc5Base.bw	0	100	1024	50720	2956000
585	2	113163810	113168930	chr2.268128	5	1024	274140796	hg38.gc5Base.bw	0	100	1024	50720	2990400
585	2	114489890	114495010	chr2.268387	5	1024	274406012	hg38.gc5Base.bw	0	100	1024	37980	1902800
585	2	114587170	114592290	chr2.268406	5	1024	274425468	hg38.gc5Base.bw	0	100	1024	37300	1830000
585	2	114863650	114868770	chr2.268460	5	1024	274480764	hg38.gc5Base.bw	0	100	1024	38040	1858400
585	2	115007010	115012130	chr2.268488	5	1024	274509436	hg38.gc5Base.bw	0	100	1024	38680	1912800
585	2	115723810	115728930	chr2.268628	5	1024	274652796	hg38.gc5Base.bw	0	100	1024	35580	1696400
585	2	115728930	115734050	chr2.268629	5	1024	274653820	hg38.gc5Base.bw	0	100	1024	39600	2035200
585	2	116148770	116153890	chr2.268711	5	1024	274737788	hg38.gc5Base.bw	0	100	1024	36100	1715600
585	2	116317730	116322850	chr2.268744	5	1024	274771580	hg38.gc5Base.bw	0	100	1024	37500	1799600
585	2	116543010	116548130	chr2.268788	5	1024	274816636	hg38.gc5Base.bw	0	100	1024	35260	1650800
585	2	116650530	116655650	chr2.268809	5	1024	274838140	hg38.gc5Base.bw	0	100	1024	41780	2179600
585	2	117848610	117853730	chr2.269043	5	1024	275077756	hg38.gc5Base.bw	0	100	1024	44340	2408400
585	2	118176290	118181410	chr2.269107	5	1024	275143292	hg38.gc5Base.bw	0	100	1024	43860	2375600
585	2	118780450	118785570	chr2.269225	5	1024	275264124	hg38.gc5Base.bw	0	100	1024	43660	2324400
585	2	118877730	118882850	chr2.269244	5	1024	275283580	hg38.gc5Base.bw	0	100	1024	48240	2702400
585	2	121816610	121821730	chr2.269818	5	1024	275871356	hg38.gc5Base.bw	0	100	1024	49620	2902800
585	2	122180130	122185250	chr2.269889	5	1024	275944060	hg38.gc5Base.bw	0	100	1024	44020	2410800
585	2	122477090	122482210	chr2.269947	5	1024	276003452	hg38.gc5Base.bw	0	100	1024	40220	2039600
585	2	122763810	122768930	chr2.270003	5	1024	276060796	hg38.gc5Base.bw	0	100	1024	35060	1644400
585	2	122820130	122825250	chr2.270014	5	1024	276072060	hg38.gc5Base.bw	0	100	1024	41500	2153200
585	2	123526690	123531810	chr2.270152	5	1024	276213372	hg38.gc5Base.bw	0	100	1024	36780	1762800
585	2	123915810	123920930	chr2.270228	5	1024	276291196	hg38.gc5Base.bw	0	100	1024	38280	1876800
585	2	123926050	123931170	chr2.270230	5	1024	276293244	hg38.gc5Base.bw	0	100	1024	36000	1730400
585	2	124284450	124289570	chr2.270300	5	1024	276364924	hg38.gc5Base.bw	0	100	1024	40740	2101200
585	2	124304930	124310050	chr2.270304	5	1024	276369020	hg38.gc5Base.bw	0	100	1024	42160	2218400
585	2	124765730	124770850	chr2.270394	5	1024	276461180	hg38.gc5Base.bw	0	100	1024	40780	2139600
585	2	125431330	125436450	chr2.270524	5	1024	276594300	hg38.gc5Base.bw	0	100	1024	37920	1898400
585	2	125707810	125712930	chr2.270578	5	1024	276649596	hg38.gc5Base.bw	0	100	1024	38660	1885200
585	2	125974050	125979170	chr2.270630	5	1024	276702844	hg38.gc5Base.bw	0	100	1024	38860	1976400
585	2	126204450	126209570	chr2.270675	5	1024	276748924	hg38.gc5Base.bw	0	100	1024	39960	2013600
585	2	126409250	126414370	chr2.270715	5	1024	276789884	hg38.gc5Base.bw	0	100	1024	36780	1777200
585	2	126649890	126655010	chr2.270762	5	1024	276838012	hg38.gc5Base.bw	0	100	1024	42680	2260000
585	2	127039010	127044130	chr2.270838	5	1024	276915836	hg38.gc5Base.bw	0	100	1024	55620	3519600
585	2	127079970	127085090	chr2.270846	5	1024	276924028	hg38.gc5Base.bw	0	100	1024	59200	3875200
585	2	128129570	128134690	chr2.271051	5	1024	277133948	hg38.gc5Base.bw	0	100	1024	43460	2426800
585	2	128554530	128559650	chr2.271134	5	1024	277218940	hg38.gc5Base.bw	0	100	1024	49020	2838800
585	2	128892450	128897570	chr2.271200	5	1024	277286524	hg38.gc5Base.bw	0	100	1024	41980	2257200
585	2	129056290	129061410	chr2.271232	5	1024	277319292	hg38.gc5Base.bw	0	100	1024	50080	2939200
585	2	129184290	129189410	chr2.271257	5	1024	277344892	hg38.gc5Base.bw	0	100	1024	40520	2109600
585	2	129353250	129358370	chr2.271290	5	1024	277378684	hg38.gc5Base.bw	0	100	1024	47980	2707600
585	2	129373730	129378850	chr2.271294	5	1024	277382780	hg38.gc5Base.bw	0	100	1024	53100	3204400
585	2	129660450	129665570	chr2.271350	5	1024	277440124	hg38.gc5Base.bw	0	100	1024	35940	1739600
585	2	129808930	129814050	chr2.271379	5	1024	277469820	hg38.gc5Base.bw	0	100	1024	44340	2378800
585	2	129829410	129834530	chr2.271383	5	1024	277473916	hg38.gc5Base.bw	0	100	1024	46460	2664400
585	2	130367010	130372130	chr2.271488	5	1024	277581436	hg38.gc5Base.bw	0	100	1024	47960	2786400
585	2	130735650	130740770	chr2.271560	5	1024	277655164	hg38.gc5Base.bw	0	100	1024	48300	2887600
585	2	130971170	130976290	chr2.271606	5	1024	277702268	hg38.gc5Base.bw	0	100	1024	44020	2445200
585	2	131073570	131078690	chr2.271626	5	1024	277722748	hg38.gc5Base.bw	0	100	1024	47860	2720400
585	2	132860450	132865570	chr2.271975	5	1024	278080124	hg38.gc5Base.bw	0	100	1024	41700	2171600
585	2	133080610	133085730	chr2.272018	5	1024	278124156	hg38.gc5Base.bw	0	100	1024	39960	2016800
585	2	133193250	133198370	chr2.272040	5	1024	278146684	hg38.gc5Base.bw	0	100	1024	39200	1937600
585	2	133577250	133582370	chr2.272115	5	1024	278223484	hg38.gc5Base.bw	0	100	1024	43120	2290400
585	2	133776930	133782050	chr2.272154	5	1024	278263420	hg38.gc5Base.bw	0	100	1024	41460	2153200
585	2	133782050	133787170	chr2.272155	5	1024	278264444	hg38.gc5Base.bw	0	100	1024	39440	2049600
585	2	133899810	133904930	chr2.272178	5	1024	278287996	hg38.gc5Base.bw	0	100	1024	42040	2196000
585	2	134007330	134012450	chr2.272199	5	1024	278309500	hg38.gc5Base.bw	0	100	1024	45760	2608000
585	2	134048290	134053410	chr2.272207	5	1024	278317692	hg38.gc5Base.bw	0	100	1024	39420	1984400
585	2	135149090	135154210	chr2.272422	5	1024	278537852	hg38.gc5Base.bw	0	100	1024	38960	1944000
585	2	135410210	135415330	chr2.272473	5	1024	278590076	hg38.gc5Base.bw	0	100	1024	36880	1795200
585	2	136377890	136383010	chr2.272662	5	1024	278783612	hg38.gc5Base.bw	0	100	1024	46140	2554000
585	2	136505890	136511010	chr2.272687	5	1024	278809212	hg38.gc5Base.bw	0	100	1024	44040	2380000
585	2	137104930	137110050	chr2.272804	5	1024	278929020	hg38.gc5Base.bw	0	100	1024	40180	2019600
585	2	137355810	137360930	chr2.272853	5	1024	278979196	hg38.gc5Base.bw	0	100	1024	42140	2208400
585	2	137791010	137796130	chr2.272938	5	1024	279066236	hg38.gc5Base.bw	0	100	1024	41000	2107200
585	2	138103330	138108450	chr2.272999	5	1024	279128700	hg38.gc5Base.bw	0	100	1024	38680	1912000
585	2	138533410	138538530	chr2.273083	5	1024	279214716	hg38.gc5Base.bw	0	100	1024	37780	1886000
585	2	138743330	138748450	chr2.273124	5	1024	279256700	hg38.gc5Base.bw	0	100	1024	43780	2346000
585	2	138748450	138753570	chr2.273125	5	1024	279257724	hg38.gc5Base.bw	0	80	1024	35340	1688400
585	2	138896930	138902050	chr2.273154	5	1024	279287420	hg38.gc5Base.bw	0	100	1024	40440	2140800
585	2	139239970	139245090	chr2.273221	5	1024	279356028	hg38.gc5Base.bw	0	100	1024	37260	1803600
585	2	139306530	139311650	chr2.273234	5	1024	279369340	hg38.gc5Base.bw	0	100	1024	37860	1841200
585	2	139321890	139327010	chr2.273237	5	1024	279372412	hg38.gc5Base.bw	0	100	1024	36340	1728400
585	2	139342370	139347490	chr2.273241	5	1024	279376508	hg38.gc5Base.bw	0	100	1024	39740	2034000
585	2	139644450	139649570	chr2.273300	5	1024	279436924	hg38.gc5Base.bw	0	100	1024	44060	2333200
585	2	139818530	139823650	chr2.273334	5	1024	279471740	hg38.gc5Base.bw	0	100	1024	39040	1949600
585	2	140453410	140458530	chr2.273458	5	1024	279598716	hg38.gc5Base.bw	0	100	1024	33560	1550400
585	2	140519970	140525090	chr2.273471	5	1024	279612028	hg38.gc5Base.bw	0	100	1024	35140	1620400
585	2	140535330	140540450	chr2.273474	5	1024	279615100	hg38.gc5Base.bw	0	100	1024	35820	1722000
585	2	140898850	140903970	chr2.273545	5	1024	279687804	hg38.gc5Base.bw	0	100	1024	34920	1661600
585	2	141072930	141078050	chr2.273579	5	1024	279722620	hg38.gc5Base.bw	0	100	1024	36960	1800000
585	2	141405730	141410850	chr2.273644	5	1024	279789180	hg38.gc5Base.bw	0	100	1024	33580	1570800
585	2	141446690	141451810	chr2.273652	5	1024	279797372	hg38.gc5Base.bw	0	100	1024	39800	2038400
585	2	141508130	141513250	chr2.273664	5	1024	279809660	hg38.gc5Base.bw	0	100	1024	35240	1642400
585	2	141584930	141590050	chr2.273679	5	1024	279825020	hg38.gc5Base.bw	0	100	1024	35800	1744800
585	2	142030370	142035490	chr2.273766	5	1024	279914108	hg38.gc5Base.bw	0	100	1024	36880	1801600
585	2	142757410	142762530	chr2.273908	5	1024	280059516	hg38.gc5Base.bw	0	100	1024	36360	1787200
585	2	143274530	143279650	chr2.274009	5	1024	280162940	hg38.gc5Base.bw	0	100	1024	39440	1997600
585	2	143351330	143356450	chr2.274024	5	1024	280178300	hg38.gc5Base.bw	0	100	1024	34980	1674000
585	2	143750690	143755810	chr2.274102	5	1024	280258172	hg38.gc5Base.bw	0	100	1024	45440	2520000
585	2	145312290	145317410	chr2.274407	5	1024	280570492	hg38.gc5Base.bw	0	100	1024	40160	2011200
585	2	145614370	145619490	chr2.274466	5	1024	280630908	hg38.gc5Base.bw	0	100	1024	37080	1822400
585	2	145650210	145655330	chr2.274473	5	1024	280638076	hg38.gc5Base.bw	0	100	1024	35300	1654000
585	2	145696290	145701410	chr2.274482	5	1024	280647292	hg38.gc5Base.bw	0	100	1024	34000	1582400
585	2	146617890	146623010	chr2.274662	5	1024	280831612	hg38.gc5Base.bw	0	100	1024	37380	1800400
585	2	146653730	146658850	chr2.274669	5	1024	280838780	hg38.gc5Base.bw	0	100	1024	38080	1918400
585	2	146766370	146771490	chr2.274691	5	1024	280861308	hg38.gc5Base.bw	0	100	1024	35160	1678400
585	2	147109410	147114530	chr2.274758	5	1024	280929916	hg38.gc5Base.bw	0	100	1024	36900	1783600
585	2	147155490	147160610	chr2.274767	5	1024	280939132	hg38.gc5Base.bw	0	100	1024	39520	1980000
585	2	147826210	147831330	chr2.274898	5	1024	281073276	hg38.gc5Base.bw	0	100	1024	43080	2428800
585	2	149551650	149556770	chr2.275235	5	1024	281418364	hg38.gc5Base.bw	0	100	1024	36460	1752400
585	2	149695010	149700130	chr2.275263	5	1024	281447036	hg38.gc5Base.bw	0	100	1024	38140	1908400
585	2	149797410	149802530	chr2.275283	5	1024	281467516	hg38.gc5Base.bw	0	100	1024	38580	1935600
585	2	149997090	150002210	chr2.275322	5	1024	281507452	hg38.gc5Base.bw	0	100	1024	36220	1774000
585	2	150027810	150032930	chr2.275328	5	1024	281513596	hg38.gc5Base.bw	0	100	1024	35800	1734400
585	2	150125090	150130210	chr2.275347	5	1024	281533052	hg38.gc5Base.bw	0	100	1024	43340	2376400
585	2	150130210	150135330	chr2.275348	5	1024	281534076	hg38.gc5Base.bw	0	100	1024	36800	1797600
585	2	150360610	150365730	chr2.275393	5	1024	281580156	hg38.gc5Base.bw	0	100	1024	43580	2342800
585	2	150867490	150872610	chr2.275492	5	1024	281681532	hg38.gc5Base.bw	0	100	1024	42160	2223200
585	2	151103010	151108130	chr2.275538	5	1024	281728636	hg38.gc5Base.bw	0	100	1024	43180	2282800
585	2	151666210	151671330	chr2.275648	5	1024	281841276	hg38.gc5Base.bw	0	100	1024	37940	1903600
585	2	151952930	151958050	chr2.275704	5	1024	281898620	hg38.gc5Base.bw	0	100	1024	41900	2218000
585	2	151999010	152004130	chr2.275713	5	1024	281907836	hg38.gc5Base.bw	0	100	1024	45100	2526800
585	2	152065570	152070690	chr2.275726	5	1024	281921148	hg38.gc5Base.bw	0	100	1024	43680	2375200
585	2	152091170	152096290	chr2.275731	5	1024	281926268	hg38.gc5Base.bw	0	100	1024	41320	2172000
585	2	152255010	152260130	chr2.275763	5	1024	281959036	hg38.gc5Base.bw	0	100	1024	41700	2214000
585	2	152464930	152470050	chr2.275804	5	1024	282001020	hg38.gc5Base.bw	0	100	1024	43020	2258000
585	2	152526370	152531490	chr2.275816	5	1024	282013308	hg38.gc5Base.bw	0	100	1024	38020	1862800
585	2	152930850	152935970	chr2.275895	5	1024	282094204	hg38.gc5Base.bw	0	100	1024	33260	1546800
585	2	153545250	153550370	chr2.276015	5	1024	282217084	hg38.gc5Base.bw	0	100	1024	39520	1988000
585	2	153831970	153837090	chr2.276071	5	1024	282274428	hg38.gc5Base.bw	0	100	1024	35280	1680000
585	2	154200610	154205730	chr2.276143	5	1024	282348156	hg38.gc5Base.bw	0	100	1024	36380	1751600
585	2	154707490	154712610	chr2.276242	5	1024	282449532	hg38.gc5Base.bw	0	100	1024	33040	1504800
585	2	155485730	155490850	chr2.276394	5	1024	282605180	hg38.gc5Base.bw	0	100	1024	31900	1418800
585	2	155552290	155557410	chr2.276407	5	1024	282618492	hg38.gc5Base.bw	0	100	1024	29840	1318400
585	2	156043810	156048930	chr2.276503	5	1024	282716796	hg38.gc5Base.bw	0	100	1024	41460	2128400
585	2	156089890	156095010	chr2.276512	5	1024	282726012	hg38.gc5Base.bw	0	100	1024	36800	1771200
585	2	156760610	156765730	chr2.276643	5	1024	282860156	hg38.gc5Base.bw	0	100	1024	37260	1793200
585	2	157359650	157364770	chr2.276760	5	1024	282979964	hg38.gc5Base.bw	0	100	1024	42300	2209200
585	2	157405730	157410850	chr2.276769	5	1024	282989180	hg38.gc5Base.bw	0	100	1024	35700	1748400
585	2	159207970	159213090	chr2.277121	5	1024	283349628	hg38.gc5Base.bw	0	100	1024	46920	2668000
585	2	159218210	159223330	chr2.277123	5	1024	283351676	hg38.gc5Base.bw	0	100	1024	45880	2552800
585	2	159223330	159228450	chr2.277124	5	1024	283352700	hg38.gc5Base.bw	0	100	1024	47560	2709600
585	2	159458850	159463970	chr2.277170	5	1024	283399804	hg38.gc5Base.bw	0	100	1024	35660	1680400
585	2	159719970	159725090	chr2.277221	5	1024	283452028	hg38.gc5Base.bw	0	100	1024	40240	2085600
585	2	159853090	159858210	chr2.277247	5	1024	283478652	hg38.gc5Base.bw	0	100	1024	36500	1806000
585	2	159883810	159888930	chr2.277253	5	1024	283484796	hg38.gc5Base.bw	0	100	1024	38880	1988000
585	2	160206370	160211490	chr2.277316	5	1024	283549308	hg38.gc5Base.bw	0	100	1024	45440	2543200
585	2	160569890	160575010	chr2.277387	5	1024	283622012	hg38.gc5Base.bw	0	100	1024	42780	2251600
585	2	160667170	160672290	chr2.277406	5	1024	283641468	hg38.gc5Base.bw	0	100	1024	38500	1950000
585	2	160774690	160779810	chr2.277427	5	1024	283662972	hg38.gc5Base.bw	0	100	1024	37920	1892800
585	2	160882210	160887330	chr2.277448	5	1024	283684476	hg38.gc5Base.bw	0	100	1024	38800	1946400
585	2	160892450	160897570	chr2.277450	5	1024	283686524	hg38.gc5Base.bw	0	100	1024	36880	1844000
585	2	160953890	160959010	chr2.277462	5	1024	283698812	hg38.gc5Base.bw	0	100	1024	40740	2096400
585	2	162751010	162756130	chr2.277813	5	1024	284058236	hg38.gc5Base.bw	0	100	1024	32360	1479200
585	2	163457570	163462690	chr2.277951	5	1024	284199548	hg38.gc5Base.bw	0	100	1024	35040	1683200
585	2	163606050	163611170	chr2.277980	5	1024	284229244	hg38.gc5Base.bw	0	100	1024	41800	2164000
585	2	163754530	163759650	chr2.278009	5	1024	284258940	hg38.gc5Base.bw	0	100	1024	38680	1921600
585	2	163856930	163862050	chr2.278029	5	1024	284279420	hg38.gc5Base.bw	0	100	1024	34340	1604400
585	2	164507170	164512290	chr2.278156	5	1024	284409468	hg38.gc5Base.bw	0	100	1024	41080	2133600
585	2	164834850	164839970	chr2.278220	5	1024	284475004	hg38.gc5Base.bw	0	100	1024	34100	1575600
585	2	166350370	166355490	chr2.278516	5	1024	284778108	hg38.gc5Base.bw	0	100	1024	34240	1611200
585	2	167338530	167343650	chr2.278709	5	1024	284975740	hg38.gc5Base.bw	0	100	1024	36740	1774000
585	2	167574050	167579170	chr2.278755	5	1024	285022844	hg38.gc5Base.bw	0	100	1024	35280	1634400
585	2	167993890	167999010	chr2.278837	5	1024	285106812	hg38.gc5Base.bw	0	100	1024	39860	2060400
585	2	168511010	168516130	chr2.278938	5	1024	285210236	hg38.gc5Base.bw	0	100	1024	39080	1965600
585	2	168592930	168598050	chr2.278954	5	1024	285226620	hg38.gc5Base.bw	0	100	1024	40300	2104400
585	2	168920610	168925730	chr2.279018	5	1024	285292156	hg38.gc5Base.bw	0	100	1024	41880	2216800
585	2	168966690	168971810	chr2.279027	5	1024	285301372	hg38.gc5Base.bw	0	100	1024	36520	1730400
585	2	169606690	169611810	chr2.279152	5	1024	285429372	hg38.gc5Base.bw	0	100	1024	37000	1880800
585	2	169637410	169642530	chr2.279158	5	1024	285435516	hg38.gc5Base.bw	0	100	1024	32180	1413200
585	2	170139170	170144290	chr2.279256	5	1024	285535868	hg38.gc5Base.bw	0	100	1024	48820	2832400
585	2	170343970	170349090	chr2.279296	5	1024	285576828	hg38.gc5Base.bw	0	100	1024	44020	2427600
585	2	170364450	170369570	chr2.279300	5	1024	285580924	hg38.gc5Base.bw	0	100	1024	40740	2095600
585	2	170379810	170384930	chr2.279303	5	1024	285583996	hg38.gc5Base.bw	0	100	1024	37840	1867200
585	2	170722850	170727970	chr2.279370	5	1024	285652604	hg38.gc5Base.bw	0	100	1024	41340	2190000
585	2	170748450	170753570	chr2.279375	5	1024	285657724	hg38.gc5Base.bw	0	100	1024	37440	1859200
585	2	170794530	170799650	chr2.279384	5	1024	285666940	hg38.gc5Base.bw	0	100	1024	40920	2136000
585	2	171542050	171547170	chr2.279530	5	1024	285816444	hg38.gc5Base.bw	0	100	1024	39580	2069200
585	2	171567650	171572770	chr2.279535	5	1024	285821564	hg38.gc5Base.bw	0	100	1024	44800	2460000
585	2	171767330	171772450	chr2.279574	5	1024	285861500	hg38.gc5Base.bw	0	100	1024	37940	1938800
585	2	172371490	172376610	chr2.279692	5	1024	285982332	hg38.gc5Base.bw	0	100	1024	41900	2169200
585	2	172566050	172571170	chr2.279730	5	1024	286021244	hg38.gc5Base.bw	0	100	1024	38100	1922800
585	2	172827170	172832290	chr2.279781	5	1024	286073468	hg38.gc5Base.bw	0	100	1024	42320	2273600
585	2	172980770	172985890	chr2.279811	5	1024	286104188	hg38.gc5Base.bw	0	100	1024	43120	2300000
585	2	173098530	173103650	chr2.279834	5	1024	286127740	hg38.gc5Base.bw	0	100	1024	39200	1970400
585	2	173231650	173236770	chr2.279860	5	1024	286154364	hg38.gc5Base.bw	0	100	1024	47260	2662000
585	2	173677090	173682210	chr2.279947	5	1024	286243452	hg38.gc5Base.bw	0	100	1024	41600	2160000
585	2	173687330	173692450	chr2.279949	5	1024	286245500	hg38.gc5Base.bw	0	100	1024	43200	2399200
585	2	174127650	174132770	chr2.280035	5	1024	286333564	hg38.gc5Base.bw	0	100	1024	36500	1804400
585	2	174399010	174404130	chr2.280088	5	1024	286387836	hg38.gc5Base.bw	0	100	1024	34180	1605200
585	2	174593570	174598690	chr2.280126	5	1024	286426748	hg38.gc5Base.bw	0	100	1024	38580	1942800
585	2	175033890	175039010	chr2.280212	5	1024	286514812	hg38.gc5Base.bw	0	100	1024	42640	2276800
585	2	175423010	175428130	chr2.280288	5	1024	286592636	hg38.gc5Base.bw	0	100	1024	40620	2111600
585	2	175673890	175679010	chr2.280337	5	1024	286642812	hg38.gc5Base.bw	0	100	1024	41700	2174000
585	2	175853090	175858210	chr2.280372	5	1024	286678652	hg38.gc5Base.bw	0	100	1024	41460	2154000
585	2	175888930	175894050	chr2.280379	5	1024	286685820	hg38.gc5Base.bw	0	100	1024	40720	2088000
585	2	175904290	175909410	chr2.280382	5	1024	286688892	hg38.gc5Base.bw	0	100	1024	40580	2110000
585	2	176498210	176503330	chr2.280498	5	1024	286807676	hg38.gc5Base.bw	0	100	1024	42300	2213200
585	2	176953890	176959010	chr2.280587	5	1024	286898812	hg38.gc5Base.bw	0	100	1024	41960	2192800
585	2	176984610	176989730	chr2.280593	5	1024	286904956	hg38.gc5Base.bw	0	100	1024	42420	2207600
585	2	177066530	177071650	chr2.280609	5	1024	286921340	hg38.gc5Base.bw	0	100	1024	39240	1938400
585	2	177665570	177670690	chr2.280726	5	1024	287041148	hg38.gc5Base.bw	0	100	1024	38760	1982400
585	2	177834530	177839650	chr2.280759	5	1024	287074940	hg38.gc5Base.bw	0	100	1024	48540	2797200
585	2	177880610	177885730	chr2.280768	5	1024	287084156	hg38.gc5Base.bw	0	100	1024	39320	1974400
585	2	178177570	178182690	chr2.280826	5	1024	287143548	hg38.gc5Base.bw	0	100	1024	42340	2319600
585	2	178259490	178264610	chr2.280842	5	1024	287159932	hg38.gc5Base.bw	0	100	1024	37700	1866800
585	2	179273250	179278370	chr2.281040	5	1024	287362684	hg38.gc5Base.bw	0	100	1024	45160	2469600
585	2	179426850	179431970	chr2.281070	5	1024	287393404	hg38.gc5Base.bw	0	100	1024	42780	2311600
585	2	179472930	179478050	chr2.281079	5	1024	287402620	hg38.gc5Base.bw	0	100	1024	39320	2016800
585	2	179626530	179631650	chr2.281109	5	1024	287433340	hg38.gc5Base.bw	0	100	1024	40040	2038400
585	2	179667490	179672610	chr2.281117	5	1024	287441532	hg38.gc5Base.bw	0	100	1024	41280	2198400
585	2	180169250	180174370	chr2.281215	5	1024	287541884	hg38.gc5Base.bw	0	100	1024	37160	1836800
585	2	180210210	180215330	chr2.281223	5	1024	287550076	hg38.gc5Base.bw	0	100	1024	37920	1872000
585	2	181162530	181167650	chr2.281409	5	1024	287740540	hg38.gc5Base.bw	0	100	1024	40600	2092000
585	2	181295650	181300770	chr2.281435	5	1024	287767164	hg38.gc5Base.bw	0	100	1024	33640	1511200
585	2	181321250	181326370	chr2.281440	5	1024	287772284	hg38.gc5Base.bw	0	100	1024	34800	1606400
585	2	181346850	181351970	chr2.281445	5	1024	287777404	hg38.gc5Base.bw	0	100	1024	37920	1901600
585	2	181531170	181536290	chr2.281481	5	1024	287814268	hg38.gc5Base.bw	0	100	1024	35220	1651600
585	2	181720610	181725730	chr2.281518	5	1024	287852156	hg38.gc5Base.bw	0	100	1024	39020	1979600
585	2	182125090	182130210	chr2.281597	5	1024	287933052	hg38.gc5Base.bw	0	100	1024	34240	1560000
585	2	182181410	182186530	chr2.281608	5	1024	287944316	hg38.gc5Base.bw	0	100	1024	37760	1840000
585	2	182591010	182596130	chr2.281688	5	1024	288026236	hg38.gc5Base.bw	0	100	1024	38060	1868400
585	2	182667810	182672930	chr2.281703	5	1024	288041596	hg38.gc5Base.bw	0	100	1024	44660	2446800
585	2	182785570	182790690	chr2.281726	5	1024	288065148	hg38.gc5Base.bw	0	100	1024	40600	2096800
585	2	183220770	183225890	chr2.281811	5	1024	288152188	hg38.gc5Base.bw	0	100	1024	37220	1842800
585	2	183435810	183440930	chr2.281853	5	1024	288195196	hg38.gc5Base.bw	0	100	1024	38580	1947600
585	2	184208930	184214050	chr2.282004	5	1024	288349820	hg38.gc5Base.bw	0	100	1024	36200	1798400
585	2	184219170	184224290	chr2.282006	5	1024	288351868	hg38.gc5Base.bw	0	100	1024	35060	1658000
585	2	184951330	184956450	chr2.282149	5	1024	288498300	hg38.gc5Base.bw	0	100	1024	33200	1499200
585	2	185355810	185360930	chr2.282228	5	1024	288579196	hg38.gc5Base.bw	0	100	1024	35600	1826400
585	2	185811490	185816610	chr2.282317	5	1024	288670332	hg38.gc5Base.bw	0	100	1024	36540	1763600
585	2	187362850	187367970	chr2.282620	5	1024	288980604	hg38.gc5Base.bw	0	100	1024	34120	1625600
585	2	187393570	187398690	chr2.282626	5	1024	288986748	hg38.gc5Base.bw	0	100	1024	34500	1625200
585	2	188914210	188919330	chr2.282923	5	1024	289290876	hg38.gc5Base.bw	0	100	1024	34980	1665200
585	2	189769250	189774370	chr2.283090	5	1024	289461884	hg38.gc5Base.bw	0	100	1024	35980	1761200
585	2	190209570	190214690	chr2.283176	5	1024	289549948	hg38.gc5Base.bw	0	100	1024	41140	2132400
585	2	190317090	190322210	chr2.283197	5	1024	289571452	hg38.gc5Base.bw	0	100	1024	45600	2585600
585	2	190803490	190808610	chr2.283292	5	1024	289668732	hg38.gc5Base.bw	0	100	1024	40420	2090000
585	2	190982690	190987810	chr2.283327	5	1024	289704572	hg38.gc5Base.bw	0	100	1024	44480	2435200
585	2	191044130	191049250	chr2.283339	5	1024	289716860	hg38.gc5Base.bw	0	100	1024	41540	2179600
585	2	191847970	191853090	chr2.283496	5	1024	289877628	hg38.gc5Base.bw	0	100	1024	39080	1962400
585	2	191945250	191950370	chr2.283515	5	1024	289897084	hg38.gc5Base.bw	0	100	1024	37520	1827200
585	2	193148450	193153570	chr2.283750	5	1024	290137724	hg38.gc5Base.bw	0	100	1024	34960	1695200
585	2	194832930	194838050	chr2.284079	5	1024	290474620	hg38.gc5Base.bw	0	100	1024	35240	1646400
585	2	195114530	195119650	chr2.284134	5	1024	290530940	hg38.gc5Base.bw	0	100	1024	36320	1740800
585	2	195247650	195252770	chr2.284160	5	1024	290557564	hg38.gc5Base.bw	0	100	1024	35460	1671600
585	2	195406370	195411490	chr2.284191	5	1024	290589308	hg38.gc5Base.bw	0	100	1024	37620	1849200
585	2	196225570	196230690	chr2.284351	5	1024	290753148	hg38.gc5Base.bw	0	100	1024	41300	2177200
585	2	198488610	198493730	chr2.284793	5	1024	291205756	hg38.gc5Base.bw	0	100	1024	34620	1622800
585	2	198734370	198739490	chr2.284841	5	1024	291254908	hg38.gc5Base.bw	0	100	1024	33820	1580400
585	2	198831650	198836770	chr2.284860	5	1024	291274364	hg38.gc5Base.bw	0	100	1024	34400	1620800
585	2	199302690	199307810	chr2.284952	5	1024	291368572	hg38.gc5Base.bw	0	100	1024	40200	2088800
585	2	199568930	199574050	chr2.285004	5	1024	291421820	hg38.gc5Base.bw	0	100	1024	37380	1868400
585	2	199753250	199758370	chr2.285040	5	1024	291458684	hg38.gc5Base.bw	0	100	1024	43040	2316800
585	2	200024610	200029730	chr2.285093	5	1024	291512956	hg38.gc5Base.bw	0	100	1024	40540	2088400
585	2	200480290	200485410	chr2.285182	5	1024	291604092	hg38.gc5Base.bw	0	100	1024	45660	2575600
585	2	202057250	202062370	chr2.285490	5	1024	291919484	hg38.gc5Base.bw	0	100	1024	39860	2041200
585	2	202651170	202656290	chr2.285606	5	1024	292038268	hg38.gc5Base.bw	0	100	1024	39780	2059600
585	2	203255330	203260450	chr2.285724	5	1024	292159100	hg38.gc5Base.bw	0	100	1024	44760	2561600
585	2	203531810	203536930	chr2.285778	5	1024	292214396	hg38.gc5Base.bw	0	100	1024	48080	2940800
585	2	203823650	203828770	chr2.285835	5	1024	292272764	hg38.gc5Base.bw	0	100	1024	44640	2373600
585	2	204438050	204443170	chr2.285955	5	1024	292395644	hg38.gc5Base.bw	0	100	1024	40700	2063600
585	2	204545570	204550690	chr2.285976	5	1024	292417148	hg38.gc5Base.bw	0	100	1024	42380	2379600
585	2	204924450	204929570	chr2.286050	5	1024	292492924	hg38.gc5Base.bw	0	100	1024	38200	1876000
585	2	205938210	205943330	chr2.286248	5	1024	292695676	hg38.gc5Base.bw	0	100	1024	49080	2893600
585	2	206921250	206926370	chr2.286440	5	1024	292892284	hg38.gc5Base.bw	0	100	1024	41060	2107600
585	2	208303650	208308770	chr2.286710	5	1024	293168764	hg38.gc5Base.bw	0	100	1024	37420	1854000
585	2	209527330	209532450	chr2.286949	5	1024	293413500	hg38.gc5Base.bw	0	100	1024	35660	1710800
585	2	210285090	210290210	chr2.287097	5	1024	293565052	hg38.gc5Base.bw	0	100	1024	37860	1925200
585	2	210428450	210433570	chr2.287125	5	1024	293593724	hg38.gc5Base.bw	0	100	1024	38060	1888400
585	2	210817570	210822690	chr2.287201	5	1024	293671548	hg38.gc5Base.bw	0	100	1024	36860	1771600
585	2	211237410	211242530	chr2.287283	5	1024	293755516	hg38.gc5Base.bw	0	100	1024	37000	1795200
585	2	211298850	211303970	chr2.287295	5	1024	293767804	hg38.gc5Base.bw	0	100	1024	38860	1916400
585	2	211334690	211339810	chr2.287302	5	1024	293774972	hg38.gc5Base.bw	0	100	1024	36740	1779600
585	2	211718690	211723810	chr2.287377	5	1024	293851772	hg38.gc5Base.bw	0	100	1024	37320	1837600
585	2	212107810	212112930	chr2.287453	5	1024	293929596	hg38.gc5Base.bw	0	100	1024	38700	1946000
585	2	212353570	212358690	chr2.287501	5	1024	293978748	hg38.gc5Base.bw	0	100	1024	33740	1578800
585	2	212727330	212732450	chr2.287574	5	1024	294053500	hg38.gc5Base.bw	0	100	1024	34320	1578400
585	2	212896290	212901410	chr2.287607	5	1024	294087292	hg38.gc5Base.bw	0	100	1024	39020	1934000
585	2	212973090	212978210	chr2.287622	5	1024	294102652	hg38.gc5Base.bw	0	100	1024	36240	1732800
585	2	213198370	213203490	chr2.287666	5	1024	294147708	hg38.gc5Base.bw	0	100	1024	39320	1979200
585	2	213520930	213526050	chr2.287729	5	1024	294212220	hg38.gc5Base.bw	0	100	1024	42160	2259200
585	2	215287330	215292450	chr2.288074	5	1024	294565500	hg38.gc5Base.bw	0	100	1024	39280	1982400
585	2	215502370	215507490	chr2.288116	5	1024	294608508	hg38.gc5Base.bw	0	100	1024	40480	2090400
585	2	215917090	215922210	chr2.288197	5	1024	294691452	hg38.gc5Base.bw	0	100	1024	42300	2240400
585	2	215937570	215942690	chr2.288201	5	1024	294695548	hg38.gc5Base.bw	0	100	1024	38300	1906800
585	2	216152610	216157730	chr2.288243	5	1024	294738556	hg38.gc5Base.bw	0	100	1024	41340	2174800
585	2	216260130	216265250	chr2.288264	5	1024	294760060	hg38.gc5Base.bw	0	100	1024	47520	2645600
585	2	216285730	216290850	chr2.288269	5	1024	294765180	hg38.gc5Base.bw	0	100	1024	46140	2585200
585	2	216587810	216592930	chr2.288328	5	1024	294825596	hg38.gc5Base.bw	0	100	1024	48320	2767200
585	2	217007650	217012770	chr2.288410	5	1024	294909564	hg38.gc5Base.bw	0	100	1024	45440	2484800
585	2	218149410	218154530	chr2.288633	5	1024	295137916	hg38.gc5Base.bw	0	100	1024	46820	2650000
585	2	218333730	218338850	chr2.288669	5	1024	295174780	hg38.gc5Base.bw	0	100	1024	47480	2779200
585	2	218425890	218431010	chr2.288687	5	1024	295193212	hg38.gc5Base.bw	0	100	1024	57100	3632400
585	2	218815010	218820130	chr2.288763	5	1024	295271036	hg38.gc5Base.bw	0	100	1024	48460	2789200
585	2	219286050	219291170	chr2.288855	5	1024	295365244	hg38.gc5Base.bw	0	100	1024	58060	3745200
585	2	219762210	219767330	chr2.288948	5	1024	295460476	hg38.gc5Base.bw	0	100	1024	47720	2676800
585	2	219961890	219967010	chr2.288987	5	1024	295500412	hg38.gc5Base.bw	0	100	1024	44780	2444400
585	2	219977250	219982370	chr2.288990	5	1024	295503484	hg38.gc5Base.bw	0	100	1024	42740	2282800
585	2	220064290	220069410	chr2.289007	5	1024	295520892	hg38.gc5Base.bw	0	100	1024	41740	2205200
585	2	220601890	220607010	chr2.289112	5	1024	295628412	hg38.gc5Base.bw	0	100	1024	38880	1939200
585	2	220663330	220668450	chr2.289124	5	1024	295640700	hg38.gc5Base.bw	0	100	1024	39700	2059600
585	2	220801570	220806690	chr2.289151	5	1024	295668348	hg38.gc5Base.bw	0	100	1024	42660	2287600
585	2	220837410	220842530	chr2.289158	5	1024	295675516	hg38.gc5Base.bw	0	100	1024	35560	1720000
585	2	220903970	220909090	chr2.289171	5	1024	295688828	hg38.gc5Base.bw	0	100	1024	40760	2153600
585	2	221103650	221108770	chr2.289210	5	1024	295728764	hg38.gc5Base.bw	0	100	1024	44120	2431200
585	2	221344290	221349410	chr2.289257	5	1024	295776892	hg38.gc5Base.bw	0	100	1024	41600	2160800
585	2	221600290	221605410	chr2.289307	5	1024	295828092	hg38.gc5Base.bw	0	100	1024	39780	2013200
585	2	221851170	221856290	chr2.289356	5	1024	295878268	hg38.gc5Base.bw	0	100	1024	39400	1993600
585	2	222480930	222486050	chr2.289479	5	1024	296004220	hg38.gc5Base.bw	0	100	1024	43040	2281600
585	2	222788130	222793250	chr2.289539	5	1024	296065660	hg38.gc5Base.bw	0	100	1024	45400	2517600
585	2	222803490	222808610	chr2.289542	5	1024	296068732	hg38.gc5Base.bw	0	100	1024	41320	2201600
585	2	223714850	223719970	chr2.289720	5	1024	296251004	hg38.gc5Base.bw	0	100	1024	39320	2052000
585	2	224001570	224006690	chr2.289776	5	1024	296308348	hg38.gc5Base.bw	0	100	1024	43960	2453600
585	2	224057890	224063010	chr2.289787	5	1024	296319612	hg38.gc5Base.bw	0	100	1024	44480	2405600
585	2	224093730	224098850	chr2.289794	5	1024	296326780	hg38.gc5Base.bw	0	100	1024	43700	2302800
585	2	224196130	224201250	chr2.289814	5	1024	296347260	hg38.gc5Base.bw	0	100	1024	41320	2144800
585	2	224308770	224313890	chr2.289836	5	1024	296369788	hg38.gc5Base.bw	0	100	1024	42180	2237200
585	2	224370210	224375330	chr2.289848	5	1024	296382076	hg38.gc5Base.bw	0	100	1024	40900	2138000
585	2	224395810	224400930	chr2.289853	5	1024	296387196	hg38.gc5Base.bw	0	100	1024	45440	2504800
585	2	225051170	225056290	chr2.289981	5	1024	296518268	hg38.gc5Base.bw	0	100	1024	39560	2015200
585	2	225650210	225655330	chr2.290098	5	1024	296638076	hg38.gc5Base.bw	0	100	1024	39220	1984400
585	2	226187810	226192930	chr2.290203	5	1024	296745596	hg38.gc5Base.bw	0	100	1024	40440	2048800
585	2	227360290	227365410	chr2.290432	5	1024	296980092	hg38.gc5Base.bw	0	100	1024	40100	2042800
585	2	227426850	227431970	chr2.290445	5	1024	296993404	hg38.gc5Base.bw	0	100	1024	42460	2238800
585	2	227534370	227539490	chr2.290466	5	1024	297014908	hg38.gc5Base.bw	0	100	1024	35320	1696000
585	2	227785250	227790370	chr2.290515	5	1024	297065084	hg38.gc5Base.bw	0	100	1024	39960	2017600
585	2	227990050	227995170	chr2.290555	5	1024	297106044	hg38.gc5Base.bw	0	100	1024	39840	2005600
585	2	228005410	228010530	chr2.290558	5	1024	297109116	hg38.gc5Base.bw	0	100	1024	39500	1987600
585	2	228240930	228246050	chr2.290604	5	1024	297156220	hg38.gc5Base.bw	0	100	1024	37700	1857200
585	2	228271650	228276770	chr2.290610	5	1024	297162364	hg38.gc5Base.bw	0	100	1024	37420	1839600
585	2	228855330	228860450	chr2.290724	5	1024	297279100	hg38.gc5Base.bw	0	100	1024	39160	1948800
585	2	229520930	229526050	chr2.290854	5	1024	297412220	hg38.gc5Base.bw	0	100	1024	42800	2290400
585	2	230207010	230212130	chr2.290988	5	1024	297549436	hg38.gc5Base.bw	0	100	1024	43400	2259200
585	2	230304290	230309410	chr2.291007	5	1024	297568892	hg38.gc5Base.bw	0	100	1024	52060	3172400
585	2	230463010	230468130	chr2.291038	5	1024	297600636	hg38.gc5Base.bw	0	100	1024	41160	2152800
585	2	230478370	230483490	chr2.291041	5	1024	297603708	hg38.gc5Base.bw	0	100	1024	41540	2191600
585	2	230591010	230596130	chr2.291063	5	1024	297626236	hg38.gc5Base.bw	0	100	1024	47780	2742800
585	2	230908450	230913570	chr2.291125	5	1024	297689724	hg38.gc5Base.bw	0	100	1024	50840	3010400
585	2	231113250	231118370	chr2.291165	5	1024	297730684	hg38.gc5Base.bw	0	100	1024	33860	1539600
585	2	231446050	231451170	chr2.291230	5	1024	297797244	hg38.gc5Base.bw	0	100	1024	43020	2458000
585	2	232367650	232372770	chr2.291410	5	1024	297981564	hg38.gc5Base.bw	0	100	1024	55140	3526000
585	2	232444450	232449570	chr2.291425	5	1024	297996924	hg38.gc5Base.bw	0	100	1024	63460	4324400
585	2	232495650	232500770	chr2.291435	5	1024	298007164	hg38.gc5Base.bw	0	100	1024	59100	3846800
585	2	232521250	232526370	chr2.291440	5	1024	298012284	hg38.gc5Base.bw	0	100	1024	68700	5011600
585	2	232541730	232546850	chr2.291444	5	1024	298016380	hg38.gc5Base.bw	0	100	1024	57500	3691600
585	2	232961570	232966690	chr2.291526	5	1024	298100348	hg38.gc5Base.bw	0	100	1024	43720	2401600
585	2	233007650	233012770	chr2.291535	5	1024	298109564	hg38.gc5Base.bw	0	100	1024	51360	3072000
585	2	233191970	233197090	chr2.291571	5	1024	298146428	hg38.gc5Base.bw	0	100	1024	49900	2941200
585	2	233294370	233299490	chr2.291591	5	1024	298166908	hg38.gc5Base.bw	0	100	1024	48940	2846800
585	2	233683490	233688610	chr2.291667	5	1024	298244732	hg38.gc5Base.bw	0	100	1024	39120	2004800
585	2	233714210	233719330	chr2.291673	5	1024	298250876	hg38.gc5Base.bw	0	100	1024	45620	2556400
585	2	233724450	233729570	chr2.291675	5	1024	298252924	hg38.gc5Base.bw	0	100	1024	49360	2934400
585	2	233862690	233867810	chr2.291702	5	1024	298280572	hg38.gc5Base.bw	0	100	1024	41740	2239600
585	2	234349090	234354210	chr2.291797	5	1024	298377852	hg38.gc5Base.bw	0	100	1024	38880	2054400
585	2	234456610	234461730	chr2.291818	5	1024	298399356	hg38.gc5Base.bw	0	100	1024	42280	2262400
585	2	234487330	234492450	chr2.291824	5	1024	298405500	hg38.gc5Base.bw	0	100	1024	46140	2546800
585	2	234548770	234553890	chr2.291836	5	1024	298417788	hg38.gc5Base.bw	0	100	1024	46700	2678000
585	2	234589730	234594850	chr2.291844	5	1024	298425980	hg38.gc5Base.bw	0	100	1024	48100	2718800
585	2	234717730	234722850	chr2.291869	5	1024	298451580	hg38.gc5Base.bw	0	100	1024	40560	2137600
585	2	234763810	234768930	chr2.291878	5	1024	298460796	hg38.gc5Base.bw	0	100	1024	47380	2694000
585	2	234896930	234902050	chr2.291904	5	1024	298487420	hg38.gc5Base.bw	0	100	1024	46360	2622400
585	2	235142690	235147810	chr2.291952	5	1024	298536572	hg38.gc5Base.bw	0	100	1024	44860	2469200
585	2	235388450	235393570	chr2.292000	5	1024	298585724	hg38.gc5Base.bw	0	100	1024	49320	2869600
585	2	235608610	235613730	chr2.292043	5	1024	298629756	hg38.gc5Base.bw	0	100	1024	49820	2915600
585	2	236095010	236100130	chr2.292138	5	1024	298727036	hg38.gc5Base.bw	0	100	1024	47300	2783600
585	2	236192290	236197410	chr2.292157	5	1024	298746492	hg38.gc5Base.bw	0	100	1024	49660	2928400
585	2	236893730	236898850	chr2.292294	5	1024	298886780	hg38.gc5Base.bw	0	100	1024	35420	1722800
585	2	236944930	236950050	chr2.292304	5	1024	298897020	hg38.gc5Base.bw	0	100	1024	49340	2868400
585	2	237421090	237426210	chr2.292397	5	1024	298992252	hg38.gc5Base.bw	0	100	1024	44380	2472400
585	2	238813730	238818850	chr2.292669	5	1024	299270780	hg38.gc5Base.bw	0	100	1024	48660	2774800
585	2	238967715	238972835	chr2.292700	5	1024	299301500	hg38.gc5Base.bw	0	100	1024	58140	3717200
585	2	239085475	239090595	chr2.292723	5	1024	299325052	hg38.gc5Base.bw	0	100	1024	53700	3326000
585	2	239710115	239715235	chr2.292845	5	1024	299449980	hg38.gc5Base.bw	0	100	1024	47940	2774000
585	2	239935395	239940515	chr2.292889	5	1024	299495036	hg38.gc5Base.bw	0	100	1024	55140	3468400
585	2	239976355	239981475	chr2.292897	5	1024	299503228	hg38.gc5Base.bw	0	100	1024	53920	3289600
585	2	240012195	240017315	chr2.292904	5	1024	299510396	hg38.gc5Base.bw	0	100	1024	48080	2797600
585	2	240078755	240083875	chr2.292917	5	1024	299523708	hg38.gc5Base.bw	0	100	1024	36640	1820800
585	2	240135075	240140195	chr2.292928	5	1024	299534972	hg38.gc5Base.bw	0	100	1024	60260	4042800
585	2	240329635	240334755	chr2.292966	5	1024	299573884	hg38.gc5Base.bw	0	100	1024	43160	2355200
585	2	240432035	240437155	chr2.292986	5	1024	299594364	hg38.gc5Base.bw	0	100	1024	68660	5050000
585	2	240590755	240595875	chr2.293017	5	1024	299626108	hg38.gc5Base.bw	0	100	1024	60700	4016400
585	2	240713635	240718755	chr2.293041	5	1024	299650684	hg38.gc5Base.bw	0	100	1024	62760	4248000
585	2	240882595	240887715	chr2.293074	5	1024	299684476	hg38.gc5Base.bw	0	100	1024	50600	3008000
585	3	25360	30480	chr3.322739	5	1024	329870020	hg38.gc5Base.bw	0	100	1024	38340	1902000
585	3	219920	225040	chr3.322777	5	1024	329908932	hg38.gc5Base.bw	0	100	1024	39520	1993600
585	3	245520	250640	chr3.322782	5	1024	329914052	hg38.gc5Base.bw	0	100	1024	37200	1788000
585	3	373520	378640	chr3.322807	5	1024	329939652	hg38.gc5Base.bw	0	100	1024	42720	2300000
585	3	690960	696080	chr3.322869	5	1024	330003140	hg38.gc5Base.bw	0	100	1024	38620	1916400
585	3	926480	931600	chr3.322915	5	1024	330050244	hg38.gc5Base.bw	0	80	1024	35540	1686000
585	3	1018640	1023760	chr3.322933	5	1024	330068676	hg38.gc5Base.bw	0	100	1024	36640	1748000
585	3	1264400	1269520	chr3.322981	5	1024	330117828	hg38.gc5Base.bw	0	100	1024	40360	2104800
585	3	1295120	1300240	chr3.322987	5	1024	330123972	hg38.gc5Base.bw	0	100	1024	34900	1671600
585	3	1382160	1387280	chr3.323004	5	1024	330141380	hg38.gc5Base.bw	0	100	1024	34860	1634800
585	3	1530640	1535760	chr3.323033	5	1024	330171076	hg38.gc5Base.bw	0	100	1024	35200	1622400
585	3	1622800	1627920	chr3.323051	5	1024	330189508	hg38.gc5Base.bw	0	100	1024	35700	1733200
585	3	1981200	1986320	chr3.323121	5	1024	330261188	hg38.gc5Base.bw	0	100	1024	35820	1720400
585	3	1986320	1991440	chr3.323122	5	1024	330262212	hg38.gc5Base.bw	0	100	1024	37380	1932400
585	3	2954000	2959120	chr3.323311	5	1024	330455748	hg38.gc5Base.bw	0	100	1024	38100	1882800
585	3	2959120	2964240	chr3.323312	5	1024	330456772	hg38.gc5Base.bw	0	100	1024	38880	1976800
585	3	2964240	2969360	chr3.323313	5	1024	330457796	hg38.gc5Base.bw	0	100	1024	39060	1939600
585	3	3261200	3266320	chr3.323371	5	1024	330517188	hg38.gc5Base.bw	0	100	1024	39700	2040400
585	3	3373840	3378960	chr3.323393	5	1024	330539716	hg38.gc5Base.bw	0	100	1024	35280	1622400
585	3	3844880	3850000	chr3.323485	5	1024	330633924	hg38.gc5Base.bw	0	100	1024	40100	2064400
585	3	4100880	4106000	chr3.323535	5	1024	330685124	hg38.gc5Base.bw	0	100	1024	38620	1939600
585	3	4351760	4356880	chr3.323584	5	1024	330735300	hg38.gc5Base.bw	0	100	1024	44360	2465600
585	3	4433680	4438800	chr3.323600	5	1024	330751684	hg38.gc5Base.bw	0	100	1024	36420	1767600
585	3	4674320	4679440	chr3.323647	5	1024	330799812	hg38.gc5Base.bw	0	100	1024	43340	2333200
585	3	4694800	4699920	chr3.323651	5	1024	330803908	hg38.gc5Base.bw	0	100	1024	40080	2028000
585	3	4945680	4950800	chr3.323700	5	1024	330854084	hg38.gc5Base.bw	0	100	1024	45080	2504000
585	3	5083920	5089040	chr3.323727	5	1024	330881732	hg38.gc5Base.bw	0	100	1024	41700	2290800
585	3	5298960	5304080	chr3.323769	5	1024	330924740	hg38.gc5Base.bw	0	100	1024	44740	2442000
585	3	5647120	5652240	chr3.323837	5	1024	330994372	hg38.gc5Base.bw	0	100	1024	37980	1893200
585	3	5713680	5718800	chr3.323850	5	1024	331007684	hg38.gc5Base.bw	0	100	1024	41700	2179600
585	3	5995280	6000400	chr3.323905	5	1024	331064004	hg38.gc5Base.bw	0	100	1024	40660	2127600
585	3	6036240	6041360	chr3.323913	5	1024	331072196	hg38.gc5Base.bw	0	100	1024	42040	2171200
585	3	6087440	6092560	chr3.323923	5	1024	331082436	hg38.gc5Base.bw	0	100	1024	38860	1950800
585	3	6348560	6353680	chr3.323974	5	1024	331134660	hg38.gc5Base.bw	0	100	1024	37120	1813600
585	3	7249680	7254800	chr3.324150	5	1024	331314884	hg38.gc5Base.bw	0	100	1024	41320	2175200
585	3	7649040	7654160	chr3.324228	5	1024	331394756	hg38.gc5Base.bw	0	100	1024	43040	2316800
585	3	7858960	7864080	chr3.324269	5	1024	331436740	hg38.gc5Base.bw	0	100	1024	42000	2202400
585	3	8084240	8089360	chr3.324313	5	1024	331481796	hg38.gc5Base.bw	0	100	1024	37080	1767200
585	3	8155920	8161040	chr3.324327	5	1024	331496132	hg38.gc5Base.bw	0	100	1024	42300	2255600
585	3	8381200	8386320	chr3.324371	5	1024	331541188	hg38.gc5Base.bw	0	100	1024	41760	2166400
585	3	8458000	8463120	chr3.324386	5	1024	331556548	hg38.gc5Base.bw	0	100	1024	43240	2263200
585	3	9031440	9036560	chr3.324498	5	1024	331671236	hg38.gc5Base.bw	0	100	1024	46200	2580000
585	3	9041680	9046800	chr3.324500	5	1024	331673284	hg38.gc5Base.bw	0	100	1024	45340	2525200
585	3	9113360	9118480	chr3.324514	5	1024	331687620	hg38.gc5Base.bw	0	100	1024	44920	2432000
585	3	9691920	9697040	chr3.324627	5	1024	331803332	hg38.gc5Base.bw	0	100	1024	50120	2904800
585	3	10219280	10224400	chr3.324730	5	1024	331908804	hg38.gc5Base.bw	0	100	1024	51980	3136400
585	3	10301200	10306320	chr3.324746	5	1024	331925188	hg38.gc5Base.bw	0	100	1024	50620	2966800
585	3	10413840	10418960	chr3.324768	5	1024	331947716	hg38.gc5Base.bw	0	100	1024	52700	3206800
585	3	10490640	10495760	chr3.324783	5	1024	331963076	hg38.gc5Base.bw	0	100	1024	51480	3089600
585	3	10628880	10634000	chr3.324810	5	1024	331990724	hg38.gc5Base.bw	0	100	1024	48380	2835600
585	3	10813200	10818320	chr3.324846	5	1024	332027588	hg38.gc5Base.bw	0	100	1024	53020	3348400
585	3	10854160	10859280	chr3.324854	5	1024	332035780	hg38.gc5Base.bw	0	100	1024	46780	2603600
585	3	10905360	10910480	chr3.324864	5	1024	332046020	hg38.gc5Base.bw	0	100	1024	42200	2192000
585	3	10930960	10936080	chr3.324869	5	1024	332051140	hg38.gc5Base.bw	0	100	1024	54180	3306000
585	3	11023120	11028240	chr3.324887	5	1024	332069572	hg38.gc5Base.bw	0	100	1024	48480	2784000
585	3	11632400	11637520	chr3.325006	5	1024	332191428	hg38.gc5Base.bw	0	100	1024	43220	2324400
585	3	11729680	11734800	chr3.325025	5	1024	332210884	hg38.gc5Base.bw	0	100	1024	49040	2875200
585	3	11734800	11739920	chr3.325026	5	1024	332211908	hg38.gc5Base.bw	0	100	1024	48080	2805600
585	3	12318480	12323600	chr3.325140	5	1024	332328644	hg38.gc5Base.bw	0	100	1024	37820	1902800
585	3	12405520	12410640	chr3.325157	5	1024	332346052	hg38.gc5Base.bw	0	100	1024	42860	2300400
585	3	12426000	12431120	chr3.325161	5	1024	332350148	hg38.gc5Base.bw	0	100	1024	45100	2480400
585	3	12630800	12635920	chr3.325201	5	1024	332391108	hg38.gc5Base.bw	0	100	1024	45340	2601200
585	3	12835600	12840720	chr3.325241	5	1024	332432068	hg38.gc5Base.bw	0	100	1024	47180	2618800
585	3	13081360	13086480	chr3.325289	5	1024	332481220	hg38.gc5Base.bw	0	100	1024	57100	3618800
585	3	13117200	13122320	chr3.325296	5	1024	332488388	hg38.gc5Base.bw	0	100	1024	52320	3199200
585	3	13322000	13327120	chr3.325336	5	1024	332529348	hg38.gc5Base.bw	0	100	1024	56880	3611200
585	3	13583120	13588240	chr3.325387	5	1024	332581572	hg38.gc5Base.bw	0	100	1024	51680	3166400
585	3	13690640	13695760	chr3.325408	5	1024	332603076	hg38.gc5Base.bw	0	100	1024	50940	2994800
585	3	13828880	13834000	chr3.325435	5	1024	332630724	hg38.gc5Base.bw	0	100	1024	56560	3514400
585	3	13869840	13874960	chr3.325443	5	1024	332638916	hg38.gc5Base.bw	0	100	1024	52540	3135600
585	3	14366480	14371600	chr3.325540	5	1024	332738244	hg38.gc5Base.bw	0	100	1024	55740	3490800
585	3	14458640	14463760	chr3.325558	5	1024	332756676	hg38.gc5Base.bw	0	100	1024	53620	3301200
585	3	14535440	14540560	chr3.325573	5	1024	332772036	hg38.gc5Base.bw	0	100	1024	57520	3652000
585	3	14596880	14602000	chr3.325585	5	1024	332784324	hg38.gc5Base.bw	0	100	1024	50620	2986000
585	3	14658320	14663440	chr3.325597	5	1024	332796612	hg38.gc5Base.bw	0	100	1024	44900	2471600
585	3	14776080	14781200	chr3.325620	5	1024	332820164	hg38.gc5Base.bw	0	100	1024	39960	2133600
585	3	15472400	15477520	chr3.325756	5	1024	332959428	hg38.gc5Base.bw	0	100	1024	46100	2600400
585	3	16511760	16516880	chr3.325959	5	1024	333167300	hg38.gc5Base.bw	0	100	1024	53900	3414800
585	3	16619280	16624400	chr3.325980	5	1024	333188804	hg38.gc5Base.bw	0	100	1024	36860	1843600
585	3	16906000	16911120	chr3.326036	5	1024	333246148	hg38.gc5Base.bw	0	100	1024	37540	1882000
585	3	16926480	16931600	chr3.326040	5	1024	333250244	hg38.gc5Base.bw	0	100	1024	42220	2210000
585	3	18155280	18160400	chr3.326280	5	1024	333496004	hg38.gc5Base.bw	0	100	1024	38320	1864000
585	3	20034320	20039440	chr3.326647	5	1024	333871812	hg38.gc5Base.bw	0	100	1024	39460	2042800
585	3	20054800	20059920	chr3.326651	5	1024	333875908	hg38.gc5Base.bw	0	100	1024	44840	2470400
585	3	20187920	20193040	chr3.326677	5	1024	333902532	hg38.gc5Base.bw	0	100	1024	38960	2010400
585	3	20264720	20269840	chr3.326692	5	1024	333917892	hg38.gc5Base.bw	0	100	1024	41820	2146000
585	3	20387600	20392720	chr3.326716	5	1024	333942468	hg38.gc5Base.bw	0	100	1024	38540	1902000
585	3	20638480	20643600	chr3.326765	5	1024	333992644	hg38.gc5Base.bw	0	100	1024	35420	1729200
585	3	21237520	21242640	chr3.326882	5	1024	334112452	hg38.gc5Base.bw	0	100	1024	37080	1804000
585	3	21416720	21421840	chr3.326917	5	1024	334148292	hg38.gc5Base.bw	0	100	1024	36940	1797200
585	3	21611280	21616400	chr3.326955	5	1024	334187204	hg38.gc5Base.bw	0	100	1024	39980	2088400
585	3	21867280	21872400	chr3.327005	5	1024	334238404	hg38.gc5Base.bw	0	100	1024	36480	1786400
585	3	22845200	22850320	chr3.327196	5	1024	334433988	hg38.gc5Base.bw	0	100	1024	38320	1872000
585	3	22886160	22891280	chr3.327204	5	1024	334442180	hg38.gc5Base.bw	0	100	1024	40000	2050400
585	3	22922000	22927120	chr3.327211	5	1024	334449348	hg38.gc5Base.bw	0	100	1024	33640	1618400
585	3	23101200	23106320	chr3.327246	5	1024	334485188	hg38.gc5Base.bw	0	100	1024	39280	2030400
585	3	23244560	23249680	chr3.327274	5	1024	334513860	hg38.gc5Base.bw	0	100	1024	38240	1988800
585	3	23638800	23643920	chr3.327351	5	1024	334592708	hg38.gc5Base.bw	0	100	1024	44960	2488800
585	3	23864080	23869200	chr3.327395	5	1024	334637764	hg38.gc5Base.bw	0	100	1024	41180	2139600
585	3	24063760	24068880	chr3.327434	5	1024	334677700	hg38.gc5Base.bw	0	100	1024	42060	2174000
585	3	24068880	24074000	chr3.327435	5	1024	334678724	hg38.gc5Base.bw	0	100	1024	38140	1904400
585	3	24196880	24202000	chr3.327460	5	1024	334704324	hg38.gc5Base.bw	0	100	1024	40020	2030800
585	3	24217360	24222480	chr3.327464	5	1024	334708420	hg38.gc5Base.bw	0	100	1024	43100	2295600
585	3	24432400	24437520	chr3.327506	5	1024	334751428	hg38.gc5Base.bw	0	100	1024	40600	2069600
585	3	24703760	24708880	chr3.327559	5	1024	334805700	hg38.gc5Base.bw	0	100	1024	38820	1922000
585	3	24842000	24847120	chr3.327586	5	1024	334833348	hg38.gc5Base.bw	0	100	1024	41260	2140400
585	3	24877840	24882960	chr3.327593	5	1024	334840516	hg38.gc5Base.bw	0	100	1024	38320	1952000
585	3	25010960	25016080	chr3.327619	5	1024	334867140	hg38.gc5Base.bw	0	100	1024	39320	1919200
585	3	25732880	25738000	chr3.327760	5	1024	335011524	hg38.gc5Base.bw	0	100	1024	36900	1850000
585	3	26301200	26306320	chr3.327871	5	1024	335125188	hg38.gc5Base.bw	0	100	1024	38260	1912400
585	3	26485520	26490640	chr3.327907	5	1024	335162052	hg38.gc5Base.bw	0	100	1024	37560	1902400
585	3	26511120	26516240	chr3.327912	5	1024	335167172	hg38.gc5Base.bw	0	100	1024	37500	1838800
585	3	26557200	26562320	chr3.327921	5	1024	335176388	hg38.gc5Base.bw	0	100	1024	36940	1790800
585	3	27110160	27115280	chr3.328029	5	1024	335286980	hg38.gc5Base.bw	0	100	1024	36880	1818400
585	3	27212560	27217680	chr3.328049	5	1024	335307460	hg38.gc5Base.bw	0	100	1024	40240	2074400
585	3	27402000	27407120	chr3.328086	5	1024	335345348	hg38.gc5Base.bw	0	100	1024	36620	1815600
585	3	27432720	27437840	chr3.328092	5	1024	335351492	hg38.gc5Base.bw	0	100	1024	36640	1793600
585	3	27965200	27970320	chr3.328196	5	1024	335457988	hg38.gc5Base.bw	0	100	1024	40960	2134400
585	3	27980560	27985680	chr3.328199	5	1024	335461060	hg38.gc5Base.bw	0	100	1024	38440	1887200
585	3	28154640	28159760	chr3.328233	5	1024	335495876	hg38.gc5Base.bw	0	100	1024	36380	1774000
585	3	28835600	28840720	chr3.328366	5	1024	335632068	hg38.gc5Base.bw	0	100	1024	43400	2284000
585	3	29096720	29101840	chr3.328417	5	1024	335684292	hg38.gc5Base.bw	0	100	1024	40860	2104400
585	3	29142800	29147920	chr3.328426	5	1024	335693508	hg38.gc5Base.bw	0	100	1024	39600	2034400
585	3	29275920	29281040	chr3.328452	5	1024	335720132	hg38.gc5Base.bw	0	100	1024	41520	2208000
585	3	29337360	29342480	chr3.328464	5	1024	335732420	hg38.gc5Base.bw	0	100	1024	37320	1844000
585	3	29383440	29388560	chr3.328473	5	1024	335741636	hg38.gc5Base.bw	0	100	1024	39820	2030000
585	3	29434640	29439760	chr3.328483	5	1024	335751876	hg38.gc5Base.bw	0	100	1024	37280	1844800
585	3	29706000	29711120	chr3.328536	5	1024	335806148	hg38.gc5Base.bw	0	100	1024	38360	1907200
585	3	29839120	29844240	chr3.328562	5	1024	335832772	hg38.gc5Base.bw	0	100	1024	33180	1510800
585	3	30069520	30074640	chr3.328607	5	1024	335878852	hg38.gc5Base.bw	0	100	1024	37680	1897600
585	3	30489360	30494480	chr3.328689	5	1024	335962820	hg38.gc5Base.bw	0	100	1024	38120	1889600
585	3	30770960	30776080	chr3.328744	5	1024	336019140	hg38.gc5Base.bw	0	100	1024	37920	1860000
585	3	31026960	31032080	chr3.328794	5	1024	336070340	hg38.gc5Base.bw	0	100	1024	40180	2074800
585	3	31134480	31139600	chr3.328815	5	1024	336091844	hg38.gc5Base.bw	0	100	1024	38720	1931200
585	3	31308560	31313680	chr3.328849	5	1024	336126660	hg38.gc5Base.bw	0	100	1024	41660	2196400
585	3	31774480	31779600	chr3.328940	5	1024	336219844	hg38.gc5Base.bw	0	100	1024	43540	2342000
585	3	32173840	32178960	chr3.329018	5	1024	336299716	hg38.gc5Base.bw	0	100	1024	41460	2193200
585	3	32332560	32337680	chr3.329049	5	1024	336331460	hg38.gc5Base.bw	0	100	1024	47900	2734000
585	3	32363280	32368400	chr3.329055	5	1024	336337604	hg38.gc5Base.bw	0	100	1024	49000	2847200
585	3	32419600	32424720	chr3.329066	5	1024	336348868	hg38.gc5Base.bw	0	100	1024	48340	2762800
585	3	32481040	32486160	chr3.329078	5	1024	336361156	hg38.gc5Base.bw	0	100	1024	35960	1788800
585	3	32491280	32496400	chr3.329080	5	1024	336363204	hg38.gc5Base.bw	0	100	1024	40200	2044000
585	3	32501520	32506640	chr3.329082	5	1024	336365252	hg38.gc5Base.bw	0	100	1024	45720	2622400
585	3	32982800	32987920	chr3.329176	5	1024	336461508	hg38.gc5Base.bw	0	100	1024	44020	2440400
585	3	33796880	33802000	chr3.329335	5	1024	336624324	hg38.gc5Base.bw	0	100	1024	43800	2500000
585	3	33868560	33873680	chr3.329349	5	1024	336638660	hg38.gc5Base.bw	0	100	1024	40020	2098000
585	3	33970960	33976080	chr3.329369	5	1024	336659140	hg38.gc5Base.bw	0	100	1024	41020	2130000
585	3	34001680	34006800	chr3.329375	5	1024	336665284	hg38.gc5Base.bw	0	100	1024	45160	2418400
585	3	34994960	35000080	chr3.329569	5	1024	336863940	hg38.gc5Base.bw	0	80	1024	34700	1610800
585	3	35506960	35512080	chr3.329669	5	1024	336966340	hg38.gc5Base.bw	0	80	1024	34300	1597200
585	3	35803920	35809040	chr3.329727	5	1024	337025732	hg38.gc5Base.bw	0	100	1024	36900	1814000
585	3	36172560	36177680	chr3.329799	5	1024	337099460	hg38.gc5Base.bw	0	100	1024	42280	2227200
585	3	36541200	36546320	chr3.329871	5	1024	337173188	hg38.gc5Base.bw	0	100	1024	43580	2313200
585	3	37048080	37053200	chr3.329970	5	1024	337274564	hg38.gc5Base.bw	0	100	1024	44020	2380400
585	3	37606160	37611280	chr3.330079	5	1024	337386180	hg38.gc5Base.bw	0	100	1024	42940	2283600
585	3	38005520	38010640	chr3.330157	5	1024	337466052	hg38.gc5Base.bw	0	100	1024	61880	4122400
585	3	38159120	38164240	chr3.330187	5	1024	337496772	hg38.gc5Base.bw	0	100	1024	31360	1500800
585	3	38573840	38578960	chr3.330268	5	1024	337579716	hg38.gc5Base.bw	0	100	1024	56260	3490000
585	3	38722320	38727440	chr3.330297	5	1024	337609412	hg38.gc5Base.bw	0	100	1024	51300	3069200
585	3	38840080	38845200	chr3.330320	5	1024	337632964	hg38.gc5Base.bw	0	100	1024	42320	2237600
585	3	38952720	38957840	chr3.330342	5	1024	337655492	hg38.gc5Base.bw	0	100	1024	41480	2218400
585	3	39270160	39275280	chr3.330404	5	1024	337718980	hg38.gc5Base.bw	0	100	1024	44420	2435600
585	3	39316240	39321360	chr3.330413	5	1024	337728196	hg38.gc5Base.bw	0	100	1024	35760	1722400
585	3	39459600	39464720	chr3.330441	5	1024	337756868	hg38.gc5Base.bw	0	100	1024	39400	2037600
585	3	39490320	39495440	chr3.330447	5	1024	337763012	hg38.gc5Base.bw	0	100	1024	40540	2074800
585	3	39649040	39654160	chr3.330478	5	1024	337794756	hg38.gc5Base.bw	0	100	1024	43820	2426800
585	3	40417040	40422160	chr3.330628	5	1024	337948356	hg38.gc5Base.bw	0	100	1024	39340	2044400
585	3	40867600	40872720	chr3.330716	5	1024	338038468	hg38.gc5Base.bw	0	100	1024	48240	2744800
585	3	40877840	40882960	chr3.330718	5	1024	338040516	hg38.gc5Base.bw	0	100	1024	43020	2273200
585	3	40908560	40913680	chr3.330724	5	1024	338046660	hg38.gc5Base.bw	0	100	1024	44180	2403600
585	3	41282320	41287440	chr3.330797	5	1024	338121412	hg38.gc5Base.bw	0	100	1024	40820	2066000
585	3	41430800	41435920	chr3.330826	5	1024	338151108	hg38.gc5Base.bw	0	100	1024	38380	1990000
585	3	41630480	41635600	chr3.330865	5	1024	338191044	hg38.gc5Base.bw	0	100	1024	39980	2043600
585	3	41671440	41676560	chr3.330873	5	1024	338199236	hg38.gc5Base.bw	0	100	1024	39160	1976800
585	3	41789200	41794320	chr3.330896	5	1024	338222788	hg38.gc5Base.bw	0	100	1024	37480	1870400
585	3	42383120	42388240	chr3.331012	5	1024	338341572	hg38.gc5Base.bw	0	100	1024	42140	2230800
585	3	42454800	42459920	chr3.331026	5	1024	338355908	hg38.gc5Base.bw	0	100	1024	38260	1882000
585	3	42582800	42587920	chr3.331051	5	1024	338381508	hg38.gc5Base.bw	0	100	1024	47620	2679600
585	3	43601680	43606800	chr3.331250	5	1024	338585284	hg38.gc5Base.bw	0	100	1024	39000	1946400
585	3	44001040	44006160	chr3.331328	5	1024	338665156	hg38.gc5Base.bw	0	100	1024	37840	1872000
585	3	44241680	44246800	chr3.331375	5	1024	338713284	hg38.gc5Base.bw	0	100	1024	41400	2268000
585	3	44405520	44410640	chr3.331407	5	1024	338746052	hg38.gc5Base.bw	0	100	1024	42900	2350800
585	3	44866320	44871440	chr3.331497	5	1024	338838212	hg38.gc5Base.bw	0	100	1024	44520	2450400
585	3	44922640	44927760	chr3.331508	5	1024	338849476	hg38.gc5Base.bw	0	100	1024	47980	2786800
585	3	44948240	44953360	chr3.331513	5	1024	338854596	hg38.gc5Base.bw	0	100	1024	47360	2680000
585	3	45168400	45173520	chr3.331556	5	1024	338898628	hg38.gc5Base.bw	0	100	1024	50000	2912000
585	3	45188880	45194000	chr3.331560	5	1024	338902724	hg38.gc5Base.bw	0	100	1024	48280	2740000
585	3	45255440	45260560	chr3.331573	5	1024	338916036	hg38.gc5Base.bw	0	100	1024	47420	2672400
585	3	45782800	45787920	chr3.331676	5	1024	339021508	hg38.gc5Base.bw	0	100	1024	46720	2600000
585	3	46622480	46627600	chr3.331840	5	1024	339189444	hg38.gc5Base.bw	0	100	1024	39620	2047600
585	3	46704400	46709520	chr3.331856	5	1024	339205828	hg38.gc5Base.bw	0	100	1024	60000	3899200
585	3	47083280	47088400	chr3.331930	5	1024	339281604	hg38.gc5Base.bw	0	100	1024	40000	2092000
585	3	47272720	47277840	chr3.331967	5	1024	339319492	hg38.gc5Base.bw	0	100	1024	46060	2580400
585	3	48219920	48225040	chr3.332152	5	1024	339508932	hg38.gc5Base.bw	0	100	1024	57360	3609600
585	3	49008400	49013520	chr3.332306	5	1024	339666628	hg38.gc5Base.bw	0	100	1024	54620	3408400
585	3	50442000	50447120	chr3.332586	5	1024	339953348	hg38.gc5Base.bw	0	100	1024	56680	3534400
585	3	50482960	50488080	chr3.332594	5	1024	339961540	hg38.gc5Base.bw	0	100	1024	57600	3636000
585	3	51937040	51942160	chr3.332878	5	1024	340252356	hg38.gc5Base.bw	0	100	1024	55040	3433600
585	3	51942160	51947280	chr3.332879	5	1024	340253380	hg38.gc5Base.bw	0	100	1024	62060	4145200
585	3	52684560	52689680	chr3.333024	5	1024	340401860	hg38.gc5Base.bw	0	100	1024	46140	2670000
585	3	52817680	52822800	chr3.333050	5	1024	340428484	hg38.gc5Base.bw	0	100	1024	57560	3673600
585	3	53227280	53232400	chr3.333130	5	1024	340510404	hg38.gc5Base.bw	0	100	1024	58580	3782000
585	3	53457680	53462800	chr3.333175	5	1024	340556484	hg38.gc5Base.bw	0	100	1024	40880	2092000
585	3	53795600	53800720	chr3.333241	5	1024	340624068	hg38.gc5Base.bw	0	100	1024	47880	2720000
585	3	53979920	53985040	chr3.333277	5	1024	340660932	hg38.gc5Base.bw	0	100	1024	41220	2178000
585	3	54143760	54148880	chr3.333309	5	1024	340693700	hg38.gc5Base.bw	0	100	1024	47920	2748000
585	3	54184720	54189840	chr3.333317	5	1024	340701892	hg38.gc5Base.bw	0	100	1024	45240	2478400
585	3	54435600	54440720	chr3.333366	5	1024	340752068	hg38.gc5Base.bw	0	100	1024	41760	2186400
585	3	54850320	54855440	chr3.333447	5	1024	340835012	hg38.gc5Base.bw	0	100	1024	48120	2760000
585	3	54973200	54978320	chr3.333471	5	1024	340859588	hg38.gc5Base.bw	0	100	1024	43420	2316400
585	3	55055120	55060240	chr3.333487	5	1024	340875972	hg38.gc5Base.bw	0	100	1024	38820	1955600
585	3	55121680	55126800	chr3.333500	5	1024	340889284	hg38.gc5Base.bw	0	100	1024	41540	2206000
585	3	55510800	55515920	chr3.333576	5	1024	340967108	hg38.gc5Base.bw	0	100	1024	44240	2430400
585	3	56068880	56074000	chr3.333685	5	1024	341078724	hg38.gc5Base.bw	0	100	1024	40660	2102800
585	3	56186640	56191760	chr3.333708	5	1024	341102276	hg38.gc5Base.bw	0	100	1024	48580	2758000
585	3	56724240	56729360	chr3.333813	5	1024	341209796	hg38.gc5Base.bw	0	100	1024	42160	2226400
585	3	56954640	56959760	chr3.333858	5	1024	341255876	hg38.gc5Base.bw	0	100	1024	44940	2451600
585	3	57092880	57098000	chr3.333885	5	1024	341283524	hg38.gc5Base.bw	0	100	1024	46880	2641600
585	3	57098000	57103120	chr3.333886	5	1024	341284548	hg38.gc5Base.bw	0	100	1024	46500	2611600
585	3	57548560	57553680	chr3.333974	5	1024	341374660	hg38.gc5Base.bw	0	100	1024	44560	2587200
585	3	58040080	58045200	chr3.334070	5	1024	341472964	hg38.gc5Base.bw	0	100	1024	49240	2862400
585	3	58234640	58239760	chr3.334108	5	1024	341511876	hg38.gc5Base.bw	0	100	1024	54860	3582000
585	3	58290960	58296080	chr3.334119	5	1024	341523140	hg38.gc5Base.bw	0	100	1024	49680	2950400
585	3	58347280	58352400	chr3.334130	5	1024	341534404	hg38.gc5Base.bw	0	100	1024	44660	2459600
585	3	58598160	58603280	chr3.334179	5	1024	341584580	hg38.gc5Base.bw	0	100	1024	43940	2431600
585	3	58756880	58762000	chr3.334210	5	1024	341616324	hg38.gc5Base.bw	0	100	1024	38360	1864000
585	3	59197200	59202320	chr3.334296	5	1024	341704388	hg38.gc5Base.bw	0	100	1024	35020	1717200
585	3	59258640	59263760	chr3.334308	5	1024	341716676	hg38.gc5Base.bw	0	100	1024	40380	2082000
585	3	59519760	59524880	chr3.334359	5	1024	341768900	hg38.gc5Base.bw	0	100	1024	42980	2245200
585	3	59591440	59596560	chr3.334373	5	1024	341783236	hg38.gc5Base.bw	0	100	1024	40540	2088400
585	3	59601680	59606800	chr3.334375	5	1024	341785284	hg38.gc5Base.bw	0	100	1024	42800	2296800
585	3	59765520	59770640	chr3.334407	5	1024	341818052	hg38.gc5Base.bw	0	100	1024	42060	2206000
585	3	59780880	59786000	chr3.334410	5	1024	341821124	hg38.gc5Base.bw	0	100	1024	44880	2432800
585	3	60584720	60589840	chr3.334567	5	1024	341981892	hg38.gc5Base.bw	0	100	1024	39120	1968000
585	3	60763920	60769040	chr3.334602	5	1024	342017732	hg38.gc5Base.bw	0	100	1024	41220	2138800
585	3	61291280	61296400	chr3.334705	5	1024	342123204	hg38.gc5Base.bw	0	100	1024	41440	2202400
585	3	61706000	61711120	chr3.334786	5	1024	342206148	hg38.gc5Base.bw	0	100	1024	42860	2374800
585	3	61798160	61803280	chr3.334804	5	1024	342224580	hg38.gc5Base.bw	0	100	1024	43180	2326800
585	3	61803280	61808400	chr3.334805	5	1024	342225604	hg38.gc5Base.bw	0	100	1024	39400	1992800
585	3	62002960	62008080	chr3.334844	5	1024	342265540	hg38.gc5Base.bw	0	100	1024	40960	2084000
585	3	62043920	62049040	chr3.334852	5	1024	342273732	hg38.gc5Base.bw	0	100	1024	41140	2134800
585	3	62463760	62468880	chr3.334934	5	1024	342357700	hg38.gc5Base.bw	0	100	1024	37900	1863600
585	3	62745360	62750480	chr3.334989	5	1024	342414020	hg38.gc5Base.bw	0	100	1024	42060	2218000
585	3	62811920	62817040	chr3.335002	5	1024	342427332	hg38.gc5Base.bw	0	100	1024	36340	1763600
585	3	62873360	62878480	chr3.335014	5	1024	342439620	hg38.gc5Base.bw	0	100	1024	52300	3356400
585	3	63016720	63021840	chr3.335042	5	1024	342468292	hg38.gc5Base.bw	0	100	1024	39560	1986400
585	3	63098640	63103760	chr3.335058	5	1024	342484676	hg38.gc5Base.bw	0	100	1024	38000	1855200
585	3	63272720	63277840	chr3.335092	5	1024	342519492	hg38.gc5Base.bw	0	100	1024	39120	1952800
585	3	63349520	63354640	chr3.335107	5	1024	342534852	hg38.gc5Base.bw	0	100	1024	41520	2133600
585	3	63626000	63631120	chr3.335161	5	1024	342590148	hg38.gc5Base.bw	0	100	1024	41480	2154400
585	3	63687440	63692560	chr3.335173	5	1024	342602436	hg38.gc5Base.bw	0	100	1024	39400	1988000
585	3	64634640	64639760	chr3.335358	5	1024	342791876	hg38.gc5Base.bw	0	100	1024	38980	1966000
585	3	64644880	64650000	chr3.335360	5	1024	342793924	hg38.gc5Base.bw	0	100	1024	38740	1916400
585	3	64706320	64711440	chr3.335372	5	1024	342806212	hg38.gc5Base.bw	0	100	1024	39220	1970000
585	3	64818960	64824080	chr3.335394	5	1024	342828740	hg38.gc5Base.bw	0	100	1024	37900	1875600
585	3	64921360	64926480	chr3.335414	5	1024	342849220	hg38.gc5Base.bw	0	100	1024	43260	2298800
585	3	65080080	65085200	chr3.335445	5	1024	342880964	hg38.gc5Base.bw	0	100	1024	40680	2070400
585	3	65162000	65167120	chr3.335461	5	1024	342897348	hg38.gc5Base.bw	0	100	1024	36620	1750800
585	3	65167120	65172240	chr3.335462	5	1024	342898372	hg38.gc5Base.bw	0	100	1024	42440	2248800
585	3	65243920	65249040	chr3.335477	5	1024	342913732	hg38.gc5Base.bw	0	100	1024	41080	2133600
585	3	65264400	65269520	chr3.335481	5	1024	342917828	hg38.gc5Base.bw	0	100	1024	41460	2160400
585	3	65284880	65290000	chr3.335485	5	1024	342921924	hg38.gc5Base.bw	0	100	1024	42620	2231600
585	3	65320720	65325840	chr3.335492	5	1024	342929092	hg38.gc5Base.bw	0	100	1024	43340	2306000
585	3	65776400	65781520	chr3.335581	5	1024	343020228	hg38.gc5Base.bw	0	100	1024	41640	2215200
585	3	65965840	65970960	chr3.335618	5	1024	343058116	hg38.gc5Base.bw	0	100	1024	41800	2191200
585	3	65976080	65981200	chr3.335620	5	1024	343060164	hg38.gc5Base.bw	0	100	1024	45640	2539200
585	3	66134800	66139920	chr3.335651	5	1024	343091908	hg38.gc5Base.bw	0	100	1024	40220	2102000
585	3	66436880	66442000	chr3.335710	5	1024	343152324	hg38.gc5Base.bw	0	100	1024	50040	2931200
585	3	66452240	66457360	chr3.335713	5	1024	343155396	hg38.gc5Base.bw	0	100	1024	46280	2604800
585	3	66636560	66641680	chr3.335749	5	1024	343192260	hg38.gc5Base.bw	0	100	1024	38380	1952400
585	3	66723600	66728720	chr3.335766	5	1024	343209668	hg38.gc5Base.bw	0	100	1024	34860	1788400
585	3	66846480	66851600	chr3.335790	5	1024	343234244	hg38.gc5Base.bw	0	100	1024	38560	1927200
585	3	66959120	66964240	chr3.335812	5	1024	343256772	hg38.gc5Base.bw	0	100	1024	36720	1784000
585	3	67271440	67276560	chr3.335873	5	1024	343319236	hg38.gc5Base.bw	0	100	1024	41120	2149600
585	3	67399440	67404560	chr3.335898	5	1024	343344836	hg38.gc5Base.bw	0	100	1024	38600	1932800
585	3	67701520	67706640	chr3.335957	5	1024	343405252	hg38.gc5Base.bw	0	100	1024	40680	2132800
585	3	68070160	68075280	chr3.336029	5	1024	343478980	hg38.gc5Base.bw	0	100	1024	43400	2304000
585	3	68418320	68423440	chr3.336097	5	1024	343548612	hg38.gc5Base.bw	0	100	1024	38520	1928800
585	3	68551440	68556560	chr3.336123	5	1024	343575236	hg38.gc5Base.bw	0	100	1024	36880	1780800
585	3	68756240	68761360	chr3.336163	5	1024	343616196	hg38.gc5Base.bw	0	100	1024	39840	2016800
585	3	69078800	69083920	chr3.336226	5	1024	343680708	hg38.gc5Base.bw	0	100	1024	44220	2546800
585	3	69145360	69150480	chr3.336239	5	1024	343694020	hg38.gc5Base.bw	0	100	1024	39320	2002400
585	3	69549840	69554960	chr3.336318	5	1024	343774916	hg38.gc5Base.bw	0	100	1024	39260	2001200
585	3	69642000	69647120	chr3.336336	5	1024	343793348	hg38.gc5Base.bw	0	100	1024	40100	2082800
585	3	69795600	69800720	chr3.336366	5	1024	343824068	hg38.gc5Base.bw	0	100	1024	39520	2072000
585	3	70384400	70389520	chr3.336481	5	1024	343941828	hg38.gc5Base.bw	0	100	1024	37640	1865600
585	3	70543120	70548240	chr3.336512	5	1024	343973572	hg38.gc5Base.bw	0	100	1024	40680	2116000
585	3	70834960	70840080	chr3.336569	5	1024	344031940	hg38.gc5Base.bw	0	100	1024	41480	2154400
585	3	70916880	70922000	chr3.336585	5	1024	344048324	hg38.gc5Base.bw	0	100	1024	40780	2138000
585	3	71403280	71408400	chr3.336680	5	1024	344145604	hg38.gc5Base.bw	0	100	1024	44540	2470800
585	3	71828240	71833360	chr3.336763	5	1024	344230596	hg38.gc5Base.bw	0	100	1024	38760	1927200
585	3	71935760	71940880	chr3.336784	5	1024	344252100	hg38.gc5Base.bw	0	100	1024	47800	2695200
585	3	72621840	72626960	chr3.336918	5	1024	344389316	hg38.gc5Base.bw	0	100	1024	46220	2593200
585	3	73103120	73108240	chr3.337012	5	1024	344485572	hg38.gc5Base.bw	0	100	1024	48620	2839600
585	3	73348880	73354000	chr3.337060	5	1024	344534724	hg38.gc5Base.bw	0	100	1024	47700	2727600
585	3	73558800	73563920	chr3.337101	5	1024	344576708	hg38.gc5Base.bw	0	100	1024	41000	2126400
585	3	73615120	73620240	chr3.337112	5	1024	344587972	hg38.gc5Base.bw	0	100	1024	43460	2338000
585	3	73789200	73794320	chr3.337146	5	1024	344622788	hg38.gc5Base.bw	0	100	1024	38160	1917600
585	3	73876240	73881360	chr3.337163	5	1024	344640196	hg38.gc5Base.bw	0	100	1024	40900	2139600
585	3	74326800	74331920	chr3.337251	5	1024	344730308	hg38.gc5Base.bw	0	100	1024	36080	1743200
585	3	74562320	74567440	chr3.337297	5	1024	344777412	hg38.gc5Base.bw	0	100	1024	43520	2307200
585	3	74577680	74582800	chr3.337300	5	1024	344780484	hg38.gc5Base.bw	0	100	1024	33840	1571200
585	3	75294480	75299600	chr3.337440	5	1024	344923844	hg38.gc5Base.bw	0	100	1024	42180	2220400
585	3	75330320	75335440	chr3.337447	5	1024	344931012	hg38.gc5Base.bw	0	100	1024	51840	3084000
585	3	75811600	75816720	chr3.337541	5	1024	345027268	hg38.gc5Base.bw	0	100	1024	38020	1862000
585	3	76426000	76431120	chr3.337661	5	1024	345150148	hg38.gc5Base.bw	0	100	1024	35420	1682000
585	3	77101840	77106960	chr3.337793	5	1024	345285316	hg38.gc5Base.bw	0	100	1024	37260	1842000
585	3	77245200	77250320	chr3.337821	5	1024	345313988	hg38.gc5Base.bw	0	100	1024	40560	2148000
585	3	77542160	77547280	chr3.337879	5	1024	345373380	hg38.gc5Base.bw	0	100	1024	35020	1655600
585	3	77552400	77557520	chr3.337881	5	1024	345375428	hg38.gc5Base.bw	0	80	1024	34060	1541200
585	3	77572880	77578000	chr3.337885	5	1024	345379524	hg38.gc5Base.bw	0	100	1024	35640	1680800
585	3	77618960	77624080	chr3.337894	5	1024	345388740	hg38.gc5Base.bw	0	100	1024	38740	1941200
585	3	77695760	77700880	chr3.337909	5	1024	345404100	hg38.gc5Base.bw	0	100	1024	39960	2040000
585	3	78509840	78514960	chr3.338068	5	1024	345566916	hg38.gc5Base.bw	0	100	1024	37520	1836800
585	3	78642960	78648080	chr3.338094	5	1024	345593540	hg38.gc5Base.bw	0	100	1024	36160	1722400
585	3	79661840	79666960	chr3.338293	5	1024	345797316	hg38.gc5Base.bw	0	100	1024	34280	1633600
585	3	79794960	79800080	chr3.338319	5	1024	345823940	hg38.gc5Base.bw	0	100	1024	35560	1727200
585	3	79902480	79907600	chr3.338340	5	1024	345845444	hg38.gc5Base.bw	0	100	1024	31960	1456800
585	3	80107280	80112400	chr3.338380	5	1024	345886404	hg38.gc5Base.bw	0	100	1024	33200	1558400
585	3	80271120	80276240	chr3.338412	5	1024	345919172	hg38.gc5Base.bw	0	100	1024	32400	1449600
585	3	80619280	80624400	chr3.338480	5	1024	345988804	hg38.gc5Base.bw	0	100	1024	37060	1894000
585	3	81156880	81162000	chr3.338585	5	1024	346096324	hg38.gc5Base.bw	0	100	1024	36340	1751600
585	3	81377040	81382160	chr3.338628	5	1024	346140356	hg38.gc5Base.bw	0	100	1024	40300	2077200
585	3	81412880	81418000	chr3.338635	5	1024	346147524	hg38.gc5Base.bw	0	100	1024	37780	1918000
585	3	81648400	81653520	chr3.338681	5	1024	346194628	hg38.gc5Base.bw	0	100	1024	36280	1759200
585	3	82513680	82518800	chr3.338850	5	1024	346367684	hg38.gc5Base.bw	0	100	1024	38020	1861200
585	3	82994960	83000080	chr3.338944	5	1024	346463940	hg38.gc5Base.bw	0	80	1024	35620	1685200
585	3	84305680	84310800	chr3.339200	5	1024	346726084	hg38.gc5Base.bw	0	100	1024	31980	1442000
585	3	85309200	85314320	chr3.339396	5	1024	346926788	hg38.gc5Base.bw	0	100	1024	37260	1862800
585	3	85355280	85360400	chr3.339405	5	1024	346936004	hg38.gc5Base.bw	0	100	1024	34180	1579600
585	3	85432080	85437200	chr3.339420	5	1024	346951364	hg38.gc5Base.bw	0	100	1024	34560	1601600
585	3	85800720	85805840	chr3.339492	5	1024	347025092	hg38.gc5Base.bw	0	100	1024	33420	1570000
585	3	86502160	86507280	chr3.339629	5	1024	347165380	hg38.gc5Base.bw	0	100	1024	36220	1722800
585	3	87034640	87039760	chr3.339733	5	1024	347271876	hg38.gc5Base.bw	0	100	1024	44840	2434400
585	3	87556880	87562000	chr3.339835	5	1024	347376324	hg38.gc5Base.bw	0	100	1024	35660	1726000
585	3	88427280	88432400	chr3.340005	5	1024	347550404	hg38.gc5Base.bw	0	100	1024	39020	2043600
585	3	88432400	88437520	chr3.340006	5	1024	347551428	hg38.gc5Base.bw	0	100	1024	33580	1561200
585	3	88734480	88739600	chr3.340065	5	1024	347611844	hg38.gc5Base.bw	0	100	1024	40220	2068400
585	3	88821520	88826640	chr3.340082	5	1024	347629252	hg38.gc5Base.bw	0	100	1024	36200	1732000
585	3	89026320	89031440	chr3.340122	5	1024	347670212	hg38.gc5Base.bw	0	100	1024	33920	1608000
585	3	89604880	89610000	chr3.340235	5	1024	347785924	hg38.gc5Base.bw	0	100	1024	35680	1708800
585	3	93826215	93831335	chr3.341052	5	1024	348605124	hg38.gc5Base.bw	0	80	1024	33360	1526400
585	3	94112935	94118055	chr3.341108	5	1024	348662468	hg38.gc5Base.bw	0	100	1024	36600	1798400
585	3	94251175	94256295	chr3.341135	5	1024	348690116	hg38.gc5Base.bw	0	100	1024	37180	1814000
585	3	95828135	95833255	chr3.341443	5	1024	349005508	hg38.gc5Base.bw	0	100	1024	35660	1738000
585	3	97671335	97676455	chr3.341803	5	1024	349374148	hg38.gc5Base.bw	0	100	1024	38020	1870000
585	3	97804455	97809575	chr3.341829	5	1024	349400772	hg38.gc5Base.bw	0	100	1024	33200	1527200
585	3	97937575	97942695	chr3.341855	5	1024	349427396	hg38.gc5Base.bw	0	100	1024	37360	1821600
585	3	98004135	98009255	chr3.341868	5	1024	349440708	hg38.gc5Base.bw	0	100	1024	37780	1869200
585	3	98316455	98321575	chr3.341929	5	1024	349503172	hg38.gc5Base.bw	0	100	1024	40580	2057200
585	3	98659495	98664615	chr3.341996	5	1024	349571780	hg38.gc5Base.bw	0	100	1024	37180	1842000
585	3	98767015	98772135	chr3.342017	5	1024	349593284	hg38.gc5Base.bw	0	100	1024	36840	1806400
585	3	99069095	99074215	chr3.342076	5	1024	349653700	hg38.gc5Base.bw	0	100	1024	41640	2171200
585	3	99396775	99401895	chr3.342140	5	1024	349719236	hg38.gc5Base.bw	0	100	1024	39960	2048000
585	3	99693735	99698855	chr3.342198	5	1024	349778628	hg38.gc5Base.bw	0	100	1024	40680	2150400
585	3	101045415	101050535	chr3.342462	5	1024	350048964	hg38.gc5Base.bw	0	100	1024	40740	2132400
585	3	101163175	101168295	chr3.342485	5	1024	350072516	hg38.gc5Base.bw	0	100	1024	41240	2122400
585	3	101885095	101890215	chr3.342626	5	1024	350216900	hg38.gc5Base.bw	0	100	1024	43680	2360800
585	3	102095015	102100135	chr3.342667	5	1024	350258884	hg38.gc5Base.bw	0	100	1024	39500	2015600
585	3	102161575	102166695	chr3.342680	5	1024	350272196	hg38.gc5Base.bw	0	100	1024	38220	1950800
585	3	103216295	103221415	chr3.342886	5	1024	350483140	hg38.gc5Base.bw	0	100	1024	37720	1903200
585	3	103293095	103298215	chr3.342901	5	1024	350498500	hg38.gc5Base.bw	0	100	1024	35980	1770000
585	3	103702695	103707815	chr3.342981	5	1024	350580420	hg38.gc5Base.bw	0	100	1024	35340	1711600
585	3	103707815	103712935	chr3.342982	5	1024	350581444	hg38.gc5Base.bw	0	100	1024	34520	1604000
585	3	103861415	103866535	chr3.343012	5	1024	350612164	hg38.gc5Base.bw	0	100	1024	39020	1979600
585	3	104311975	104317095	chr3.343100	5	1024	350702276	hg38.gc5Base.bw	0	100	1024	32740	1526800
585	3	104383655	104388775	chr3.343114	5	1024	350716612	hg38.gc5Base.bw	0	100	1024	33080	1516000
585	3	104603815	104608935	chr3.343157	5	1024	350760644	hg38.gc5Base.bw	0	100	1024	36180	1728400
585	3	104829095	104834215	chr3.343201	5	1024	350805700	hg38.gc5Base.bw	0	100	1024	36120	1716000
585	3	105351335	105356455	chr3.343303	5	1024	350910148	hg38.gc5Base.bw	0	100	1024	41460	2170000
585	3	105463975	105469095	chr3.343325	5	1024	350932676	hg38.gc5Base.bw	0	100	1024	34100	1565200
585	3	105658535	105663655	chr3.343363	5	1024	350971588	hg38.gc5Base.bw	0	100	1024	38780	1926800
585	3	105714855	105719975	chr3.343374	5	1024	350982852	hg38.gc5Base.bw	0	100	1024	36360	1760000
585	3	106370215	106375335	chr3.343502	5	1024	351113924	hg38.gc5Base.bw	0	100	1024	37180	1815600
585	3	106411175	106416295	chr3.343510	5	1024	351122116	hg38.gc5Base.bw	0	100	1024	37900	1870000
585	3	106436775	106441895	chr3.343515	5	1024	351127236	hg38.gc5Base.bw	0	100	1024	35340	1714800
585	3	106467495	106472615	chr3.343521	5	1024	351133380	hg38.gc5Base.bw	0	100	1024	38840	1983200
585	3	107793575	107798695	chr3.343780	5	1024	351398596	hg38.gc5Base.bw	0	100	1024	38360	1896000
585	3	108418215	108423335	chr3.343902	5	1024	351523524	hg38.gc5Base.bw	0	100	1024	42520	2272800
585	3	109529255	109534375	chr3.344119	5	1024	351745732	hg38.gc5Base.bw	0	100	1024	42740	2324400
585	3	110056615	110061735	chr3.344222	5	1024	351851204	hg38.gc5Base.bw	0	100	1024	36180	1742800
585	3	110276775	110281895	chr3.344265	5	1024	351895236	hg38.gc5Base.bw	0	100	1024	31440	1392800
585	3	110537895	110543015	chr3.344316	5	1024	351947460	hg38.gc5Base.bw	0	100	1024	37920	1886400
585	3	110548135	110553255	chr3.344318	5	1024	351949508	hg38.gc5Base.bw	0	100	1024	34740	1626800
585	3	111275175	111280295	chr3.344460	5	1024	352094916	hg38.gc5Base.bw	0	100	1024	38720	1927200
585	3	111280295	111285415	chr3.344461	5	1024	352095940	hg38.gc5Base.bw	0	100	1024	40020	2022800
585	3	111648935	111654055	chr3.344533	5	1024	352169668	hg38.gc5Base.bw	0	100	1024	40540	2069200
585	3	112713895	112719015	chr3.344741	5	1024	352382660	hg38.gc5Base.bw	0	100	1024	41720	2236000
585	3	112795815	112800935	chr3.344757	5	1024	352399044	hg38.gc5Base.bw	0	100	1024	37540	1846800
585	3	113092775	113097895	chr3.344815	5	1024	352458436	hg38.gc5Base.bw	0	100	1024	40360	2128000
585	3	113149095	113154215	chr3.344826	5	1024	352469700	hg38.gc5Base.bw	0	100	1024	43440	2340800
585	3	113164455	113169575	chr3.344829	5	1024	352472772	hg38.gc5Base.bw	0	100	1024	43120	2333600
585	3	113256615	113261735	chr3.344847	5	1024	352491204	hg38.gc5Base.bw	0	100	1024	43140	2294800
585	3	113266855	113271975	chr3.344849	5	1024	352493252	hg38.gc5Base.bw	0	100	1024	52220	3098800
585	3	113399975	113405095	chr3.344875	5	1024	352519876	hg38.gc5Base.bw	0	100	1024	36480	1767200
585	3	113440935	113446055	chr3.344883	5	1024	352528068	hg38.gc5Base.bw	0	100	1024	39400	2060800
585	3	113876135	113881255	chr3.344968	5	1024	352615108	hg38.gc5Base.bw	0	100	1024	40560	2160000
585	3	114295975	114301095	chr3.345050	5	1024	352699076	hg38.gc5Base.bw	0	100	1024	43960	2369600
585	3	114639015	114644135	chr3.345117	5	1024	352767684	hg38.gc5Base.bw	0	100	1024	34080	1581600
585	3	114833575	114838695	chr3.345155	5	1024	352806596	hg38.gc5Base.bw	0	100	1024	37120	1806400
585	3	115099815	115104935	chr3.345207	5	1024	352859844	hg38.gc5Base.bw	0	100	1024	36780	1786800
585	3	115335335	115340455	chr3.345253	5	1024	352906948	hg38.gc5Base.bw	0	100	1024	37700	1849200
585	3	115396775	115401895	chr3.345265	5	1024	352919236	hg38.gc5Base.bw	0	100	1024	40420	2066000
585	3	115565735	115570855	chr3.345298	5	1024	352953028	hg38.gc5Base.bw	0	100	1024	38680	1969600
585	3	115959975	115965095	chr3.345375	5	1024	353031876	hg38.gc5Base.bw	0	100	1024	40040	2026400
585	3	116446375	116451495	chr3.345470	5	1024	353129156	hg38.gc5Base.bw	0	100	1024	37940	1896400
585	3	116599975	116605095	chr3.345500	5	1024	353159876	hg38.gc5Base.bw	0	100	1024	38240	1881600
585	3	118479015	118484135	chr3.345867	5	1024	353535684	hg38.gc5Base.bw	0	100	1024	35780	1730800
585	3	118791335	118796455	chr3.345928	5	1024	353598148	hg38.gc5Base.bw	0	100	1024	42320	2217600
585	3	119206055	119211175	chr3.346009	5	1024	353681092	hg38.gc5Base.bw	0	100	1024	46520	2626400
585	3	119375015	119380135	chr3.346042	5	1024	353714884	hg38.gc5Base.bw	0	100	1024	46160	2617600
585	3	119390375	119395495	chr3.346045	5	1024	353717956	hg38.gc5Base.bw	0	100	1024	45620	2537200
585	3	119764135	119769255	chr3.346118	5	1024	353792708	hg38.gc5Base.bw	0	100	1024	43060	2352400
585	3	119779495	119784615	chr3.346121	5	1024	353795780	hg38.gc5Base.bw	0	100	1024	44780	2444400
585	3	119830695	119835815	chr3.346131	5	1024	353806020	hg38.gc5Base.bw	0	100	1024	39320	2012800
585	3	120173735	120178855	chr3.346198	5	1024	353874628	hg38.gc5Base.bw	0	100	1024	47200	2652800
585	3	120194215	120199335	chr3.346202	5	1024	353878724	hg38.gc5Base.bw	0	100	1024	41880	2193600
585	3	121069735	121074855	chr3.346373	5	1024	354053828	hg38.gc5Base.bw	0	100	1024	45100	2476400
585	3	121433255	121438375	chr3.346444	5	1024	354126532	hg38.gc5Base.bw	0	100	1024	39620	2005200
585	3	121602215	121607335	chr3.346477	5	1024	354160324	hg38.gc5Base.bw	0	100	1024	43360	2319200
585	3	121832615	121837735	chr3.346522	5	1024	354206404	hg38.gc5Base.bw	0	100	1024	42080	2297600
585	3	121914535	121919655	chr3.346538	5	1024	354222788	hg38.gc5Base.bw	0	100	1024	42080	2273600
585	3	122109095	122114215	chr3.346576	5	1024	354261700	hg38.gc5Base.bw	0	80	1024	39140	1982000
585	3	122907815	122912935	chr3.346732	5	1024	354421444	hg38.gc5Base.bw	0	100	1024	56560	3612000
585	3	123225255	123230375	chr3.346794	5	1024	354484932	hg38.gc5Base.bw	0	100	1024	38300	1959600
585	3	123578535	123583655	chr3.346863	5	1024	354555588	hg38.gc5Base.bw	0	100	1024	40720	2170400
585	3	123670695	123675815	chr3.346881	5	1024	354574020	hg38.gc5Base.bw	0	100	1024	49320	2837600
585	3	123875495	123880615	chr3.346921	5	1024	354614980	hg38.gc5Base.bw	0	100	1024	43660	2378800
585	3	124617895	124623015	chr3.347066	5	1024	354763460	hg38.gc5Base.bw	0	100	1024	42800	2312800
585	3	124658855	124663975	chr3.347074	5	1024	354771652	hg38.gc5Base.bw	0	100	1024	44660	2454000
585	3	124832935	124838055	chr3.347108	5	1024	354806468	hg38.gc5Base.bw	0	100	1024	46740	2651600
585	3	125037735	125042855	chr3.347148	5	1024	354847428	hg38.gc5Base.bw	0	100	1024	46680	2634400
585	3	125078695	125083815	chr3.347156	5	1024	354855620	hg38.gc5Base.bw	0	100	1024	46560	2585600
585	3	125150375	125155495	chr3.347170	5	1024	354869956	hg38.gc5Base.bw	0	100	1024	44760	2478400
585	3	125165735	125170855	chr3.347173	5	1024	354873028	hg38.gc5Base.bw	0	100	1024	47080	2728000
585	3	125196455	125201575	chr3.347179	5	1024	354879172	hg38.gc5Base.bw	0	100	1024	43220	2373200
585	3	125657255	125662375	chr3.347269	5	1024	354971332	hg38.gc5Base.bw	0	100	1024	37960	1822400
585	3	125672615	125677735	chr3.347272	5	1024	354974404	hg38.gc5Base.bw	0	100	1024	41620	2218000
585	3	126025895	126031015	chr3.347341	5	1024	355045060	hg38.gc5Base.bw	0	100	1024	46660	2706800
585	3	126430375	126435495	chr3.347420	5	1024	355125956	hg38.gc5Base.bw	0	100	1024	52300	3206000
585	3	126496935	126502055	chr3.347433	5	1024	355139268	hg38.gc5Base.bw	0	100	1024	60740	4001200
585	3	126517415	126522535	chr3.347437	5	1024	355143364	hg38.gc5Base.bw	0	100	1024	57260	3659600
585	3	127439015	127444135	chr3.347617	5	1024	355327684	hg38.gc5Base.bw	0	100	1024	49620	2933200
585	3	127797415	127802535	chr3.347687	5	1024	355399364	hg38.gc5Base.bw	0	100	1024	48920	2839200
585	3	128396455	128401575	chr3.347804	5	1024	355519172	hg38.gc5Base.bw	0	100	1024	60200	3981600
585	3	128488615	128493735	chr3.347822	5	1024	355537604	hg38.gc5Base.bw	0	100	1024	66140	4853200
585	3	128872615	128877735	chr3.347897	5	1024	355614404	hg38.gc5Base.bw	0	100	1024	46460	2557200
585	3	129026215	129031335	chr3.347927	5	1024	355645124	hg38.gc5Base.bw	0	100	1024	52780	3300400
585	3	129405095	129410215	chr3.348001	5	1024	355720900	hg38.gc5Base.bw	0	100	1024	49840	2968800
585	3	129435815	129440935	chr3.348007	5	1024	355727044	hg38.gc5Base.bw	0	100	1024	44300	2513200
585	3	130649255	130654375	chr3.348244	5	1024	355969732	hg38.gc5Base.bw	0	100	1024	41840	2268800
585	3	130659495	130664615	chr3.348246	5	1024	355971780	hg38.gc5Base.bw	0	100	1024	39720	2017600
585	3	130792615	130797735	chr3.348272	5	1024	355998404	hg38.gc5Base.bw	0	100	1024	37020	1830000
585	3	131360935	131366055	chr3.348383	5	1024	356112068	hg38.gc5Base.bw	0	100	1024	48180	2830800
585	3	131934375	131939495	chr3.348495	5	1024	356226756	hg38.gc5Base.bw	0	100	1024	37140	1842000
585	3	131970215	131975335	chr3.348502	5	1024	356233924	hg38.gc5Base.bw	0	100	1024	41360	2135200
585	3	131995815	132000935	chr3.348507	5	1024	356239044	hg38.gc5Base.bw	0	100	1024	38240	1890400
585	3	132021415	132026535	chr3.348512	5	1024	356244164	hg38.gc5Base.bw	0	100	1024	41560	2196800
585	3	132031655	132036775	chr3.348514	5	1024	356246212	hg38.gc5Base.bw	0	100	1024	45380	2551600
585	3	132036775	132041895	chr3.348515	5	1024	356247236	hg38.gc5Base.bw	0	100	1024	38800	1950400
585	3	132308135	132313255	chr3.348568	5	1024	356301508	hg38.gc5Base.bw	0	100	1024	39340	2044400
585	3	132390055	132395175	chr3.348584	5	1024	356317892	hg38.gc5Base.bw	0	100	1024	35560	1712800
585	3	133695655	133700775	chr3.348839	5	1024	356579012	hg38.gc5Base.bw	0	100	1024	44700	2463600
585	3	133757095	133762215	chr3.348851	5	1024	356591300	hg38.gc5Base.bw	0	100	1024	44340	2409200
585	3	134310055	134315175	chr3.348959	5	1024	356701892	hg38.gc5Base.bw	0	100	1024	56420	3633200
585	3	134484135	134489255	chr3.348993	5	1024	356736708	hg38.gc5Base.bw	0	100	1024	50360	3099200
585	3	134683815	134688935	chr3.349032	5	1024	356776644	hg38.gc5Base.bw	0	100	1024	46720	2560800
585	3	134857895	134863015	chr3.349066	5	1024	356811460	hg38.gc5Base.bw	0	100	1024	48160	2778400
585	3	134939815	134944935	chr3.349082	5	1024	356827844	hg38.gc5Base.bw	0	100	1024	44180	2367600
585	3	135467175	135472295	chr3.349185	5	1024	356933316	hg38.gc5Base.bw	0	100	1024	45260	2430000
585	3	136194215	136199335	chr3.349327	5	1024	357078724	hg38.gc5Base.bw	0	100	1024	53420	3483600
585	3	137269415	137274535	chr3.349537	5	1024	357293764	hg38.gc5Base.bw	0	100	1024	43140	2326000
585	3	137622695	137627815	chr3.349606	5	1024	357364420	hg38.gc5Base.bw	0	100	1024	38120	1882400
585	3	137673895	137679015	chr3.349616	5	1024	357374660	hg38.gc5Base.bw	0	100	1024	36080	1697600
585	3	137812135	137817255	chr3.349643	5	1024	357402308	hg38.gc5Base.bw	0	100	1024	44160	2456000
585	3	137924775	137929895	chr3.349665	5	1024	357424836	hg38.gc5Base.bw	0	100	1024	44260	2390800
585	3	138472615	138477735	chr3.349772	5	1024	357534404	hg38.gc5Base.bw	0	100	1024	43400	2327200
585	3	139056295	139061415	chr3.349886	5	1024	357651140	hg38.gc5Base.bw	0	100	1024	35860	1728400
585	3	139122855	139127975	chr3.349899	5	1024	357664452	hg38.gc5Base.bw	0	100	1024	46020	2547600
585	3	139337895	139343015	chr3.349941	5	1024	357707460	hg38.gc5Base.bw	0	100	1024	46620	2552400
585	3	139496615	139501735	chr3.349972	5	1024	357739204	hg38.gc5Base.bw	0	80	1024	34300	1607600
585	3	139624615	139629735	chr3.349997	5	1024	357764804	hg38.gc5Base.bw	0	100	1024	38360	1930400
585	3	140551335	140556455	chr3.350178	5	1024	357950148	hg38.gc5Base.bw	0	100	1024	43660	2335600
585	3	141222055	141227175	chr3.350309	5	1024	358084292	hg38.gc5Base.bw	0	100	1024	37040	1812800
585	3	141242535	141247655	chr3.350313	5	1024	358088388	hg38.gc5Base.bw	0	100	1024	45460	2538000
585	3	142845095	142850215	chr3.350626	5	1024	358408900	hg38.gc5Base.bw	0	100	1024	40060	2094800
585	3	142891175	142896295	chr3.350635	5	1024	358418116	hg38.gc5Base.bw	0	100	1024	47000	2728000
585	3	143116455	143121575	chr3.350679	5	1024	358463172	hg38.gc5Base.bw	0	100	1024	57760	3963200
585	3	143439015	143444135	chr3.350742	5	1024	358527684	hg38.gc5Base.bw	0	100	1024	45000	2463200
585	3	143700135	143705255	chr3.350793	5	1024	358579908	hg38.gc5Base.bw	0	100	1024	38160	1894400
585	3	143705255	143710375	chr3.350794	5	1024	358580932	hg38.gc5Base.bw	0	100	1024	42100	2207600
585	3	144237735	144242855	chr3.350898	5	1024	358687428	hg38.gc5Base.bw	0	100	1024	38180	1917200
585	3	144770215	144775335	chr3.351002	5	1024	358793924	hg38.gc5Base.bw	0	100	1024	37620	1868400
585	3	144944295	144949415	chr3.351036	5	1024	358828740	hg38.gc5Base.bw	0	100	1024	33440	1520000
585	3	144975015	144980135	chr3.351042	5	1024	358834884	hg38.gc5Base.bw	0	100	1024	36500	1834800
585	3	145128615	145133735	chr3.351072	5	1024	358865604	hg38.gc5Base.bw	0	80	1024	29400	1240000
585	3	145579175	145584295	chr3.351160	5	1024	358955716	hg38.gc5Base.bw	0	100	1024	32580	1480400
585	3	146142375	146147495	chr3.351270	5	1024	359068356	hg38.gc5Base.bw	0	100	1024	36360	1740000
585	3	146311335	146316455	chr3.351303	5	1024	359102148	hg38.gc5Base.bw	0	100	1024	35560	1681600
585	3	146326695	146331815	chr3.351306	5	1024	359105220	hg38.gc5Base.bw	0	100	1024	38480	1939200
585	3	146398375	146403495	chr3.351320	5	1024	359119556	hg38.gc5Base.bw	0	100	1024	31980	1470800
585	3	146464935	146470055	chr3.351333	5	1024	359132868	hg38.gc5Base.bw	0	100	1024	42280	2332000
585	3	146526375	146531495	chr3.351345	5	1024	359145156	hg38.gc5Base.bw	0	100	1024	37880	1938400
585	3	146715815	146720935	chr3.351382	5	1024	359183044	hg38.gc5Base.bw	0	100	1024	34780	1669200
585	3	146767015	146772135	chr3.351392	5	1024	359193284	hg38.gc5Base.bw	0	100	1024	34300	1603600
585	3	146859175	146864295	chr3.351410	5	1024	359211716	hg38.gc5Base.bw	0	80	1024	37420	1788400
585	3	146864295	146869415	chr3.351411	5	1024	359212740	hg38.gc5Base.bw	0	100	1024	34480	1638400
585	3	147954855	147959975	chr3.351624	5	1024	359430852	hg38.gc5Base.bw	0	100	1024	36280	1770400
585	3	148149415	148154535	chr3.351662	5	1024	359469764	hg38.gc5Base.bw	0	100	1024	43780	2399600
585	3	148958375	148963495	chr3.351820	5	1024	359631556	hg38.gc5Base.bw	0	100	1024	43040	2304800
585	3	148963495	148968615	chr3.351821	5	1024	359632580	hg38.gc5Base.bw	0	100	1024	42760	2297600
585	3	149219495	149224615	chr3.351871	5	1024	359683780	hg38.gc5Base.bw	0	100	1024	37860	1950000
585	3	149352615	149357735	chr3.351897	5	1024	359710404	hg38.gc5Base.bw	0	100	1024	43600	2372000
585	3	150903975	150909095	chr3.352200	5	1024	360020676	hg38.gc5Base.bw	0	100	1024	38400	1937600
585	3	151764135	151769255	chr3.352368	5	1024	360192708	hg38.gc5Base.bw	0	100	1024	34160	1604800
585	3	151784615	151789735	chr3.352372	5	1024	360196804	hg38.gc5Base.bw	0	100	1024	37640	1898400
585	3	151897255	151902375	chr3.352394	5	1024	360219332	hg38.gc5Base.bw	0	100	1024	42080	2234400
585	3	152332455	152337575	chr3.352479	5	1024	360306372	hg38.gc5Base.bw	0	100	1024	36400	1759200
585	3	152388775	152393895	chr3.352490	5	1024	360317636	hg38.gc5Base.bw	0	100	1024	38220	1902800
585	3	152742055	152747175	chr3.352559	5	1024	360388292	hg38.gc5Base.bw	0	100	1024	38640	1958400
585	3	152793255	152798375	chr3.352569	5	1024	360398532	hg38.gc5Base.bw	0	100	1024	38000	1927200
585	3	152834215	152839335	chr3.352577	5	1024	360406724	hg38.gc5Base.bw	0	100	1024	47320	2800000
585	3	152905895	152911015	chr3.352591	5	1024	360421060	hg38.gc5Base.bw	0	100	1024	35980	1742000
585	3	153638055	153643175	chr3.352734	5	1024	360567492	hg38.gc5Base.bw	0	100	1024	43740	2405200
585	3	153786535	153791655	chr3.352763	5	1024	360597188	hg38.gc5Base.bw	0	100	1024	39560	2045600
585	3	153970855	153975975	chr3.352799	5	1024	360634052	hg38.gc5Base.bw	0	100	1024	39200	1986400
585	3	154595495	154600615	chr3.352921	5	1024	360758980	hg38.gc5Base.bw	0	100	1024	38340	1910800
585	3	155184295	155189415	chr3.353036	5	1024	360876740	hg38.gc5Base.bw	0	100	1024	39480	2028000
585	3	155450535	155455655	chr3.353088	5	1024	360929988	hg38.gc5Base.bw	0	100	1024	36880	1836800
585	3	155517095	155522215	chr3.353101	5	1024	360943300	hg38.gc5Base.bw	0	100	1024	41300	2099600
585	3	156182695	156187815	chr3.353231	5	1024	361076420	hg38.gc5Base.bw	0	100	1024	45440	2497600
585	3	156484775	156489895	chr3.353290	5	1024	361136836	hg38.gc5Base.bw	0	100	1024	39700	2014800
585	3	158691495	158696615	chr3.353721	5	1024	361578180	hg38.gc5Base.bw	0	100	1024	37580	1896400
585	3	159433895	159439015	chr3.353866	5	1024	361726660	hg38.gc5Base.bw	0	100	1024	41280	2082400
585	3	159659175	159664295	chr3.353910	5	1024	361771716	hg38.gc5Base.bw	0	100	1024	40820	2078000
585	3	159679655	159684775	chr3.353914	5	1024	361775812	hg38.gc5Base.bw	0	100	1024	41020	2218800
585	3	160109735	160114855	chr3.353998	5	1024	361861828	hg38.gc5Base.bw	0	100	1024	41480	2180800
585	3	160693415	160698535	chr3.354112	5	1024	361978564	hg38.gc5Base.bw	0	100	1024	39840	2016000
585	3	160995495	161000615	chr3.354171	5	1024	362038980	hg38.gc5Base.bw	0	100	1024	38960	1920000
585	3	161287335	161292455	chr3.354228	5	1024	362097348	hg38.gc5Base.bw	0	100	1024	45120	2486400
585	3	161487015	161492135	chr3.354267	5	1024	362137284	hg38.gc5Base.bw	0	100	1024	39420	1961200
585	3	162193575	162198695	chr3.354405	5	1024	362278596	hg38.gc5Base.bw	0	100	1024	35740	1686000
585	3	162326695	162331815	chr3.354431	5	1024	362305220	hg38.gc5Base.bw	0	100	1024	36800	1804800
585	3	162413735	162418855	chr3.354448	5	1024	362322628	hg38.gc5Base.bw	0	100	1024	34360	1668000
585	3	162741415	162746535	chr3.354512	5	1024	362388164	hg38.gc5Base.bw	0	100	1024	36340	1759600
585	3	162777255	162782375	chr3.354519	5	1024	362395332	hg38.gc5Base.bw	0	100	1024	32200	1422400
585	3	164016295	164021415	chr3.354761	5	1024	362643140	hg38.gc5Base.bw	0	100	1024	44500	2452400
585	3	164487335	164492455	chr3.354853	5	1024	362737348	hg38.gc5Base.bw	0	100	1024	34520	1631200
585	3	164671655	164676775	chr3.354889	5	1024	362774212	hg38.gc5Base.bw	0	100	1024	31820	1468400
585	3	164697255	164702375	chr3.354894	5	1024	362779332	hg38.gc5Base.bw	0	100	1024	30960	1359200
585	3	164804775	164809895	chr3.354915	5	1024	362800836	hg38.gc5Base.bw	0	100	1024	37420	1787600
585	3	164973735	164978855	chr3.354948	5	1024	362834628	hg38.gc5Base.bw	0	100	1024	35320	1670400
585	3	166223015	166228135	chr3.355192	5	1024	363084484	hg38.gc5Base.bw	0	100	1024	36460	1796400
585	3	166576295	166581415	chr3.355261	5	1024	363155140	hg38.gc5Base.bw	0	100	1024	32300	1494800
585	3	167605415	167610535	chr3.355462	5	1024	363360964	hg38.gc5Base.bw	0	100	1024	42000	2191200
585	3	167897255	167902375	chr3.355519	5	1024	363419332	hg38.gc5Base.bw	0	100	1024	35780	1734800
585	3	167912615	167917735	chr3.355522	5	1024	363422404	hg38.gc5Base.bw	0	100	1024	35240	1683200
585	3	168004775	168009895	chr3.355540	5	1024	363440836	hg38.gc5Base.bw	0	100	1024	37240	1792800
585	3	169167015	169172135	chr3.355767	5	1024	363673284	hg38.gc5Base.bw	0	100	1024	34540	1656400
585	3	169766055	169771175	chr3.355884	5	1024	363793092	hg38.gc5Base.bw	0	100	1024	39200	2282400
585	3	169776295	169781415	chr3.355886	5	1024	363795140	hg38.gc5Base.bw	0	100	1024	39820	2036400
585	3	169853095	169858215	chr3.355901	5	1024	363810500	hg38.gc5Base.bw	0	100	1024	42600	2262400
585	3	171353255	171358375	chr3.356194	5	1024	364110532	hg38.gc5Base.bw	0	100	1024	40980	2118000
585	3	171732135	171737255	chr3.356268	5	1024	364186308	hg38.gc5Base.bw	0	100	1024	40180	2055600
585	3	171814055	171819175	chr3.356284	5	1024	364202692	hg38.gc5Base.bw	0	100	1024	37760	1854400
585	3	172151975	172157095	chr3.356350	5	1024	364270276	hg38.gc5Base.bw	0	100	1024	45380	2486000
585	3	172162215	172167335	chr3.356352	5	1024	364272324	hg38.gc5Base.bw	0	100	1024	37900	1926800
585	3	172392615	172397735	chr3.356397	5	1024	364318404	hg38.gc5Base.bw	0	100	1024	38280	1922400
585	3	173452455	173457575	chr3.356604	5	1024	364530372	hg38.gc5Base.bw	0	100	1024	39200	1951200
585	3	173851815	173856935	chr3.356682	5	1024	364610244	hg38.gc5Base.bw	0	100	1024	33540	1581200
585	3	174384295	174389415	chr3.356786	5	1024	364716740	hg38.gc5Base.bw	0	100	1024	37140	1844400
585	3	174732455	174737575	chr3.356854	5	1024	364786372	hg38.gc5Base.bw	0	100	1024	42540	2286000
585	3	175331495	175336615	chr3.356971	5	1024	364906180	hg38.gc5Base.bw	0	100	1024	38460	1894000
585	3	175336615	175341735	chr3.356972	5	1024	364907204	hg38.gc5Base.bw	0	100	1024	37840	1843200
585	3	175577255	175582375	chr3.357019	5	1024	364955332	hg38.gc5Base.bw	0	100	1024	34540	1651600
585	3	175623335	175628455	chr3.357028	5	1024	364964548	hg38.gc5Base.bw	0	100	1024	33960	1544800
585	3	175792295	175797415	chr3.357061	5	1024	364998340	hg38.gc5Base.bw	0	100	1024	37740	1924400
585	3	175986855	175991975	chr3.357099	5	1024	365037252	hg38.gc5Base.bw	0	100	1024	41900	2218800
585	3	176759975	176765095	chr3.357250	5	1024	365191876	hg38.gc5Base.bw	0	100	1024	34560	1594400
585	3	177143975	177149095	chr3.357325	5	1024	365268676	hg38.gc5Base.bw	0	100	1024	42800	2318400
585	3	177190055	177195175	chr3.357334	5	1024	365277892	hg38.gc5Base.bw	0	100	1024	43020	2352400
585	3	177645735	177650855	chr3.357423	5	1024	365369028	hg38.gc5Base.bw	0	100	1024	40040	2036800
585	3	177666215	177671335	chr3.357427	5	1024	365373124	hg38.gc5Base.bw	0	100	1024	47680	2733600
585	3	178454695	178459815	chr3.357581	5	1024	365530820	hg38.gc5Base.bw	0	100	1024	39740	2008400
585	3	179033255	179038375	chr3.357694	5	1024	365646532	hg38.gc5Base.bw	0	100	1024	44500	2395600
585	3	179299495	179304615	chr3.357746	5	1024	365699780	hg38.gc5Base.bw	0	100	1024	40340	2140400
585	3	179386535	179391655	chr3.357763	5	1024	365717188	hg38.gc5Base.bw	0	100	1024	38220	1978000
585	3	179417255	179422375	chr3.357769	5	1024	365723332	hg38.gc5Base.bw	0	100	1024	36300	1798800
585	3	179847335	179852455	chr3.357853	5	1024	365809348	hg38.gc5Base.bw	0	100	1024	39980	2034000
585	3	180343975	180349095	chr3.357950	5	1024	365908676	hg38.gc5Base.bw	0	100	1024	35420	1653200
585	3	181065895	181071015	chr3.358091	5	1024	366053060	hg38.gc5Base.bw	0	100	1024	38840	1948800
585	3	181183655	181188775	chr3.358114	5	1024	366076612	hg38.gc5Base.bw	0	100	1024	40860	2098000
585	3	181383335	181388455	chr3.358153	5	1024	366116548	hg38.gc5Base.bw	0	100	1024	38120	1882400
585	3	181915815	181920935	chr3.358257	5	1024	366223044	hg38.gc5Base.bw	0	100	1024	41040	2162400
585	3	183180455	183185575	chr3.358504	5	1024	366475972	hg38.gc5Base.bw	0	100	1024	52660	3232400
585	3	183482535	183487655	chr3.358563	5	1024	366536388	hg38.gc5Base.bw	0	100	1024	45960	2571200
585	3	183574695	183579815	chr3.358581	5	1024	366554820	hg38.gc5Base.bw	0	100	1024	45380	2524400
585	3	183631015	183636135	chr3.358592	5	1024	366566084	hg38.gc5Base.bw	0	100	1024	51120	3187200
585	3	183702695	183707815	chr3.358606	5	1024	366580420	hg38.gc5Base.bw	0	100	1024	41360	2243200
585	3	184342695	184347815	chr3.358731	5	1024	366708420	hg38.gc5Base.bw	0	100	1024	57020	3647600
585	3	184424615	184429735	chr3.358747	5	1024	366724804	hg38.gc5Base.bw	0	100	1024	51380	3043600
585	3	184480935	184486055	chr3.358758	5	1024	366736068	hg38.gc5Base.bw	0	100	1024	43180	2380400
585	3	185638055	185643175	chr3.358984	5	1024	366967492	hg38.gc5Base.bw	0	100	1024	46800	2644800
585	3	185709735	185714855	chr3.358998	5	1024	366981828	hg38.gc5Base.bw	0	100	1024	41680	2185600
585	3	187670695	187675815	chr3.359381	5	1024	367374020	hg38.gc5Base.bw	0	100	1024	43600	2295200
585	3	187778215	187783335	chr3.359402	5	1024	367395524	hg38.gc5Base.bw	0	100	1024	40560	2092000
585	3	188249255	188254375	chr3.359494	5	1024	367489732	hg38.gc5Base.bw	0	100	1024	38360	1948800
585	3	188433575	188438695	chr3.359530	5	1024	367526596	hg38.gc5Base.bw	0	100	1024	37760	1843200
585	3	188602535	188607655	chr3.359563	5	1024	367560388	hg38.gc5Base.bw	0	100	1024	35740	1695600
585	3	189073575	189078695	chr3.359655	5	1024	367654596	hg38.gc5Base.bw	0	100	1024	38320	2000000
585	3	189344935	189350055	chr3.359708	5	1024	367708868	hg38.gc5Base.bw	0	100	1024	40940	2094000
585	3	189575335	189580455	chr3.359753	5	1024	367754948	hg38.gc5Base.bw	0	100	1024	39920	2021600
585	3	189856935	189862055	chr3.359808	5	1024	367811268	hg38.gc5Base.bw	0	100	1024	37800	1900800
585	3	190317735	190322855	chr3.359898	5	1024	367903428	hg38.gc5Base.bw	0	100	1024	44700	2504400
585	3	190563495	190568615	chr3.359946	5	1024	367952580	hg38.gc5Base.bw	0	100	1024	39340	1964400
585	3	190727335	190732455	chr3.359978	5	1024	367985348	hg38.gc5Base.bw	0	100	1024	36740	1793200
585	3	190824615	190829735	chr3.359997	5	1024	368004804	hg38.gc5Base.bw	0	100	1024	36480	1724800
585	3	191003815	191008935	chr3.360032	5	1024	368040644	hg38.gc5Base.bw	0	100	1024	34920	1640800
585	3	191341735	191346855	chr3.360098	5	1024	368108228	hg38.gc5Base.bw	0	100	1024	38400	1901600
585	3	191398055	191403175	chr3.360109	5	1024	368119492	hg38.gc5Base.bw	0	100	1024	39640	2035200
585	3	191546535	191551655	chr3.360138	5	1024	368149188	hg38.gc5Base.bw	0	100	1024	41380	2150800
585	3	192278695	192283815	chr3.360281	5	1024	368295620	hg38.gc5Base.bw	0	100	1024	36480	1796800
585	3	192437415	192442535	chr3.360312	5	1024	368327364	hg38.gc5Base.bw	0	100	1024	42140	2187600
585	3	192719015	192724135	chr3.360367	5	1024	368383684	hg38.gc5Base.bw	0	100	1024	38640	1902400
585	3	193077415	193082535	chr3.360437	5	1024	368455364	hg38.gc5Base.bw	0	100	1024	37540	1886800
585	3	193666215	193671335	chr3.360552	5	1024	368573124	hg38.gc5Base.bw	0	100	1024	40920	2173600
585	3	193809575	193814695	chr3.360580	5	1024	368601796	hg38.gc5Base.bw	0	100	1024	48840	2764800
585	3	193958055	193963175	chr3.360609	5	1024	368631492	hg38.gc5Base.bw	0	100	1024	45960	2559200
585	3	194157735	194162855	chr3.360648	5	1024	368671428	hg38.gc5Base.bw	0	100	1024	50280	2965600
585	3	194244775	194249895	chr3.360665	5	1024	368688836	hg38.gc5Base.bw	0	100	1024	47040	2682400
585	3	195038375	195043495	chr3.360820	5	1024	368847556	hg38.gc5Base.bw	0	100	1024	53760	3335200
585	3	195207335	195212455	chr3.360853	5	1024	368881348	hg38.gc5Base.bw	0	100	1024	54580	3396400
585	3	196349095	196354215	chr3.361076	5	1024	369109700	hg38.gc5Base.bw	0	100	1024	39360	2011200
585	3	196722855	196727975	chr3.361149	5	1024	369184452	hg38.gc5Base.bw	0	100	1024	38480	1955200
585	3	196963495	196968615	chr3.361196	5	1024	369232580	hg38.gc5Base.bw	0	100	1024	54760	3456000
585	3	196978855	196983975	chr3.361199	5	1024	369235652	hg38.gc5Base.bw	0	100	1024	43940	2499600
585	3	197204135	197209255	chr3.361243	5	1024	369280708	hg38.gc5Base.bw	0	100	1024	34980	1670800
585	3	197885095	197890215	chr3.361376	5	1024	369416900	hg38.gc5Base.bw	0	100	1024	44680	2474400
585	3	198033575	198038695	chr3.361405	5	1024	369446596	hg38.gc5Base.bw	0	100	1024	42520	2324000
585	4	1074960	1080080	chr4.362238	5	1024	370289901	hg38.gc5Base.bw	0	100	1024	53820	3267600
585	4	2903160	2908280	chr4.362595	5	1024	370653421	hg38.gc5Base.bw	0	100	1024	47120	2636000
585	4	3230840	3235960	chr4.362659	5	1024	370718957	hg38.gc5Base.bw	0	100	1024	59200	3831200
585	4	4347000	4352120	chr4.362877	5	1024	370942189	hg38.gc5Base.bw	0	100	1024	41540	2211600
585	4	4362360	4367480	chr4.362880	5	1024	370945261	hg38.gc5Base.bw	0	100	1024	50060	2915600
585	4	4556920	4562040	chr4.362918	5	1024	370984173	hg38.gc5Base.bw	0	100	1024	47440	2704000
585	4	4935800	4940920	chr4.362992	5	1024	371059949	hg38.gc5Base.bw	0	100	1024	47220	2670000
585	4	4951160	4956280	chr4.362995	5	1024	371063021	hg38.gc5Base.bw	0	100	1024	40900	2123600
585	4	5115000	5120120	chr4.363027	5	1024	371095789	hg38.gc5Base.bw	0	100	1024	40760	2124000
585	4	5386360	5391480	chr4.363080	5	1024	371150061	hg38.gc5Base.bw	0	100	1024	50320	2928000
585	4	5570680	5575800	chr4.363116	5	1024	371186925	hg38.gc5Base.bw	0	100	1024	48040	2760000
585	4	5632120	5637240	chr4.363128	5	1024	371199213	hg38.gc5Base.bw	0	100	1024	46680	2634400
585	4	5857400	5862520	chr4.363172	5	1024	371244269	hg38.gc5Base.bw	0	100	1024	51200	3019200
585	4	5949560	5954680	chr4.363190	5	1024	371262701	hg38.gc5Base.bw	0	100	1024	50440	3008000
585	4	6251640	6256760	chr4.363249	5	1024	371323117	hg38.gc5Base.bw	0	100	1024	55560	3448800
585	4	6691960	6697080	chr4.363335	5	1024	371411181	hg38.gc5Base.bw	0	100	1024	54600	3428000
585	4	6727800	6732920	chr4.363342	5	1024	371418349	hg38.gc5Base.bw	0	100	1024	53060	3287600
585	4	7132280	7137400	chr4.363421	5	1024	371499245	hg38.gc5Base.bw	0	100	1024	53820	3280400
585	4	7331960	7337080	chr4.363460	5	1024	371539181	hg38.gc5Base.bw	0	100	1024	60860	4004400
585	4	7470200	7475320	chr4.363487	5	1024	371566829	hg38.gc5Base.bw	0	100	1024	58740	3807600
585	4	7475320	7480440	chr4.363488	5	1024	371567853	hg38.gc5Base.bw	0	100	1024	58140	3725200
585	4	7726200	7731320	chr4.363537	5	1024	371618029	hg38.gc5Base.bw	0	100	1024	56200	3594400
585	4	7961720	7966840	chr4.363583	5	1024	371665133	hg38.gc5Base.bw	0	100	1024	55740	3499600
585	4	8079480	8084600	chr4.363606	5	1024	371688685	hg38.gc5Base.bw	0	100	1024	59400	3879200
585	4	8217720	8222840	chr4.363633	5	1024	371716333	hg38.gc5Base.bw	0	100	1024	53860	3345200
585	4	8315000	8320120	chr4.363652	5	1024	371735789	hg38.gc5Base.bw	0	100	1024	53100	3257200
585	4	8658040	8663160	chr4.363719	5	1024	371804397	hg38.gc5Base.bw	0	100	1024	46100	2648400
585	4	9873910	9879030	chr4.363945	5	1024	372033773	hg38.gc5Base.bw	0	100	1024	47380	2652400
585	4	9904630	9909750	chr4.363951	5	1024	372039917	hg38.gc5Base.bw	0	100	1024	44280	2372000
585	4	10247670	10252790	chr4.364018	5	1024	372108525	hg38.gc5Base.bw	0	100	1024	44420	2345200
585	4	10421750	10426870	chr4.364052	5	1024	372143341	hg38.gc5Base.bw	0	100	1024	39120	1983200
585	4	10565110	10570230	chr4.364080	5	1024	372172013	hg38.gc5Base.bw	0	100	1024	40400	2059200
585	4	10882550	10887670	chr4.364142	5	1024	372235501	hg38.gc5Base.bw	0	100	1024	36600	1752800
585	4	11097590	11102710	chr4.364184	5	1024	372278509	hg38.gc5Base.bw	0	100	1024	41460	2161200
585	4	11215350	11220470	chr4.364207	5	1024	372302061	hg38.gc5Base.bw	0	100	1024	40560	2102400
585	4	11297270	11302390	chr4.364223	5	1024	372318445	hg38.gc5Base.bw	0	100	1024	40300	2078000
585	4	11461110	11466230	chr4.364255	5	1024	372351213	hg38.gc5Base.bw	0	100	1024	38600	1944800
585	4	11599350	11604470	chr4.364282	5	1024	372378861	hg38.gc5Base.bw	0	100	1024	36800	1756800
585	4	11896310	11901430	chr4.364340	5	1024	372438253	hg38.gc5Base.bw	0	100	1024	41260	2118000
585	4	11947510	11952630	chr4.364350	5	1024	372448493	hg38.gc5Base.bw	0	100	1024	40900	2134800
585	4	11952630	11957750	chr4.364351	5	1024	372449517	hg38.gc5Base.bw	0	100	1024	39740	2076400
585	4	12106230	12111350	chr4.364381	5	1024	372480237	hg38.gc5Base.bw	0	100	1024	28460	1198000
585	4	12316150	12321270	chr4.364422	5	1024	372522221	hg38.gc5Base.bw	0	100	1024	35100	1653200
585	4	12464630	12469750	chr4.364451	5	1024	372551917	hg38.gc5Base.bw	0	100	1024	38320	1888000
585	4	12541430	12546550	chr4.364466	5	1024	372567277	hg38.gc5Base.bw	0	100	1024	37840	1868000
585	4	12633590	12638710	chr4.364484	5	1024	372585709	hg38.gc5Base.bw	0	100	1024	39120	1943200
585	4	12730870	12735990	chr4.364503	5	1024	372605165	hg38.gc5Base.bw	0	100	1024	42240	2212000
585	4	12874230	12879350	chr4.364531	5	1024	372633837	hg38.gc5Base.bw	0	100	1024	42860	2260400
585	4	13027830	13032950	chr4.364561	5	1024	372664557	hg38.gc5Base.bw	0	100	1024	43140	2305200
585	4	13125110	13130230	chr4.364580	5	1024	372684013	hg38.gc5Base.bw	0	100	1024	42600	2259200
585	4	13555190	13560310	chr4.364664	5	1024	372770029	hg38.gc5Base.bw	0	100	1024	40500	2070800
585	4	13811190	13816310	chr4.364714	5	1024	372821229	hg38.gc5Base.bw	0	100	1024	36440	1853600
585	4	13893110	13898230	chr4.364730	5	1024	372837613	hg38.gc5Base.bw	0	100	1024	38680	1916800
585	4	14087670	14092790	chr4.364768	5	1024	372876525	hg38.gc5Base.bw	0	100	1024	41480	2105600
585	4	14097910	14103030	chr4.364770	5	1024	372878573	hg38.gc5Base.bw	0	100	1024	42300	2184400
585	4	14123510	14128630	chr4.364775	5	1024	372883693	hg38.gc5Base.bw	0	100	1024	42900	2240400
585	4	14702070	14707190	chr4.364888	5	1024	372999405	hg38.gc5Base.bw	0	100	1024	40300	2086000
585	4	14737910	14743030	chr4.364895	5	1024	373006573	hg38.gc5Base.bw	0	100	1024	39740	2001200
585	4	14778870	14783990	chr4.364903	5	1024	373014765	hg38.gc5Base.bw	0	100	1024	42220	2186000
585	4	14871030	14876150	chr4.364921	5	1024	373033197	hg38.gc5Base.bw	0	100	1024	44700	2425200
585	4	15086070	15091190	chr4.364963	5	1024	373076205	hg38.gc5Base.bw	0	100	1024	38660	1964400
585	4	15111670	15116790	chr4.364968	5	1024	373081325	hg38.gc5Base.bw	0	100	1024	39780	1996400
585	4	15464950	15470070	chr4.365037	5	1024	373151981	hg38.gc5Base.bw	0	100	1024	39680	1977600
585	4	15736310	15741430	chr4.365090	5	1024	373206253	hg38.gc5Base.bw	0	100	1024	44820	2426000
585	4	16058870	16063990	chr4.365153	5	1024	373270765	hg38.gc5Base.bw	0	100	1024	41420	2241200
585	4	16340470	16345590	chr4.365208	5	1024	373327085	hg38.gc5Base.bw	0	100	1024	36420	1772400
585	4	16673270	16678390	chr4.365273	5	1024	373393645	hg38.gc5Base.bw	0	100	1024	40600	2080800
585	4	16862710	16867830	chr4.365310	5	1024	373431533	hg38.gc5Base.bw	0	100	1024	45520	2577600
585	4	16908790	16913910	chr4.365319	5	1024	373440749	hg38.gc5Base.bw	0	100	1024	45940	2559600
585	4	17492470	17497590	chr4.365433	5	1024	373557485	hg38.gc5Base.bw	0	100	1024	48540	2804400
585	4	17507830	17512950	chr4.365436	5	1024	373560557	hg38.gc5Base.bw	0	100	1024	48720	2966400
585	4	18291190	18296310	chr4.365589	5	1024	373717229	hg38.gc5Base.bw	0	100	1024	42320	2228000
585	4	18593270	18598390	chr4.365648	5	1024	373777645	hg38.gc5Base.bw	0	100	1024	39320	2008800
585	4	19171830	19176950	chr4.365761	5	1024	373893357	hg38.gc5Base.bw	0	80	1024	33580	1530000
585	4	20559350	20564470	chr4.366032	5	1024	374170861	hg38.gc5Base.bw	0	100	1024	34620	1613200
585	4	20687350	20692470	chr4.366057	5	1024	374196461	hg38.gc5Base.bw	0	100	1024	38600	1973600
585	4	20902390	20907510	chr4.366099	5	1024	374239469	hg38.gc5Base.bw	0	100	1024	39100	2014000
585	4	20943350	20948470	chr4.366107	5	1024	374247661	hg38.gc5Base.bw	0	100	1024	43460	2281200
585	4	21081590	21086710	chr4.366134	5	1024	374275309	hg38.gc5Base.bw	0	100	1024	38800	1921600
585	4	21486070	21491190	chr4.366213	5	1024	374356205	hg38.gc5Base.bw	0	80	1024	35860	1701200
585	4	21977590	21982710	chr4.366309	5	1024	374454509	hg38.gc5Base.bw	0	100	1024	38080	1912000
585	4	22535670	22540790	chr4.366418	5	1024	374566125	hg38.gc5Base.bw	0	100	1024	39140	1960400
585	4	22709750	22714870	chr4.366452	5	1024	374600941	hg38.gc5Base.bw	0	100	1024	38400	1905600
585	4	22847990	22853110	chr4.366479	5	1024	374628589	hg38.gc5Base.bw	0	100	1024	38920	1939200
585	4	23170550	23175670	chr4.366542	5	1024	374693101	hg38.gc5Base.bw	0	100	1024	37540	1835600
585	4	23544310	23549430	chr4.366615	5	1024	374767853	hg38.gc5Base.bw	0	100	1024	38200	1871200
585	4	23549430	23554550	chr4.366616	5	1024	374768877	hg38.gc5Base.bw	0	100	1024	35440	1689600
585	4	23743990	23749110	chr4.366654	5	1024	374807789	hg38.gc5Base.bw	0	100	1024	39740	1986000
585	4	23795190	23800310	chr4.366664	5	1024	374818029	hg38.gc5Base.bw	0	100	1024	37920	1867200
585	4	23969270	23974390	chr4.366698	5	1024	374852845	hg38.gc5Base.bw	0	100	1024	39740	2018800
585	4	24122870	24127990	chr4.366728	5	1024	374883565	hg38.gc5Base.bw	0	100	1024	42540	2258000
585	4	24465910	24471030	chr4.366795	5	1024	374952173	hg38.gc5Base.bw	0	100	1024	46880	2751200
585	4	24783350	24788470	chr4.366857	5	1024	375015661	hg38.gc5Base.bw	0	100	1024	35440	1718400
585	4	24988150	24993270	chr4.366897	5	1024	375056621	hg38.gc5Base.bw	0	100	1024	47040	2646400
585	4	24998390	25003510	chr4.366899	5	1024	375058669	hg38.gc5Base.bw	0	100	1024	43140	2282000
585	4	25049590	25054710	chr4.366909	5	1024	375068909	hg38.gc5Base.bw	0	100	1024	44300	2414000
585	4	25443830	25448950	chr4.366986	5	1024	375147757	hg38.gc5Base.bw	0	100	1024	47840	2761600
585	4	25469430	25474550	chr4.366991	5	1024	375152877	hg38.gc5Base.bw	0	100	1024	44120	2399200
585	4	25643510	25648630	chr4.367025	5	1024	375187693	hg38.gc5Base.bw	0	100	1024	44440	2481600
585	4	25725430	25730550	chr4.367041	5	1024	375204077	hg38.gc5Base.bw	0	100	1024	48300	2783600
585	4	25919990	25925110	chr4.367079	5	1024	375242989	hg38.gc5Base.bw	0	100	1024	44360	2382400
585	4	26140150	26145270	chr4.367122	5	1024	375287021	hg38.gc5Base.bw	0	100	1024	45720	2572800
585	4	26206710	26211830	chr4.367135	5	1024	375300333	hg38.gc5Base.bw	0	100	1024	41460	2137200
585	4	26411510	26416630	chr4.367175	5	1024	375341293	hg38.gc5Base.bw	0	100	1024	40860	2184400
585	4	26437110	26442230	chr4.367180	5	1024	375346413	hg38.gc5Base.bw	0	100	1024	46380	2560400
585	4	26488310	26493430	chr4.367190	5	1024	375356653	hg38.gc5Base.bw	0	100	1024	48740	2757200
585	4	26964470	26969590	chr4.367283	5	1024	375451885	hg38.gc5Base.bw	0	100	1024	36540	1746000
585	4	27092470	27097590	chr4.367308	5	1024	375477485	hg38.gc5Base.bw	0	100	1024	46200	2599200
585	4	27435510	27440630	chr4.367375	5	1024	375546093	hg38.gc5Base.bw	0	100	1024	38400	1940800
585	4	27701750	27706870	chr4.367427	5	1024	375599341	hg38.gc5Base.bw	0	100	1024	39360	1992800
585	4	27752950	27758070	chr4.367437	5	1024	375609581	hg38.gc5Base.bw	0	100	1024	36740	1786800
585	4	28034550	28039670	chr4.367492	5	1024	375665901	hg38.gc5Base.bw	0	100	1024	42240	2251200
585	4	28142070	28147190	chr4.367513	5	1024	375687405	hg38.gc5Base.bw	0	100	1024	36760	1795200
585	4	28229110	28234230	chr4.367530	5	1024	375704813	hg38.gc5Base.bw	0	100	1024	37900	1911600
585	4	28474870	28479990	chr4.367578	5	1024	375753965	hg38.gc5Base.bw	0	100	1024	38880	1956800
585	4	28638710	28643830	chr4.367610	5	1024	375786733	hg38.gc5Base.bw	0	100	1024	35180	1730800
585	4	28951030	28956150	chr4.367671	5	1024	375849197	hg38.gc5Base.bw	0	100	1024	33600	1558400
585	4	29104630	29109750	chr4.367701	5	1024	375879917	hg38.gc5Base.bw	0	100	1024	33460	1551600
585	4	30456310	30461430	chr4.367965	5	1024	376150253	hg38.gc5Base.bw	0	100	1024	36080	1719200
585	4	31188470	31193590	chr4.368108	5	1024	376296685	hg38.gc5Base.bw	0	100	1024	36280	1740000
585	4	31249910	31255030	chr4.368120	5	1024	376308973	hg38.gc5Base.bw	0	100	1024	39320	2005600
585	4	31505910	31511030	chr4.368170	5	1024	376360173	hg38.gc5Base.bw	0	100	1024	37860	1882000
585	4	34689355	34694475	chr4.368790	5	1024	376993005	hg38.gc5Base.bw	0	100	1024	36540	1734800
585	4	34720075	34725195	chr4.368796	5	1024	376999149	hg38.gc5Base.bw	0	100	1024	34500	1572400
585	4	36158795	36163915	chr4.369077	5	1024	377286893	hg38.gc5Base.bw	0	100	1024	36760	1820800
585	4	36332875	36337995	chr4.369111	5	1024	377321709	hg38.gc5Base.bw	0	100	1024	41060	2147600
585	4	36337995	36343115	chr4.369112	5	1024	377322733	hg38.gc5Base.bw	0	100	1024	39660	1982800
585	4	36650315	36655435	chr4.369173	5	1024	377385197	hg38.gc5Base.bw	0	100	1024	40740	2047600
585	4	36952395	36957515	chr4.369232	5	1024	377445613	hg38.gc5Base.bw	0	80	1024	33960	1516800
585	4	36993355	36998475	chr4.369240	5	1024	377453805	hg38.gc5Base.bw	0	100	1024	39220	1978800
585	4	37402955	37408075	chr4.369320	5	1024	377535725	hg38.gc5Base.bw	0	100	1024	42220	2230800
585	4	37633355	37638475	chr4.369365	5	1024	377581805	hg38.gc5Base.bw	0	100	1024	46280	2571200
585	4	37766475	37771595	chr4.369391	5	1024	377608429	hg38.gc5Base.bw	0	100	1024	46640	2616000
585	4	37781835	37786955	chr4.369394	5	1024	377611501	hg38.gc5Base.bw	0	100	1024	44080	2389600
585	4	37792075	37797195	chr4.369396	5	1024	377613549	hg38.gc5Base.bw	0	100	1024	42500	2237200
585	4	38022475	38027595	chr4.369441	5	1024	377659629	hg38.gc5Base.bw	0	100	1024	43300	2369200
585	4	38150475	38155595	chr4.369466	5	1024	377685229	hg38.gc5Base.bw	0	100	1024	47980	2765200
585	4	38319435	38324555	chr4.369499	5	1024	377719021	hg38.gc5Base.bw	0	100	1024	46200	2575200
585	4	38452555	38457675	chr4.369525	5	1024	377745645	hg38.gc5Base.bw	0	100	1024	43160	2276800
585	4	38560075	38565195	chr4.369546	5	1024	377767149	hg38.gc5Base.bw	0	100	1024	45200	2484800
585	4	39276875	39281995	chr4.369686	5	1024	377910509	hg38.gc5Base.bw	0	100	1024	42560	2317600
585	4	39773515	39778635	chr4.369783	5	1024	378009837	hg38.gc5Base.bw	0	100	1024	39880	2113600
585	4	40259915	40265035	chr4.369878	5	1024	378107117	hg38.gc5Base.bw	0	100	1024	46460	2645200
585	4	40413515	40418635	chr4.369908	5	1024	378137837	hg38.gc5Base.bw	0	100	1024	46060	2573200
585	4	40500555	40505675	chr4.369925	5	1024	378155245	hg38.gc5Base.bw	0	100	1024	43140	2337200
585	4	40510795	40515915	chr4.369927	5	1024	378157293	hg38.gc5Base.bw	0	100	1024	44400	2444800
585	4	40679755	40684875	chr4.369960	5	1024	378191085	hg38.gc5Base.bw	0	100	1024	45660	2566800
585	4	41304395	41309515	chr4.370082	5	1024	378316013	hg38.gc5Base.bw	0	100	1024	45500	2494800
585	4	41370955	41376075	chr4.370095	5	1024	378329325	hg38.gc5Base.bw	0	100	1024	43720	2358400
585	4	41376075	41381195	chr4.370096	5	1024	378330349	hg38.gc5Base.bw	0	100	1024	40640	2124000
585	4	41483595	41488715	chr4.370117	5	1024	378351853	hg38.gc5Base.bw	0	100	1024	40500	2115600
585	4	41801035	41806155	chr4.370179	5	1024	378415341	hg38.gc5Base.bw	0	100	1024	43980	2382000
585	4	41826635	41831755	chr4.370184	5	1024	378420461	hg38.gc5Base.bw	0	100	1024	43600	2303200
585	4	41882955	41888075	chr4.370195	5	1024	378431725	hg38.gc5Base.bw	0	100	1024	43640	2372800
585	4	42748235	42753355	chr4.370364	5	1024	378604781	hg38.gc5Base.bw	0	100	1024	37480	1804000
585	4	43321675	43326795	chr4.370476	5	1024	378719469	hg38.gc5Base.bw	0	100	1024	37620	1843600
585	4	43480395	43485515	chr4.370507	5	1024	378751213	hg38.gc5Base.bw	0	100	1024	33140	1541200
585	4	43603275	43608395	chr4.370531	5	1024	378775789	hg38.gc5Base.bw	0	100	1024	35620	1698000
585	4	43854155	43859275	chr4.370580	5	1024	378825965	hg38.gc5Base.bw	0	100	1024	37540	1841200
585	4	43864395	43869515	chr4.370582	5	1024	378828013	hg38.gc5Base.bw	0	100	1024	37320	1832800
585	4	44862795	44867915	chr4.370777	5	1024	379027693	hg38.gc5Base.bw	0	100	1024	38660	1933200
585	4	45123915	45129035	chr4.370828	5	1024	379079917	hg38.gc5Base.bw	0	100	1024	37540	1853200
585	4	47678795	47683915	chr4.371327	5	1024	379590893	hg38.gc5Base.bw	0	100	1024	41540	2166000
585	4	47832395	47837515	chr4.371357	5	1024	379621613	hg38.gc5Base.bw	0	100	1024	44640	2501600
585	4	48723275	48728395	chr4.371531	5	1024	379799789	hg38.gc5Base.bw	0	100	1024	40820	2155600
585	4	48876875	48881995	chr4.371561	5	1024	379830509	hg38.gc5Base.bw	0	100	1024	43040	2291200
585	4	53023565	53028685	chr4.372329	5	1024	380609773	hg38.gc5Base.bw	0	100	1024	40200	2095200
585	4	53131085	53136205	chr4.372350	5	1024	380631277	hg38.gc5Base.bw	0	100	1024	37880	1912000
585	4	53540685	53545805	chr4.372430	5	1024	380713197	hg38.gc5Base.bw	0	100	1024	42080	2216800
585	4	54375245	54380365	chr4.372593	5	1024	380880109	hg38.gc5Base.bw	0	100	1024	44400	2370400
585	4	54805325	54810445	chr4.372677	5	1024	380966125	hg38.gc5Base.bw	0	100	1024	42460	2213200
585	4	54882125	54887245	chr4.372692	5	1024	380981485	hg38.gc5Base.bw	0	100	1024	38400	1894400
585	4	54897485	54902605	chr4.372695	5	1024	380984557	hg38.gc5Base.bw	0	100	1024	40060	2043600
585	4	54928205	54933325	chr4.372701	5	1024	380990701	hg38.gc5Base.bw	0	100	1024	41960	2173600
585	4	55773005	55778125	chr4.372866	5	1024	381159661	hg38.gc5Base.bw	0	100	1024	35220	1686800
585	4	56228685	56233805	chr4.372955	5	1024	381250797	hg38.gc5Base.bw	0	100	1024	38360	1913600
585	4	56346445	56351565	chr4.372978	5	1024	381274349	hg38.gc5Base.bw	0	100	1024	40240	2115200
585	4	56960845	56965965	chr4.373098	5	1024	381397229	hg38.gc5Base.bw	0	100	1024	43800	2432000
585	4	57145165	57150285	chr4.373134	5	1024	381434093	hg38.gc5Base.bw	0	100	1024	42820	2263600
585	4	57170765	57175885	chr4.373139	5	1024	381439213	hg38.gc5Base.bw	0	100	1024	49060	2929200
585	4	57483085	57488205	chr4.373200	5	1024	381501677	hg38.gc5Base.bw	0	100	1024	37720	1873600
585	4	57529165	57534285	chr4.373209	5	1024	381510893	hg38.gc5Base.bw	0	100	1024	38900	1898800
585	4	57723725	57728845	chr4.373247	5	1024	381549805	hg38.gc5Base.bw	0	80	1024	35580	1645200
585	4	58071885	58077005	chr4.373315	5	1024	381619437	hg38.gc5Base.bw	0	100	1024	34780	1630800
585	4	58205005	58210125	chr4.373341	5	1024	381646061	hg38.gc5Base.bw	0	100	1024	33520	1516800
585	4	58404685	58409805	chr4.373380	5	1024	381685997	hg38.gc5Base.bw	0	80	1024	37600	1849600
585	4	58763085	58768205	chr4.373450	5	1024	381757677	hg38.gc5Base.bw	0	100	1024	35420	1726800
585	4	60203430	60208550	chr4.373724	5	1024	382037229	hg38.gc5Base.bw	0	100	1024	31700	1452400
585	4	61478310	61483430	chr4.373973	5	1024	382292205	hg38.gc5Base.bw	0	100	1024	32480	1490400
585	4	62614950	62620070	chr4.374195	5	1024	382519533	hg38.gc5Base.bw	0	100	1024	38060	1913200
585	4	62671270	62676390	chr4.374206	5	1024	382530797	hg38.gc5Base.bw	0	80	1024	33600	1523200
585	4	63285670	63290790	chr4.374326	5	1024	382653677	hg38.gc5Base.bw	0	100	1024	29660	1258800
585	4	63905190	63910310	chr4.374447	5	1024	382777581	hg38.gc5Base.bw	0	100	1024	31940	1404400
585	4	64227750	64232870	chr4.374510	5	1024	382842093	hg38.gc5Base.bw	0	100	1024	43700	2306000
585	4	64304550	64309670	chr4.374525	5	1024	382857453	hg38.gc5Base.bw	0	100	1024	39820	2050800
585	4	64959910	64965030	chr4.374653	5	1024	382988525	hg38.gc5Base.bw	0	100	1024	35680	1723200
585	4	65277350	65282470	chr4.374715	5	1024	383052013	hg38.gc5Base.bw	0	100	1024	33820	1614800
585	4	65487270	65492390	chr4.374756	5	1024	383093997	hg38.gc5Base.bw	0	100	1024	36620	1823600
585	4	65507750	65512870	chr4.374760	5	1024	383098093	hg38.gc5Base.bw	0	100	1024	35780	1732400
585	4	65942950	65948070	chr4.374845	5	1024	383185133	hg38.gc5Base.bw	0	100	1024	34580	1638000
585	4	66255270	66260390	chr4.374906	5	1024	383247597	hg38.gc5Base.bw	0	100	1024	38860	1890800
585	4	66316710	66321830	chr4.374918	5	1024	383259885	hg38.gc5Base.bw	0	100	1024	32060	1435600
585	4	66393510	66398630	chr4.374933	5	1024	383275245	hg38.gc5Base.bw	0	100	1024	35080	1706400
585	4	66731430	66736550	chr4.374999	5	1024	383342829	hg38.gc5Base.bw	0	100	1024	37420	1874800
585	4	66849190	66854310	chr4.375022	5	1024	383366381	hg38.gc5Base.bw	0	100	1024	34820	1622000
585	4	67253670	67258790	chr4.375101	5	1024	383447277	hg38.gc5Base.bw	0	100	1024	38100	1850000
585	4	67422630	67427750	chr4.375134	5	1024	383481069	hg38.gc5Base.bw	0	100	1024	37960	1865600
585	4	68052390	68057510	chr4.375257	5	1024	383607021	hg38.gc5Base.bw	0	100	1024	36300	1714000
585	4	68697510	68702630	chr4.375383	5	1024	383736045	hg38.gc5Base.bw	0	100	1024	36160	1719200
585	4	68758950	68764070	chr4.375395	5	1024	383748333	hg38.gc5Base.bw	0	100	1024	42260	2200400
585	4	69470630	69475750	chr4.375534	5	1024	383890669	hg38.gc5Base.bw	0	100	1024	39880	2045600
585	4	69839270	69844390	chr4.375606	5	1024	383964397	hg38.gc5Base.bw	0	100	1024	36960	1863200
585	4	70090150	70095270	chr4.375655	5	1024	384014573	hg38.gc5Base.bw	0	100	1024	32260	1422800
585	4	70366630	70371750	chr4.375709	5	1024	384069869	hg38.gc5Base.bw	0	100	1024	38200	1867200
585	4	71114150	71119270	chr4.375855	5	1024	384219373	hg38.gc5Base.bw	0	100	1024	39280	2052000
585	4	71242150	71247270	chr4.375880	5	1024	384244973	hg38.gc5Base.bw	0	100	1024	37720	1856800
585	4	71277990	71283110	chr4.375887	5	1024	384252141	hg38.gc5Base.bw	0	100	1024	37300	1874800
585	4	71293350	71298470	chr4.375890	5	1024	384255213	hg38.gc5Base.bw	0	100	1024	39560	2028000
585	4	71871910	71877030	chr4.376003	5	1024	384370925	hg38.gc5Base.bw	0	100	1024	36620	1773200
585	4	72127910	72133030	chr4.376053	5	1024	384422125	hg38.gc5Base.bw	0	100	1024	41100	2175600
585	4	73571750	73576870	chr4.376335	5	1024	384710893	hg38.gc5Base.bw	0	100	1024	37040	1856000
585	4	73653670	73658790	chr4.376351	5	1024	384727277	hg38.gc5Base.bw	0	100	1024	39860	2070800
585	4	73858470	73863590	chr4.376391	5	1024	384768237	hg38.gc5Base.bw	0	100	1024	38900	1922800
585	4	74278310	74283430	chr4.376473	5	1024	384852205	hg38.gc5Base.bw	0	100	1024	37000	1777600
585	4	74918310	74923430	chr4.376598	5	1024	384980205	hg38.gc5Base.bw	0	100	1024	36580	1742800
585	4	75123110	75128230	chr4.376638	5	1024	385021165	hg38.gc5Base.bw	0	100	1024	45360	2480000
585	4	75153830	75158950	chr4.376644	5	1024	385027309	hg38.gc5Base.bw	0	100	1024	38540	1926000
585	4	75281830	75286950	chr4.376669	5	1024	385052909	hg38.gc5Base.bw	0	80	1024	34760	1597600
585	4	75855270	75860390	chr4.376781	5	1024	385167597	hg38.gc5Base.bw	0	100	1024	42160	2284800
585	4	77933990	77939110	chr4.377187	5	1024	385583341	hg38.gc5Base.bw	0	100	1024	39740	2068400
585	4	78307750	78312870	chr4.377260	5	1024	385658093	hg38.gc5Base.bw	0	100	1024	42340	2235600
585	4	79224230	79229350	chr4.377439	5	1024	385841389	hg38.gc5Base.bw	0	100	1024	37880	1855200
585	4	79741350	79746470	chr4.377540	5	1024	385944813	hg38.gc5Base.bw	0	100	1024	36240	1743200
585	4	80063910	80069030	chr4.377603	5	1024	386009325	hg38.gc5Base.bw	0	100	1024	37980	1917200
585	4	80156070	80161190	chr4.377621	5	1024	386027757	hg38.gc5Base.bw	0	100	1024	37620	1826800
585	4	80227750	80232870	chr4.377635	5	1024	386042093	hg38.gc5Base.bw	0	100	1024	34680	1597600
585	4	81482150	81487270	chr4.377880	5	1024	386292973	hg38.gc5Base.bw	0	100	1024	35820	1696400
585	4	82193830	82198950	chr4.378019	5	1024	386435309	hg38.gc5Base.bw	0	100	1024	39820	2049200
585	4	82664870	82669990	chr4.378111	5	1024	386529517	hg38.gc5Base.bw	0	100	1024	38500	1961200
585	4	83658150	83663270	chr4.378305	5	1024	386728173	hg38.gc5Base.bw	0	100	1024	38920	1981600
585	4	83857830	83862950	chr4.378344	5	1024	386768109	hg38.gc5Base.bw	0	100	1024	37860	1910000
585	4	84211110	84216230	chr4.378413	5	1024	386838765	hg38.gc5Base.bw	0	100	1024	42160	2182400
585	4	84318630	84323750	chr4.378434	5	1024	386860269	hg38.gc5Base.bw	0	100	1024	38260	1894000
585	4	85782950	85788070	chr4.378720	5	1024	387153133	hg38.gc5Base.bw	0	100	1024	38460	1915600
585	4	86960550	86965670	chr4.378950	5	1024	387388653	hg38.gc5Base.bw	0	100	1024	42300	2266800
585	4	86975910	86981030	chr4.378953	5	1024	387391725	hg38.gc5Base.bw	0	100	1024	42700	2309200
585	4	87277990	87283110	chr4.379012	5	1024	387452141	hg38.gc5Base.bw	0	100	1024	41980	2226800
585	4	87482790	87487910	chr4.379052	5	1024	387493101	hg38.gc5Base.bw	0	80	1024	38320	1852800
585	4	87533990	87539110	chr4.379062	5	1024	387503341	hg38.gc5Base.bw	0	100	1024	42460	2249200
585	4	87631270	87636390	chr4.379081	5	1024	387522797	hg38.gc5Base.bw	0	100	1024	38480	1932800
585	4	88194470	88199590	chr4.379191	5	1024	387635437	hg38.gc5Base.bw	0	100	1024	43540	2404400
585	4	88296870	88301990	chr4.379211	5	1024	387655917	hg38.gc5Base.bw	0	100	1024	45120	2520000
585	4	88568230	88573350	chr4.379264	5	1024	387710189	hg38.gc5Base.bw	0	100	1024	44200	2428000
585	4	88691110	88696230	chr4.379288	5	1024	387734765	hg38.gc5Base.bw	0	100	1024	36800	1778400
585	4	88813990	88819110	chr4.379312	5	1024	387759341	hg38.gc5Base.bw	0	100	1024	38060	1903600
585	4	88829350	88834470	chr4.379315	5	1024	387762413	hg38.gc5Base.bw	0	100	1024	37720	1900800
585	4	89008550	89013670	chr4.379350	5	1024	387798253	hg38.gc5Base.bw	0	100	1024	37960	1874400
585	4	89684390	89689510	chr4.379482	5	1024	387933421	hg38.gc5Base.bw	0	100	1024	38860	1917200
585	4	90652070	90657190	chr4.379671	5	1024	388126957	hg38.gc5Base.bw	0	100	1024	30360	1356000
585	4	91824550	91829670	chr4.379900	5	1024	388361453	hg38.gc5Base.bw	0	100	1024	33240	1554400
585	4	92582310	92587430	chr4.380048	5	1024	388513005	hg38.gc5Base.bw	0	100	1024	30460	1348400
585	4	92751270	92756390	chr4.380081	5	1024	388546797	hg38.gc5Base.bw	0	100	1024	34760	1579200
585	4	93805990	93811110	chr4.380287	5	1024	388757741	hg38.gc5Base.bw	0	100	1024	41460	2119600
585	4	93882790	93887910	chr4.380302	5	1024	388773101	hg38.gc5Base.bw	0	100	1024	35900	1715600
585	4	94333350	94338470	chr4.380390	5	1024	388863213	hg38.gc5Base.bw	0	100	1024	39520	2059200
585	4	94507430	94512550	chr4.380424	5	1024	388898029	hg38.gc5Base.bw	0	100	1024	39840	2023200
585	4	95285670	95290790	chr4.380576	5	1024	389053677	hg38.gc5Base.bw	0	100	1024	39680	2035200
585	4	95372710	95377830	chr4.380593	5	1024	389071085	hg38.gc5Base.bw	0	100	1024	37880	1900000
585	4	95434150	95439270	chr4.380605	5	1024	389083373	hg38.gc5Base.bw	0	100	1024	34900	1646000
585	4	96161190	96166310	chr4.380747	5	1024	389228781	hg38.gc5Base.bw	0	100	1024	37280	1822400
585	4	97963430	97968550	chr4.381099	5	1024	389589229	hg38.gc5Base.bw	0	100	1024	40760	2100800
585	4	97968550	97973670	chr4.381100	5	1024	389590253	hg38.gc5Base.bw	0	100	1024	40020	2014800
585	4	98398630	98403750	chr4.381184	5	1024	389676269	hg38.gc5Base.bw	0	100	1024	38520	1895200
585	4	98777510	98782630	chr4.381258	5	1024	389752045	hg38.gc5Base.bw	0	100	1024	44940	2450000
585	4	99069350	99074470	chr4.381315	5	1024	389810413	hg38.gc5Base.bw	0	100	1024	38340	1916400
585	4	99130790	99135910	chr4.381327	5	1024	389822701	hg38.gc5Base.bw	0	100	1024	37380	1855600
585	4	99330470	99335590	chr4.381366	5	1024	389862637	hg38.gc5Base.bw	0	100	1024	39360	1972000
585	4	99437990	99443110	chr4.381387	5	1024	389884141	hg38.gc5Base.bw	0	100	1024	39520	1983200
585	4	100047270	100052390	chr4.381506	5	1024	390005997	hg38.gc5Base.bw	0	100	1024	45500	2514000
585	4	100579750	100584870	chr4.381610	5	1024	390112493	hg38.gc5Base.bw	0	100	1024	39480	1979200
585	4	100958630	100963750	chr4.381684	5	1024	390188269	hg38.gc5Base.bw	0	100	1024	37780	1844400
585	4	100963750	100968870	chr4.381685	5	1024	390189293	hg38.gc5Base.bw	0	100	1024	38780	1974000
585	4	101803430	101808550	chr4.381849	5	1024	390357229	hg38.gc5Base.bw	0	100	1024	35620	1784400
585	4	102417830	102422950	chr4.381969	5	1024	390480109	hg38.gc5Base.bw	0	100	1024	39920	2064000
585	4	102627750	102632870	chr4.382010	5	1024	390522093	hg38.gc5Base.bw	0	100	1024	41120	2140000
585	4	102755750	102760870	chr4.382035	5	1024	390547693	hg38.gc5Base.bw	0	100	1024	43740	2392400
585	4	103016870	103021990	chr4.382086	5	1024	390599917	hg38.gc5Base.bw	0	100	1024	43540	2388400
585	4	103523750	103528870	chr4.382185	5	1024	390701293	hg38.gc5Base.bw	0	100	1024	34020	1579600
585	4	104757670	104762790	chr4.382426	5	1024	390948077	hg38.gc5Base.bw	0	100	1024	38220	1899600
585	4	104998310	105003430	chr4.382473	5	1024	390996205	hg38.gc5Base.bw	0	100	1024	38220	1906000
585	4	105003430	105008550	chr4.382474	5	1024	390997229	hg38.gc5Base.bw	0	100	1024	39220	1987600
585	4	105397670	105402790	chr4.382551	5	1024	391076077	hg38.gc5Base.bw	0	100	1024	34960	1697600
585	4	105658790	105663910	chr4.382602	5	1024	391128301	hg38.gc5Base.bw	0	100	1024	37360	1878400
585	4	106380710	106385830	chr4.382743	5	1024	391272685	hg38.gc5Base.bw	0	100	1024	40420	2127600
585	4	106728870	106733990	chr4.382811	5	1024	391342317	hg38.gc5Base.bw	0	80	1024	32760	1464000
585	4	107194790	107199910	chr4.382902	5	1024	391435501	hg38.gc5Base.bw	0	100	1024	40040	2026400
585	4	107373990	107379110	chr4.382937	5	1024	391471341	hg38.gc5Base.bw	0	100	1024	37600	1829600
585	4	107399590	107404710	chr4.382942	5	1024	391476461	hg38.gc5Base.bw	0	100	1024	36760	1773600
585	4	107809190	107814310	chr4.383022	5	1024	391558381	hg38.gc5Base.bw	0	100	1024	44460	2458800
585	4	107983270	107988390	chr4.383056	5	1024	391593197	hg38.gc5Base.bw	0	100	1024	36020	1701200
585	4	108377510	108382630	chr4.383133	5	1024	391672045	hg38.gc5Base.bw	0	100	1024	40840	2124800
585	4	108812710	108817830	chr4.383218	5	1024	391759085	hg38.gc5Base.bw	0	100	1024	38000	1844800
585	4	108869030	108874150	chr4.383229	5	1024	391770349	hg38.gc5Base.bw	0	100	1024	39020	2035600
585	4	108961190	108966310	chr4.383247	5	1024	391788781	hg38.gc5Base.bw	0	100	1024	34980	1686800
585	4	108966310	108971430	chr4.383248	5	1024	391789805	hg38.gc5Base.bw	0	100	1024	39100	1950800
585	4	109232550	109237670	chr4.383300	5	1024	391843053	hg38.gc5Base.bw	0	80	1024	35380	1661200
585	4	109488550	109493670	chr4.383350	5	1024	391894253	hg38.gc5Base.bw	0	80	1024	33540	1533200
585	4	109811110	109816230	chr4.383413	5	1024	391958765	hg38.gc5Base.bw	0	100	1024	44580	2490800
585	4	109816230	109821350	chr4.383414	5	1024	391959789	hg38.gc5Base.bw	0	100	1024	41260	2146000
585	4	110072230	110077350	chr4.383464	5	1024	392010989	hg38.gc5Base.bw	0	100	1024	42160	2244000
585	4	110128550	110133670	chr4.383475	5	1024	392022253	hg38.gc5Base.bw	0	100	1024	41600	2159200
585	4	110138790	110143910	chr4.383477	5	1024	392024301	hg38.gc5Base.bw	0	100	1024	38380	1982000
585	4	111126950	111132070	chr4.383670	5	1024	392221933	hg38.gc5Base.bw	0	100	1024	36180	1738800
585	4	111603110	111608230	chr4.383763	5	1024	392317165	hg38.gc5Base.bw	0	100	1024	36260	1735600
585	4	111869350	111874470	chr4.383815	5	1024	392370413	hg38.gc5Base.bw	0	100	1024	35460	1683600
585	4	112427430	112432550	chr4.383924	5	1024	392482029	hg38.gc5Base.bw	0	100	1024	44880	2438400
585	4	112934310	112939430	chr4.384023	5	1024	392583405	hg38.gc5Base.bw	0	100	1024	40040	2114400
585	4	113026470	113031590	chr4.384041	5	1024	392601837	hg38.gc5Base.bw	0	100	1024	37660	1881200
585	4	113292710	113297830	chr4.384093	5	1024	392655085	hg38.gc5Base.bw	0	100	1024	37440	1820800
585	4	113369510	113374630	chr4.384108	5	1024	392670445	hg38.gc5Base.bw	0	100	1024	39960	2068000
585	4	113410470	113415590	chr4.384116	5	1024	392678637	hg38.gc5Base.bw	0	100	1024	40520	2066400
585	4	113758630	113763750	chr4.384184	5	1024	392748269	hg38.gc5Base.bw	0	100	1024	48380	3013200
585	4	114332070	114337190	chr4.384296	5	1024	392862957	hg38.gc5Base.bw	0	100	1024	34620	1644400
585	4	114813350	114818470	chr4.384390	5	1024	392959213	hg38.gc5Base.bw	0	100	1024	35600	1681600
585	4	115427750	115432870	chr4.384510	5	1024	393082093	hg38.gc5Base.bw	0	100	1024	33700	1567600
585	4	116303270	116308390	chr4.384681	5	1024	393257197	hg38.gc5Base.bw	0	100	1024	40060	2054000
585	4	116682150	116687270	chr4.384755	5	1024	393332973	hg38.gc5Base.bw	0	100	1024	36560	1788800
585	4	116922790	116927910	chr4.384802	5	1024	393381101	hg38.gc5Base.bw	0	100	1024	39200	2091200
585	4	117388710	117393830	chr4.384893	5	1024	393474285	hg38.gc5Base.bw	0	100	1024	38580	1965200
585	4	117526950	117532070	chr4.384920	5	1024	393501933	hg38.gc5Base.bw	0	100	1024	35500	1741200
585	4	117834150	117839270	chr4.384980	5	1024	393563373	hg38.gc5Base.bw	0	100	1024	41460	2209200
585	4	117895590	117900710	chr4.384992	5	1024	393575661	hg38.gc5Base.bw	0	100	1024	39520	1955200
585	4	118125990	118131110	chr4.385037	5	1024	393621741	hg38.gc5Base.bw	0	100	1024	34320	1545600
585	4	118873510	118878630	chr4.385183	5	1024	393771245	hg38.gc5Base.bw	0	100	1024	38120	1900000
585	4	118888870	118893990	chr4.385186	5	1024	393774317	hg38.gc5Base.bw	0	100	1024	36460	1798000
585	4	118960550	118965670	chr4.385200	5	1024	393788653	hg38.gc5Base.bw	0	100	1024	41580	2197200
585	4	119600550	119605670	chr4.385325	5	1024	393916653	hg38.gc5Base.bw	0	100	1024	38320	1926400
585	4	120030630	120035750	chr4.385409	5	1024	394002669	hg38.gc5Base.bw	0	100	1024	37120	1840000
585	4	121259430	121264550	chr4.385649	5	1024	394248429	hg38.gc5Base.bw	0	100	1024	40040	2084000
585	4	121453990	121459110	chr4.385687	5	1024	394287341	hg38.gc5Base.bw	0	100	1024	41600	2206400
585	4	121704870	121709990	chr4.385736	5	1024	394337517	hg38.gc5Base.bw	0	100	1024	45940	2541200
585	4	121884070	121889190	chr4.385771	5	1024	394373357	hg38.gc5Base.bw	0	100	1024	37060	1820400
585	4	122068390	122073510	chr4.385807	5	1024	394410221	hg38.gc5Base.bw	0	80	1024	35100	1667600
585	4	122631590	122636710	chr4.385917	5	1024	394522861	hg38.gc5Base.bw	0	100	1024	39500	2003600
585	4	122636710	122641830	chr4.385918	5	1024	394523885	hg38.gc5Base.bw	0	100	1024	41780	2171600
585	4	122867110	122872230	chr4.385963	5	1024	394569965	hg38.gc5Base.bw	0	100	1024	39140	1943600
585	4	123921830	123926950	chr4.386169	5	1024	394780909	hg38.gc5Base.bw	0	100	1024	33800	1591200
585	4	123926950	123932070	chr4.386170	5	1024	394781933	hg38.gc5Base.bw	0	100	1024	33920	1542400
585	4	123952550	123957670	chr4.386175	5	1024	394787053	hg38.gc5Base.bw	0	100	1024	40880	2124800
585	4	124495270	124500390	chr4.386281	5	1024	394895597	hg38.gc5Base.bw	0	100	1024	35120	1686400
585	4	125089190	125094310	chr4.386397	5	1024	395014381	hg38.gc5Base.bw	0	100	1024	32100	1442800
585	4	125575590	125580710	chr4.386492	5	1024	395111661	hg38.gc5Base.bw	0	100	1024	34080	1605600
585	4	125580710	125585830	chr4.386493	5	1024	395112685	hg38.gc5Base.bw	0	100	1024	33060	1528400
585	4	125611430	125616550	chr4.386499	5	1024	395118829	hg38.gc5Base.bw	0	100	1024	37000	1817600
585	4	126451110	126456230	chr4.386663	5	1024	395286765	hg38.gc5Base.bw	0	100	1024	37900	1870800
585	4	127403430	127408550	chr4.386849	5	1024	395477229	hg38.gc5Base.bw	0	100	1024	40080	2076000
585	4	127976870	127981990	chr4.386961	5	1024	395591917	hg38.gc5Base.bw	0	100	1024	37300	1934000
585	4	128447910	128453030	chr4.387053	5	1024	395686125	hg38.gc5Base.bw	0	100	1024	41140	2098000
585	4	128488870	128493990	chr4.387061	5	1024	395694317	hg38.gc5Base.bw	0	100	1024	40380	2055600
585	4	128729510	128734630	chr4.387108	5	1024	395742445	hg38.gc5Base.bw	0	100	1024	42560	2342400
585	4	129512870	129517990	chr4.387261	5	1024	395899117	hg38.gc5Base.bw	0	80	1024	34740	1608400
585	4	129533350	129538470	chr4.387265	5	1024	395903213	hg38.gc5Base.bw	0	100	1024	35860	1725200
585	4	129645990	129651110	chr4.387287	5	1024	395925741	hg38.gc5Base.bw	0	100	1024	35040	1702400
585	4	129830310	129835430	chr4.387323	5	1024	395962605	hg38.gc5Base.bw	0	100	1024	36900	1771600
585	4	130193830	130198950	chr4.387394	5	1024	396035309	hg38.gc5Base.bw	0	100	1024	33260	1550000
585	4	130198950	130204070	chr4.387395	5	1024	396036333	hg38.gc5Base.bw	0	100	1024	45460	2550800
585	4	130326950	130332070	chr4.387420	5	1024	396061933	hg38.gc5Base.bw	0	100	1024	33160	1545600
585	4	130562470	130567590	chr4.387466	5	1024	396109037	hg38.gc5Base.bw	0	100	1024	39200	2049600
585	4	131059110	131064230	chr4.387563	5	1024	396208365	hg38.gc5Base.bw	0	100	1024	37700	1920400
585	4	131627430	131632550	chr4.387674	5	1024	396322029	hg38.gc5Base.bw	0	100	1024	33900	1578800
585	4	132139430	132144550	chr4.387774	5	1024	396424429	hg38.gc5Base.bw	0	100	1024	34260	1582000
585	4	132533670	132538790	chr4.387851	5	1024	396503277	hg38.gc5Base.bw	0	100	1024	30940	1359600
585	4	132779430	132784550	chr4.387899	5	1024	396552429	hg38.gc5Base.bw	0	100	1024	33880	1600800
585	4	135728550	135733670	chr4.388475	5	1024	397142253	hg38.gc5Base.bw	0	100	1024	33540	1550000
585	4	136506790	136511910	chr4.388627	5	1024	397297901	hg38.gc5Base.bw	0	100	1024	34200	1547200
585	4	136757670	136762790	chr4.388676	5	1024	397348077	hg38.gc5Base.bw	0	100	1024	35920	1774400
585	4	137377190	137382310	chr4.388797	5	1024	397471981	hg38.gc5Base.bw	0	100	1024	38880	1911200
585	4	138165670	138170790	chr4.388951	5	1024	397629677	hg38.gc5Base.bw	0	100	1024	34120	1609600
585	4	138416550	138421670	chr4.389000	5	1024	397679853	hg38.gc5Base.bw	0	100	1024	37600	1887200
585	4	138872230	138877350	chr4.389089	5	1024	397770989	hg38.gc5Base.bw	0	100	1024	45100	2456400
585	4	139445670	139450790	chr4.389201	5	1024	397885677	hg38.gc5Base.bw	0	100	1024	46400	2568800
585	4	139660710	139665830	chr4.389243	5	1024	397928685	hg38.gc5Base.bw	0	100	1024	44560	2504800
585	4	139691430	139696550	chr4.389249	5	1024	397934829	hg38.gc5Base.bw	0	100	1024	44160	2444800
585	4	139747750	139752870	chr4.389260	5	1024	397946093	hg38.gc5Base.bw	0	100	1024	43980	2385200
585	4	139875750	139880870	chr4.389285	5	1024	397971693	hg38.gc5Base.bw	0	100	1024	42960	2345600
585	4	139978150	139983270	chr4.389305	5	1024	397992173	hg38.gc5Base.bw	0	100	1024	43500	2322000
585	4	140060070	140065190	chr4.389321	5	1024	398008557	hg38.gc5Base.bw	0	100	1024	40720	2089600
585	4	140090790	140095910	chr4.389327	5	1024	398014701	hg38.gc5Base.bw	0	100	1024	47980	2774000
585	4	140618150	140623270	chr4.389430	5	1024	398120173	hg38.gc5Base.bw	0	100	1024	43460	2412400
585	4	140848550	140853670	chr4.389475	5	1024	398166253	hg38.gc5Base.bw	0	100	1024	39080	1967200
585	4	140853670	140858790	chr4.389476	5	1024	398167277	hg38.gc5Base.bw	0	100	1024	45600	2552000
585	4	141089190	141094310	chr4.389522	5	1024	398214381	hg38.gc5Base.bw	0	100	1024	41060	2155600
585	4	141247910	141253030	chr4.389553	5	1024	398246125	hg38.gc5Base.bw	0	100	1024	39720	2039200
585	4	141263270	141268390	chr4.389556	5	1024	398249197	hg38.gc5Base.bw	0	100	1024	36060	1713200
585	4	141452710	141457830	chr4.389593	5	1024	398287085	hg38.gc5Base.bw	0	100	1024	36020	1714000
585	4	141805990	141811110	chr4.389662	5	1024	398357741	hg38.gc5Base.bw	0	100	1024	38760	1946400
585	4	142179750	142184870	chr4.389735	5	1024	398432493	hg38.gc5Base.bw	0	100	1024	36480	1796000
585	4	142358950	142364070	chr4.389770	5	1024	398468333	hg38.gc5Base.bw	0	100	1024	35220	1658000
585	4	143413670	143418790	chr4.389976	5	1024	398679277	hg38.gc5Base.bw	0	100	1024	41620	2254800
585	4	145144230	145149350	chr4.390314	5	1024	399025389	hg38.gc5Base.bw	0	80	1024	37100	1775600
585	4	145302950	145308070	chr4.390345	5	1024	399057133	hg38.gc5Base.bw	0	100	1024	40580	2082800
585	4	145558950	145564070	chr4.390395	5	1024	399108333	hg38.gc5Base.bw	0	100	1024	41420	2148400
585	4	145871270	145876390	chr4.390456	5	1024	399170797	hg38.gc5Base.bw	0	100	1024	41400	2176000
585	4	146490790	146495910	chr4.390577	5	1024	399294701	hg38.gc5Base.bw	0	100	1024	40540	2102800
585	4	146516390	146521510	chr4.390582	5	1024	399299821	hg38.gc5Base.bw	0	100	1024	38360	1987200
585	4	146588070	146593190	chr4.390596	5	1024	399314157	hg38.gc5Base.bw	0	100	1024	41740	2180400
585	4	146828710	146833830	chr4.390643	5	1024	399362285	hg38.gc5Base.bw	0	100	1024	36700	1796400
585	4	147729830	147734950	chr4.390819	5	1024	399542509	hg38.gc5Base.bw	0	100	1024	51120	3233600
585	4	148677030	148682150	chr4.391004	5	1024	399731949	hg38.gc5Base.bw	0	100	1024	41000	2101600
585	4	148789670	148794790	chr4.391026	5	1024	399754477	hg38.gc5Base.bw	0	100	1024	41620	2162800
585	4	150274470	150279590	chr4.391316	5	1024	400051437	hg38.gc5Base.bw	0	100	1024	42280	2218400
585	4	150448550	150453670	chr4.391350	5	1024	400086253	hg38.gc5Base.bw	0	100	1024	37740	1890000
585	4	150699430	150704550	chr4.391399	5	1024	400136429	hg38.gc5Base.bw	0	100	1024	36240	1760000
585	4	150735270	150740390	chr4.391406	5	1024	400143597	hg38.gc5Base.bw	0	100	1024	37040	1817600
585	4	151621030	151626150	chr4.391579	5	1024	400320749	hg38.gc5Base.bw	0	100	1024	43240	2333600
585	4	151697830	151702950	chr4.391594	5	1024	400336109	hg38.gc5Base.bw	0	100	1024	44440	2417600
585	4	152061350	152066470	chr4.391665	5	1024	400408813	hg38.gc5Base.bw	0	100	1024	44120	2370400
585	4	152214950	152220070	chr4.391695	5	1024	400439533	hg38.gc5Base.bw	0	100	1024	40140	2076400
585	4	152240550	152245670	chr4.391700	5	1024	400444653	hg38.gc5Base.bw	0	100	1024	40820	2122800
585	4	152665510	152670630	chr4.391783	5	1024	400529645	hg38.gc5Base.bw	0	100	1024	41600	2204800
585	4	153720230	153725350	chr4.391989	5	1024	400740589	hg38.gc5Base.bw	0	100	1024	42760	2344000
585	4	153940390	153945510	chr4.392032	5	1024	400784621	hg38.gc5Base.bw	0	100	1024	41660	2208400
585	4	154498470	154503590	chr4.392141	5	1024	400896237	hg38.gc5Base.bw	0	100	1024	37040	1824000
585	4	155189670	155194790	chr4.392276	5	1024	401034477	hg38.gc5Base.bw	0	80	1024	35940	1678000
585	4	155235750	155240870	chr4.392285	5	1024	401043693	hg38.gc5Base.bw	0	100	1024	36040	1748000
585	4	155589030	155594150	chr4.392354	5	1024	401114349	hg38.gc5Base.bw	0	100	1024	36420	1768400
585	4	155763110	155768230	chr4.392388	5	1024	401149165	hg38.gc5Base.bw	0	100	1024	36060	1677200
585	4	157150630	157155750	chr4.392659	5	1024	401426669	hg38.gc5Base.bw	0	100	1024	38040	1880800
585	4	157555110	157560230	chr4.392738	5	1024	401507565	hg38.gc5Base.bw	0	100	1024	39700	2013200
585	4	157805990	157811110	chr4.392787	5	1024	401557741	hg38.gc5Base.bw	0	100	1024	36100	1740400
585	4	157974950	157980070	chr4.392820	5	1024	401591533	hg38.gc5Base.bw	0	100	1024	32720	1526400
585	4	158067110	158072230	chr4.392838	5	1024	401609965	hg38.gc5Base.bw	0	100	1024	33900	1595600
585	4	158205350	158210470	chr4.392865	5	1024	401637613	hg38.gc5Base.bw	0	100	1024	39080	1997600
585	4	158302630	158307750	chr4.392884	5	1024	401657069	hg38.gc5Base.bw	0	100	1024	38400	1919200
585	4	158492070	158497190	chr4.392921	5	1024	401694957	hg38.gc5Base.bw	0	100	1024	36180	1760400
585	4	158891430	158896550	chr4.392999	5	1024	401774829	hg38.gc5Base.bw	0	100	1024	38740	1969200
585	4	158952870	158957990	chr4.393011	5	1024	401787117	hg38.gc5Base.bw	0	100	1024	44180	2440400
585	4	160140710	160145830	chr4.393243	5	1024	402024685	hg38.gc5Base.bw	0	100	1024	34980	1640400
585	4	160145830	160150950	chr4.393244	5	1024	402025709	hg38.gc5Base.bw	0	100	1024	35360	1708800
585	4	161318310	161323430	chr4.393473	5	1024	402260205	hg38.gc5Base.bw	0	100	1024	39800	2044000
585	4	161441190	161446310	chr4.393497	5	1024	402284781	hg38.gc5Base.bw	0	100	1024	33160	1522400
585	4	162081190	162086310	chr4.393622	5	1024	402412781	hg38.gc5Base.bw	0	100	1024	31500	1430000
585	4	163494310	163499430	chr4.393898	5	1024	402695405	hg38.gc5Base.bw	0	100	1024	43180	2428400
585	4	163550630	163555750	chr4.393909	5	1024	402706669	hg38.gc5Base.bw	0	100	1024	40460	2101200
585	4	163857830	163862950	chr4.393969	5	1024	402768109	hg38.gc5Base.bw	0	100	1024	37380	1817200
585	4	163878310	163883430	chr4.393973	5	1024	402772205	hg38.gc5Base.bw	0	100	1024	35660	1766800
585	4	164799910	164805030	chr4.394153	5	1024	402956525	hg38.gc5Base.bw	0	100	1024	41600	2192000
585	4	165245350	165250470	chr4.394240	5	1024	403045613	hg38.gc5Base.bw	0	100	1024	42040	2186400
585	4	165347750	165352870	chr4.394260	5	1024	403066093	hg38.gc5Base.bw	0	100	1024	43000	2296800
585	4	165716390	165721510	chr4.394332	5	1024	403139821	hg38.gc5Base.bw	0	100	1024	38180	1917200
585	4	165767590	165772710	chr4.394342	5	1024	403150061	hg38.gc5Base.bw	0	100	1024	37160	1863200
585	4	166837670	166842790	chr4.394551	5	1024	403364077	hg38.gc5Base.bw	0	100	1024	41340	2157200
585	4	167175590	167180710	chr4.394617	5	1024	403431661	hg38.gc5Base.bw	0	100	1024	38480	1916000
585	4	167283110	167288230	chr4.394638	5	1024	403453165	hg38.gc5Base.bw	0	100	1024	37520	1837600
585	4	168261030	168266150	chr4.394829	5	1024	403648749	hg38.gc5Base.bw	0	100	1024	35120	1653600
585	4	168373670	168378790	chr4.394851	5	1024	403671277	hg38.gc5Base.bw	0	100	1024	37220	1811600
585	4	168752550	168757670	chr4.394925	5	1024	403747053	hg38.gc5Base.bw	0	100	1024	41940	2207600
585	4	168767910	168773030	chr4.394928	5	1024	403750125	hg38.gc5Base.bw	0	100	1024	44780	2456400
585	4	169279910	169285030	chr4.395028	5	1024	403852525	hg38.gc5Base.bw	0	100	1024	42180	2280400
585	4	169878950	169884070	chr4.395145	5	1024	403972333	hg38.gc5Base.bw	0	100	1024	44420	2462000
585	4	170657190	170662310	chr4.395297	5	1024	404127981	hg38.gc5Base.bw	0	100	1024	37020	1808400
585	4	171199910	171205030	chr4.395403	5	1024	404236525	hg38.gc5Base.bw	0	100	1024	39000	1959200
585	4	172172710	172177830	chr4.395593	5	1024	404431085	hg38.gc5Base.bw	0	100	1024	38360	1971200
585	4	172244390	172249510	chr4.395607	5	1024	404445421	hg38.gc5Base.bw	0	80	1024	36360	1720800
585	4	172428710	172433830	chr4.395643	5	1024	404482285	hg38.gc5Base.bw	0	100	1024	35000	1674400
585	4	172551590	172556710	chr4.395667	5	1024	404506861	hg38.gc5Base.bw	0	100	1024	33480	1530400
585	4	172863910	172869030	chr4.395728	5	1024	404569325	hg38.gc5Base.bw	0	100	1024	41220	2115600
585	4	173130150	173135270	chr4.395780	5	1024	404622573	hg38.gc5Base.bw	0	100	1024	38200	1901600
585	4	173903270	173908390	chr4.395931	5	1024	404777197	hg38.gc5Base.bw	0	100	1024	34400	1592800
585	4	174225830	174230950	chr4.395994	5	1024	404841709	hg38.gc5Base.bw	0	80	1024	36540	1756400
585	4	174297510	174302630	chr4.396008	5	1024	404856045	hg38.gc5Base.bw	0	100	1024	35360	1710400
585	4	174579110	174584230	chr4.396063	5	1024	404912365	hg38.gc5Base.bw	0	100	1024	41100	2126000
585	4	174604710	174609830	chr4.396068	5	1024	404917485	hg38.gc5Base.bw	0	100	1024	37520	1884000
585	4	174789030	174794150	chr4.396104	5	1024	404954349	hg38.gc5Base.bw	0	100	1024	37780	1915600
585	4	175705510	175710630	chr4.396283	5	1024	405137645	hg38.gc5Base.bw	0	100	1024	37580	1911600
585	4	176386470	176391590	chr4.396416	5	1024	405273837	hg38.gc5Base.bw	0	100	1024	40580	2118000
585	4	176540070	176545190	chr4.396446	5	1024	405304557	hg38.gc5Base.bw	0	100	1024	37360	1853600
585	4	176601510	176606630	chr4.396458	5	1024	405316845	hg38.gc5Base.bw	0	100	1024	36820	1827600
585	4	176627110	176632230	chr4.396463	5	1024	405321965	hg38.gc5Base.bw	0	100	1024	40040	2018400
585	4	176657830	176662950	chr4.396469	5	1024	405328109	hg38.gc5Base.bw	0	100	1024	42220	2239600
585	4	176662950	176668070	chr4.396470	5	1024	405329133	hg38.gc5Base.bw	0	100	1024	40720	2152800
585	4	176918950	176924070	chr4.396520	5	1024	405380333	hg38.gc5Base.bw	0	100	1024	34640	1702400
585	4	177640870	177645990	chr4.396661	5	1024	405524717	hg38.gc5Base.bw	0	100	1024	35360	1674400
585	4	178055590	178060710	chr4.396742	5	1024	405607661	hg38.gc5Base.bw	0	100	1024	33880	1565600
585	4	179187110	179192230	chr4.396963	5	1024	405833965	hg38.gc5Base.bw	0	100	1024	36520	1832800
585	4	179658150	179663270	chr4.397055	5	1024	405928173	hg38.gc5Base.bw	0	100	1024	40240	2092000
585	4	179663270	179668390	chr4.397056	5	1024	405929197	hg38.gc5Base.bw	0	100	1024	43940	2410000
585	4	179734950	179740070	chr4.397070	5	1024	405943533	hg38.gc5Base.bw	0	100	1024	34500	1624400
585	4	180124070	180129190	chr4.397146	5	1024	406021357	hg38.gc5Base.bw	0	100	1024	37600	1840800
585	4	180144550	180149670	chr4.397150	5	1024	406025453	hg38.gc5Base.bw	0	80	1024	32180	1459600
585	4	180477350	180482470	chr4.397215	5	1024	406092013	hg38.gc5Base.bw	0	100	1024	33200	1533600
585	4	180518310	180523430	chr4.397223	5	1024	406100205	hg38.gc5Base.bw	0	100	1024	37720	1892800
585	4	181142950	181148070	chr4.397345	5	1024	406225133	hg38.gc5Base.bw	0	100	1024	43680	2328800
585	4	181567910	181573030	chr4.397428	5	1024	406310125	hg38.gc5Base.bw	0	100	1024	42400	2270400
585	4	181649830	181654950	chr4.397444	5	1024	406326509	hg38.gc5Base.bw	0	100	1024	42100	2222800
585	4	181706150	181711270	chr4.397455	5	1024	406337773	hg38.gc5Base.bw	0	100	1024	40140	2102800
585	4	181844390	181849510	chr4.397482	5	1024	406365421	hg38.gc5Base.bw	0	100	1024	35360	1698400
585	4	181910950	181916070	chr4.397495	5	1024	406378733	hg38.gc5Base.bw	0	100	1024	41240	2155200
585	4	181962150	181967270	chr4.397505	5	1024	406388973	hg38.gc5Base.bw	0	100	1024	39060	1959600
585	4	182105510	182110630	chr4.397533	5	1024	406417645	hg38.gc5Base.bw	0	100	1024	42300	2280400
585	4	182407590	182412710	chr4.397592	5	1024	406478061	hg38.gc5Base.bw	0	100	1024	41720	2204800
585	4	182678950	182684070	chr4.397645	5	1024	406532333	hg38.gc5Base.bw	0	100	1024	38620	1950000
585	4	183569830	183574950	chr4.397819	5	1024	406710509	hg38.gc5Base.bw	0	100	1024	45340	2527600
585	4	183769510	183774630	chr4.397858	5	1024	406750445	hg38.gc5Base.bw	0	100	1024	45920	2537600
585	4	183943590	183948710	chr4.397892	5	1024	406785261	hg38.gc5Base.bw	0	100	1024	43280	2353600
585	4	184189350	184194470	chr4.397940	5	1024	406834413	hg38.gc5Base.bw	0	100	1024	41360	2156000
585	4	184204710	184209830	chr4.397943	5	1024	406837485	hg38.gc5Base.bw	0	100	1024	50760	3056800
585	4	184353190	184358310	chr4.397972	5	1024	406867181	hg38.gc5Base.bw	0	100	1024	46800	2656800
585	4	184368550	184373670	chr4.397975	5	1024	406870253	hg38.gc5Base.bw	0	100	1024	42360	2364000
585	4	184588710	184593830	chr4.398018	5	1024	406914285	hg38.gc5Base.bw	0	100	1024	51480	3136800
585	4	184742310	184747430	chr4.398048	5	1024	406945005	hg38.gc5Base.bw	0	100	1024	49020	2838000
585	4	185141670	185146790	chr4.398126	5	1024	407024877	hg38.gc5Base.bw	0	100	1024	51380	3222000
585	4	185628070	185633190	chr4.398221	5	1024	407122157	hg38.gc5Base.bw	0	100	1024	37080	1827200
585	4	186211750	186216870	chr4.398335	5	1024	407238893	hg38.gc5Base.bw	0	100	1024	40080	2051200
585	4	186278310	186283430	chr4.398348	5	1024	407252205	hg38.gc5Base.bw	0	100	1024	42520	2264800
585	4	186452390	186457510	chr4.398382	5	1024	407287021	hg38.gc5Base.bw	0	100	1024	39880	2097600
585	4	186524070	186529190	chr4.398396	5	1024	407301357	hg38.gc5Base.bw	0	100	1024	36900	1785200
585	4	186708390	186713510	chr4.398432	5	1024	407338221	hg38.gc5Base.bw	0	100	1024	41920	2211200
585	4	187261350	187266470	chr4.398540	5	1024	407448813	hg38.gc5Base.bw	0	100	1024	36660	1791600
585	4	187476390	187481510	chr4.398582	5	1024	407491821	hg38.gc5Base.bw	0	100	1024	42720	2235200
585	4	187629990	187635110	chr4.398612	5	1024	407522541	hg38.gc5Base.bw	0	100	1024	34800	1597600
585	4	187660710	187665830	chr4.398618	5	1024	407528685	hg38.gc5Base.bw	0	100	1024	40820	2074800
585	4	187691430	187696550	chr4.398624	5	1024	407534829	hg38.gc5Base.bw	0	100	1024	41800	2216000
585	4	188423590	188428710	chr4.398767	5	1024	407681261	hg38.gc5Base.bw	0	100	1024	36780	1832400
585	4	188869030	188874150	chr4.398854	5	1024	407770349	hg38.gc5Base.bw	0	100	1024	45160	2550400
585	4	188920230	188925350	chr4.398864	5	1024	407780589	hg38.gc5Base.bw	0	100	1024	41420	2217200
585	4	188971430	188976550	chr4.398874	5	1024	407790829	hg38.gc5Base.bw	0	100	1024	50760	3188000
585	4	189114790	189119910	chr4.398902	5	1024	407819501	hg38.gc5Base.bw	0	100	1024	43640	2374400
585	4	189212070	189217190	chr4.398921	5	1024	407838957	hg38.gc5Base.bw	0	100	1024	37020	1801200
585	4	189468070	189473190	chr4.398971	5	1024	407890157	hg38.gc5Base.bw	0	100	1024	42040	2241600
585	5	409360	414480	chr5.399842	5	1024	408773794	hg38.gc5Base.bw	0	100	1024	43480	2430400
585	5	1546000	1551120	chr5.400064	5	1024	409001122	hg38.gc5Base.bw	0	100	1024	52740	3234000
585	5	1551120	1556240	chr5.400065	5	1024	409002146	hg38.gc5Base.bw	0	100	1024	56120	3596000
585	5	1638160	1643280	chr5.400082	5	1024	409019554	hg38.gc5Base.bw	0	100	1024	55100	3513200
585	5	1643280	1648400	chr5.400083	5	1024	409020578	hg38.gc5Base.bw	0	100	1024	50940	3089200
585	5	1955600	1960720	chr5.400144	5	1024	409083042	hg38.gc5Base.bw	0	100	1024	51540	3065200
585	5	2011920	2017040	chr5.400155	5	1024	409094306	hg38.gc5Base.bw	0	100	1024	48880	2832800
585	5	2385680	2390800	chr5.400228	5	1024	409169058	hg38.gc5Base.bw	0	100	1024	49780	2971600
585	5	2667280	2672400	chr5.400283	5	1024	409225378	hg38.gc5Base.bw	0	100	1024	49160	2935200
585	5	3015440	3020560	chr5.400351	5	1024	409295010	hg38.gc5Base.bw	0	100	1024	36260	1851600
585	5	3107600	3112720	chr5.400369	5	1024	409313442	hg38.gc5Base.bw	0	100	1024	50940	3018800
585	5	3122960	3128080	chr5.400372	5	1024	409316514	hg38.gc5Base.bw	0	100	1024	44440	2497600
585	5	3230480	3235600	chr5.400393	5	1024	409338018	hg38.gc5Base.bw	0	100	1024	41560	2202400
585	5	3240720	3245840	chr5.400395	5	1024	409340066	hg38.gc5Base.bw	0	100	1024	40140	2053200
585	5	3307280	3312400	chr5.400408	5	1024	409353378	hg38.gc5Base.bw	0	100	1024	51100	3038800
585	5	3373840	3378960	chr5.400421	5	1024	409366690	hg38.gc5Base.bw	0	100	1024	47060	2638000
585	5	3378960	3384080	chr5.400422	5	1024	409367714	hg38.gc5Base.bw	0	100	1024	51220	3074000
585	5	3430160	3435280	chr5.400432	5	1024	409377954	hg38.gc5Base.bw	0	100	1024	45340	2494800
585	5	4024080	4029200	chr5.400548	5	1024	409496738	hg38.gc5Base.bw	0	100	1024	45840	2572800
585	5	4474640	4479760	chr5.400636	5	1024	409586850	hg38.gc5Base.bw	0	100	1024	40620	2086800
585	5	4633360	4638480	chr5.400667	5	1024	409618594	hg38.gc5Base.bw	0	100	1024	37580	1888400
585	5	4658960	4664080	chr5.400672	5	1024	409623714	hg38.gc5Base.bw	0	100	1024	43300	2326000
585	5	4720400	4725520	chr5.400684	5	1024	409636002	hg38.gc5Base.bw	0	100	1024	42000	2188000
585	5	5124880	5130000	chr5.400763	5	1024	409716898	hg38.gc5Base.bw	0	100	1024	39420	2083600
585	5	5160720	5165840	chr5.400770	5	1024	409724066	hg38.gc5Base.bw	0	100	1024	43360	2340000
585	5	5217040	5222160	chr5.400781	5	1024	409735330	hg38.gc5Base.bw	0	100	1024	44540	2450000
585	5	5242640	5247760	chr5.400786	5	1024	409740450	hg38.gc5Base.bw	0	100	1024	39320	1959200
585	5	5360400	5365520	chr5.400809	5	1024	409764002	hg38.gc5Base.bw	0	100	1024	49160	2860800
585	5	5406480	5411600	chr5.400818	5	1024	409773218	hg38.gc5Base.bw	0	100	1024	43960	2376800
585	5	5698320	5703440	chr5.400875	5	1024	409831586	hg38.gc5Base.bw	0	100	1024	42200	2224000
585	5	5821200	5826320	chr5.400899	5	1024	409856162	hg38.gc5Base.bw	0	100	1024	42380	2229200
585	5	5836560	5841680	chr5.400902	5	1024	409859234	hg38.gc5Base.bw	0	100	1024	40080	2101600
585	5	6154000	6159120	chr5.400964	5	1024	409922722	hg38.gc5Base.bw	0	100	1024	43120	2256000
585	5	6410000	6415120	chr5.401014	5	1024	409973922	hg38.gc5Base.bw	0	100	1024	46080	2652800
585	5	6435600	6440720	chr5.401019	5	1024	409979042	hg38.gc5Base.bw	0	100	1024	44140	2358000
585	5	6466320	6471440	chr5.401025	5	1024	409985186	hg38.gc5Base.bw	0	100	1024	47380	2766800
585	5	6568720	6573840	chr5.401045	5	1024	410005666	hg38.gc5Base.bw	0	100	1024	52780	3255600
585	5	6666000	6671120	chr5.401064	5	1024	410025122	hg38.gc5Base.bw	0	100	1024	44360	2494400
585	5	6686480	6691600	chr5.401068	5	1024	410029218	hg38.gc5Base.bw	0	100	1024	41000	2179200
585	5	6737680	6742800	chr5.401078	5	1024	410039458	hg38.gc5Base.bw	0	100	1024	47540	2754800
585	5	6824720	6829840	chr5.401095	5	1024	410056866	hg38.gc5Base.bw	0	100	1024	41780	2179600
585	5	6962960	6968080	chr5.401122	5	1024	410084514	hg38.gc5Base.bw	0	100	1024	41180	2178800
585	5	7812880	7818000	chr5.401288	5	1024	410254498	hg38.gc5Base.bw	0	100	1024	46240	2610400
585	5	7823120	7828240	chr5.401290	5	1024	410256546	hg38.gc5Base.bw	0	100	1024	49920	2900800
585	5	7828240	7833360	chr5.401291	5	1024	410257570	hg38.gc5Base.bw	0	100	1024	46380	2590000
585	5	8714000	8719120	chr5.401464	5	1024	410434722	hg38.gc5Base.bw	0	100	1024	35680	1712800
585	5	9379600	9384720	chr5.401594	5	1024	410567842	hg38.gc5Base.bw	0	100	1024	42180	2201200
585	5	9543440	9548560	chr5.401626	5	1024	410600610	hg38.gc5Base.bw	0	100	1024	56200	3763200
585	5	9604880	9610000	chr5.401638	5	1024	410612898	hg38.gc5Base.bw	0	100	1024	38460	1952400
585	5	9840400	9845520	chr5.401684	5	1024	410660002	hg38.gc5Base.bw	0	100	1024	38380	1933200
585	5	9983760	9988880	chr5.401712	5	1024	410688674	hg38.gc5Base.bw	0	100	1024	39500	2038800
585	5	10393360	10398480	chr5.401792	5	1024	410770594	hg38.gc5Base.bw	0	100	1024	38220	1911600
585	5	10700560	10705680	chr5.401852	5	1024	410832034	hg38.gc5Base.bw	0	100	1024	48640	2810400
585	5	10787600	10792720	chr5.401869	5	1024	410849442	hg38.gc5Base.bw	0	100	1024	47620	2641200
585	5	10849040	10854160	chr5.401881	5	1024	410861730	hg38.gc5Base.bw	0	100	1024	43440	2305600
585	5	10971920	10977040	chr5.401905	5	1024	410886306	hg38.gc5Base.bw	0	100	1024	43000	2281600
585	5	11156240	11161360	chr5.401941	5	1024	410923170	hg38.gc5Base.bw	0	100	1024	39920	2025600
585	5	11448080	11453200	chr5.401998	5	1024	410981538	hg38.gc5Base.bw	0	100	1024	37720	1893600
585	5	11560720	11565840	chr5.402020	5	1024	411004066	hg38.gc5Base.bw	0	100	1024	39520	1962400
585	5	11586320	11591440	chr5.402025	5	1024	411009186	hg38.gc5Base.bw	0	100	1024	36020	1790000
585	5	11944720	11949840	chr5.402095	5	1024	411080866	hg38.gc5Base.bw	0	100	1024	36540	1741200
585	5	12359440	12364560	chr5.402176	5	1024	411163810	hg38.gc5Base.bw	0	100	1024	34480	1656800
585	5	13209360	13214480	chr5.402342	5	1024	411333794	hg38.gc5Base.bw	0	80	1024	35640	1673600
585	5	13234960	13240080	chr5.402347	5	1024	411338914	hg38.gc5Base.bw	0	100	1024	40560	2048800
585	5	14084880	14090000	chr5.402513	5	1024	411508898	hg38.gc5Base.bw	0	100	1024	45560	2558400
585	5	14120720	14125840	chr5.402520	5	1024	411516066	hg38.gc5Base.bw	0	100	1024	46040	2557600
585	5	14136080	14141200	chr5.402523	5	1024	411519138	hg38.gc5Base.bw	0	100	1024	47820	2732400
585	5	14760720	14765840	chr5.402645	5	1024	411644066	hg38.gc5Base.bw	0	100	1024	47080	2664000
585	5	14939920	14945040	chr5.402680	5	1024	411679906	hg38.gc5Base.bw	0	100	1024	40740	2144400
585	5	14945040	14950160	chr5.402681	5	1024	411680930	hg38.gc5Base.bw	0	100	1024	39660	2001200
585	5	15805200	15810320	chr5.402849	5	1024	411852962	hg38.gc5Base.bw	0	100	1024	39420	2033200
585	5	16214800	16219920	chr5.402929	5	1024	411934882	hg38.gc5Base.bw	0	100	1024	42760	2283200
585	5	16465680	16470800	chr5.402978	5	1024	411985058	hg38.gc5Base.bw	0	100	1024	44780	2510000
585	5	16501520	16506640	chr5.402985	5	1024	411992226	hg38.gc5Base.bw	0	100	1024	47100	2744400
585	5	16511760	16516880	chr5.402987	5	1024	411994274	hg38.gc5Base.bw	0	100	1024	41700	2205200
585	5	16808720	16813840	chr5.403045	5	1024	412053666	hg38.gc5Base.bw	0	100	1024	49900	2958000
585	5	17023760	17028880	chr5.403087	5	1024	412096674	hg38.gc5Base.bw	0	100	1024	44740	2503600
585	5	17284880	17290000	chr5.403138	5	1024	412148898	hg38.gc5Base.bw	0	100	1024	46360	2608000
585	5	17479440	17484560	chr5.403176	5	1024	412187810	hg38.gc5Base.bw	0	100	1024	36700	1844400
585	5	17800795	17805915	chr5.403230	5	1024	412242082	hg38.gc5Base.bw	0	100	1024	36900	1822800
585	5	18573915	18579035	chr5.403381	5	1024	412396706	hg38.gc5Base.bw	0	100	1024	39040	1954400
585	5	18727515	18732635	chr5.403411	5	1024	412427426	hg38.gc5Base.bw	0	100	1024	35940	1747600
585	5	18794075	18799195	chr5.403424	5	1024	412440738	hg38.gc5Base.bw	0	100	1024	36080	1788800
585	5	18860635	18865755	chr5.403437	5	1024	412454050	hg38.gc5Base.bw	0	100	1024	33880	1578400
585	5	19157595	19162715	chr5.403495	5	1024	412513442	hg38.gc5Base.bw	0	100	1024	37080	1864800
585	5	20248155	20253275	chr5.403708	5	1024	412731554	hg38.gc5Base.bw	0	100	1024	37700	2010800
585	5	20458075	20463195	chr5.403749	5	1024	412773538	hg38.gc5Base.bw	0	100	1024	38880	1962400
585	5	21845595	21850715	chr5.404020	5	1024	413051042	hg38.gc5Base.bw	0	100	1024	36860	1788400
585	5	22188635	22193755	chr5.404087	5	1024	413119650	hg38.gc5Base.bw	0	100	1024	40040	2074400
585	5	22219355	22224475	chr5.404093	5	1024	413125794	hg38.gc5Base.bw	0	100	1024	34200	1572800
585	5	22444635	22449755	chr5.404137	5	1024	413170850	hg38.gc5Base.bw	0	100	1024	33080	1526400
585	5	22475355	22480475	chr5.404143	5	1024	413176994	hg38.gc5Base.bw	0	100	1024	34700	1676400
585	5	23089755	23094875	chr5.404263	5	1024	413299874	hg38.gc5Base.bw	0	100	1024	37120	1820000
585	5	23212635	23217755	chr5.404287	5	1024	413324450	hg38.gc5Base.bw	0	100	1024	37080	1851200
585	5	23386715	23391835	chr5.404321	5	1024	413359266	hg38.gc5Base.bw	0	100	1024	37280	1823200
585	5	23591515	23596635	chr5.404361	5	1024	413400226	hg38.gc5Base.bw	0	100	1024	31500	1438000
585	5	23709275	23714395	chr5.404384	5	1024	413423778	hg38.gc5Base.bw	0	100	1024	44400	2451200
585	5	23857755	23862875	chr5.404413	5	1024	413453474	hg38.gc5Base.bw	0	100	1024	34420	1622800
585	5	24830555	24835675	chr5.404603	5	1024	413648034	hg38.gc5Base.bw	0	100	1024	35600	1716000
585	5	25055835	25060955	chr5.404647	5	1024	413693090	hg38.gc5Base.bw	0	100	1024	34400	1616800
585	5	26653275	26658395	chr5.404959	5	1024	414012578	hg38.gc5Base.bw	0	100	1024	42500	2223600
585	5	26975835	26980955	chr5.405022	5	1024	414077090	hg38.gc5Base.bw	0	100	1024	30760	1373600
585	5	27226715	27231835	chr5.405071	5	1024	414127266	hg38.gc5Base.bw	0	100	1024	31040	1402400
585	5	27293275	27298395	chr5.405084	5	1024	414140578	hg38.gc5Base.bw	0	100	1024	35640	1744000
585	5	28742235	28747355	chr5.405367	5	1024	414430370	hg38.gc5Base.bw	0	100	1024	36800	1828000
585	5	29069915	29075035	chr5.405431	5	1024	414495906	hg38.gc5Base.bw	0	100	1024	31220	1414800
585	5	29075035	29080155	chr5.405432	5	1024	414496930	hg38.gc5Base.bw	0	100	1024	38280	1904800
585	5	29807195	29812315	chr5.405575	5	1024	414643362	hg38.gc5Base.bw	0	100	1024	35500	1710000
585	5	29991515	29996635	chr5.405611	5	1024	414680226	hg38.gc5Base.bw	0	100	1024	34640	1609600
585	5	30687835	30692955	chr5.405747	5	1024	414819490	hg38.gc5Base.bw	0	100	1024	34240	1588000
585	5	30800475	30805595	chr5.405769	5	1024	414842018	hg38.gc5Base.bw	0	100	1024	39400	1982400
585	5	30841435	30846555	chr5.405777	5	1024	414850210	hg38.gc5Base.bw	0	100	1024	36280	1740000
585	5	31092315	31097435	chr5.405826	5	1024	414900386	hg38.gc5Base.bw	0	100	1024	38760	1950400
585	5	31225435	31230555	chr5.405852	5	1024	414927010	hg38.gc5Base.bw	0	100	1024	44860	2454000
585	5	31368795	31373915	chr5.405880	5	1024	414955682	hg38.gc5Base.bw	0	100	1024	46600	2582400
585	5	31384155	31389275	chr5.405883	5	1024	414958754	hg38.gc5Base.bw	0	100	1024	46740	2642000
585	5	31409755	31414875	chr5.405888	5	1024	414963874	hg38.gc5Base.bw	0	100	1024	40580	2130000
585	5	31481435	31486555	chr5.405902	5	1024	414978210	hg38.gc5Base.bw	0	100	1024	38640	2007200
585	5	31855195	31860315	chr5.405975	5	1024	415052962	hg38.gc5Base.bw	0	100	1024	47360	2688800
585	5	31891035	31896155	chr5.405982	5	1024	415060130	hg38.gc5Base.bw	0	100	1024	49440	2936000
585	5	31896155	31901275	chr5.405983	5	1024	415061154	hg38.gc5Base.bw	0	100	1024	47000	2680800
585	5	32065115	32070235	chr5.406016	5	1024	415094946	hg38.gc5Base.bw	0	100	1024	41460	2185200
585	5	32315995	32321115	chr5.406065	5	1024	415145122	hg38.gc5Base.bw	0	100	1024	53460	3333200
585	5	32525915	32531035	chr5.406106	5	1024	415187106	hg38.gc5Base.bw	0	100	1024	45320	2581600
585	5	33176155	33181275	chr5.406233	5	1024	415317154	hg38.gc5Base.bw	0	100	1024	34640	1630400
585	5	33498715	33503835	chr5.406296	5	1024	415381666	hg38.gc5Base.bw	0	100	1024	45960	2686400
585	5	33831515	33836635	chr5.406361	5	1024	415448226	hg38.gc5Base.bw	0	100	1024	42180	2182800
585	5	33841755	33846875	chr5.406363	5	1024	415450274	hg38.gc5Base.bw	0	100	1024	43180	2302800
585	5	34579035	34584155	chr5.406507	5	1024	415597730	hg38.gc5Base.bw	0	100	1024	46100	2591600
585	5	34835035	34840155	chr5.406557	5	1024	415648930	hg38.gc5Base.bw	0	100	1024	47520	2775200
585	5	34952795	34957915	chr5.406580	5	1024	415672482	hg38.gc5Base.bw	0	100	1024	37120	1861600
585	5	35003995	35009115	chr5.406590	5	1024	415682722	hg38.gc5Base.bw	0	100	1024	44920	2450400
585	5	35357275	35362395	chr5.406659	5	1024	415753378	hg38.gc5Base.bw	0	100	1024	41100	2126000
585	5	36708955	36714075	chr5.406923	5	1024	416023714	hg38.gc5Base.bw	0	100	1024	43620	2283600
585	5	37220955	37226075	chr5.407023	5	1024	416126114	hg38.gc5Base.bw	0	100	1024	39400	2017600
585	5	37886555	37891675	chr5.407153	5	1024	416259234	hg38.gc5Base.bw	0	100	1024	47820	2715600
585	5	39197275	39202395	chr5.407409	5	1024	416521378	hg38.gc5Base.bw	0	100	1024	38900	1994800
585	5	39443035	39448155	chr5.407457	5	1024	416570530	hg38.gc5Base.bw	0	100	1024	38560	1988800
585	5	39540315	39545435	chr5.407476	5	1024	416589986	hg38.gc5Base.bw	0	100	1024	39880	2026400
585	5	39576155	39581275	chr5.407483	5	1024	416597154	hg38.gc5Base.bw	0	100	1024	36560	1803200
585	5	39719515	39724635	chr5.407511	5	1024	416625826	hg38.gc5Base.bw	0	100	1024	38260	1964400
585	5	40456795	40461915	chr5.407655	5	1024	416773282	hg38.gc5Base.bw	0	100	1024	38080	1868800
585	5	41260635	41265755	chr5.407812	5	1024	416934050	hg38.gc5Base.bw	0	100	1024	36240	1712800
585	5	41281115	41286235	chr5.407816	5	1024	416938146	hg38.gc5Base.bw	0	100	1024	37080	1800000
585	5	41506395	41511515	chr5.407860	5	1024	416983202	hg38.gc5Base.bw	0	100	1024	45960	2584000
585	5	41726555	41731675	chr5.407903	5	1024	417027234	hg38.gc5Base.bw	0	100	1024	40500	2074800
585	5	41905755	41910875	chr5.407938	5	1024	417063074	hg38.gc5Base.bw	0	100	1024	33680	1544800
585	5	42043995	42049115	chr5.407965	5	1024	417090722	hg38.gc5Base.bw	0	100	1024	37800	1840800
585	5	42079835	42084955	chr5.407972	5	1024	417097890	hg38.gc5Base.bw	0	100	1024	38920	1892000
585	5	43211355	43216475	chr5.408193	5	1024	417324194	hg38.gc5Base.bw	0	100	1024	45060	2521200
585	5	44399195	44404315	chr5.408425	5	1024	417561762	hg38.gc5Base.bw	0	100	1024	37960	1905600
585	5	44947035	44952155	chr5.408532	5	1024	417671330	hg38.gc5Base.bw	0	100	1024	37360	1848800
585	5	45873755	45878875	chr5.408713	5	1024	417856674	hg38.gc5Base.bw	0	100	1024	35220	1626800
585	5	52327230	52332350	chr5.409970	5	1024	419117218	hg38.gc5Base.bw	0	100	1024	38500	1902000
585	5	52414270	52419390	chr5.409987	5	1024	419134626	hg38.gc5Base.bw	0	100	1024	35260	1686800
585	5	52782910	52788030	chr5.410059	5	1024	419208354	hg38.gc5Base.bw	0	100	1024	38640	1987200
585	5	52956990	52962110	chr5.410093	5	1024	419243170	hg38.gc5Base.bw	0	100	1024	36620	1787600
585	5	53161790	53166910	chr5.410133	5	1024	419284130	hg38.gc5Base.bw	0	100	1024	42440	2280000
585	5	53509950	53515070	chr5.410201	5	1024	419353762	hg38.gc5Base.bw	0	100	1024	42980	2324400
585	5	53678910	53684030	chr5.410234	5	1024	419387554	hg38.gc5Base.bw	0	100	1024	35700	1667600
585	5	54098750	54103870	chr5.410316	5	1024	419471522	hg38.gc5Base.bw	0	100	1024	33060	1505200
585	5	54190910	54196030	chr5.410334	5	1024	419489954	hg38.gc5Base.bw	0	100	1024	38420	1914000
585	5	54472510	54477630	chr5.410389	5	1024	419546274	hg38.gc5Base.bw	0	100	1024	42700	2304400
585	5	54513470	54518590	chr5.410397	5	1024	419554466	hg38.gc5Base.bw	0	100	1024	43780	2736400
585	5	54948670	54953790	chr5.410482	5	1024	419641506	hg38.gc5Base.bw	0	100	1024	40420	2047600
585	5	55102270	55107390	chr5.410512	5	1024	419672226	hg38.gc5Base.bw	0	100	1024	39920	2138400
585	5	56054590	56059710	chr5.410698	5	1024	419862690	hg38.gc5Base.bw	0	100	1024	46160	2572800
585	5	56182590	56187710	chr5.410723	5	1024	419888290	hg38.gc5Base.bw	0	100	1024	47460	2706800
585	5	56269630	56274750	chr5.410740	5	1024	419905698	hg38.gc5Base.bw	0	100	1024	42620	2256400
585	5	56341310	56346430	chr5.410754	5	1024	419920034	hg38.gc5Base.bw	0	100	1024	40320	2063200
585	5	56617790	56622910	chr5.410808	5	1024	419975330	hg38.gc5Base.bw	0	100	1024	35940	1742800
585	5	56822590	56827710	chr5.410848	5	1024	420016290	hg38.gc5Base.bw	0	100	1024	44760	2440000
585	5	57001790	57006910	chr5.410883	5	1024	420052130	hg38.gc5Base.bw	0	100	1024	44820	2484400
585	5	57355070	57360190	chr5.410952	5	1024	420122786	hg38.gc5Base.bw	0	100	1024	45060	2465200
585	5	57431870	57436990	chr5.410967	5	1024	420138146	hg38.gc5Base.bw	0	100	1024	40180	2020400
585	5	57646910	57652030	chr5.411009	5	1024	420181154	hg38.gc5Base.bw	0	100	1024	40580	2063600
585	5	58046270	58051390	chr5.411087	5	1024	420261026	hg38.gc5Base.bw	0	100	1024	39400	1975200
585	5	58655550	58660670	chr5.411206	5	1024	420382882	hg38.gc5Base.bw	0	100	1024	39060	1993200
585	5	58793790	58798910	chr5.411233	5	1024	420410530	hg38.gc5Base.bw	0	100	1024	39980	2043600
585	5	59131710	59136830	chr5.411299	5	1024	420478114	hg38.gc5Base.bw	0	100	1024	37180	1826800
585	5	59203390	59208510	chr5.411313	5	1024	420492450	hg38.gc5Base.bw	0	100	1024	37880	1879200
585	5	60130110	60135230	chr5.411494	5	1024	420677794	hg38.gc5Base.bw	0	100	1024	37260	1810000
585	5	60580670	60585790	chr5.411582	5	1024	420767906	hg38.gc5Base.bw	0	100	1024	38240	1913600
585	5	60764990	60770110	chr5.411618	5	1024	420804770	hg38.gc5Base.bw	0	100	1024	38720	1917600
585	5	60775230	60780350	chr5.411620	5	1024	420806818	hg38.gc5Base.bw	0	100	1024	40760	2124800
585	5	61102910	61108030	chr5.411684	5	1024	420872354	hg38.gc5Base.bw	0	100	1024	36620	1773200
585	5	61215550	61220670	chr5.411706	5	1024	420894882	hg38.gc5Base.bw	0	100	1024	41220	2110800
585	5	61584190	61589310	chr5.411778	5	1024	420968610	hg38.gc5Base.bw	0	100	1024	43600	2344000
585	5	61952830	61957950	chr5.411850	5	1024	421042338	hg38.gc5Base.bw	0	100	1024	40800	2081600
585	5	62132030	62137150	chr5.411885	5	1024	421078178	hg38.gc5Base.bw	0	100	1024	42860	2258000
585	5	62567230	62572350	chr5.411970	5	1024	421165218	hg38.gc5Base.bw	0	100	1024	39560	2055200
585	5	64072510	64077630	chr5.412264	5	1024	421466274	hg38.gc5Base.bw	0	100	1024	37900	1934800
585	5	64287550	64292670	chr5.412306	5	1024	421509282	hg38.gc5Base.bw	0	100	1024	39740	2015600
585	5	65152830	65157950	chr5.412475	5	1024	421682338	hg38.gc5Base.bw	0	100	1024	38660	1906800
585	5	65265470	65270590	chr5.412497	5	1024	421704866	hg38.gc5Base.bw	0	100	1024	34900	1662000
585	5	65659710	65664830	chr5.412574	5	1024	421783714	hg38.gc5Base.bw	0	100	1024	36380	1718000
585	5	66356030	66361150	chr5.412710	5	1024	421922978	hg38.gc5Base.bw	0	100	1024	45960	2509600
585	5	66391870	66396990	chr5.412717	5	1024	421930146	hg38.gc5Base.bw	0	100	1024	42260	2266000
585	5	66596670	66601790	chr5.412757	5	1024	421971106	hg38.gc5Base.bw	0	100	1024	47440	2783200
585	5	66791230	66796350	chr5.412795	5	1024	422010018	hg38.gc5Base.bw	0	100	1024	38100	1870000
585	5	67236670	67241790	chr5.412882	5	1024	422099106	hg38.gc5Base.bw	0	100	1024	40800	2148800
585	5	67518270	67523390	chr5.412937	5	1024	422155426	hg38.gc5Base.bw	0	100	1024	38180	1911600
585	5	67671870	67676990	chr5.412967	5	1024	422186146	hg38.gc5Base.bw	0	100	1024	41640	2157600
585	5	67697470	67702590	chr5.412972	5	1024	422191266	hg38.gc5Base.bw	0	100	1024	37540	1811600
585	5	67861310	67866430	chr5.413004	5	1024	422224034	hg38.gc5Base.bw	0	100	1024	35060	1641200
585	5	67897150	67902270	chr5.413011	5	1024	422231202	hg38.gc5Base.bw	0	100	1024	40500	2038800
585	5	67994430	67999550	chr5.413030	5	1024	422250658	hg38.gc5Base.bw	0	100	1024	44040	2388000
585	5	68265790	68270910	chr5.413083	5	1024	422304930	hg38.gc5Base.bw	0	80	1024	36500	1759600
585	5	68311870	68316990	chr5.413092	5	1024	422314146	hg38.gc5Base.bw	0	100	1024	46060	2511600
585	5	68997950	69003070	chr5.413226	5	1024	422451362	hg38.gc5Base.bw	0	100	1024	43700	2375600
585	5	71010110	71015230	chr5.413619	5	1024	422853794	hg38.gc5Base.bw	0	100	1024	46080	2664000
585	5	71716670	71721790	chr5.413757	5	1024	422995106	hg38.gc5Base.bw	0	100	1024	46200	2675200
585	5	72090430	72095550	chr5.413830	5	1024	423069858	hg38.gc5Base.bw	0	100	1024	40300	2102800
585	5	72167230	72172350	chr5.413845	5	1024	423085218	hg38.gc5Base.bw	0	100	1024	41780	2208400
585	5	73196350	73201470	chr5.414046	5	1024	423291042	hg38.gc5Base.bw	0	100	1024	46780	2608400
585	5	73564990	73570110	chr5.414118	5	1024	423364770	hg38.gc5Base.bw	0	100	1024	40960	2220800
585	5	73923390	73928510	chr5.414188	5	1024	423436450	hg38.gc5Base.bw	0	100	1024	42260	2221200
585	5	73964350	73969470	chr5.414196	5	1024	423444642	hg38.gc5Base.bw	0	100	1024	44100	2341200
585	5	74041150	74046270	chr5.414211	5	1024	423460002	hg38.gc5Base.bw	0	100	1024	38480	1952800
585	5	74092350	74097470	chr5.414221	5	1024	423470242	hg38.gc5Base.bw	0	100	1024	42460	2244400
585	5	74251070	74256190	chr5.414252	5	1024	423501986	hg38.gc5Base.bw	0	100	1024	42480	2265600
585	5	74281790	74286910	chr5.414258	5	1024	423508130	hg38.gc5Base.bw	0	100	1024	42820	2246800
585	5	74548030	74553150	chr5.414310	5	1024	423561378	hg38.gc5Base.bw	0	100	1024	42900	2242000
585	5	74809150	74814270	chr5.414361	5	1024	423613602	hg38.gc5Base.bw	0	100	1024	40140	2114800
585	5	75167550	75172670	chr5.414431	5	1024	423685282	hg38.gc5Base.bw	0	100	1024	33920	1583200
585	5	75602750	75607870	chr5.414516	5	1024	423772322	hg38.gc5Base.bw	0	100	1024	42840	2265600
585	5	76084030	76089150	chr5.414610	5	1024	423868578	hg38.gc5Base.bw	0	100	1024	44220	2538000
585	5	76263230	76268350	chr5.414645	5	1024	423904418	hg38.gc5Base.bw	0	100	1024	46160	2557600
585	5	76447550	76452670	chr5.414681	5	1024	423941282	hg38.gc5Base.bw	0	100	1024	41700	2179600
585	5	76713790	76718910	chr5.414733	5	1024	423994530	hg38.gc5Base.bw	0	100	1024	53020	3419600
585	5	76826430	76831550	chr5.414755	5	1024	424017058	hg38.gc5Base.bw	0	100	1024	44480	2528000
585	5	77420350	77425470	chr5.414871	5	1024	424135842	hg38.gc5Base.bw	0	100	1024	44440	2395200
585	5	77650750	77655870	chr5.414916	5	1024	424181922	hg38.gc5Base.bw	0	100	1024	44800	2435200
585	5	77973310	77978430	chr5.414979	5	1024	424246434	hg38.gc5Base.bw	0	100	1024	43940	2414000
585	5	78203710	78208830	chr5.415024	5	1024	424292514	hg38.gc5Base.bw	0	100	1024	36700	1806000
585	5	78326590	78331710	chr5.415048	5	1024	424317090	hg38.gc5Base.bw	0	100	1024	40600	2124800
585	5	78510910	78516030	chr5.415084	5	1024	424353954	hg38.gc5Base.bw	0	100	1024	46300	2582000
585	5	78644030	78649150	chr5.415110	5	1024	424380578	hg38.gc5Base.bw	0	100	1024	52320	3331200
585	5	78951230	78956350	chr5.415170	5	1024	424442018	hg38.gc5Base.bw	0	100	1024	38140	1918000
585	5	79299390	79304510	chr5.415238	5	1024	424511650	hg38.gc5Base.bw	0	100	1024	42080	2185600
585	5	79447870	79452990	chr5.415267	5	1024	424541346	hg38.gc5Base.bw	0	100	1024	35220	1682800
585	5	79785790	79790910	chr5.415333	5	1024	424608930	hg38.gc5Base.bw	0	100	1024	42480	2269600
585	5	79831870	79836990	chr5.415342	5	1024	424618146	hg38.gc5Base.bw	0	100	1024	46300	2634000
585	5	79959870	79964990	chr5.415367	5	1024	424643746	hg38.gc5Base.bw	0	100	1024	44540	2397200
585	5	80052030	80057150	chr5.415385	5	1024	424662178	hg38.gc5Base.bw	0	100	1024	42120	2261600
585	5	80441150	80446270	chr5.415461	5	1024	424740002	hg38.gc5Base.bw	0	100	1024	38060	1929200
585	5	80917310	80922430	chr5.415554	5	1024	424835234	hg38.gc5Base.bw	0	100	1024	41080	2168800
585	5	80922430	80927550	chr5.415555	5	1024	424836258	hg38.gc5Base.bw	0	100	1024	36220	1734800
585	5	81019710	81024830	chr5.415574	5	1024	424855714	hg38.gc5Base.bw	0	100	1024	44940	2469200
585	5	81127230	81132350	chr5.415595	5	1024	424877218	hg38.gc5Base.bw	0	100	1024	43480	2382400
585	5	81178430	81183550	chr5.415605	5	1024	424887458	hg38.gc5Base.bw	0	100	1024	44340	2454000
585	5	81301310	81306430	chr5.415629	5	1024	424912034	hg38.gc5Base.bw	0	100	1024	43780	2459600
585	5	81378110	81383230	chr5.415644	5	1024	424927394	hg38.gc5Base.bw	0	100	1024	40100	2112400
585	5	81890110	81895230	chr5.415744	5	1024	425029794	hg38.gc5Base.bw	0	100	1024	44120	2375200
585	5	82437950	82443070	chr5.415851	5	1024	425139362	hg38.gc5Base.bw	0	100	1024	39780	2023600
585	5	82652990	82658110	chr5.415893	5	1024	425182370	hg38.gc5Base.bw	0	100	1024	40820	2114000
585	5	82693950	82699070	chr5.415901	5	1024	425190562	hg38.gc5Base.bw	0	100	1024	40760	2124000
585	5	82765630	82770750	chr5.415915	5	1024	425204898	hg38.gc5Base.bw	0	100	1024	42920	2327200
585	5	82837310	82842430	chr5.415929	5	1024	425219234	hg38.gc5Base.bw	0	100	1024	40320	2056000
585	5	82862910	82868030	chr5.415934	5	1024	425224354	hg38.gc5Base.bw	0	100	1024	37680	1845600
585	5	82960190	82965310	chr5.415953	5	1024	425243810	hg38.gc5Base.bw	0	100	1024	35440	1652000
585	5	83077950	83083070	chr5.415976	5	1024	425267362	hg38.gc5Base.bw	0	100	1024	38560	1929600
585	5	83482430	83487550	chr5.416055	5	1024	425348258	hg38.gc5Base.bw	0	100	1024	39140	1943600
585	5	83927870	83932990	chr5.416142	5	1024	425437346	hg38.gc5Base.bw	0	100	1024	38780	1941200
585	5	84035390	84040510	chr5.416163	5	1024	425458850	hg38.gc5Base.bw	0	100	1024	36360	1764800
585	5	84337470	84342590	chr5.416222	5	1024	425519266	hg38.gc5Base.bw	0	100	1024	35140	1697200
585	5	84506430	84511550	chr5.416255	5	1024	425553058	hg38.gc5Base.bw	0	100	1024	34860	1630000
585	5	84900670	84905790	chr5.416332	5	1024	425631906	hg38.gc5Base.bw	0	100	1024	32160	1429600
585	5	85694270	85699390	chr5.416487	5	1024	425790626	hg38.gc5Base.bw	0	100	1024	37500	1834000
585	5	86129470	86134590	chr5.416572	5	1024	425877666	hg38.gc5Base.bw	0	100	1024	37100	1854000
585	5	86375230	86380350	chr5.416620	5	1024	425926818	hg38.gc5Base.bw	0	100	1024	36740	1756400
585	5	86610750	86615870	chr5.416666	5	1024	425973922	hg38.gc5Base.bw	0	100	1024	36160	1728000
585	5	86743870	86748990	chr5.416692	5	1024	426000546	hg38.gc5Base.bw	0	100	1024	35320	1671200
585	5	86836030	86841150	chr5.416710	5	1024	426018978	hg38.gc5Base.bw	0	100	1024	35380	1711600
585	5	87644990	87650110	chr5.416868	5	1024	426180770	hg38.gc5Base.bw	0	100	1024	35020	1660400
585	5	87650110	87655230	chr5.416869	5	1024	426181794	hg38.gc5Base.bw	0	100	1024	36800	1784000
585	5	88668990	88674110	chr5.417068	5	1024	426385570	hg38.gc5Base.bw	0	100	1024	41720	2288800
585	5	89508670	89513790	chr5.417232	5	1024	426553506	hg38.gc5Base.bw	0	100	1024	35740	1749200
585	5	90220350	90225470	chr5.417371	5	1024	426695842	hg38.gc5Base.bw	0	100	1024	40680	2066400
585	5	90635070	90640190	chr5.417452	5	1024	426778786	hg38.gc5Base.bw	0	100	1024	33000	1535200
585	5	92176190	92181310	chr5.417753	5	1024	427087010	hg38.gc5Base.bw	0	100	1024	33900	1589200
585	5	92555070	92560190	chr5.417827	5	1024	427162786	hg38.gc5Base.bw	0	100	1024	36700	1830800
585	5	92841790	92846910	chr5.417883	5	1024	427220130	hg38.gc5Base.bw	0	100	1024	35480	1658400
585	5	92903230	92908350	chr5.417895	5	1024	427232418	hg38.gc5Base.bw	0	100	1024	35500	1728400
585	5	92928830	92933950	chr5.417900	5	1024	427237538	hg38.gc5Base.bw	0	100	1024	36460	1721200
585	5	93020990	93026110	chr5.417918	5	1024	427255970	hg38.gc5Base.bw	0	100	1024	38160	1888000
585	5	93236030	93241150	chr5.417960	5	1024	427298978	hg38.gc5Base.bw	0	100	1024	38460	1940400
585	5	94900030	94905150	chr5.418285	5	1024	427631778	hg38.gc5Base.bw	0	100	1024	37280	1818400
585	5	95248190	95253310	chr5.418353	5	1024	427701410	hg38.gc5Base.bw	0	100	1024	37340	1787600
585	5	95304510	95309630	chr5.418364	5	1024	427712674	hg38.gc5Base.bw	0	100	1024	39460	2024400
585	5	95442750	95447870	chr5.418391	5	1024	427740322	hg38.gc5Base.bw	0	100	1024	40280	2064000
585	5	95785790	95790910	chr5.418458	5	1024	427808930	hg38.gc5Base.bw	0	100	1024	37000	1788000
585	5	95806270	95811390	chr5.418462	5	1024	427813026	hg38.gc5Base.bw	0	100	1024	46920	2669600
585	5	95872830	95877950	chr5.418475	5	1024	427826338	hg38.gc5Base.bw	0	100	1024	46320	2641600
585	5	96036670	96041790	chr5.418507	5	1024	427859106	hg38.gc5Base.bw	0	100	1024	38620	1893200
585	5	96410430	96415550	chr5.418580	5	1024	427933858	hg38.gc5Base.bw	0	100	1024	44000	2430400
585	5	96507710	96512830	chr5.418599	5	1024	427953314	hg38.gc5Base.bw	0	100	1024	38660	1960400
585	5	97070910	97076030	chr5.418709	5	1024	428065954	hg38.gc5Base.bw	0	100	1024	45060	2475600
585	5	97454910	97460030	chr5.418784	5	1024	428142754	hg38.gc5Base.bw	0	100	1024	39080	1990400
585	5	97644350	97649470	chr5.418821	5	1024	428180642	hg38.gc5Base.bw	0	100	1024	35560	1629600
585	5	98402110	98407230	chr5.418969	5	1024	428332194	hg38.gc5Base.bw	0	100	1024	42560	2285600
585	5	98601790	98606910	chr5.419008	5	1024	428372130	hg38.gc5Base.bw	0	80	1024	35800	1692000
585	5	99810110	99815230	chr5.419244	5	1024	428613794	hg38.gc5Base.bw	0	100	1024	35040	1652800
585	5	101207870	101212990	chr5.419517	5	1024	428893346	hg38.gc5Base.bw	0	100	1024	38580	1918800
585	5	102267710	102272830	chr5.419724	5	1024	429105314	hg38.gc5Base.bw	0	100	1024	34220	1601200
585	5	103148350	103153470	chr5.419896	5	1024	429281442	hg38.gc5Base.bw	0	100	1024	33400	1565600
585	5	104049470	104054590	chr5.420072	5	1024	429461666	hg38.gc5Base.bw	0	100	1024	38580	1974800
585	5	104141630	104146750	chr5.420090	5	1024	429480098	hg38.gc5Base.bw	0	100	1024	34620	1640400
585	5	104433470	104438590	chr5.420147	5	1024	429538466	hg38.gc5Base.bw	0	100	1024	32960	1510400
585	5	104955710	104960830	chr5.420249	5	1024	429642914	hg38.gc5Base.bw	0	100	1024	37480	1829600
585	5	104960830	104965950	chr5.420250	5	1024	429643938	hg38.gc5Base.bw	0	80	1024	34740	1614000
585	5	105175870	105180990	chr5.420292	5	1024	429686946	hg38.gc5Base.bw	0	100	1024	31260	1375600
585	5	105349950	105355070	chr5.420326	5	1024	429721762	hg38.gc5Base.bw	0	100	1024	41660	2230000
585	5	106302270	106307390	chr5.420512	5	1024	429912226	hg38.gc5Base.bw	0	100	1024	34960	1692000
585	5	106804030	106809150	chr5.420610	5	1024	430012578	hg38.gc5Base.bw	0	80	1024	31940	1432400
585	5	107039550	107044670	chr5.420656	5	1024	430059682	hg38.gc5Base.bw	0	100	1024	36940	1785200
585	5	107228990	107234110	chr5.420693	5	1024	430097570	hg38.gc5Base.bw	0	100	1024	37660	1829200
585	5	107249470	107254590	chr5.420697	5	1024	430101666	hg38.gc5Base.bw	0	100	1024	39760	1963200
585	5	107459390	107464510	chr5.420738	5	1024	430143650	hg38.gc5Base.bw	0	100	1024	39540	1982800
585	5	107781950	107787070	chr5.420801	5	1024	430208162	hg38.gc5Base.bw	0	100	1024	37040	1796000
585	5	107976510	107981630	chr5.420839	5	1024	430247074	hg38.gc5Base.bw	0	100	1024	40700	2150800
585	5	108027710	108032830	chr5.420849	5	1024	430257314	hg38.gc5Base.bw	0	100	1024	35560	1671200
585	5	108130110	108135230	chr5.420869	5	1024	430277794	hg38.gc5Base.bw	0	100	1024	33500	1591600
585	5	108165950	108171070	chr5.420876	5	1024	430284962	hg38.gc5Base.bw	0	100	1024	35140	1677200
585	5	109154110	109159230	chr5.421069	5	1024	430482594	hg38.gc5Base.bw	0	100	1024	37040	1800800
585	5	110085950	110091070	chr5.421251	5	1024	430668962	hg38.gc5Base.bw	0	100	1024	35780	1692400
585	5	110372670	110377790	chr5.421307	5	1024	430726306	hg38.gc5Base.bw	0	100	1024	35300	1676400
585	5	110541630	110546750	chr5.421340	5	1024	430760098	hg38.gc5Base.bw	0	100	1024	35920	1704800
585	5	111207230	111212350	chr5.421470	5	1024	430893218	hg38.gc5Base.bw	0	100	1024	35440	1703200
585	5	111258430	111263550	chr5.421480	5	1024	430903458	hg38.gc5Base.bw	0	100	1024	38900	1946000
585	5	111432510	111437630	chr5.421514	5	1024	430938274	hg38.gc5Base.bw	0	100	1024	37560	1852800
585	5	111683390	111688510	chr5.421563	5	1024	430988450	hg38.gc5Base.bw	0	100	1024	38840	1988000
585	5	111785790	111790910	chr5.421583	5	1024	431008930	hg38.gc5Base.bw	0	100	1024	37920	1892800
585	5	112169790	112174910	chr5.421658	5	1024	431085730	hg38.gc5Base.bw	0	100	1024	39960	2048000
585	5	112261950	112267070	chr5.421676	5	1024	431104162	hg38.gc5Base.bw	0	100	1024	39980	2038800
585	5	112267070	112272190	chr5.421677	5	1024	431105186	hg38.gc5Base.bw	0	100	1024	38860	1959600
585	5	112318270	112323390	chr5.421687	5	1024	431115426	hg38.gc5Base.bw	0	100	1024	40560	2060000
585	5	112338750	112343870	chr5.421691	5	1024	431119522	hg38.gc5Base.bw	0	100	1024	40420	2106000
585	5	113029950	113035070	chr5.421826	5	1024	431257762	hg38.gc5Base.bw	0	100	1024	46280	2629600
585	5	113285950	113291070	chr5.421876	5	1024	431308962	hg38.gc5Base.bw	0	100	1024	42300	2218000
585	5	113562430	113567550	chr5.421930	5	1024	431364258	hg38.gc5Base.bw	0	100	1024	34680	1645600
585	5	113874750	113879870	chr5.421991	5	1024	431426722	hg38.gc5Base.bw	0	100	1024	37620	1871600
585	5	114678590	114683710	chr5.422148	5	1024	431587490	hg38.gc5Base.bw	0	100	1024	36780	1790000
585	5	114775870	114780990	chr5.422167	5	1024	431606946	hg38.gc5Base.bw	0	100	1024	42360	2272800
585	5	114801470	114806590	chr5.422172	5	1024	431612066	hg38.gc5Base.bw	0	100	1024	39820	2026000
585	5	115093310	115098430	chr5.422229	5	1024	431670434	hg38.gc5Base.bw	0	100	1024	42100	2258800
585	5	115113790	115118910	chr5.422233	5	1024	431674530	hg38.gc5Base.bw	0	100	1024	41900	2200400
585	5	115472190	115477310	chr5.422303	5	1024	431746210	hg38.gc5Base.bw	0	100	1024	42600	2270400
585	5	115958590	115963710	chr5.422398	5	1024	431843490	hg38.gc5Base.bw	0	100	1024	48680	2936800
585	5	115968830	115973950	chr5.422400	5	1024	431845538	hg38.gc5Base.bw	0	100	1024	34860	1684400
585	5	115989310	115994430	chr5.422404	5	1024	431849634	hg38.gc5Base.bw	0	100	1024	35740	1725200
585	5	116040510	116045630	chr5.422414	5	1024	431859874	hg38.gc5Base.bw	0	100	1024	37620	1918000
585	5	116224830	116229950	chr5.422450	5	1024	431896738	hg38.gc5Base.bw	0	100	1024	34120	1573600
585	5	116895550	116900670	chr5.422581	5	1024	432030882	hg38.gc5Base.bw	0	100	1024	37560	1824800
585	5	117054270	117059390	chr5.422612	5	1024	432062626	hg38.gc5Base.bw	0	100	1024	37580	1857200
585	5	117064510	117069630	chr5.422614	5	1024	432064674	hg38.gc5Base.bw	0	100	1024	37600	1924000
585	5	117269310	117274430	chr5.422654	5	1024	432105634	hg38.gc5Base.bw	0	100	1024	34700	1658000
585	5	117847870	117852990	chr5.422767	5	1024	432221346	hg38.gc5Base.bw	0	100	1024	32760	1514400
585	5	118590270	118595390	chr5.422912	5	1024	432369826	hg38.gc5Base.bw	0	100	1024	41700	2178800
585	5	118595390	118600510	chr5.422913	5	1024	432370850	hg38.gc5Base.bw	0	100	1024	37800	1882400
585	5	119476030	119481150	chr5.423085	5	1024	432546978	hg38.gc5Base.bw	0	100	1024	36920	1856800
585	5	119860030	119865150	chr5.423160	5	1024	432623778	hg38.gc5Base.bw	0	80	1024	36620	1777200
585	5	120443710	120448830	chr5.423274	5	1024	432740514	hg38.gc5Base.bw	0	100	1024	35300	1697200
585	5	120766270	120771390	chr5.423337	5	1024	432805026	hg38.gc5Base.bw	0	80	1024	32880	1474400
585	5	121242430	121247550	chr5.423430	5	1024	432900258	hg38.gc5Base.bw	0	100	1024	32940	1521200
585	5	121518910	121524030	chr5.423484	5	1024	432955554	hg38.gc5Base.bw	0	100	1024	30420	1337200
585	5	121534270	121539390	chr5.423487	5	1024	432958626	hg38.gc5Base.bw	0	100	1024	39760	1988800
585	5	121621310	121626430	chr5.423504	5	1024	432976034	hg38.gc5Base.bw	0	100	1024	34300	1606000
585	5	121867070	121872190	chr5.423552	5	1024	433025186	hg38.gc5Base.bw	0	100	1024	33040	1500800
585	5	123188030	123193150	chr5.423810	5	1024	433289378	hg38.gc5Base.bw	0	100	1024	37800	1869600
585	5	123213630	123218750	chr5.423815	5	1024	433294498	hg38.gc5Base.bw	0	100	1024	42900	2225200
585	5	123602750	123607870	chr5.423891	5	1024	433372322	hg38.gc5Base.bw	0	100	1024	34780	1646000
585	5	123863870	123868990	chr5.423942	5	1024	433424546	hg38.gc5Base.bw	0	100	1024	39340	2022000
585	5	124549950	124555070	chr5.424076	5	1024	433561762	hg38.gc5Base.bw	0	100	1024	38720	1944000
585	5	125205310	125210430	chr5.424204	5	1024	433692834	hg38.gc5Base.bw	0	100	1024	38540	1886000
585	5	125215550	125220670	chr5.424206	5	1024	433694882	hg38.gc5Base.bw	0	100	1024	34900	1642800
585	5	125292350	125297470	chr5.424221	5	1024	433710242	hg38.gc5Base.bw	0	100	1024	40520	2080800
585	5	125328190	125333310	chr5.424228	5	1024	433717410	hg38.gc5Base.bw	0	100	1024	40560	2088000
585	5	125681470	125686590	chr5.424297	5	1024	433788066	hg38.gc5Base.bw	0	100	1024	35960	1700800
585	5	125763390	125768510	chr5.424313	5	1024	433804450	hg38.gc5Base.bw	0	100	1024	32560	1428000
585	5	125799230	125804350	chr5.424320	5	1024	433811618	hg38.gc5Base.bw	0	100	1024	36800	1826400
585	5	126388030	126393150	chr5.424435	5	1024	433929378	hg38.gc5Base.bw	0	100	1024	38240	1937600
585	5	126705470	126710590	chr5.424497	5	1024	433992866	hg38.gc5Base.bw	0	100	1024	41880	2292000
585	5	127499070	127504190	chr5.424652	5	1024	434151586	hg38.gc5Base.bw	0	100	1024	35180	1664400
585	5	128011070	128016190	chr5.424752	5	1024	434253986	hg38.gc5Base.bw	0	100	1024	36540	1780400
585	5	128927550	128932670	chr5.424931	5	1024	434437282	hg38.gc5Base.bw	0	100	1024	38200	1910400
585	5	129101630	129106750	chr5.424965	5	1024	434472098	hg38.gc5Base.bw	0	100	1024	34880	1629600
585	5	129193790	129198910	chr5.424983	5	1024	434490530	hg38.gc5Base.bw	0	100	1024	34120	1594400
585	5	129675070	129680190	chr5.425077	5	1024	434586786	hg38.gc5Base.bw	0	100	1024	37220	1865200
585	5	129736510	129741630	chr5.425089	5	1024	434599074	hg38.gc5Base.bw	0	100	1024	37540	1813200
585	5	130422590	130427710	chr5.425223	5	1024	434736290	hg38.gc5Base.bw	0	100	1024	36120	1725600
585	5	130832190	130837310	chr5.425303	5	1024	434818210	hg38.gc5Base.bw	0	100	1024	36780	1762000
585	5	131451710	131456830	chr5.425424	5	1024	434942114	hg38.gc5Base.bw	0	100	1024	37680	1914400
585	5	131523390	131528510	chr5.425438	5	1024	434956450	hg38.gc5Base.bw	0	100	1024	36920	1882400
585	5	132229950	132235070	chr5.425576	5	1024	435097762	hg38.gc5Base.bw	0	100	1024	51040	3004800
585	5	132311870	132316990	chr5.425592	5	1024	435114146	hg38.gc5Base.bw	0	100	1024	52400	3113600
585	5	132332350	132337470	chr5.425596	5	1024	435118242	hg38.gc5Base.bw	0	100	1024	40820	2146000
585	5	132337470	132342590	chr5.425597	5	1024	435119266	hg38.gc5Base.bw	0	100	1024	42620	2309200
585	5	132378430	132383550	chr5.425605	5	1024	435127458	hg38.gc5Base.bw	0	100	1024	46280	2582400
585	5	132501310	132506430	chr5.425629	5	1024	435152034	hg38.gc5Base.bw	0	100	1024	49060	2829200
585	5	132875070	132880190	chr5.425702	5	1024	435226786	hg38.gc5Base.bw	0	100	1024	37500	1838000
585	5	133238590	133243710	chr5.425773	5	1024	435299490	hg38.gc5Base.bw	0	100	1024	52380	3150000
585	5	133407550	133412670	chr5.425806	5	1024	435333282	hg38.gc5Base.bw	0	100	1024	45120	2499200
585	5	133837630	133842750	chr5.425890	5	1024	435419298	hg38.gc5Base.bw	0	100	1024	48660	2797200
585	5	133991230	133996350	chr5.425920	5	1024	435450018	hg38.gc5Base.bw	0	100	1024	48300	2782000
585	5	134446910	134452030	chr5.426009	5	1024	435541154	hg38.gc5Base.bw	0	100	1024	51760	3089600
585	5	135025470	135030590	chr5.426122	5	1024	435656866	hg38.gc5Base.bw	0	100	1024	58800	3976000
585	5	135035710	135040830	chr5.426124	5	1024	435658914	hg38.gc5Base.bw	0	100	1024	62060	4217200
585	5	135132990	135138110	chr5.426143	5	1024	435678370	hg38.gc5Base.bw	0	100	1024	56280	3510400
585	5	135496510	135501630	chr5.426214	5	1024	435751074	hg38.gc5Base.bw	0	100	1024	46540	2629200
585	5	135598910	135604030	chr5.426234	5	1024	435771554	hg38.gc5Base.bw	0	100	1024	50240	2953600
585	5	135977790	135982910	chr5.426308	5	1024	435847330	hg38.gc5Base.bw	0	100	1024	40100	2075600
585	5	137012030	137017150	chr5.426510	5	1024	436054178	hg38.gc5Base.bw	0	100	1024	43920	2354400
585	5	137303870	137308990	chr5.426567	5	1024	436112546	hg38.gc5Base.bw	0	100	1024	45840	2536800
585	5	137396030	137401150	chr5.426585	5	1024	436130978	hg38.gc5Base.bw	0	100	1024	44820	2442000
585	5	137554750	137559870	chr5.426616	5	1024	436162722	hg38.gc5Base.bw	0	100	1024	41260	2227600
585	5	139147070	139152190	chr5.426927	5	1024	436481186	hg38.gc5Base.bw	0	100	1024	46980	2641200
585	5	140325665	140330785	chr5.427158	5	1024	436716706	hg38.gc5Base.bw	0	100	1024	47260	2705200
585	5	140893985	140899105	chr5.427269	5	1024	436830370	hg38.gc5Base.bw	0	100	1024	37680	1893600
585	5	141354785	141359905	chr5.427359	5	1024	436922530	hg38.gc5Base.bw	0	100	1024	45000	2528000
585	5	141743905	141749025	chr5.427435	5	1024	437000354	hg38.gc5Base.bw	0	100	1024	51720	3044000
585	5	142107425	142112545	chr5.427506	5	1024	437073058	hg38.gc5Base.bw	0	100	1024	47460	2854000
585	5	142598945	142604065	chr5.427602	5	1024	437171362	hg38.gc5Base.bw	0	100	1024	46760	2658400
585	5	142711585	142716705	chr5.427624	5	1024	437193890	hg38.gc5Base.bw	0	100	1024	45200	2536800
585	5	143208225	143213345	chr5.427721	5	1024	437293218	hg38.gc5Base.bw	0	100	1024	45940	2574000
585	5	143274785	143279905	chr5.427734	5	1024	437306530	hg38.gc5Base.bw	0	100	1024	36740	1763600
585	5	143336225	143341345	chr5.427746	5	1024	437318818	hg38.gc5Base.bw	0	100	1024	36460	1818000
585	5	143602465	143607585	chr5.427798	5	1024	437372066	hg38.gc5Base.bw	0	100	1024	42380	2197200
585	5	143776545	143781665	chr5.427832	5	1024	437406882	hg38.gc5Base.bw	0	100	1024	44160	2448000
585	5	144365345	144370465	chr5.427947	5	1024	437524642	hg38.gc5Base.bw	0	100	1024	40320	2036000
585	5	144529185	144534305	chr5.427979	5	1024	437557410	hg38.gc5Base.bw	0	100	1024	37420	1852400
585	5	145855265	145860385	chr5.428238	5	1024	437822626	hg38.gc5Base.bw	0	100	1024	44140	2467600
585	5	145916705	145921825	chr5.428250	5	1024	437834914	hg38.gc5Base.bw	0	100	1024	46480	2576000
585	5	147048225	147053345	chr5.428471	5	1024	438061218	hg38.gc5Base.bw	0	100	1024	41200	2124800
585	5	147662625	147667745	chr5.428591	5	1024	438184098	hg38.gc5Base.bw	0	100	1024	40100	2040400
585	5	147872545	147877665	chr5.428632	5	1024	438226082	hg38.gc5Base.bw	0	100	1024	46080	2600800
585	5	148092705	148097825	chr5.428675	5	1024	438270114	hg38.gc5Base.bw	0	100	1024	35900	1722000
585	5	148824865	148829985	chr5.428818	5	1024	438416546	hg38.gc5Base.bw	0	100	1024	49440	2918400
585	5	149132065	149137185	chr5.428878	5	1024	438477986	hg38.gc5Base.bw	0	100	1024	44480	2397600
585	5	149147425	149152545	chr5.428881	5	1024	438481058	hg38.gc5Base.bw	0	100	1024	44120	2355200
585	5	149285665	149290785	chr5.428908	5	1024	438508706	hg38.gc5Base.bw	0	100	1024	46800	2655200
585	5	149423905	149429025	chr5.428935	5	1024	438536354	hg38.gc5Base.bw	0	100	1024	51460	3101200
585	5	149434145	149439265	chr5.428937	5	1024	438538402	hg38.gc5Base.bw	0	100	1024	49040	2878400
585	5	149505825	149510945	chr5.428951	5	1024	438552738	hg38.gc5Base.bw	0	100	1024	41320	2248000
585	5	149521185	149526305	chr5.428954	5	1024	438555810	hg38.gc5Base.bw	0	100	1024	38920	1981600
585	5	150099745	150104865	chr5.429067	5	1024	438671522	hg38.gc5Base.bw	0	100	1024	46540	2633200
585	5	150161185	150166305	chr5.429079	5	1024	438683810	hg38.gc5Base.bw	0	100	1024	54460	3413200
585	5	150212385	150217505	chr5.429089	5	1024	438694050	hg38.gc5Base.bw	0	100	1024	56520	3563200
585	5	150232865	150237985	chr5.429093	5	1024	438698146	hg38.gc5Base.bw	0	100	1024	50640	2993600
585	5	151128865	151133985	chr5.429268	5	1024	438877346	hg38.gc5Base.bw	0	100	1024	49160	2833600
585	5	151133985	151139105	chr5.429269	5	1024	438878370	hg38.gc5Base.bw	0	100	1024	48940	2786800
585	5	151154465	151159585	chr5.429273	5	1024	438882466	hg38.gc5Base.bw	0	100	1024	54380	3440400
585	5	151313185	151318305	chr5.429304	5	1024	438914210	hg38.gc5Base.bw	0	100	1024	45200	2500800
585	5	151415585	151420705	chr5.429324	5	1024	438934690	hg38.gc5Base.bw	0	100	1024	46340	2567600
585	5	151558945	151564065	chr5.429352	5	1024	438963362	hg38.gc5Base.bw	0	100	1024	49040	2787200
585	5	151676705	151681825	chr5.429375	5	1024	438986914	hg38.gc5Base.bw	0	100	1024	47600	2722400
585	5	151937825	151942945	chr5.429426	5	1024	439039138	hg38.gc5Base.bw	0	100	1024	45240	2477600
585	5	154011425	154016545	chr5.429831	5	1024	439453858	hg38.gc5Base.bw	0	100	1024	41300	2138800
585	5	154620705	154625825	chr5.429950	5	1024	439575714	hg38.gc5Base.bw	0	100	1024	46680	2650400
585	5	155066145	155071265	chr5.430037	5	1024	439664802	hg38.gc5Base.bw	0	100	1024	47060	2636400
585	5	155562785	155567905	chr5.430134	5	1024	439764130	hg38.gc5Base.bw	0	100	1024	41380	2170000
585	5	155876100	155881220	chr5.430196	5	1024	439826594	hg38.gc5Base.bw	0	100	1024	36960	1795200
585	5	155901700	155906820	chr5.430201	5	1024	439831714	hg38.gc5Base.bw	0	100	1024	38480	1875200
585	5	156014340	156019460	chr5.430223	5	1024	439854242	hg38.gc5Base.bw	0	100	1024	32840	1518400
585	5	156434180	156439300	chr5.430305	5	1024	439938210	hg38.gc5Base.bw	0	100	1024	39100	1928400
585	5	157181700	157186820	chr5.430451	5	1024	440087714	hg38.gc5Base.bw	0	100	1024	41420	2194000
585	5	157396740	157401860	chr5.430493	5	1024	440130722	hg38.gc5Base.bw	0	100	1024	45680	2514400
585	5	157468420	157473540	chr5.430507	5	1024	440145058	hg38.gc5Base.bw	0	100	1024	47860	2710800
585	5	158308100	158313220	chr5.430671	5	1024	440312994	hg38.gc5Base.bw	0	100	1024	40280	2072000
585	5	158589700	158594820	chr5.430726	5	1024	440369314	hg38.gc5Base.bw	0	100	1024	42560	2244000
585	5	158605060	158610180	chr5.430729	5	1024	440372386	hg38.gc5Base.bw	0	100	1024	40840	2059200
585	5	158958340	158963460	chr5.430798	5	1024	440443042	hg38.gc5Base.bw	0	100	1024	38020	1925200
585	5	159152900	159158020	chr5.430836	5	1024	440481954	hg38.gc5Base.bw	0	100	1024	40160	2063200
585	5	159449860	159454980	chr5.430894	5	1024	440541346	hg38.gc5Base.bw	0	100	1024	48020	2719600
585	5	159516420	159521540	chr5.430907	5	1024	440554658	hg38.gc5Base.bw	0	100	1024	47540	2695600
585	5	159910660	159915780	chr5.430984	5	1024	440633506	hg38.gc5Base.bw	0	100	1024	46600	2552000
585	5	160391940	160397060	chr5.431078	5	1024	440729762	hg38.gc5Base.bw	0	100	1024	37860	1838000
585	5	160484100	160489220	chr5.431096	5	1024	440748194	hg38.gc5Base.bw	0	100	1024	44320	2368000
585	5	160519940	160525060	chr5.431103	5	1024	440755362	hg38.gc5Base.bw	0	100	1024	42220	2241200
585	5	160924420	160929540	chr5.431182	5	1024	440836258	hg38.gc5Base.bw	0	100	1024	44300	2389200
585	5	160950020	160955140	chr5.431187	5	1024	440841378	hg38.gc5Base.bw	0	100	1024	39880	2013600
585	5	161487620	161492740	chr5.431292	5	1024	440948898	hg38.gc5Base.bw	0	100	1024	35040	1599200
585	5	162680580	162685700	chr5.431525	5	1024	441187490	hg38.gc5Base.bw	0	100	1024	39880	2030400
585	5	163668740	163673860	chr5.431718	5	1024	441385122	hg38.gc5Base.bw	0	100	1024	33420	1558000
585	5	163714820	163719940	chr5.431727	5	1024	441394338	hg38.gc5Base.bw	0	100	1024	40360	2069600
585	5	165153540	165158660	chr5.432008	5	1024	441682082	hg38.gc5Base.bw	0	100	1024	37440	1817600
585	5	165645060	165650180	chr5.432104	5	1024	441780386	hg38.gc5Base.bw	0	100	1024	39960	2032800
585	5	165880580	165885700	chr5.432150	5	1024	441827490	hg38.gc5Base.bw	0	100	1024	39080	1980000
585	5	166090500	166095620	chr5.432191	5	1024	441869474	hg38.gc5Base.bw	0	100	1024	42320	2261600
585	5	166218500	166223620	chr5.432216	5	1024	441895074	hg38.gc5Base.bw	0	100	1024	38580	1902000
585	5	166397700	166402820	chr5.432251	5	1024	441930914	hg38.gc5Base.bw	0	100	1024	38880	1964800
585	5	167472900	167478020	chr5.432461	5	1024	442145954	hg38.gc5Base.bw	0	100	1024	35780	1753200
585	5	167529220	167534340	chr5.432472	5	1024	442157218	hg38.gc5Base.bw	0	100	1024	40300	2059600
585	5	167570180	167575300	chr5.432480	5	1024	442165410	hg38.gc5Base.bw	0	100	1024	40200	2056800
585	5	167928580	167933700	chr5.432550	5	1024	442237090	hg38.gc5Base.bw	0	100	1024	40080	2076000
585	5	167949060	167954180	chr5.432554	5	1024	442241186	hg38.gc5Base.bw	0	100	1024	42580	2318000
585	5	167959300	167964420	chr5.432556	5	1024	442243234	hg38.gc5Base.bw	0	100	1024	43400	2316000
585	5	168368900	168374020	chr5.432636	5	1024	442325154	hg38.gc5Base.bw	0	100	1024	47720	2722400
585	5	168804100	168809220	chr5.432721	5	1024	442412194	hg38.gc5Base.bw	0	100	1024	46620	2615600
585	5	168824580	168829700	chr5.432725	5	1024	442416290	hg38.gc5Base.bw	0	100	1024	48180	2730000
585	5	168891140	168896260	chr5.432738	5	1024	442429602	hg38.gc5Base.bw	0	100	1024	45860	2521200
585	5	169331460	169336580	chr5.432824	5	1024	442517666	hg38.gc5Base.bw	0	100	1024	42480	2249600
585	5	169413380	169418500	chr5.432840	5	1024	442534050	hg38.gc5Base.bw	0	100	1024	46080	2573600
585	5	169930500	169935620	chr5.432941	5	1024	442637474	hg38.gc5Base.bw	0	100	1024	46420	2548400
585	5	170043140	170048260	chr5.432963	5	1024	442660002	hg38.gc5Base.bw	0	100	1024	48560	2797600
585	5	170217220	170222340	chr5.432997	5	1024	442694818	hg38.gc5Base.bw	0	100	1024	44640	2465600
585	5	170299140	170304260	chr5.433013	5	1024	442711202	hg38.gc5Base.bw	0	100	1024	51660	3115600
585	5	170386180	170391300	chr5.433030	5	1024	442728610	hg38.gc5Base.bw	0	100	1024	51340	3071600
585	5	172971780	172976900	chr5.433535	5	1024	443245730	hg38.gc5Base.bw	0	100	1024	44540	2477200
585	5	173227780	173232900	chr5.433585	5	1024	443296930	hg38.gc5Base.bw	0	100	1024	56720	3708000
585	5	173345540	173350660	chr5.433608	5	1024	443320482	hg38.gc5Base.bw	0	100	1024	43660	2312400
585	5	173534980	173540100	chr5.433645	5	1024	443358370	hg38.gc5Base.bw	0	100	1024	46000	2549600
585	5	173560580	173565700	chr5.433650	5	1024	443363490	hg38.gc5Base.bw	0	100	1024	45980	2524400
585	5	173673220	173678340	chr5.433672	5	1024	443386018	hg38.gc5Base.bw	0	100	1024	47680	2680800
585	5	174256900	174262020	chr5.433786	5	1024	443502754	hg38.gc5Base.bw	0	100	1024	41480	2142400
585	5	174784260	174789380	chr5.433889	5	1024	443608226	hg38.gc5Base.bw	0	100	1024	41100	2139600
585	5	175040260	175045380	chr5.433939	5	1024	443659426	hg38.gc5Base.bw	0	100	1024	42800	2248000
585	5	175101700	175106820	chr5.433951	5	1024	443671714	hg38.gc5Base.bw	0	100	1024	41780	2206000
585	5	175403780	175408900	chr5.434010	5	1024	443732130	hg38.gc5Base.bw	0	100	1024	40060	2070800
585	5	175439620	175444740	chr5.434017	5	1024	443739298	hg38.gc5Base.bw	0	100	1024	49100	2934800
585	5	175608580	175613700	chr5.434050	5	1024	443773090	hg38.gc5Base.bw	0	100	1024	50140	2928400
585	5	175828740	175833860	chr5.434093	5	1024	443817122	hg38.gc5Base.bw	0	100	1024	54500	3344400
585	5	176407300	176412420	chr5.434206	5	1024	443932834	hg38.gc5Base.bw	0	100	1024	50600	3030400
585	5	176678660	176683780	chr5.434259	5	1024	443987106	hg38.gc5Base.bw	0	100	1024	55540	3574800
585	5	177206020	177211140	chr5.434362	5	1024	444092578	hg38.gc5Base.bw	0	100	1024	44220	2456400
585	5	177554180	177559300	chr5.434430	5	1024	444162210	hg38.gc5Base.bw	0	100	1024	49780	3037200
585	5	177559300	177564420	chr5.434431	5	1024	444163234	hg38.gc5Base.bw	0	100	1024	51660	3211600
585	5	177958660	177963780	chr5.434509	5	1024	444243106	hg38.gc5Base.bw	0	100	1024	55400	3480800
585	5	178209540	178214660	chr5.434558	5	1024	444293282	hg38.gc5Base.bw	0	100	1024	53800	3287200
585	5	178260740	178265860	chr5.434568	5	1024	444303522	hg38.gc5Base.bw	0	100	1024	53520	3280000
585	5	178286340	178291460	chr5.434573	5	1024	444308642	hg38.gc5Base.bw	0	100	1024	57160	3676000
585	5	178317060	178322180	chr5.434579	5	1024	444314786	hg38.gc5Base.bw	0	100	1024	53580	3354000
585	5	178337540	178342660	chr5.434583	5	1024	444318882	hg38.gc5Base.bw	0	100	1024	56060	3523600
585	5	178465540	178470660	chr5.434608	5	1024	444344482	hg38.gc5Base.bw	0	100	1024	55740	3516400
585	5	178660100	178665220	chr5.434646	5	1024	444383394	hg38.gc5Base.bw	0	100	1024	51280	3079200
585	5	179755780	179760900	chr5.434860	5	1024	444602530	hg38.gc5Base.bw	0	100	1024	48020	2784400
585	5	179940100	179945220	chr5.434896	5	1024	444639394	hg38.gc5Base.bw	0	100	1024	41820	2255600
585	5	180114180	180119300	chr5.434930	5	1024	444674210	hg38.gc5Base.bw	0	100	1024	59200	3900000
585	5	180631300	180636420	chr5.435031	5	1024	444777634	hg38.gc5Base.bw	0	100	1024	60840	3993600
585	5	180795140	180800260	chr5.435063	5	1024	444810402	hg38.gc5Base.bw	0	100	1024	49480	2861600
585	6	203360	208480	chr6.436090	5	1024	445852757	hg38.gc5Base.bw	0	100	1024	48940	2826800
585	6	387680	392800	chr6.436126	5	1024	445889621	hg38.gc5Base.bw	0	100	1024	51620	3258000
585	6	403040	408160	chr6.436129	5	1024	445892693	hg38.gc5Base.bw	0	100	1024	45220	2504400
585	6	454240	459360	chr6.436139	5	1024	445902933	hg38.gc5Base.bw	0	100	1024	43200	2316000
585	6	797280	802400	chr6.436206	5	1024	445971541	hg38.gc5Base.bw	0	100	1024	41320	2175200
585	6	1232480	1237600	chr6.436291	5	1024	446058581	hg38.gc5Base.bw	0	100	1024	50560	3019200
585	6	1529440	1534560	chr6.436349	5	1024	446117973	hg38.gc5Base.bw	0	100	1024	42640	2302400
585	6	1555040	1560160	chr6.436354	5	1024	446123093	hg38.gc5Base.bw	0	100	1024	43320	2444000
585	6	1565280	1570400	chr6.436356	5	1024	446125141	hg38.gc5Base.bw	0	100	1024	35860	1733200
585	6	1759840	1764960	chr6.436394	5	1024	446164053	hg38.gc5Base.bw	0	100	1024	43220	2375600
585	6	2594400	2599520	chr6.436557	5	1024	446330965	hg38.gc5Base.bw	0	100	1024	49720	2916000
585	6	2783840	2788960	chr6.436594	5	1024	446368853	hg38.gc5Base.bw	0	100	1024	47460	2732400
585	6	2829920	2835040	chr6.436603	5	1024	446378069	hg38.gc5Base.bw	0	100	1024	40480	2113600
585	6	2850400	2855520	chr6.436607	5	1024	446382165	hg38.gc5Base.bw	0	100	1024	50460	2948400
585	6	2896480	2901600	chr6.436616	5	1024	446391381	hg38.gc5Base.bw	0	100	1024	43700	2425200
585	6	3260000	3265120	chr6.436687	5	1024	446464085	hg38.gc5Base.bw	0	100	1024	52280	3177600
585	6	3265120	3270240	chr6.436688	5	1024	446465109	hg38.gc5Base.bw	0	100	1024	50520	3035200
585	6	3464800	3469920	chr6.436727	5	1024	446505045	hg38.gc5Base.bw	0	100	1024	46300	2617200
585	6	3710560	3715680	chr6.436775	5	1024	446554197	hg38.gc5Base.bw	0	100	1024	47680	2666400
585	6	3787360	3792480	chr6.436790	5	1024	446569557	hg38.gc5Base.bw	0	100	1024	46060	2602000
585	6	3823200	3828320	chr6.436797	5	1024	446576725	hg38.gc5Base.bw	0	100	1024	47000	2678400
585	6	3915360	3920480	chr6.436815	5	1024	446595157	hg38.gc5Base.bw	0	100	1024	45360	2504800
585	6	4007520	4012640	chr6.436833	5	1024	446613589	hg38.gc5Base.bw	0	100	1024	38000	1927200
585	6	4017760	4022880	chr6.436835	5	1024	446615637	hg38.gc5Base.bw	0	100	1024	48920	2992000
585	6	4053600	4058720	chr6.436842	5	1024	446622805	hg38.gc5Base.bw	0	100	1024	37560	1891200
585	6	4094560	4099680	chr6.436850	5	1024	446630997	hg38.gc5Base.bw	0	100	1024	45180	2542000
585	6	4519520	4524640	chr6.436933	5	1024	446715989	hg38.gc5Base.bw	0	100	1024	39680	2052800
585	6	4862560	4867680	chr6.437000	5	1024	446784597	hg38.gc5Base.bw	0	100	1024	36860	1786000
585	6	5359200	5364320	chr6.437097	5	1024	446883925	hg38.gc5Base.bw	0	100	1024	39200	2012000
585	6	5451360	5456480	chr6.437115	5	1024	446902357	hg38.gc5Base.bw	0	100	1024	43280	2343200
585	6	5692000	5697120	chr6.437162	5	1024	446950485	hg38.gc5Base.bw	0	100	1024	41140	2184400
585	6	6004320	6009440	chr6.437223	5	1024	447012949	hg38.gc5Base.bw	0	100	1024	54180	3561200
585	6	6050400	6055520	chr6.437232	5	1024	447022165	hg38.gc5Base.bw	0	100	1024	42340	2230000
585	6	6142560	6147680	chr6.437250	5	1024	447040597	hg38.gc5Base.bw	0	100	1024	42080	2193600
585	6	6178400	6183520	chr6.437257	5	1024	447047765	hg38.gc5Base.bw	0	100	1024	42900	2286000
585	6	6465120	6470240	chr6.437313	5	1024	447105109	hg38.gc5Base.bw	0	100	1024	46160	2562400
585	6	6634080	6639200	chr6.437346	5	1024	447138901	hg38.gc5Base.bw	0	100	1024	43060	2342800
585	6	6884960	6890080	chr6.437395	5	1024	447189077	hg38.gc5Base.bw	0	100	1024	51660	3144400
585	6	7033440	7038560	chr6.437424	5	1024	447218773	hg38.gc5Base.bw	0	100	1024	44620	2438000
585	6	7315040	7320160	chr6.437479	5	1024	447275093	hg38.gc5Base.bw	0	100	1024	50660	3061200
585	6	7550560	7555680	chr6.437525	5	1024	447322197	hg38.gc5Base.bw	0	100	1024	40480	2156800
585	6	7596640	7601760	chr6.437534	5	1024	447331413	hg38.gc5Base.bw	0	100	1024	34000	1618400
585	6	7606880	7612000	chr6.437536	5	1024	447333461	hg38.gc5Base.bw	0	100	1024	38200	1962400
585	6	7786080	7791200	chr6.437571	5	1024	447369301	hg38.gc5Base.bw	0	100	1024	43680	2338400
585	6	7837280	7842400	chr6.437581	5	1024	447379541	hg38.gc5Base.bw	0	100	1024	42140	2241200
585	6	8175200	8180320	chr6.437647	5	1024	447447125	hg38.gc5Base.bw	0	100	1024	42160	2259200
585	6	8390240	8395360	chr6.437689	5	1024	447490133	hg38.gc5Base.bw	0	100	1024	37660	1850000
585	6	8420960	8426080	chr6.437695	5	1024	447496277	hg38.gc5Base.bw	0	100	1024	35960	1782400
585	6	8876640	8881760	chr6.437784	5	1024	447587413	hg38.gc5Base.bw	0	100	1024	42120	2143200
585	6	8948320	8953440	chr6.437798	5	1024	447601749	hg38.gc5Base.bw	0	100	1024	37660	1885200
585	6	8999520	9004640	chr6.437808	5	1024	447611989	hg38.gc5Base.bw	0	100	1024	36220	1755600
585	6	9076320	9081440	chr6.437823	5	1024	447627349	hg38.gc5Base.bw	0	100	1024	34140	1592400
585	6	9398880	9404000	chr6.437886	5	1024	447691861	hg38.gc5Base.bw	0	100	1024	38600	2052800
585	6	9404000	9409120	chr6.437887	5	1024	447692885	hg38.gc5Base.bw	0	100	1024	38600	1950400
585	6	9470560	9475680	chr6.437900	5	1024	447706197	hg38.gc5Base.bw	0	100	1024	36820	1785200
585	6	9711200	9716320	chr6.437947	5	1024	447754325	hg38.gc5Base.bw	0	100	1024	38280	1917600
585	6	9844320	9849440	chr6.437973	5	1024	447780949	hg38.gc5Base.bw	0	100	1024	38160	1839200
585	6	9936480	9941600	chr6.437991	5	1024	447799381	hg38.gc5Base.bw	0	100	1024	39380	2045200
585	6	9987680	9992800	chr6.438001	5	1024	447809621	hg38.gc5Base.bw	0	100	1024	35900	1720400
585	6	10105440	10110560	chr6.438024	5	1024	447833173	hg38.gc5Base.bw	0	100	1024	41780	2202000
585	6	10448480	10453600	chr6.438091	5	1024	447901781	hg38.gc5Base.bw	0	100	1024	46360	2658400
585	6	10571360	10576480	chr6.438115	5	1024	447926357	hg38.gc5Base.bw	0	100	1024	46000	2585600
585	6	11134560	11139680	chr6.438225	5	1024	448038997	hg38.gc5Base.bw	0	100	1024	36620	1754800
585	6	11201120	11206240	chr6.438238	5	1024	448052309	hg38.gc5Base.bw	0	100	1024	44700	2454800
585	6	11789920	11795040	chr6.438353	5	1024	448170069	hg38.gc5Base.bw	0	100	1024	43040	2352000
585	6	11948640	11953760	chr6.438384	5	1024	448201813	hg38.gc5Base.bw	0	100	1024	38720	1928000
585	6	12363360	12368480	chr6.438465	5	1024	448284757	hg38.gc5Base.bw	0	100	1024	43320	2324800
585	6	12511840	12516960	chr6.438494	5	1024	448314453	hg38.gc5Base.bw	0	100	1024	42860	2290800
585	6	13141600	13146720	chr6.438617	5	1024	448440405	hg38.gc5Base.bw	0	100	1024	36360	1780800
585	6	13146720	13151840	chr6.438618	5	1024	448441429	hg38.gc5Base.bw	0	100	1024	39180	1970800
585	6	13438560	13443680	chr6.438675	5	1024	448499797	hg38.gc5Base.bw	0	100	1024	41520	2156000
585	6	14042720	14047840	chr6.438793	5	1024	448620629	hg38.gc5Base.bw	0	100	1024	44620	2498800
585	6	14349920	14355040	chr6.438853	5	1024	448682069	hg38.gc5Base.bw	0	100	1024	46840	2600800
585	6	14575200	14580320	chr6.438897	5	1024	448727125	hg38.gc5Base.bw	0	100	1024	40200	2087200
585	6	14657120	14662240	chr6.438913	5	1024	448743509	hg38.gc5Base.bw	0	100	1024	43260	2241200
585	6	14846560	14851680	chr6.438950	5	1024	448781397	hg38.gc5Base.bw	0	100	1024	44540	2496400
585	6	15394400	15399520	chr6.439057	5	1024	448890965	hg38.gc5Base.bw	0	100	1024	41620	2191600
585	6	15942240	15947360	chr6.439164	5	1024	449000533	hg38.gc5Base.bw	0	100	1024	46860	2587600
585	6	15957600	15962720	chr6.439167	5	1024	449003605	hg38.gc5Base.bw	0	100	1024	42920	2274400
585	6	15962720	15967840	chr6.439168	5	1024	449004629	hg38.gc5Base.bw	0	100	1024	43940	2366000
585	6	15983200	15988320	chr6.439172	5	1024	449008725	hg38.gc5Base.bw	0	100	1024	39620	1994800
585	6	16049760	16054880	chr6.439185	5	1024	449022037	hg38.gc5Base.bw	0	100	1024	39900	2041200
585	6	16106080	16111200	chr6.439196	5	1024	449033301	hg38.gc5Base.bw	0	100	1024	42480	2258400
585	6	16444000	16449120	chr6.439262	5	1024	449100885	hg38.gc5Base.bw	0	100	1024	41040	2153600
585	6	16515680	16520800	chr6.439276	5	1024	449115221	hg38.gc5Base.bw	0	100	1024	43660	2339600
585	6	16669280	16674400	chr6.439306	5	1024	449145941	hg38.gc5Base.bw	0	100	1024	42060	2246000
585	6	17606240	17611360	chr6.439489	5	1024	449333333	hg38.gc5Base.bw	0	100	1024	37500	1864400
585	6	17693280	17698400	chr6.439506	5	1024	449350741	hg38.gc5Base.bw	0	100	1024	44540	2505200
585	6	17995360	18000480	chr6.439565	5	1024	449411157	hg38.gc5Base.bw	0	100	1024	47080	2627200
585	6	18026080	18031200	chr6.439571	5	1024	449417301	hg38.gc5Base.bw	0	100	1024	46780	2643600
585	6	18113120	18118240	chr6.439588	5	1024	449434709	hg38.gc5Base.bw	0	100	1024	42940	2303600
585	6	18159200	18164320	chr6.439597	5	1024	449443925	hg38.gc5Base.bw	0	100	1024	42040	2254400
585	6	18425440	18430560	chr6.439649	5	1024	449497173	hg38.gc5Base.bw	0	100	1024	39800	2022400
585	6	18471520	18476640	chr6.439658	5	1024	449506389	hg38.gc5Base.bw	0	100	1024	44040	2457600
585	6	18773600	18778720	chr6.439717	5	1024	449566805	hg38.gc5Base.bw	0	100	1024	40280	2101600
585	6	18814560	18819680	chr6.439725	5	1024	449574997	hg38.gc5Base.bw	0	80	1024	33840	1556800
585	6	18896480	18901600	chr6.439741	5	1024	449591381	hg38.gc5Base.bw	0	100	1024	40020	2050000
585	6	19244640	19249760	chr6.439809	5	1024	449661013	hg38.gc5Base.bw	0	100	1024	41540	2193200
585	6	19464800	19469920	chr6.439852	5	1024	449705045	hg38.gc5Base.bw	0	100	1024	39200	1998400
585	6	19705440	19710560	chr6.439899	5	1024	449753173	hg38.gc5Base.bw	0	100	1024	40980	2154000
585	6	19853920	19859040	chr6.439928	5	1024	449782869	hg38.gc5Base.bw	0	100	1024	49040	2895200
585	6	20038240	20043360	chr6.439964	5	1024	449819733	hg38.gc5Base.bw	0	100	1024	44600	2417600
585	6	20063840	20068960	chr6.439969	5	1024	449824853	hg38.gc5Base.bw	0	100	1024	40740	2135600
585	6	20191840	20196960	chr6.439994	5	1024	449850453	hg38.gc5Base.bw	0	100	1024	42520	2282400
585	6	20391520	20396640	chr6.440033	5	1024	449890389	hg38.gc5Base.bw	0	100	1024	43820	2393200
585	6	20534880	20540000	chr6.440061	5	1024	449919061	hg38.gc5Base.bw	0	100	1024	40520	2067200
585	6	20570720	20575840	chr6.440068	5	1024	449926229	hg38.gc5Base.bw	0	100	1024	33540	1542800
585	6	20678240	20683360	chr6.440089	5	1024	449947733	hg38.gc5Base.bw	0	100	1024	38860	1987600
585	6	20729440	20734560	chr6.440099	5	1024	449957973	hg38.gc5Base.bw	0	100	1024	43080	2335200
585	6	20816480	20821600	chr6.440116	5	1024	449975381	hg38.gc5Base.bw	0	100	1024	36660	1782800
585	6	20964960	20970080	chr6.440145	5	1024	450005077	hg38.gc5Base.bw	0	100	1024	37980	1882800
585	6	21215840	21220960	chr6.440194	5	1024	450055253	hg38.gc5Base.bw	0	100	1024	41900	2230000
585	6	21251680	21256800	chr6.440201	5	1024	450062421	hg38.gc5Base.bw	0	100	1024	39040	1931200
585	6	21302880	21308000	chr6.440211	5	1024	450072661	hg38.gc5Base.bw	0	80	1024	34600	1656000
585	6	21338720	21343840	chr6.440218	5	1024	450079829	hg38.gc5Base.bw	0	100	1024	42300	2237200
585	6	21748320	21753440	chr6.440298	5	1024	450161749	hg38.gc5Base.bw	0	100	1024	37740	1892400
585	6	21881440	21886560	chr6.440324	5	1024	450188373	hg38.gc5Base.bw	0	100	1024	42600	2238400
585	6	22035040	22040160	chr6.440354	5	1024	450219093	hg38.gc5Base.bw	0	100	1024	40840	2090400
585	6	22311520	22316640	chr6.440408	5	1024	450274389	hg38.gc5Base.bw	0	100	1024	43240	2369600
585	6	22500960	22506080	chr6.440445	5	1024	450312277	hg38.gc5Base.bw	0	100	1024	38440	1896000
585	6	22920800	22925920	chr6.440527	5	1024	450396245	hg38.gc5Base.bw	0	100	1024	36280	1746400
585	6	23396960	23402080	chr6.440620	5	1024	450491477	hg38.gc5Base.bw	0	100	1024	33940	1595600
585	6	23437920	23443040	chr6.440628	5	1024	450499669	hg38.gc5Base.bw	0	100	1024	38320	1916000
585	6	23637600	23642720	chr6.440667	5	1024	450539605	hg38.gc5Base.bw	0	100	1024	40980	2106000
585	6	24190560	24195680	chr6.440775	5	1024	450650197	hg38.gc5Base.bw	0	100	1024	37580	1822000
585	6	24477280	24482400	chr6.440831	5	1024	450707541	hg38.gc5Base.bw	0	100	1024	43280	2338400
585	6	24661600	24666720	chr6.440867	5	1024	450744405	hg38.gc5Base.bw	0	100	1024	43600	2365600
585	6	24963680	24968800	chr6.440926	5	1024	450804821	hg38.gc5Base.bw	0	100	1024	41340	2155600
585	6	25276000	25281120	chr6.440987	5	1024	450867285	hg38.gc5Base.bw	0	100	1024	48800	2942400
585	6	25291360	25296480	chr6.440990	5	1024	450870357	hg38.gc5Base.bw	0	100	1024	42520	2243200
585	6	25598560	25603680	chr6.441050	5	1024	450931797	hg38.gc5Base.bw	0	100	1024	41700	2225200
585	6	25700960	25706080	chr6.441070	5	1024	450952277	hg38.gc5Base.bw	0	100	1024	42200	2225600
585	6	25726560	25731680	chr6.441075	5	1024	450957397	hg38.gc5Base.bw	0	100	1024	42800	2334400
585	6	25777760	25782880	chr6.441085	5	1024	450967637	hg38.gc5Base.bw	0	100	1024	42100	2162000
585	6	26079840	26084960	chr6.441144	5	1024	451028053	hg38.gc5Base.bw	0	100	1024	42560	2305600
585	6	26090080	26095200	chr6.441146	5	1024	451030101	hg38.gc5Base.bw	0	100	1024	47420	2663600
585	6	26156640	26161760	chr6.441159	5	1024	451043413	hg38.gc5Base.bw	0	100	1024	47680	2792000
585	6	26540640	26545760	chr6.441234	5	1024	451120213	hg38.gc5Base.bw	0	100	1024	40040	2076000
585	6	27129440	27134560	chr6.441349	5	1024	451237973	hg38.gc5Base.bw	0	100	1024	45560	2628000
585	6	27149920	27155040	chr6.441353	5	1024	451242069	hg38.gc5Base.bw	0	100	1024	41700	2238000
585	6	27257440	27262560	chr6.441374	5	1024	451263573	hg38.gc5Base.bw	0	100	1024	47140	2732400
585	6	27723360	27728480	chr6.441465	5	1024	451356757	hg38.gc5Base.bw	0	100	1024	42000	2290400
585	6	27984480	27989600	chr6.441516	5	1024	451408981	hg38.gc5Base.bw	0	100	1024	35960	1712000
585	6	28132960	28138080	chr6.441545	5	1024	451438677	hg38.gc5Base.bw	0	100	1024	43240	2382400
585	6	28163680	28168800	chr6.441551	5	1024	451444821	hg38.gc5Base.bw	0	100	1024	42180	2194800
585	6	28255840	28260960	chr6.441569	5	1024	451463253	hg38.gc5Base.bw	0	100	1024	41380	2218000
585	6	28301920	28307040	chr6.441578	5	1024	451472469	hg38.gc5Base.bw	0	100	1024	40020	2006800
585	6	28409440	28414560	chr6.441599	5	1024	451493973	hg38.gc5Base.bw	0	100	1024	39300	2016400
585	6	28455520	28460640	chr6.441608	5	1024	451503189	hg38.gc5Base.bw	0	100	1024	37680	1817600
585	6	28737120	28742240	chr6.441663	5	1024	451559509	hg38.gc5Base.bw	0	100	1024	45900	2674000
585	6	28865120	28870240	chr6.441688	5	1024	451585109	hg38.gc5Base.bw	0	100	1024	48780	2874000
585	6	28895840	28900960	chr6.441694	5	1024	451591253	hg38.gc5Base.bw	0	100	1024	43820	2504400
585	6	29269600	29274720	chr6.441767	5	1024	451666005	hg38.gc5Base.bw	0	100	1024	42140	2235600
585	6	29377120	29382240	chr6.441788	5	1024	451687509	hg38.gc5Base.bw	0	100	1024	35880	1789600
585	6	29382240	29387360	chr6.441789	5	1024	451688533	hg38.gc5Base.bw	0	100	1024	36560	1780000
585	6	29510240	29515360	chr6.441814	5	1024	451714133	hg38.gc5Base.bw	0	100	1024	44500	2397200
585	6	29643360	29648480	chr6.441840	5	1024	451740757	hg38.gc5Base.bw	0	100	1024	44900	2541200
585	6	29679200	29684320	chr6.441847	5	1024	451747925	hg38.gc5Base.bw	0	100	1024	51220	3153200
585	6	29694560	29699680	chr6.441850	5	1024	451750997	hg38.gc5Base.bw	0	100	1024	47500	2742000
585	6	29730400	29735520	chr6.441857	5	1024	451758165	hg38.gc5Base.bw	0	100	1024	42520	2288000
585	6	29796960	29802080	chr6.441870	5	1024	451771477	hg38.gc5Base.bw	0	100	1024	47520	2773600
585	6	29843040	29848160	chr6.441879	5	1024	451780693	hg38.gc5Base.bw	0	100	1024	43740	2411600
585	6	29858400	29863520	chr6.441882	5	1024	451783765	hg38.gc5Base.bw	0	100	1024	42760	2297600
585	6	30099040	30104160	chr6.441929	5	1024	451831893	hg38.gc5Base.bw	0	100	1024	52300	3216400
585	6	30124640	30129760	chr6.441934	5	1024	451837013	hg38.gc5Base.bw	0	100	1024	44820	2528400
585	6	30129760	30134880	chr6.441935	5	1024	451838037	hg38.gc5Base.bw	0	100	1024	43320	2309600
585	6	30201440	30206560	chr6.441949	5	1024	451852373	hg38.gc5Base.bw	0	100	1024	46560	2629600
585	6	30232160	30237280	chr6.441955	5	1024	451858517	hg38.gc5Base.bw	0	100	1024	38840	1970400
585	6	30237280	30242400	chr6.441956	5	1024	451859541	hg38.gc5Base.bw	0	100	1024	43960	2436800
585	6	30273120	30278240	chr6.441963	5	1024	451866709	hg38.gc5Base.bw	0	100	1024	37340	1881200
585	6	30288480	30293600	chr6.441966	5	1024	451869781	hg38.gc5Base.bw	0	100	1024	43360	2304000
585	6	30508640	30513760	chr6.442009	5	1024	451913813	hg38.gc5Base.bw	0	100	1024	43040	2353600
585	6	30559840	30564960	chr6.442019	5	1024	451924053	hg38.gc5Base.bw	0	100	1024	46320	2616000
585	6	30703200	30708320	chr6.442047	5	1024	451952725	hg38.gc5Base.bw	0	100	1024	54740	3381200
585	6	30749280	30754400	chr6.442056	5	1024	451961941	hg38.gc5Base.bw	0	100	1024	49320	2934400
585	6	30759520	30764640	chr6.442058	5	1024	451963989	hg38.gc5Base.bw	0	100	1024	47060	2670800
585	6	30780000	30785120	chr6.442062	5	1024	451968085	hg38.gc5Base.bw	0	100	1024	48240	2806400
585	6	30790240	30795360	chr6.442064	5	1024	451970133	hg38.gc5Base.bw	0	100	1024	47300	2716400
585	6	30826080	30831200	chr6.442071	5	1024	451977301	hg38.gc5Base.bw	0	100	1024	49220	2871600
585	6	30887520	30892640	chr6.442083	5	1024	451989589	hg38.gc5Base.bw	0	100	1024	54080	3380800
585	6	31020640	31025760	chr6.442109	5	1024	452016213	hg38.gc5Base.bw	0	100	1024	46040	2636800
585	6	31030880	31036000	chr6.442111	5	1024	452018261	hg38.gc5Base.bw	0	100	1024	46260	2576400
585	6	31061600	31066720	chr6.442117	5	1024	452024405	hg38.gc5Base.bw	0	100	1024	46100	2548400
585	6	31082080	31087200	chr6.442121	5	1024	452028501	hg38.gc5Base.bw	0	100	1024	45360	2556000
585	6	31164000	31169120	chr6.442137	5	1024	452044885	hg38.gc5Base.bw	0	100	1024	50280	2955200
585	6	31204960	31210080	chr6.442145	5	1024	452053077	hg38.gc5Base.bw	0	100	1024	45380	2556400
585	6	31261280	31266400	chr6.442156	5	1024	452064341	hg38.gc5Base.bw	0	100	1024	43480	2322400
585	6	31286880	31292000	chr6.442161	5	1024	452069461	hg38.gc5Base.bw	0	100	1024	44100	2350000
585	6	31292000	31297120	chr6.442162	5	1024	452070485	hg38.gc5Base.bw	0	100	1024	35460	1694800
585	6	31297120	31302240	chr6.442163	5	1024	452071509	hg38.gc5Base.bw	0	100	1024	43240	2278400
585	6	31302240	31307360	chr6.442164	5	1024	452072533	hg38.gc5Base.bw	0	100	1024	47040	2636000
585	6	31373920	31379040	chr6.442178	5	1024	452086869	hg38.gc5Base.bw	0	100	1024	48020	2775600
585	6	31471200	31476320	chr6.442197	5	1024	452106325	hg38.gc5Base.bw	0	100	1024	50060	2886000
585	6	31481440	31486560	chr6.442199	5	1024	452108373	hg38.gc5Base.bw	0	100	1024	42980	2406000
585	6	31532640	31537760	chr6.442209	5	1024	452118613	hg38.gc5Base.bw	0	100	1024	47580	2762000
585	6	31542880	31548000	chr6.442211	5	1024	452120661	hg38.gc5Base.bw	0	100	1024	48560	2828800
585	6	31558240	31563360	chr6.442214	5	1024	452123733	hg38.gc5Base.bw	0	100	1024	52440	3172000
585	6	31578720	31583840	chr6.442218	5	1024	452127829	hg38.gc5Base.bw	0	100	1024	56320	3595200
585	6	31660640	31665760	chr6.442234	5	1024	452144213	hg38.gc5Base.bw	0	100	1024	55020	3509200
585	6	31711840	31716960	chr6.442244	5	1024	452154453	hg38.gc5Base.bw	0	100	1024	52440	3230400
585	6	31896160	31901280	chr6.442280	5	1024	452191317	hg38.gc5Base.bw	0	100	1024	59960	4045600
585	6	31957600	31962720	chr6.442292	5	1024	452203605	hg38.gc5Base.bw	0	100	1024	53480	3260800
585	6	31978080	31983200	chr6.442296	5	1024	452207701	hg38.gc5Base.bw	0	100	1024	53120	3264000
585	6	32141920	32147040	chr6.442328	5	1024	452240469	hg38.gc5Base.bw	0	100	1024	48820	2905200
585	6	32198240	32203360	chr6.442339	5	1024	452251733	hg38.gc5Base.bw	0	100	1024	53700	3331600
585	6	32218720	32223840	chr6.442343	5	1024	452255829	hg38.gc5Base.bw	0	100	1024	57100	3598000
585	6	32300640	32305760	chr6.442359	5	1024	452272213	hg38.gc5Base.bw	0	100	1024	38640	1984000
585	6	32367200	32372320	chr6.442372	5	1024	452285525	hg38.gc5Base.bw	0	100	1024	40120	2016000
585	6	32387680	32392800	chr6.442376	5	1024	452289621	hg38.gc5Base.bw	0	100	1024	39560	2058400
585	6	32454240	32459360	chr6.442389	5	1024	452302933	hg38.gc5Base.bw	0	100	1024	42320	2217600
585	6	32628320	32633440	chr6.442423	5	1024	452337749	hg38.gc5Base.bw	0	100	1024	38480	1958400
585	6	32689760	32694880	chr6.442435	5	1024	452350037	hg38.gc5Base.bw	0	100	1024	34680	1632000
585	6	32797280	32802400	chr6.442456	5	1024	452371541	hg38.gc5Base.bw	0	100	1024	40760	2135200
585	6	32807520	32812640	chr6.442458	5	1024	452373589	hg38.gc5Base.bw	0	100	1024	42820	2299600
585	6	32848480	32853600	chr6.442466	5	1024	452381781	hg38.gc5Base.bw	0	100	1024	52300	3170000
585	6	32909920	32915040	chr6.442478	5	1024	452394069	hg38.gc5Base.bw	0	100	1024	40620	2095600
585	6	33007200	33012320	chr6.442497	5	1024	452413525	hg38.gc5Base.bw	0	100	1024	49520	2964800
585	6	33089120	33094240	chr6.442513	5	1024	452429909	hg38.gc5Base.bw	0	100	1024	43480	2329600
585	6	33263200	33268320	chr6.442547	5	1024	452464725	hg38.gc5Base.bw	0	100	1024	52120	3099200
585	6	33770080	33775200	chr6.442646	5	1024	452566101	hg38.gc5Base.bw	0	100	1024	57560	3709600
585	6	33949280	33954400	chr6.442681	5	1024	452601941	hg38.gc5Base.bw	0	100	1024	52560	3207200
585	6	34148960	34154080	chr6.442720	5	1024	452641877	hg38.gc5Base.bw	0	100	1024	56540	3601200
585	6	35085920	35091040	chr6.442903	5	1024	452829269	hg38.gc5Base.bw	0	100	1024	58760	3789600
585	6	35295840	35300960	chr6.442944	5	1024	452871253	hg38.gc5Base.bw	0	100	1024	54460	3350000
585	6	35408480	35413600	chr6.442966	5	1024	452893781	hg38.gc5Base.bw	0	100	1024	51000	3012800
585	6	35434080	35439200	chr6.442971	5	1024	452898901	hg38.gc5Base.bw	0	100	1024	51680	3145600
585	6	35603040	35608160	chr6.443004	5	1024	452932693	hg38.gc5Base.bw	0	100	1024	43820	2487600
585	6	35818080	35823200	chr6.443046	5	1024	452975701	hg38.gc5Base.bw	0	100	1024	44960	2581600
585	6	35848800	35853920	chr6.443052	5	1024	452981845	hg38.gc5Base.bw	0	100	1024	39480	1985600
585	6	36140640	36145760	chr6.443109	5	1024	453040213	hg38.gc5Base.bw	0	100	1024	52060	3165200
585	6	36294240	36299360	chr6.443139	5	1024	453070933	hg38.gc5Base.bw	0	100	1024	47860	2762000
585	6	36304480	36309600	chr6.443141	5	1024	453072981	hg38.gc5Base.bw	0	100	1024	46440	2650400
585	6	36396640	36401760	chr6.443159	5	1024	453091413	hg38.gc5Base.bw	0	100	1024	43160	2357600
585	6	36647520	36652640	chr6.443208	5	1024	453141589	hg38.gc5Base.bw	0	100	1024	47220	2713200
585	6	37200480	37205600	chr6.443316	5	1024	453252181	hg38.gc5Base.bw	0	100	1024	46340	2639600
585	6	37471840	37476960	chr6.443369	5	1024	453306453	hg38.gc5Base.bw	0	100	1024	51900	3082800
585	6	37538400	37543520	chr6.443382	5	1024	453319765	hg38.gc5Base.bw	0	100	1024	49680	2913600
585	6	37615200	37620320	chr6.443397	5	1024	453335125	hg38.gc5Base.bw	0	100	1024	54240	3333600
585	6	38019680	38024800	chr6.443476	5	1024	453416021	hg38.gc5Base.bw	0	100	1024	38520	1978400
585	6	38173280	38178400	chr6.443506	5	1024	453446741	hg38.gc5Base.bw	0	100	1024	53920	3333600
585	6	38219360	38224480	chr6.443515	5	1024	453455957	hg38.gc5Base.bw	0	100	1024	44160	2458400
585	6	38372960	38378080	chr6.443545	5	1024	453486677	hg38.gc5Base.bw	0	100	1024	37740	1890800
585	6	38557280	38562400	chr6.443581	5	1024	453523541	hg38.gc5Base.bw	0	100	1024	37500	1845200
585	6	38649440	38654560	chr6.443599	5	1024	453541973	hg38.gc5Base.bw	0	100	1024	42580	2278000
585	6	39294560	39299680	chr6.443725	5	1024	453670997	hg38.gc5Base.bw	0	100	1024	54580	3378800
585	6	39970400	39975520	chr6.443857	5	1024	453806165	hg38.gc5Base.bw	0	100	1024	45520	2489600
585	6	40072800	40077920	chr6.443877	5	1024	453826645	hg38.gc5Base.bw	0	100	1024	45720	2460000
585	6	40098400	40103520	chr6.443882	5	1024	453831765	hg38.gc5Base.bw	0	100	1024	41400	2108000
585	6	40298080	40303200	chr6.443921	5	1024	453871701	hg38.gc5Base.bw	0	100	1024	52320	3115200
585	6	40497760	40502880	chr6.443960	5	1024	453911637	hg38.gc5Base.bw	0	100	1024	48620	2834800
585	6	40625760	40630880	chr6.443985	5	1024	453937237	hg38.gc5Base.bw	0	100	1024	51160	3012800
585	6	40676960	40682080	chr6.443995	5	1024	453947477	hg38.gc5Base.bw	0	100	1024	47440	2691200
585	6	40697440	40702560	chr6.443999	5	1024	453951573	hg38.gc5Base.bw	0	100	1024	45640	2495200
585	6	41214560	41219680	chr6.444100	5	1024	454054997	hg38.gc5Base.bw	0	100	1024	46000	2544800
585	6	41342560	41347680	chr6.444125	5	1024	454080597	hg38.gc5Base.bw	0	100	1024	52320	3140800
585	6	41429600	41434720	chr6.444142	5	1024	454098005	hg38.gc5Base.bw	0	100	1024	50900	3081200
585	6	41480800	41485920	chr6.444152	5	1024	454108245	hg38.gc5Base.bw	0	100	1024	43120	2341600
585	6	41583200	41588320	chr6.444172	5	1024	454128725	hg38.gc5Base.bw	0	100	1024	61440	4084000
585	6	41593440	41598560	chr6.444174	5	1024	454130773	hg38.gc5Base.bw	0	100	1024	57620	3752400
585	6	41716320	41721440	chr6.444198	5	1024	454155349	hg38.gc5Base.bw	0	100	1024	51440	3100000
585	6	41813600	41818720	chr6.444217	5	1024	454174805	hg38.gc5Base.bw	0	100	1024	43520	2398400
585	6	41931360	41936480	chr6.444240	5	1024	454198357	hg38.gc5Base.bw	0	100	1024	52240	3148000
585	6	42069600	42074720	chr6.444267	5	1024	454226005	hg38.gc5Base.bw	0	100	1024	47900	2788400
585	6	42443360	42448480	chr6.444340	5	1024	454300757	hg38.gc5Base.bw	0	100	1024	48020	2733200
585	6	42863200	42868320	chr6.444422	5	1024	454384725	hg38.gc5Base.bw	0	100	1024	45260	2530800
585	6	42909280	42914400	chr6.444431	5	1024	454393941	hg38.gc5Base.bw	0	100	1024	52520	3317600
585	6	44056160	44061280	chr6.444655	5	1024	454623317	hg38.gc5Base.bw	0	100	1024	55040	3384000
585	6	44112480	44117600	chr6.444666	5	1024	454634581	hg38.gc5Base.bw	0	100	1024	47280	2675200
585	6	44342880	44348000	chr6.444711	5	1024	454680661	hg38.gc5Base.bw	0	100	1024	43440	2364800
585	6	44716640	44721760	chr6.444784	5	1024	454755413	hg38.gc5Base.bw	0	100	1024	43900	2354000
585	6	44834400	44839520	chr6.444807	5	1024	454778965	hg38.gc5Base.bw	0	100	1024	38820	1966000
585	6	44854880	44860000	chr6.444811	5	1024	454783061	hg38.gc5Base.bw	0	100	1024	36780	1761200
585	6	45397600	45402720	chr6.444917	5	1024	454891605	hg38.gc5Base.bw	0	100	1024	39000	1969600
585	6	45587040	45592160	chr6.444954	5	1024	454929493	hg38.gc5Base.bw	0	100	1024	41720	2195200
585	6	46012000	46017120	chr6.445037	5	1024	455014485	hg38.gc5Base.bw	0	100	1024	49680	3012000
585	6	46032480	46037600	chr6.445041	5	1024	455018581	hg38.gc5Base.bw	0	100	1024	42760	2340800
585	6	46611040	46616160	chr6.445154	5	1024	455134293	hg38.gc5Base.bw	0	100	1024	36700	1798800
585	6	46616160	46621280	chr6.445155	5	1024	455135317	hg38.gc5Base.bw	0	80	1024	37400	1816800
585	6	46861920	46867040	chr6.445203	5	1024	455184469	hg38.gc5Base.bw	0	100	1024	41180	2147600
585	6	46984800	46989920	chr6.445227	5	1024	455209045	hg38.gc5Base.bw	0	100	1024	40940	2145200
585	6	47368800	47373920	chr6.445302	5	1024	455285845	hg38.gc5Base.bw	0	100	1024	41440	2187200
585	6	47696480	47701600	chr6.445366	5	1024	455351381	hg38.gc5Base.bw	0	100	1024	42740	2217200
585	6	47829600	47834720	chr6.445392	5	1024	455378005	hg38.gc5Base.bw	0	100	1024	37940	1832400
585	6	48121440	48126560	chr6.445449	5	1024	455436373	hg38.gc5Base.bw	0	100	1024	36440	1770400
585	6	48879200	48884320	chr6.445597	5	1024	455587925	hg38.gc5Base.bw	0	100	1024	36640	1769600
585	6	49672800	49677920	chr6.445752	5	1024	455746645	hg38.gc5Base.bw	0	100	1024	37320	1806400
585	6	49780320	49785440	chr6.445773	5	1024	455768149	hg38.gc5Base.bw	0	100	1024	37060	1847600
585	6	50046560	50051680	chr6.445825	5	1024	455821397	hg38.gc5Base.bw	0	100	1024	37400	1906400
585	6	50108000	50113120	chr6.445837	5	1024	455833685	hg38.gc5Base.bw	0	100	1024	34220	1578000
585	6	50579040	50584160	chr6.445929	5	1024	455927893	hg38.gc5Base.bw	0	100	1024	31060	1374800
585	6	50604640	50609760	chr6.445934	5	1024	455933013	hg38.gc5Base.bw	0	100	1024	35460	1660400
585	6	51116640	51121760	chr6.446034	5	1024	456035413	hg38.gc5Base.bw	0	100	1024	43760	2351200
585	6	51613280	51618400	chr6.446131	5	1024	456134741	hg38.gc5Base.bw	0	100	1024	37400	1838400
585	6	51956320	51961440	chr6.446198	5	1024	456203349	hg38.gc5Base.bw	0	100	1024	40060	2034000
585	6	52022880	52028000	chr6.446211	5	1024	456216661	hg38.gc5Base.bw	0	100	1024	42460	2275600
585	6	52068960	52074080	chr6.446220	5	1024	456225877	hg38.gc5Base.bw	0	100	1024	37900	1844400
585	6	52135520	52140640	chr6.446233	5	1024	456239189	hg38.gc5Base.bw	0	100	1024	44820	2474800
585	6	52181600	52186720	chr6.446242	5	1024	456248405	hg38.gc5Base.bw	0	100	1024	42860	2250000
585	6	52452960	52458080	chr6.446295	5	1024	456302677	hg38.gc5Base.bw	0	100	1024	39240	1978400
585	6	52591200	52596320	chr6.446322	5	1024	456330325	hg38.gc5Base.bw	0	100	1024	44480	2422400
585	6	52673120	52678240	chr6.446338	5	1024	456346709	hg38.gc5Base.bw	0	100	1024	43280	2313600
585	6	52980320	52985440	chr6.446398	5	1024	456408149	hg38.gc5Base.bw	0	100	1024	41660	2151600
585	6	53261920	53267040	chr6.446453	5	1024	456464469	hg38.gc5Base.bw	0	100	1024	44660	2426000
585	6	53430880	53436000	chr6.446486	5	1024	456498261	hg38.gc5Base.bw	0	100	1024	41420	2205200
585	6	53517920	53523040	chr6.446503	5	1024	456515669	hg38.gc5Base.bw	0	100	1024	44600	2489600
585	6	53820000	53825120	chr6.446562	5	1024	456576085	hg38.gc5Base.bw	0	100	1024	39380	1964400
585	6	53994080	53999200	chr6.446596	5	1024	456610901	hg38.gc5Base.bw	0	100	1024	35400	1672800
585	6	54040160	54045280	chr6.446605	5	1024	456620117	hg38.gc5Base.bw	0	100	1024	39240	1964000
585	6	54285920	54291040	chr6.446653	5	1024	456669269	hg38.gc5Base.bw	0	100	1024	38600	1894400
585	6	54588000	54593120	chr6.446712	5	1024	456729685	hg38.gc5Base.bw	0	100	1024	34080	1565600
585	6	54618720	54623840	chr6.446718	5	1024	456735829	hg38.gc5Base.bw	0	100	1024	37620	1834800
585	6	55135840	55140960	chr6.446819	5	1024	456839253	hg38.gc5Base.bw	0	100	1024	36560	1756800
585	6	55140960	55146080	chr6.446820	5	1024	456840277	hg38.gc5Base.bw	0	100	1024	38600	2069600
585	6	55192160	55197280	chr6.446830	5	1024	456850517	hg38.gc5Base.bw	0	100	1024	36140	1739600
585	6	55274080	55279200	chr6.446846	5	1024	456866901	hg38.gc5Base.bw	0	100	1024	35400	1713600
585	6	55427680	55432800	chr6.446876	5	1024	456897621	hg38.gc5Base.bw	0	100	1024	37600	1839200
585	6	55432800	55437920	chr6.446877	5	1024	456898645	hg38.gc5Base.bw	0	100	1024	36340	1727600
585	6	61262900	61268020	chr6.447922	5	1024	457964629	hg38.gc5Base.bw	0	100	1024	35560	1671200
585	6	63640690	63645810	chr6.448390	5	1024	458438741	hg38.gc5Base.bw	0	100	1024	36240	1788800
585	6	63906930	63912050	chr6.448442	5	1024	458491989	hg38.gc5Base.bw	0	100	1024	36920	1813600
585	6	64664690	64669810	chr6.448590	5	1024	458643541	hg38.gc5Base.bw	0	100	1024	35220	1728400
585	6	64792690	64797810	chr6.448615	5	1024	458669141	hg38.gc5Base.bw	0	100	1024	36240	1756800
585	6	65724530	65729650	chr6.448797	5	1024	458855509	hg38.gc5Base.bw	0	100	1024	37780	1833200
585	6	65770610	65775730	chr6.448806	5	1024	458864725	hg38.gc5Base.bw	0	100	1024	38980	1969200
585	6	65806450	65811570	chr6.448813	5	1024	458871893	hg38.gc5Base.bw	0	100	1024	36820	1826800
585	6	66103410	66108530	chr6.448871	5	1024	458931285	hg38.gc5Base.bw	0	100	1024	38780	1925200
585	6	66113650	66118770	chr6.448873	5	1024	458933333	hg38.gc5Base.bw	0	100	1024	31160	1372800
585	6	66528370	66533490	chr6.448954	5	1024	459016277	hg38.gc5Base.bw	0	100	1024	30380	1322800
585	6	66769010	66774130	chr6.449001	5	1024	459064405	hg38.gc5Base.bw	0	100	1024	34700	1666000
585	6	67490930	67496050	chr6.449142	5	1024	459208789	hg38.gc5Base.bw	0	80	1024	30700	1319600
585	6	68187250	68192370	chr6.449278	5	1024	459348053	hg38.gc5Base.bw	0	80	1024	34180	1599600
585	6	68330610	68335730	chr6.449306	5	1024	459376725	hg38.gc5Base.bw	0	80	1024	33120	1507200
585	6	68386930	68392050	chr6.449317	5	1024	459387989	hg38.gc5Base.bw	0	100	1024	34660	1640400
585	6	68489330	68494450	chr6.449337	5	1024	459408469	hg38.gc5Base.bw	0	100	1024	32820	1520400
585	6	68586610	68591730	chr6.449356	5	1024	459427925	hg38.gc5Base.bw	0	100	1024	38700	1953200
585	6	69395570	69400690	chr6.449514	5	1024	459589717	hg38.gc5Base.bw	0	100	1024	40100	2079600
585	6	69876850	69881970	chr6.449608	5	1024	459685973	hg38.gc5Base.bw	0	100	1024	34920	1662400
585	6	70056050	70061170	chr6.449643	5	1024	459721813	hg38.gc5Base.bw	0	100	1024	34420	1568400
585	6	70107250	70112370	chr6.449653	5	1024	459732053	hg38.gc5Base.bw	0	100	1024	37080	1788800
585	6	70209650	70214770	chr6.449673	5	1024	459752533	hg38.gc5Base.bw	0	100	1024	35740	1702000
585	6	70230130	70235250	chr6.449677	5	1024	459756629	hg38.gc5Base.bw	0	100	1024	40720	2152000
585	6	70250610	70255730	chr6.449681	5	1024	459760725	hg38.gc5Base.bw	0	100	1024	38340	1934800
585	6	70322290	70327410	chr6.449695	5	1024	459775061	hg38.gc5Base.bw	0	100	1024	38500	1906800
585	6	70383730	70388850	chr6.449707	5	1024	459787349	hg38.gc5Base.bw	0	100	1024	39000	1954400
585	6	70552690	70557810	chr6.449740	5	1024	459821141	hg38.gc5Base.bw	0	100	1024	39400	2077600
585	6	70721650	70726770	chr6.449773	5	1024	459854933	hg38.gc5Base.bw	0	100	1024	39160	2036000
585	6	71986290	71991410	chr6.450020	5	1024	460107861	hg38.gc5Base.bw	0	100	1024	38380	1946000
585	6	72836210	72841330	chr6.450186	5	1024	460277845	hg38.gc5Base.bw	0	100	1024	36320	1798400
585	6	73133170	73138290	chr6.450244	5	1024	460337237	hg38.gc5Base.bw	0	100	1024	39720	2065600
585	6	73138290	73143410	chr6.450245	5	1024	460338261	hg38.gc5Base.bw	0	100	1024	42560	2250400
585	6	73220210	73225330	chr6.450261	5	1024	460354645	hg38.gc5Base.bw	0	100	1024	47280	2753600
585	6	73302130	73307250	chr6.450277	5	1024	460371029	hg38.gc5Base.bw	0	100	1024	43480	2427200
585	6	73737330	73742450	chr6.450362	5	1024	460458069	hg38.gc5Base.bw	0	100	1024	41200	2187200
585	6	73875570	73880690	chr6.450389	5	1024	460485717	hg38.gc5Base.bw	0	100	1024	43860	2379600
585	6	74285170	74290290	chr6.450469	5	1024	460567637	hg38.gc5Base.bw	0	100	1024	39080	1964800
585	6	74346610	74351730	chr6.450481	5	1024	460579925	hg38.gc5Base.bw	0	100	1024	39440	2005600
585	6	74822770	74827890	chr6.450574	5	1024	460675157	hg38.gc5Base.bw	0	100	1024	38700	2066800
585	6	75027570	75032690	chr6.450614	5	1024	460716117	hg38.gc5Base.bw	0	100	1024	41480	2168800
585	6	75135090	75140210	chr6.450635	5	1024	460737621	hg38.gc5Base.bw	0	100	1024	37720	1849600
585	6	75355250	75360370	chr6.450678	5	1024	460781653	hg38.gc5Base.bw	0	100	1024	43740	2378800
585	6	75416690	75421810	chr6.450690	5	1024	460793941	hg38.gc5Base.bw	0	100	1024	35760	1722400
585	6	76287090	76292210	chr6.450860	5	1024	460968021	hg38.gc5Base.bw	0	100	1024	35100	1630000
585	6	76681330	76686450	chr6.450937	5	1024	461046869	hg38.gc5Base.bw	0	80	1024	37680	1820800
585	6	76824690	76829810	chr6.450965	5	1024	461075541	hg38.gc5Base.bw	0	80	1024	30920	1346400
585	6	77213810	77218930	chr6.451041	5	1024	461153365	hg38.gc5Base.bw	0	100	1024	36400	1741600
585	6	77966450	77971570	chr6.451188	5	1024	461303893	hg38.gc5Base.bw	0	100	1024	34500	1602000
585	6	78985330	78990450	chr6.451387	5	1024	461507669	hg38.gc5Base.bw	0	100	1024	33740	1594000
585	6	79374450	79379570	chr6.451463	5	1024	461585493	hg38.gc5Base.bw	0	100	1024	34760	1669600
585	6	79947890	79953010	chr6.451575	5	1024	461700181	hg38.gc5Base.bw	0	100	1024	38840	1962400
585	6	80884850	80889970	chr6.451758	5	1024	461887573	hg38.gc5Base.bw	0	80	1024	31560	1387200
585	6	81079410	81084530	chr6.451796	5	1024	461926485	hg38.gc5Base.bw	0	100	1024	35860	1747600
585	6	81873010	81878130	chr6.451951	5	1024	462085205	hg38.gc5Base.bw	0	100	1024	38620	1918800
585	6	82385010	82390130	chr6.452051	5	1024	462187605	hg38.gc5Base.bw	0	100	1024	37000	1825600
585	6	82395250	82400370	chr6.452053	5	1024	462189653	hg38.gc5Base.bw	0	100	1024	37260	1837200
585	6	82769010	82774130	chr6.452126	5	1024	462264405	hg38.gc5Base.bw	0	100	1024	39120	1957600
585	6	82830450	82835570	chr6.452138	5	1024	462276693	hg38.gc5Base.bw	0	100	1024	38940	1946800
585	6	82953330	82958450	chr6.452162	5	1024	462301269	hg38.gc5Base.bw	0	100	1024	41940	2216400
585	6	83245170	83250290	chr6.452219	5	1024	462359637	hg38.gc5Base.bw	0	100	1024	34780	1688400
585	6	83982450	83987570	chr6.452363	5	1024	462507093	hg38.gc5Base.bw	0	100	1024	39580	1971600
585	6	84340850	84345970	chr6.452433	5	1024	462578773	hg38.gc5Base.bw	0	100	1024	41600	2174400
585	6	84345970	84351090	chr6.452434	5	1024	462579797	hg38.gc5Base.bw	0	100	1024	39520	1972000
585	6	84351090	84356210	chr6.452435	5	1024	462580821	hg38.gc5Base.bw	0	100	1024	38500	1941200
585	6	84453490	84458610	chr6.452455	5	1024	462601301	hg38.gc5Base.bw	0	100	1024	36440	1780000
585	6	84996210	85001330	chr6.452561	5	1024	462709845	hg38.gc5Base.bw	0	100	1024	39420	1956400
585	6	85702770	85707890	chr6.452699	5	1024	462851157	hg38.gc5Base.bw	0	100	1024	48420	2805200
585	6	86429810	86434930	chr6.452841	5	1024	462996565	hg38.gc5Base.bw	0	100	1024	44940	2453200
585	6	86506610	86511730	chr6.452856	5	1024	463011925	hg38.gc5Base.bw	0	100	1024	39300	2014800
585	6	86562930	86568050	chr6.452867	5	1024	463023189	hg38.gc5Base.bw	0	100	1024	34340	1590000
585	6	86603890	86609010	chr6.452875	5	1024	463031381	hg38.gc5Base.bw	0	100	1024	37820	1928400
585	6	86849650	86854770	chr6.452923	5	1024	463080533	hg38.gc5Base.bw	0	100	1024	38300	1918800
585	6	86952050	86957170	chr6.452943	5	1024	463101013	hg38.gc5Base.bw	0	100	1024	40320	2051200
585	6	87161970	87167090	chr6.452984	5	1024	463142997	hg38.gc5Base.bw	0	100	1024	39260	2014800
585	6	87474290	87479410	chr6.453045	5	1024	463205461	hg38.gc5Base.bw	0	100	1024	39360	2038400
585	6	87576690	87581810	chr6.453065	5	1024	463225941	hg38.gc5Base.bw	0	100	1024	40200	2147200
585	6	87899250	87904370	chr6.453128	5	1024	463290453	hg38.gc5Base.bw	0	100	1024	45120	2472000
585	6	87914610	87919730	chr6.453131	5	1024	463293525	hg38.gc5Base.bw	0	100	1024	41840	2184800
585	6	87945330	87950450	chr6.453137	5	1024	463299669	hg38.gc5Base.bw	0	100	1024	44440	2410400
585	6	88472690	88477810	chr6.453240	5	1024	463405141	hg38.gc5Base.bw	0	100	1024	40880	2156000
585	6	88488050	88493170	chr6.453243	5	1024	463408213	hg38.gc5Base.bw	0	100	1024	38940	1943600
585	6	88969330	88974450	chr6.453337	5	1024	463504469	hg38.gc5Base.bw	0	100	1024	44420	2430000
585	6	89025650	89030770	chr6.453348	5	1024	463515733	hg38.gc5Base.bw	0	100	1024	43020	2359600
585	6	89087090	89092210	chr6.453360	5	1024	463528021	hg38.gc5Base.bw	0	100	1024	40460	2136400
585	6	89327730	89332850	chr6.453407	5	1024	463576149	hg38.gc5Base.bw	0	100	1024	35720	1751200
585	6	89430130	89435250	chr6.453427	5	1024	463596629	hg38.gc5Base.bw	0	100	1024	52300	3274000
585	6	89660530	89665650	chr6.453472	5	1024	463642709	hg38.gc5Base.bw	0	100	1024	41740	2221200
585	6	90428530	90433650	chr6.453622	5	1024	463796309	hg38.gc5Base.bw	0	100	1024	39080	1940800
585	6	90500210	90505330	chr6.453636	5	1024	463810645	hg38.gc5Base.bw	0	100	1024	37340	1871600
585	6	90536050	90541170	chr6.453643	5	1024	463817813	hg38.gc5Base.bw	0	100	1024	33800	1534400
585	6	90925170	90930290	chr6.453719	5	1024	463895637	hg38.gc5Base.bw	0	100	1024	37860	1848400
585	6	91012210	91017330	chr6.453736	5	1024	463913045	hg38.gc5Base.bw	0	100	1024	36480	1760800
585	6	91181170	91186290	chr6.453769	5	1024	463946837	hg38.gc5Base.bw	0	100	1024	36720	1748000
585	6	91298930	91304050	chr6.453792	5	1024	463970389	hg38.gc5Base.bw	0	100	1024	43460	2370800
585	6	91406450	91411570	chr6.453813	5	1024	463991893	hg38.gc5Base.bw	0	100	1024	35540	1662800
585	6	92113010	92118130	chr6.453951	5	1024	464133205	hg38.gc5Base.bw	0	100	1024	35660	1702800
585	6	92358770	92363890	chr6.453999	5	1024	464182357	hg38.gc5Base.bw	0	100	1024	34720	1640800
585	6	92594290	92599410	chr6.454045	5	1024	464229461	hg38.gc5Base.bw	0	100	1024	33800	1558400
585	6	92886130	92891250	chr6.454102	5	1024	464287829	hg38.gc5Base.bw	0	100	1024	39980	2118800
585	6	93290610	93295730	chr6.454181	5	1024	464368725	hg38.gc5Base.bw	0	100	1024	33160	1579200
585	6	93423730	93428850	chr6.454207	5	1024	464395349	hg38.gc5Base.bw	0	100	1024	36960	1776800
585	6	94007410	94012530	chr6.454321	5	1024	464512085	hg38.gc5Base.bw	0	100	1024	36760	1819200
585	6	94478450	94483570	chr6.454413	5	1024	464606293	hg38.gc5Base.bw	0	100	1024	33480	1519200
585	6	94831730	94836850	chr6.454482	5	1024	464676949	hg38.gc5Base.bw	0	100	1024	34220	1593200
585	6	95926210	95931330	chr6.454687	5	1024	464885845	hg38.gc5Base.bw	0	100	1024	36840	1849600
585	6	96043970	96049090	chr6.454710	5	1024	464909397	hg38.gc5Base.bw	0	100	1024	37180	1804400
585	6	96663490	96668610	chr6.454831	5	1024	465033301	hg38.gc5Base.bw	0	100	1024	35580	1675600
585	6	96668610	96673730	chr6.454832	5	1024	465034325	hg38.gc5Base.bw	0	100	1024	34620	1582800
585	6	96786370	96791490	chr6.454855	5	1024	465057877	hg38.gc5Base.bw	0	100	1024	43660	2364400
585	6	96955330	96960450	chr6.454888	5	1024	465091669	hg38.gc5Base.bw	0	100	1024	40960	2131200
585	6	97016770	97021890	chr6.454900	5	1024	465103957	hg38.gc5Base.bw	0	100	1024	40740	2136400
585	6	97078210	97083330	chr6.454912	5	1024	465116245	hg38.gc5Base.bw	0	100	1024	42460	2260400
585	6	98347970	98353090	chr6.455160	5	1024	465370197	hg38.gc5Base.bw	0	100	1024	37820	1884400
585	6	98691010	98696130	chr6.455227	5	1024	465438805	hg38.gc5Base.bw	0	100	1024	40820	2134800
585	6	99121090	99126210	chr6.455311	5	1024	465524821	hg38.gc5Base.bw	0	100	1024	41220	2198000
585	6	99781570	99786690	chr6.455440	5	1024	465656917	hg38.gc5Base.bw	0	100	1024	39120	2005600
585	6	99807170	99812290	chr6.455445	5	1024	465662037	hg38.gc5Base.bw	0	100	1024	41960	2171200
585	6	100083650	100088770	chr6.455499	5	1024	465717333	hg38.gc5Base.bw	0	100	1024	35880	1752000
585	6	101020610	101025730	chr6.455682	5	1024	465904725	hg38.gc5Base.bw	0	100	1024	44760	2453600
585	6	101460930	101466050	chr6.455768	5	1024	465992789	hg38.gc5Base.bw	0	100	1024	37280	1851200
585	6	101578690	101583810	chr6.455791	5	1024	466016341	hg38.gc5Base.bw	0	100	1024	39440	1968000
585	6	103124930	103130050	chr6.456093	5	1024	466325589	hg38.gc5Base.bw	0	100	1024	33900	1578000
585	6	103222210	103227330	chr6.456112	5	1024	466345045	hg38.gc5Base.bw	0	100	1024	37420	1818800
585	6	103411650	103416770	chr6.456149	5	1024	466382933	hg38.gc5Base.bw	0	100	1024	31080	1372000
585	6	103432130	103437250	chr6.456153	5	1024	466387029	hg38.gc5Base.bw	0	100	1024	37880	1872000
585	6	103642050	103647170	chr6.456194	5	1024	466429013	hg38.gc5Base.bw	0	80	1024	36000	1693600
585	6	104384450	104389570	chr6.456339	5	1024	466577493	hg38.gc5Base.bw	0	80	1024	33660	1547600
585	6	104614850	104619970	chr6.456384	5	1024	466623573	hg38.gc5Base.bw	0	100	1024	38240	1946400
585	6	104681410	104686530	chr6.456397	5	1024	466636885	hg38.gc5Base.bw	0	100	1024	40820	2154000
585	6	105029570	105034690	chr6.456465	5	1024	466706517	hg38.gc5Base.bw	0	100	1024	34200	1679200
585	6	106140610	106145730	chr6.456682	5	1024	466928725	hg38.gc5Base.bw	0	100	1024	48960	2856000
585	6	106488770	106493890	chr6.456750	5	1024	466998357	hg38.gc5Base.bw	0	100	1024	41020	2130800
585	6	106637250	106642370	chr6.456779	5	1024	467028053	hg38.gc5Base.bw	0	100	1024	40860	2130800
585	6	106729410	106734530	chr6.456797	5	1024	467046485	hg38.gc5Base.bw	0	100	1024	45200	2496800
585	6	107057090	107062210	chr6.456861	5	1024	467112021	hg38.gc5Base.bw	0	100	1024	49380	2910800
585	6	107563970	107569090	chr6.456960	5	1024	467213397	hg38.gc5Base.bw	0	100	1024	42920	2248000
585	6	107676610	107681730	chr6.456982	5	1024	467235925	hg38.gc5Base.bw	0	100	1024	40620	2107600
585	6	107691970	107697090	chr6.456985	5	1024	467238997	hg38.gc5Base.bw	0	100	1024	44760	2477600
585	6	107732930	107738050	chr6.456993	5	1024	467247189	hg38.gc5Base.bw	0	100	1024	46100	2558800
585	6	107907010	107912130	chr6.457027	5	1024	467282005	hg38.gc5Base.bw	0	100	1024	37420	1888400
585	6	108823490	108828610	chr6.457206	5	1024	467465301	hg38.gc5Base.bw	0	100	1024	38960	2008800
585	6	109704130	109709250	chr6.457378	5	1024	467641429	hg38.gc5Base.bw	0	100	1024	38640	1951200
585	6	109755330	109760450	chr6.457388	5	1024	467651669	hg38.gc5Base.bw	0	100	1024	40380	2028400
585	6	109770690	109775810	chr6.457391	5	1024	467654741	hg38.gc5Base.bw	0	100	1024	41020	2144400
585	6	109796290	109801410	chr6.457396	5	1024	467659861	hg38.gc5Base.bw	0	100	1024	41420	2155600
585	6	110359490	110364610	chr6.457506	5	1024	467772501	hg38.gc5Base.bw	0	100	1024	41780	2187600
585	6	111204290	111209410	chr6.457671	5	1024	467941461	hg38.gc5Base.bw	0	100	1024	43400	2351200
585	6	111332290	111337410	chr6.457696	5	1024	467967061	hg38.gc5Base.bw	0	100	1024	33940	1632400
585	6	111752130	111757250	chr6.457778	5	1024	468051029	hg38.gc5Base.bw	0	100	1024	37160	1820800
585	6	112494530	112499650	chr6.457923	5	1024	468199509	hg38.gc5Base.bw	0	100	1024	34620	1589200
585	6	113006530	113011650	chr6.458023	5	1024	468301909	hg38.gc5Base.bw	0	100	1024	35760	1700000
585	6	113242050	113247170	chr6.458069	5	1024	468349013	hg38.gc5Base.bw	0	80	1024	38580	1931600
585	6	114061250	114066370	chr6.458229	5	1024	468512853	hg38.gc5Base.bw	0	100	1024	42980	2248400
585	6	114522050	114527170	chr6.458319	5	1024	468605013	hg38.gc5Base.bw	0	100	1024	39520	1964800
585	6	115689410	115694530	chr6.458547	5	1024	468838485	hg38.gc5Base.bw	0	100	1024	39580	2027600
585	6	115740610	115745730	chr6.458557	5	1024	468848725	hg38.gc5Base.bw	0	100	1024	37700	1804400
585	6	116058050	116063170	chr6.458619	5	1024	468912213	hg38.gc5Base.bw	0	100	1024	41000	2153600
585	6	116790210	116795330	chr6.458762	5	1024	469058645	hg38.gc5Base.bw	0	100	1024	39780	2002000
585	6	117005250	117010370	chr6.458804	5	1024	469101653	hg38.gc5Base.bw	0	100	1024	37780	1824400
585	6	117317570	117322690	chr6.458865	5	1024	469164117	hg38.gc5Base.bw	0	100	1024	36320	1748800
585	6	117757890	117763010	chr6.458951	5	1024	469252181	hg38.gc5Base.bw	0	100	1024	45280	2478400
585	6	117778370	117783490	chr6.458955	5	1024	469256277	hg38.gc5Base.bw	0	100	1024	42880	2300000
585	6	117891010	117896130	chr6.458977	5	1024	469278805	hg38.gc5Base.bw	0	100	1024	40620	2073200
585	6	117926850	117931970	chr6.458984	5	1024	469285973	hg38.gc5Base.bw	0	100	1024	39920	1998400
585	6	118269890	118275010	chr6.459051	5	1024	469354581	hg38.gc5Base.bw	0	100	1024	37640	1912000
585	6	118566850	118571970	chr6.459109	5	1024	469413973	hg38.gc5Base.bw	0	100	1024	34440	1652000
585	6	118582210	118587330	chr6.459112	5	1024	469417045	hg38.gc5Base.bw	0	100	1024	45680	2494400
585	6	119186370	119191490	chr6.459230	5	1024	469537877	hg38.gc5Base.bw	0	100	1024	37980	1902800
585	6	119821250	119826370	chr6.459354	5	1024	469664853	hg38.gc5Base.bw	0	80	1024	35100	1659600
585	6	119954370	119959490	chr6.459380	5	1024	469691477	hg38.gc5Base.bw	0	100	1024	32720	1499200
585	6	120630210	120635330	chr6.459512	5	1024	469826645	hg38.gc5Base.bw	0	100	1024	32720	1461600
585	6	120681410	120686530	chr6.459522	5	1024	469836885	hg38.gc5Base.bw	0	80	1024	33280	1512800
585	6	120758210	120763330	chr6.459537	5	1024	469852245	hg38.gc5Base.bw	0	100	1024	34360	1639200
585	6	120804290	120809410	chr6.459546	5	1024	469861461	hg38.gc5Base.bw	0	100	1024	38660	1962800
585	6	121382850	121387970	chr6.459659	5	1024	469977173	hg38.gc5Base.bw	0	100	1024	38740	1954000
585	6	122340290	122345410	chr6.459846	5	1024	470168661	hg38.gc5Base.bw	0	100	1024	38340	1938000
585	6	122765250	122770370	chr6.459929	5	1024	470253653	hg38.gc5Base.bw	0	100	1024	32700	1478000
585	6	123328450	123333570	chr6.460039	5	1024	470366293	hg38.gc5Base.bw	0	100	1024	34180	1569200
585	6	123405250	123410370	chr6.460054	5	1024	470381653	hg38.gc5Base.bw	0	100	1024	36240	1768800
585	6	123456450	123461570	chr6.460064	5	1024	470391893	hg38.gc5Base.bw	0	100	1024	35920	1740800
585	6	123855810	123860930	chr6.460142	5	1024	470471765	hg38.gc5Base.bw	0	100	1024	38420	1962800
585	6	123886530	123891650	chr6.460148	5	1024	470477909	hg38.gc5Base.bw	0	100	1024	36420	1735600
585	6	124122050	124127170	chr6.460194	5	1024	470525013	hg38.gc5Base.bw	0	100	1024	35560	1674400
585	6	124311490	124316610	chr6.460231	5	1024	470562901	hg38.gc5Base.bw	0	100	1024	38320	1903200
585	6	124470210	124475330	chr6.460262	5	1024	470594645	hg38.gc5Base.bw	0	100	1024	33780	1568400
585	6	124495810	124500930	chr6.460267	5	1024	470599765	hg38.gc5Base.bw	0	100	1024	37060	1852400
585	6	124639170	124644290	chr6.460295	5	1024	470628437	hg38.gc5Base.bw	0	100	1024	36620	1774000
585	6	125033410	125038530	chr6.460372	5	1024	470707285	hg38.gc5Base.bw	0	100	1024	37320	1805600
585	6	125202370	125207490	chr6.460405	5	1024	470741077	hg38.gc5Base.bw	0	100	1024	40520	2084000
585	6	125437890	125443010	chr6.460451	5	1024	470788181	hg38.gc5Base.bw	0	100	1024	40080	2031200
585	6	125494210	125499330	chr6.460462	5	1024	470799445	hg38.gc5Base.bw	0	100	1024	37880	1893600
585	6	125704130	125709250	chr6.460503	5	1024	470841429	hg38.gc5Base.bw	0	100	1024	46180	2618000
585	6	126067650	126072770	chr6.460574	5	1024	470914133	hg38.gc5Base.bw	0	100	1024	38980	1922000
585	6	126938050	126943170	chr6.460744	5	1024	471088213	hg38.gc5Base.bw	0	100	1024	38360	1928800
585	6	127142850	127147970	chr6.460784	5	1024	471129173	hg38.gc5Base.bw	0	100	1024	37220	1793200
585	6	127403970	127409090	chr6.460835	5	1024	471181397	hg38.gc5Base.bw	0	100	1024	39340	1934000
585	6	127444930	127450050	chr6.460843	5	1024	471189589	hg38.gc5Base.bw	0	100	1024	37120	1802400
585	6	127941570	127946690	chr6.460940	5	1024	471288917	hg38.gc5Base.bw	0	100	1024	38780	1933200
585	6	128525250	128530370	chr6.461054	5	1024	471405653	hg38.gc5Base.bw	0	100	1024	38700	1958800
585	6	128607170	128612290	chr6.461070	5	1024	471422037	hg38.gc5Base.bw	0	100	1024	35940	1743600
585	6	129411010	129416130	chr6.461227	5	1024	471582805	hg38.gc5Base.bw	0	100	1024	36360	1793600
585	6	129528770	129533890	chr6.461250	5	1024	471606357	hg38.gc5Base.bw	0	100	1024	40760	2097600
585	6	129795010	129800130	chr6.461302	5	1024	471659605	hg38.gc5Base.bw	0	100	1024	39260	2014800
585	6	130440130	130445250	chr6.461428	5	1024	471788629	hg38.gc5Base.bw	0	100	1024	38920	1970400
585	6	130798530	130803650	chr6.461498	5	1024	471860309	hg38.gc5Base.bw	0	100	1024	43820	2558800
585	6	131023810	131028930	chr6.461542	5	1024	471905365	hg38.gc5Base.bw	0	100	1024	39040	1975200
585	6	131351490	131356610	chr6.461606	5	1024	471970901	hg38.gc5Base.bw	0	100	1024	41680	2194400
585	6	131459010	131464130	chr6.461627	5	1024	471992405	hg38.gc5Base.bw	0	100	1024	40760	2125600
585	6	131807170	131812290	chr6.461695	5	1024	472062037	hg38.gc5Base.bw	0	100	1024	46420	2755600
585	6	131986370	131991490	chr6.461730	5	1024	472097877	hg38.gc5Base.bw	0	100	1024	35860	1795600
585	6	132314050	132319170	chr6.461794	5	1024	472163413	hg38.gc5Base.bw	0	100	1024	34680	1605600
585	6	132667330	132672450	chr6.461863	5	1024	472234069	hg38.gc5Base.bw	0	100	1024	37800	1857600
585	6	132728770	132733890	chr6.461875	5	1024	472246357	hg38.gc5Base.bw	0	100	1024	38240	1894400
585	6	134003650	134008770	chr6.462124	5	1024	472501333	hg38.gc5Base.bw	0	100	1024	41800	2243200
585	6	134305730	134310850	chr6.462183	5	1024	472561749	hg38.gc5Base.bw	0	100	1024	43520	2361600
585	6	135734210	135739330	chr6.462462	5	1024	472847445	hg38.gc5Base.bw	0	100	1024	37620	1847600
585	6	135739330	135744450	chr6.462463	5	1024	472848469	hg38.gc5Base.bw	0	80	1024	35580	1676400
585	6	135908290	135913410	chr6.462496	5	1024	472882261	hg38.gc5Base.bw	0	100	1024	38880	2012000
585	6	137341890	137347010	chr6.462776	5	1024	473168981	hg38.gc5Base.bw	0	100	1024	41300	2182800
585	6	137521090	137526210	chr6.462811	5	1024	473204821	hg38.gc5Base.bw	0	100	1024	43400	2366400
585	6	137695170	137700290	chr6.462845	5	1024	473239637	hg38.gc5Base.bw	0	100	1024	44960	2440000
585	6	137807810	137812930	chr6.462867	5	1024	473262165	hg38.gc5Base.bw	0	100	1024	42680	2309600
585	6	138150850	138155970	chr6.462934	5	1024	473330773	hg38.gc5Base.bw	0	100	1024	34080	1568000
585	6	138212290	138217410	chr6.462946	5	1024	473343061	hg38.gc5Base.bw	0	100	1024	40540	2138800
585	6	138319810	138324930	chr6.462967	5	1024	473364565	hg38.gc5Base.bw	0	100	1024	45820	2546000
585	6	138417090	138422210	chr6.462986	5	1024	473384021	hg38.gc5Base.bw	0	100	1024	46240	2568800
585	6	138611650	138616770	chr6.463024	5	1024	473422933	hg38.gc5Base.bw	0	100	1024	44620	2460400
585	6	139057090	139062210	chr6.463111	5	1024	473512021	hg38.gc5Base.bw	0	100	1024	42300	2246800
585	6	139108290	139113410	chr6.463121	5	1024	473522261	hg38.gc5Base.bw	0	100	1024	42420	2254000
585	6	139691970	139697090	chr6.463235	5	1024	473638997	hg38.gc5Base.bw	0	100	1024	36640	1770400
585	6	139799490	139804610	chr6.463256	5	1024	473660501	hg38.gc5Base.bw	0	100	1024	39860	2058000
585	6	140291010	140296130	chr6.463352	5	1024	473758805	hg38.gc5Base.bw	0	100	1024	33900	1582000
585	6	140956610	140961730	chr6.463482	5	1024	473891925	hg38.gc5Base.bw	0	100	1024	35680	1704000
585	6	141038530	141043650	chr6.463498	5	1024	473908309	hg38.gc5Base.bw	0	100	1024	39040	2100800
585	6	141468610	141473730	chr6.463582	5	1024	473994325	hg38.gc5Base.bw	0	100	1024	41260	2169200
585	6	141535170	141540290	chr6.463595	5	1024	474007637	hg38.gc5Base.bw	0	100	1024	34360	1576000
585	6	141867970	141873090	chr6.463660	5	1024	474074197	hg38.gc5Base.bw	0	100	1024	37040	1820000
585	6	142216130	142221250	chr6.463728	5	1024	474143829	hg38.gc5Base.bw	0	100	1024	33000	1524000
585	6	143363010	143368130	chr6.463952	5	1024	474373205	hg38.gc5Base.bw	0	100	1024	39020	1997200
585	6	143480770	143485890	chr6.463975	5	1024	474396757	hg38.gc5Base.bw	0	100	1024	33980	1585200
585	6	143491010	143496130	chr6.463977	5	1024	474398805	hg38.gc5Base.bw	0	100	1024	39540	2001200
585	6	143583170	143588290	chr6.463995	5	1024	474417237	hg38.gc5Base.bw	0	100	1024	42780	2306000
585	6	143659970	143665090	chr6.464010	5	1024	474432597	hg38.gc5Base.bw	0	100	1024	35620	1722800
585	6	143706050	143711170	chr6.464019	5	1024	474441813	hg38.gc5Base.bw	0	100	1024	40880	2131200
585	6	144207810	144212930	chr6.464117	5	1024	474542165	hg38.gc5Base.bw	0	100	1024	44580	2449200
585	6	144627650	144632770	chr6.464199	5	1024	474626133	hg38.gc5Base.bw	0	100	1024	40140	2066000
585	6	144919490	144924610	chr6.464256	5	1024	474684501	hg38.gc5Base.bw	0	100	1024	42840	2291200
585	6	145221570	145226690	chr6.464315	5	1024	474744917	hg38.gc5Base.bw	0	100	1024	36060	1735600
585	6	145242050	145247170	chr6.464319	5	1024	474749013	hg38.gc5Base.bw	0	100	1024	43260	2363600
585	6	146593730	146598850	chr6.464583	5	1024	475019349	hg38.gc5Base.bw	0	100	1024	41200	2132000
585	6	147556290	147561410	chr6.464771	5	1024	475211861	hg38.gc5Base.bw	0	100	1024	40200	2111200
585	6	147653570	147658690	chr6.464790	5	1024	475231317	hg38.gc5Base.bw	0	100	1024	36340	1742000
585	6	147878850	147883970	chr6.464834	5	1024	475276373	hg38.gc5Base.bw	0	100	1024	40940	2124400
585	6	147883970	147889090	chr6.464835	5	1024	475277397	hg38.gc5Base.bw	0	100	1024	37540	1843600
585	6	147981250	147986370	chr6.464854	5	1024	475296853	hg38.gc5Base.bw	0	100	1024	41420	2165200
585	6	148083650	148088770	chr6.464874	5	1024	475317333	hg38.gc5Base.bw	0	100	1024	36700	1747600
585	6	148472770	148477890	chr6.464950	5	1024	475395157	hg38.gc5Base.bw	0	100	1024	42000	2224000
585	6	148570050	148575170	chr6.464969	5	1024	475414613	hg38.gc5Base.bw	0	100	1024	46580	2621200
585	6	148718530	148723650	chr6.464998	5	1024	475444309	hg38.gc5Base.bw	0	100	1024	42780	2270800
585	6	148923330	148928450	chr6.465038	5	1024	475485269	hg38.gc5Base.bw	0	100	1024	42180	2230000
585	6	149030850	149035970	chr6.465059	5	1024	475506773	hg38.gc5Base.bw	0	100	1024	45200	2563200
585	6	149174210	149179330	chr6.465087	5	1024	475535445	hg38.gc5Base.bw	0	100	1024	44560	2468800
585	6	149276610	149281730	chr6.465107	5	1024	475555925	hg38.gc5Base.bw	0	100	1024	37620	1854000
585	6	150121410	150126530	chr6.465272	5	1024	475724885	hg38.gc5Base.bw	0	100	1024	44580	2486000
585	6	150167490	150172610	chr6.465281	5	1024	475734101	hg38.gc5Base.bw	0	100	1024	44240	2475200
585	6	150418370	150423490	chr6.465330	5	1024	475784277	hg38.gc5Base.bw	0	100	1024	43340	2358000
585	6	150566850	150571970	chr6.465359	5	1024	475813973	hg38.gc5Base.bw	0	100	1024	44780	2424400
585	6	151145410	151150530	chr6.465472	5	1024	475929685	hg38.gc5Base.bw	0	100	1024	47760	2753600
585	6	151273410	151278530	chr6.465497	5	1024	475955285	hg38.gc5Base.bw	0	100	1024	41140	2185200
585	6	151401410	151406530	chr6.465522	5	1024	475980885	hg38.gc5Base.bw	0	100	1024	39680	2076800
585	6	152036290	152041410	chr6.465646	5	1024	476107861	hg38.gc5Base.bw	0	100	1024	45220	2459600
585	6	152133570	152138690	chr6.465665	5	1024	476127317	hg38.gc5Base.bw	0	100	1024	41620	2194000
585	6	152143810	152148930	chr6.465667	5	1024	476129365	hg38.gc5Base.bw	0	100	1024	45680	2544800
585	6	153372610	153377730	chr6.465907	5	1024	476375125	hg38.gc5Base.bw	0	100	1024	35960	1738400
585	6	154068930	154074050	chr6.466043	5	1024	476514389	hg38.gc5Base.bw	0	100	1024	40540	2058000
585	6	154104770	154109890	chr6.466050	5	1024	476521557	hg38.gc5Base.bw	0	100	1024	37560	1817600
585	6	154637250	154642370	chr6.466154	5	1024	476628053	hg38.gc5Base.bw	0	100	1024	43780	2404400
585	6	154688450	154693570	chr6.466164	5	1024	476638293	hg38.gc5Base.bw	0	100	1024	42600	2376000
585	6	155057090	155062210	chr6.466236	5	1024	476712021	hg38.gc5Base.bw	0	100	1024	43100	2362800
585	6	155169730	155174850	chr6.466258	5	1024	476734549	hg38.gc5Base.bw	0	100	1024	43740	2377200
585	6	155589570	155594690	chr6.466340	5	1024	476818517	hg38.gc5Base.bw	0	100	1024	37540	1824400
585	6	155809730	155814850	chr6.466383	5	1024	476862549	hg38.gc5Base.bw	0	100	1024	38080	1896000
585	6	155994050	155999170	chr6.466419	5	1024	476899413	hg38.gc5Base.bw	0	100	1024	39880	2032000
585	6	156203970	156209090	chr6.466460	5	1024	476941397	hg38.gc5Base.bw	0	100	1024	33320	1569600
585	6	156419010	156424130	chr6.466502	5	1024	476984405	hg38.gc5Base.bw	0	100	1024	45620	2510800
585	6	156910530	156915650	chr6.466598	5	1024	477082709	hg38.gc5Base.bw	0	100	1024	43480	2390400
585	6	157760450	157765570	chr6.466764	5	1024	477252693	hg38.gc5Base.bw	0	100	1024	49540	2922800
585	6	157955010	157960130	chr6.466802	5	1024	477291605	hg38.gc5Base.bw	0	100	1024	45180	2551600
585	6	158646210	158651330	chr6.466937	5	1024	477429845	hg38.gc5Base.bw	0	100	1024	45060	2519600
585	6	158666690	158671810	chr6.466941	5	1024	477433941	hg38.gc5Base.bw	0	100	1024	45460	2561200
585	6	158856130	158861250	chr6.466978	5	1024	477471829	hg38.gc5Base.bw	0	100	1024	48300	2822000
585	6	159117250	159122370	chr6.467029	5	1024	477524053	hg38.gc5Base.bw	0	100	1024	45240	2516000
585	6	159480770	159485890	chr6.467100	5	1024	477596757	hg38.gc5Base.bw	0	100	1024	41140	2190800
585	6	159537090	159542210	chr6.467111	5	1024	477608021	hg38.gc5Base.bw	0	100	1024	42760	2318400
585	6	160079810	160084930	chr6.467217	5	1024	477716565	hg38.gc5Base.bw	0	100	1024	50560	3072000
585	6	160105410	160110530	chr6.467222	5	1024	477721685	hg38.gc5Base.bw	0	100	1024	47120	2648000
585	6	160238530	160243650	chr6.467248	5	1024	477748309	hg38.gc5Base.bw	0	100	1024	42820	2268400
585	6	160381890	160387010	chr6.467276	5	1024	477776981	hg38.gc5Base.bw	0	100	1024	45820	2588400
585	6	160735170	160740290	chr6.467345	5	1024	477847637	hg38.gc5Base.bw	0	100	1024	44840	2424800
585	6	160832450	160837570	chr6.467364	5	1024	477867093	hg38.gc5Base.bw	0	100	1024	30220	1342800
585	6	160986050	160991170	chr6.467394	5	1024	477897813	hg38.gc5Base.bw	0	100	1024	41420	2205200
585	6	161477570	161482690	chr6.467490	5	1024	477996117	hg38.gc5Base.bw	0	100	1024	41240	2207200
585	6	161646530	161651650	chr6.467523	5	1024	478029909	hg38.gc5Base.bw	0	100	1024	41380	2130000
585	6	161661890	161667010	chr6.467526	5	1024	478032981	hg38.gc5Base.bw	0	100	1024	45440	2541600
585	6	161667010	161672130	chr6.467527	5	1024	478034005	hg38.gc5Base.bw	0	100	1024	44160	2418400
585	6	161851330	161856450	chr6.467563	5	1024	478070869	hg38.gc5Base.bw	0	100	1024	41600	2248000
585	6	162235330	162240450	chr6.467638	5	1024	478147669	hg38.gc5Base.bw	0	100	1024	42380	2257200
585	6	162511810	162516930	chr6.467692	5	1024	478202965	hg38.gc5Base.bw	0	100	1024	40880	2148000
585	6	162573250	162578370	chr6.467704	5	1024	478215253	hg38.gc5Base.bw	0	100	1024	41120	2177600
585	6	162788290	162793410	chr6.467746	5	1024	478258261	hg38.gc5Base.bw	0	80	1024	37900	1887600
585	6	163146690	163151810	chr6.467816	5	1024	478329941	hg38.gc5Base.bw	0	100	1024	47380	2759600
585	6	163218370	163223490	chr6.467830	5	1024	478344277	hg38.gc5Base.bw	0	100	1024	46120	2612000
585	6	163341250	163346370	chr6.467854	5	1024	478368853	hg38.gc5Base.bw	0	100	1024	54180	3364400
585	6	163351490	163356610	chr6.467856	5	1024	478370901	hg38.gc5Base.bw	0	100	1024	48240	2793600
585	6	163423170	163428290	chr6.467870	5	1024	478385237	hg38.gc5Base.bw	0	100	1024	37480	1877600
585	6	163551170	163556290	chr6.467895	5	1024	478410837	hg38.gc5Base.bw	0	100	1024	40800	2143200
585	6	163889090	163894210	chr6.467961	5	1024	478478421	hg38.gc5Base.bw	0	100	1024	40000	2048800
585	6	163960770	163965890	chr6.467975	5	1024	478492757	hg38.gc5Base.bw	0	100	1024	50940	3066800
585	6	164616130	164621250	chr6.468103	5	1024	478623829	hg38.gc5Base.bw	0	100	1024	35280	1695200
585	6	164641730	164646850	chr6.468108	5	1024	478628949	hg38.gc5Base.bw	0	100	1024	35260	1694000
585	6	164846530	164851650	chr6.468148	5	1024	478669909	hg38.gc5Base.bw	0	100	1024	37980	1890800
585	6	165041090	165046210	chr6.468186	5	1024	478708821	hg38.gc5Base.bw	0	100	1024	37820	1873200
585	6	165051330	165056450	chr6.468188	5	1024	478710869	hg38.gc5Base.bw	0	100	1024	40100	2064400
585	6	165087170	165092290	chr6.468195	5	1024	478718037	hg38.gc5Base.bw	0	100	1024	41260	2156400
585	6	165102530	165107650	chr6.468198	5	1024	478721109	hg38.gc5Base.bw	0	100	1024	45340	2527600
585	6	165128130	165133250	chr6.468203	5	1024	478726229	hg38.gc5Base.bw	0	100	1024	40220	2048400
585	6	165194690	165199810	chr6.468216	5	1024	478739541	hg38.gc5Base.bw	0	100	1024	39980	2050800
585	6	165230530	165235650	chr6.468223	5	1024	478746709	hg38.gc5Base.bw	0	100	1024	45020	2488400
585	6	165240770	165245890	chr6.468225	5	1024	478748757	hg38.gc5Base.bw	0	100	1024	41280	2144000
585	6	165384130	165389250	chr6.468253	5	1024	478777429	hg38.gc5Base.bw	0	100	1024	42500	2278800
585	6	165445570	165450690	chr6.468265	5	1024	478789717	hg38.gc5Base.bw	0	100	1024	35600	1747200
585	6	165635010	165640130	chr6.468302	5	1024	478827605	hg38.gc5Base.bw	0	100	1024	41540	2210800
585	6	165645250	165650370	chr6.468304	5	1024	478829653	hg38.gc5Base.bw	0	100	1024	46280	2628800
585	6	166459330	166464450	chr6.468463	5	1024	478992469	hg38.gc5Base.bw	0	100	1024	56180	3575600
585	6	166761410	166766530	chr6.468522	5	1024	479052885	hg38.gc5Base.bw	0	100	1024	49940	2956400
585	6	166807490	166812610	chr6.468531	5	1024	479062101	hg38.gc5Base.bw	0	100	1024	47600	2748800
585	6	166838210	166843330	chr6.468537	5	1024	479068245	hg38.gc5Base.bw	0	100	1024	48980	2854000
585	6	166920130	166925250	chr6.468553	5	1024	479084629	hg38.gc5Base.bw	0	100	1024	43900	2417200
585	6	167130050	167135170	chr6.468594	5	1024	479126613	hg38.gc5Base.bw	0	100	1024	46260	2676400
585	6	167355330	167360450	chr6.468638	5	1024	479171669	hg38.gc5Base.bw	0	100	1024	46280	2676000
585	6	168050445	168055565	chr6.468765	5	1024	479300693	hg38.gc5Base.bw	0	100	1024	61820	4182000
585	6	168378125	168383245	chr6.468829	5	1024	479366229	hg38.gc5Base.bw	0	100	1024	59160	3811200
585	6	168541965	168547085	chr6.468861	5	1024	479398997	hg38.gc5Base.bw	0	100	1024	44120	2467200
585	6	168654605	168659725	chr6.468883	5	1024	479421525	hg38.gc5Base.bw	0	100	1024	51500	2999600
585	6	168787725	168792845	chr6.468909	5	1024	479448149	hg38.gc5Base.bw	0	100	1024	47640	2776800
585	6	168859405	168864525	chr6.468923	5	1024	479462485	hg38.gc5Base.bw	0	100	1024	43540	2431600
585	6	169586445	169591565	chr6.469065	5	1024	479607893	hg38.gc5Base.bw	0	100	1024	43420	2323600
585	6	169647885	169653005	chr6.469077	5	1024	479620181	hg38.gc5Base.bw	0	100	1024	49200	2864800
585	6	170067725	170072845	chr6.469159	5	1024	479704149	hg38.gc5Base.bw	0	100	1024	43300	2295600
585	6	170108685	170113805	chr6.469167	5	1024	479712341	hg38.gc5Base.bw	0	100	1024	50400	3019200
585	6	170200845	170205965	chr6.469185	5	1024	479730773	hg38.gc5Base.bw	0	100	1024	43400	2412800
585	6	170549005	170554125	chr6.469253	5	1024	479800405	hg38.gc5Base.bw	0	100	1024	43140	2338000
585	7	112400	117520	chr7.475248	5	1024	485829019	hg38.gc5Base.bw	0	100	1024	45480	2574400
585	7	173840	178960	chr7.475260	5	1024	485841307	hg38.gc5Base.bw	0	100	1024	60100	3929200
585	7	189200	194320	chr7.475263	5	1024	485844379	hg38.gc5Base.bw	0	100	1024	66860	4884400
585	7	672870	677990	chr7.475358	5	1024	485940635	hg38.gc5Base.bw	0	100	1024	54520	3428800
585	7	995430	1000550	chr7.475421	5	1024	486005147	hg38.gc5Base.bw	0	100	1024	60480	4101600
585	7	1102950	1108070	chr7.475442	5	1024	486026651	hg38.gc5Base.bw	0	100	1024	56400	3611200
585	7	1348710	1353830	chr7.475490	5	1024	486075803	hg38.gc5Base.bw	0	100	1024	54460	3502800
585	7	1543270	1548390	chr7.475528	5	1024	486114715	hg38.gc5Base.bw	0	100	1024	68220	4900400
585	7	1845350	1850470	chr7.475587	5	1024	486175131	hg38.gc5Base.bw	0	100	1024	61260	4084400
585	7	1963110	1968230	chr7.475610	5	1024	486198683	hg38.gc5Base.bw	0	100	1024	56340	3605200
585	7	2700390	2705510	chr7.475754	5	1024	486346139	hg38.gc5Base.bw	0	100	1024	57360	3710400
585	7	2828390	2833510	chr7.475779	5	1024	486371739	hg38.gc5Base.bw	0	100	1024	49320	2862400
585	7	3012710	3017830	chr7.475815	5	1024	486408603	hg38.gc5Base.bw	0	100	1024	52020	3154800
585	7	3371110	3376230	chr7.475885	5	1024	486480283	hg38.gc5Base.bw	0	100	1024	40620	2082000
585	7	3898470	3903590	chr7.475988	5	1024	486585755	hg38.gc5Base.bw	0	100	1024	41620	2238000
585	7	4144230	4149350	chr7.476036	5	1024	486634907	hg38.gc5Base.bw	0	100	1024	58660	3811600
585	7	4185190	4190310	chr7.476044	5	1024	486643099	hg38.gc5Base.bw	0	100	1024	50380	3062000
585	7	4267110	4272230	chr7.476060	5	1024	486659483	hg38.gc5Base.bw	0	100	1024	56200	3563200
585	7	4328550	4333670	chr7.476072	5	1024	486671771	hg38.gc5Base.bw	0	100	1024	46400	2682400
585	7	4338790	4343910	chr7.476074	5	1024	486673819	hg38.gc5Base.bw	0	100	1024	47900	2707600
585	7	4369510	4374630	chr7.476080	5	1024	486679963	hg38.gc5Base.bw	0	100	1024	44740	2489200
585	7	4374630	4379750	chr7.476081	5	1024	486680987	hg38.gc5Base.bw	0	100	1024	45720	2516000
585	7	4773990	4779110	chr7.476159	5	1024	486760859	hg38.gc5Base.bw	0	100	1024	52060	3269200
585	7	5460070	5465190	chr7.476293	5	1024	486898075	hg38.gc5Base.bw	0	100	1024	49780	3046000
585	7	5501030	5506150	chr7.476301	5	1024	486906267	hg38.gc5Base.bw	0	100	1024	56000	3576000
585	7	5598310	5603430	chr7.476320	5	1024	486925723	hg38.gc5Base.bw	0	100	1024	56100	3634000
585	7	5885030	5890150	chr7.476376	5	1024	486983067	hg38.gc5Base.bw	0	100	1024	47640	2754400
585	7	6023270	6028390	chr7.476403	5	1024	487010715	hg38.gc5Base.bw	0	100	1024	48680	2852800
585	7	6125670	6130790	chr7.476423	5	1024	487031195	hg38.gc5Base.bw	0	100	1024	44260	2441200
585	7	7047270	7052390	chr7.476603	5	1024	487215515	hg38.gc5Base.bw	0	100	1024	41160	2176800
585	7	7241830	7246950	chr7.476641	5	1024	487254427	hg38.gc5Base.bw	0	100	1024	35260	1682000
585	7	7287910	7293030	chr7.476650	5	1024	487263643	hg38.gc5Base.bw	0	100	1024	41720	2198400
585	7	7513190	7518310	chr7.476694	5	1024	487308699	hg38.gc5Base.bw	0	100	1024	39180	1993200
585	7	7707750	7712870	chr7.476732	5	1024	487347611	hg38.gc5Base.bw	0	100	1024	33980	1555600
585	7	7753830	7758950	chr7.476741	5	1024	487356827	hg38.gc5Base.bw	0	100	1024	38380	1943600
585	7	7769190	7774310	chr7.476744	5	1024	487359899	hg38.gc5Base.bw	0	100	1024	39660	2009200
585	7	7779430	7784550	chr7.476746	5	1024	487361947	hg38.gc5Base.bw	0	100	1024	35600	1748800
585	7	7805030	7810150	chr7.476751	5	1024	487367067	hg38.gc5Base.bw	0	100	1024	35240	1680800
585	7	8061030	8066150	chr7.476801	5	1024	487418267	hg38.gc5Base.bw	0	100	1024	41180	2170800
585	7	8639590	8644710	chr7.476914	5	1024	487533979	hg38.gc5Base.bw	0	100	1024	34480	1672000
585	7	8680550	8685670	chr7.476922	5	1024	487542171	hg38.gc5Base.bw	0	100	1024	38440	1902400
585	7	8695910	8701030	chr7.476925	5	1024	487545243	hg38.gc5Base.bw	0	100	1024	36660	1762800
585	7	8721510	8726630	chr7.476930	5	1024	487550363	hg38.gc5Base.bw	0	100	1024	39700	2043600
585	7	8997990	9003110	chr7.476984	5	1024	487605659	hg38.gc5Base.bw	0	100	1024	33180	1570800
585	7	9044070	9049190	chr7.476993	5	1024	487614875	hg38.gc5Base.bw	0	100	1024	34640	1660000
585	7	9489510	9494630	chr7.477080	5	1024	487703963	hg38.gc5Base.bw	0	100	1024	38280	1873600
585	7	9566310	9571430	chr7.477095	5	1024	487719323	hg38.gc5Base.bw	0	100	1024	33780	1567600
585	7	9694310	9699430	chr7.477120	5	1024	487744923	hg38.gc5Base.bw	0	100	1024	36440	1749600
585	7	9735270	9740390	chr7.477128	5	1024	487753115	hg38.gc5Base.bw	0	100	1024	37040	1776000
585	7	9832550	9837670	chr7.477147	5	1024	487772571	hg38.gc5Base.bw	0	100	1024	31900	1452400
585	7	10021990	10027110	chr7.477184	5	1024	487810459	hg38.gc5Base.bw	0	100	1024	33220	1515600
585	7	10452070	10457190	chr7.477268	5	1024	487896475	hg38.gc5Base.bw	0	100	1024	35600	1677600
585	7	11102310	11107430	chr7.477395	5	1024	488026523	hg38.gc5Base.bw	0	100	1024	32060	1413200
585	7	11245670	11250790	chr7.477423	5	1024	488055195	hg38.gc5Base.bw	0	100	1024	37300	1810800
585	7	11465830	11470950	chr7.477466	5	1024	488099227	hg38.gc5Base.bw	0	100	1024	33300	1556400
585	7	11481190	11486310	chr7.477469	5	1024	488102299	hg38.gc5Base.bw	0	100	1024	38060	1888400
585	7	11808870	11813990	chr7.477533	5	1024	488167835	hg38.gc5Base.bw	0	100	1024	35420	1684400
585	7	11844710	11849830	chr7.477540	5	1024	488175003	hg38.gc5Base.bw	0	100	1024	33860	1580400
585	7	11972710	11977830	chr7.477565	5	1024	488200603	hg38.gc5Base.bw	0	100	1024	37060	1778000
585	7	12059750	12064870	chr7.477582	5	1024	488218011	hg38.gc5Base.bw	0	100	1024	33560	1548800
585	7	12136550	12141670	chr7.477597	5	1024	488233371	hg38.gc5Base.bw	0	100	1024	34800	1628800
585	7	12443750	12448870	chr7.477657	5	1024	488294811	hg38.gc5Base.bw	0	100	1024	31600	1424800
585	7	12669030	12674150	chr7.477701	5	1024	488339867	hg38.gc5Base.bw	0	100	1024	37820	1907600
585	7	12894310	12899430	chr7.477745	5	1024	488384923	hg38.gc5Base.bw	0	100	1024	37500	1858800
585	7	13175910	13181030	chr7.477800	5	1024	488441243	hg38.gc5Base.bw	0	100	1024	36360	1760800
585	7	13232230	13237350	chr7.477811	5	1024	488452507	hg38.gc5Base.bw	0	100	1024	33840	1607200
585	7	13324390	13329510	chr7.477829	5	1024	488470939	hg38.gc5Base.bw	0	100	1024	32200	1451200
585	7	13431910	13437030	chr7.477850	5	1024	488492443	hg38.gc5Base.bw	0	100	1024	32540	1524400
585	7	13959270	13964390	chr7.477953	5	1024	488597915	hg38.gc5Base.bw	0	100	1024	35380	1688400
585	7	14604390	14609510	chr7.478079	5	1024	488726939	hg38.gc5Base.bw	0	100	1024	33300	1510000
585	7	14962790	14967910	chr7.478149	5	1024	488798619	hg38.gc5Base.bw	0	100	1024	34500	1671600
585	7	15679590	15684710	chr7.478289	5	1024	488941979	hg38.gc5Base.bw	0	100	1024	29560	1268800
585	7	15848550	15853670	chr7.478322	5	1024	488975771	hg38.gc5Base.bw	0	100	1024	36900	1802000
585	7	15889510	15894630	chr7.478330	5	1024	488983963	hg38.gc5Base.bw	0	100	1024	40040	2073600
585	7	15899750	15904870	chr7.478332	5	1024	488986011	hg38.gc5Base.bw	0	100	1024	37020	1832400
585	7	16488550	16493670	chr7.478447	5	1024	489103771	hg38.gc5Base.bw	0	100	1024	34700	1626800
585	7	16555110	16560230	chr7.478460	5	1024	489117083	hg38.gc5Base.bw	0	100	1024	37000	1881600
585	7	16703590	16708710	chr7.478489	5	1024	489146779	hg38.gc5Base.bw	0	100	1024	39040	2026400
585	7	16928870	16933990	chr7.478533	5	1024	489191835	hg38.gc5Base.bw	0	100	1024	38780	1951600
585	7	17051750	17056870	chr7.478557	5	1024	489216411	hg38.gc5Base.bw	0	100	1024	41360	2136000
585	7	17056870	17061990	chr7.478558	5	1024	489217435	hg38.gc5Base.bw	0	100	1024	37200	1840000
585	7	17302630	17307750	chr7.478606	5	1024	489266587	hg38.gc5Base.bw	0	100	1024	36520	1740000
585	7	17328230	17333350	chr7.478611	5	1024	489271707	hg38.gc5Base.bw	0	100	1024	34940	1606800
585	7	17471590	17476710	chr7.478639	5	1024	489300379	hg38.gc5Base.bw	0	100	1024	40540	2129200
585	7	17533030	17538150	chr7.478651	5	1024	489312667	hg38.gc5Base.bw	0	100	1024	38940	1959600
585	7	17655910	17661030	chr7.478675	5	1024	489337243	hg38.gc5Base.bw	0	100	1024	37820	1875600
585	7	17722470	17727590	chr7.478688	5	1024	489350555	hg38.gc5Base.bw	0	100	1024	41320	2167200
585	7	18029670	18034790	chr7.478748	5	1024	489411995	hg38.gc5Base.bw	0	100	1024	33580	1519600
585	7	18213990	18219110	chr7.478784	5	1024	489448859	hg38.gc5Base.bw	0	100	1024	34700	1639600
585	7	18321510	18326630	chr7.478805	5	1024	489470363	hg38.gc5Base.bw	0	100	1024	37760	1891200
585	7	18341990	18347110	chr7.478809	5	1024	489474459	hg38.gc5Base.bw	0	100	1024	34160	1565600
585	7	18597990	18603110	chr7.478859	5	1024	489525659	hg38.gc5Base.bw	0	100	1024	33840	1545600
585	7	18618470	18623590	chr7.478863	5	1024	489529755	hg38.gc5Base.bw	0	100	1024	35400	1712000
585	7	18843750	18848870	chr7.478907	5	1024	489574811	hg38.gc5Base.bw	0	100	1024	39960	2040800
585	7	18992230	18997350	chr7.478936	5	1024	489604507	hg38.gc5Base.bw	0	100	1024	36900	1815600
585	7	19017830	19022950	chr7.478941	5	1024	489609627	hg38.gc5Base.bw	0	100	1024	39640	1980800
585	7	19340390	19345510	chr7.479004	5	1024	489674139	hg38.gc5Base.bw	0	100	1024	38180	1906800
585	7	20082790	20087910	chr7.479149	5	1024	489822619	hg38.gc5Base.bw	0	100	1024	38400	1917600
585	7	20267110	20272230	chr7.479185	5	1024	489859483	hg38.gc5Base.bw	0	100	1024	40680	2096800
585	7	20410470	20415590	chr7.479213	5	1024	489888155	hg38.gc5Base.bw	0	100	1024	32960	1507200
585	7	20599910	20605030	chr7.479250	5	1024	489926043	hg38.gc5Base.bw	0	100	1024	41580	2150800
585	7	20835430	20840550	chr7.479296	5	1024	489973147	hg38.gc5Base.bw	0	100	1024	39360	2056800
585	7	20958310	20963430	chr7.479320	5	1024	489997723	hg38.gc5Base.bw	0	100	1024	38540	1917200
585	7	21214310	21219430	chr7.479370	5	1024	490048923	hg38.gc5Base.bw	0	100	1024	39080	2006400
585	7	21444710	21449830	chr7.479415	5	1024	490095003	hg38.gc5Base.bw	0	100	1024	36900	1798800
585	7	21736550	21741670	chr7.479472	5	1024	490153371	hg38.gc5Base.bw	0	100	1024	39920	2012000
585	7	21941350	21946470	chr7.479512	5	1024	490194331	hg38.gc5Base.bw	0	100	1024	48740	2931600
585	7	22074470	22079590	chr7.479538	5	1024	490220955	hg38.gc5Base.bw	0	100	1024	40920	2154400
585	7	22304870	22309990	chr7.479583	5	1024	490267035	hg38.gc5Base.bw	0	100	1024	36300	1736400
585	7	22309990	22315110	chr7.479584	5	1024	490268059	hg38.gc5Base.bw	0	100	1024	39220	1998800
585	7	23103590	23108710	chr7.479739	5	1024	490426779	hg38.gc5Base.bw	0	100	1024	45080	2583200
585	7	23876710	23881830	chr7.479890	5	1024	490581403	hg38.gc5Base.bw	0	100	1024	37640	1811200
585	7	23958630	23963750	chr7.479906	5	1024	490597787	hg38.gc5Base.bw	0	100	1024	41920	2188800
585	7	24142950	24148070	chr7.479942	5	1024	490634651	hg38.gc5Base.bw	0	100	1024	41780	2175600
585	7	24311910	24317030	chr7.479975	5	1024	490668443	hg38.gc5Base.bw	0	100	1024	40340	2098800
585	7	24475750	24480870	chr7.480007	5	1024	490701211	hg38.gc5Base.bw	0	100	1024	47800	2707200
585	7	24829030	24834150	chr7.480076	5	1024	490771867	hg38.gc5Base.bw	0	100	1024	43680	2382400
585	7	24967270	24972390	chr7.480103	5	1024	490799515	hg38.gc5Base.bw	0	100	1024	43460	2354800
585	7	24972390	24977510	chr7.480104	5	1024	490800539	hg38.gc5Base.bw	0	100	1024	37640	1872800
585	7	25049190	25054310	chr7.480119	5	1024	490815899	hg38.gc5Base.bw	0	100	1024	41760	2228800
585	7	25141350	25146470	chr7.480137	5	1024	490834331	hg38.gc5Base.bw	0	100	1024	42980	2345200
585	7	25407590	25412710	chr7.480189	5	1024	490887579	hg38.gc5Base.bw	0	100	1024	44220	2389200
585	7	25545830	25550950	chr7.480216	5	1024	490915227	hg38.gc5Base.bw	0	100	1024	44940	2460400
585	7	25868390	25873510	chr7.480279	5	1024	490979739	hg38.gc5Base.bw	0	100	1024	41600	2168000
585	7	25986150	25991270	chr7.480302	5	1024	491003291	hg38.gc5Base.bw	0	100	1024	39260	2016400
585	7	26149990	26155110	chr7.480334	5	1024	491036059	hg38.gc5Base.bw	0	100	1024	55960	3630400
585	7	26533990	26539110	chr7.480409	5	1024	491112859	hg38.gc5Base.bw	0	100	1024	45400	2507200
585	7	26615910	26621030	chr7.480425	5	1024	491129243	hg38.gc5Base.bw	0	100	1024	50940	3010800
585	7	27301990	27307110	chr7.480559	5	1024	491266459	hg38.gc5Base.bw	0	100	1024	44560	2464800
585	7	27890790	27895910	chr7.480674	5	1024	491384219	hg38.gc5Base.bw	0	100	1024	41860	2254800
585	7	28029030	28034150	chr7.480701	5	1024	491411867	hg38.gc5Base.bw	0	100	1024	42320	2216800
585	7	28356710	28361830	chr7.480765	5	1024	491477403	hg38.gc5Base.bw	0	100	1024	41600	2168000
585	7	28561510	28566630	chr7.480805	5	1024	491518363	hg38.gc5Base.bw	0	100	1024	42760	2248800
585	7	28679270	28684390	chr7.480828	5	1024	491541915	hg38.gc5Base.bw	0	100	1024	46980	2664400
585	7	28725350	28730470	chr7.480837	5	1024	491551131	hg38.gc5Base.bw	0	100	1024	41620	2155600
585	7	28858470	28863590	chr7.480863	5	1024	491577755	hg38.gc5Base.bw	0	100	1024	44380	2393200
585	7	28955750	28960870	chr7.480882	5	1024	491597211	hg38.gc5Base.bw	0	100	1024	61400	4260800
585	7	29252710	29257830	chr7.480940	5	1024	491656603	hg38.gc5Base.bw	0	100	1024	45860	2562800
585	7	29278310	29283430	chr7.480945	5	1024	491661723	hg38.gc5Base.bw	0	100	1024	45640	2552800
585	7	29565030	29570150	chr7.481001	5	1024	491719067	hg38.gc5Base.bw	0	100	1024	45420	2634000
585	7	29892710	29897830	chr7.481065	5	1024	491784603	hg38.gc5Base.bw	0	100	1024	44620	2445200
585	7	30476390	30481510	chr7.481179	5	1024	491901339	hg38.gc5Base.bw	0	100	1024	51520	3140800
585	7	30501990	30507110	chr7.481184	5	1024	491906459	hg38.gc5Base.bw	0	100	1024	49920	2988000
585	7	30742630	30747750	chr7.481231	5	1024	491954587	hg38.gc5Base.bw	0	100	1024	50900	3037200
585	7	30778470	30783590	chr7.481238	5	1024	491961755	hg38.gc5Base.bw	0	100	1024	42380	2253200
585	7	30804070	30809190	chr7.481243	5	1024	491966875	hg38.gc5Base.bw	0	100	1024	47940	2757200
585	7	31229030	31234150	chr7.481326	5	1024	492051867	hg38.gc5Base.bw	0	100	1024	38880	1972000
585	7	31643750	31648870	chr7.481407	5	1024	492134811	hg38.gc5Base.bw	0	100	1024	39880	2060800
585	7	31746150	31751270	chr7.481427	5	1024	492155291	hg38.gc5Base.bw	0	100	1024	42880	2283200
585	7	31961190	31966310	chr7.481469	5	1024	492198299	hg38.gc5Base.bw	0	100	1024	41440	2148800
585	7	32503910	32509030	chr7.481575	5	1024	492306843	hg38.gc5Base.bw	0	100	1024	36260	1786800
585	7	32642150	32647270	chr7.481602	5	1024	492334491	hg38.gc5Base.bw	0	80	1024	35140	1615600
585	7	32800870	32805990	chr7.481633	5	1024	492366235	hg38.gc5Base.bw	0	100	1024	45660	2549200
585	7	32867430	32872550	chr7.481646	5	1024	492379547	hg38.gc5Base.bw	0	100	1024	39660	1992400
585	7	33092710	33097830	chr7.481690	5	1024	492424603	hg38.gc5Base.bw	0	100	1024	42140	2224400
585	7	33251430	33256550	chr7.481721	5	1024	492456347	hg38.gc5Base.bw	0	100	1024	38420	1940400
585	7	33763430	33768550	chr7.481821	5	1024	492558747	hg38.gc5Base.bw	0	100	1024	39560	2026400
585	7	33814630	33819750	chr7.481831	5	1024	492568987	hg38.gc5Base.bw	0	100	1024	37920	1890400
585	7	33824870	33829990	chr7.481833	5	1024	492571035	hg38.gc5Base.bw	0	100	1024	41740	2142800
585	7	34050150	34055270	chr7.481877	5	1024	492616091	hg38.gc5Base.bw	0	100	1024	41020	2093200
585	7	34295910	34301030	chr7.481925	5	1024	492665243	hg38.gc5Base.bw	0	100	1024	43300	2292400
585	7	34567270	34572390	chr7.481978	5	1024	492719515	hg38.gc5Base.bw	0	100	1024	38900	1933200
585	7	34818150	34823270	chr7.482027	5	1024	492769691	hg38.gc5Base.bw	0	100	1024	40660	2153200
585	7	35171430	35176550	chr7.482096	5	1024	492840347	hg38.gc5Base.bw	0	100	1024	37880	1880000
585	7	35724390	35729510	chr7.482204	5	1024	492950939	hg38.gc5Base.bw	0	100	1024	47720	2725600
585	7	35816550	35821670	chr7.482222	5	1024	492969371	hg38.gc5Base.bw	0	100	1024	34020	1506000
585	7	37229670	37234790	chr7.482498	5	1024	493251995	hg38.gc5Base.bw	0	100	1024	40440	2092800
585	7	37296230	37301350	chr7.482511	5	1024	493265307	hg38.gc5Base.bw	0	100	1024	38900	1921200
585	7	37521510	37526630	chr7.482555	5	1024	493310363	hg38.gc5Base.bw	0	100	1024	41300	2149200
585	7	37536870	37541990	chr7.482558	5	1024	493313435	hg38.gc5Base.bw	0	100	1024	45140	2495600
585	7	37639270	37644390	chr7.482578	5	1024	493333915	hg38.gc5Base.bw	0	100	1024	41880	2181600
585	7	38320230	38325350	chr7.482711	5	1024	493470107	hg38.gc5Base.bw	0	100	1024	44120	2382400
585	7	38448230	38453350	chr7.482736	5	1024	493495707	hg38.gc5Base.bw	0	100	1024	40440	2042400
585	7	38555750	38560870	chr7.482757	5	1024	493517211	hg38.gc5Base.bw	0	100	1024	44280	2412800
585	7	38919270	38924390	chr7.482828	5	1024	493589915	hg38.gc5Base.bw	0	100	1024	40760	2096000
585	7	39267430	39272550	chr7.482896	5	1024	493659547	hg38.gc5Base.bw	0	100	1024	43820	2404400
585	7	40214630	40219750	chr7.483081	5	1024	493848987	hg38.gc5Base.bw	0	100	1024	46340	2670000
585	7	40224870	40229990	chr7.483083	5	1024	493851035	hg38.gc5Base.bw	0	100	1024	40520	2194400
585	7	40875110	40880230	chr7.483210	5	1024	493981083	hg38.gc5Base.bw	0	100	1024	40180	2037200
585	7	40905830	40910950	chr7.483216	5	1024	493987227	hg38.gc5Base.bw	0	100	1024	40600	2106400
585	7	40941670	40946790	chr7.483223	5	1024	493994395	hg38.gc5Base.bw	0	100	1024	40080	2036000
585	7	40967270	40972390	chr7.483228	5	1024	493999515	hg38.gc5Base.bw	0	100	1024	43520	2364800
585	7	41371750	41376870	chr7.483307	5	1024	494080411	hg38.gc5Base.bw	0	100	1024	40720	2133600
585	7	42574950	42580070	chr7.483542	5	1024	494321051	hg38.gc5Base.bw	0	100	1024	41080	2107200
585	7	43552870	43557990	chr7.483733	5	1024	494516635	hg38.gc5Base.bw	0	100	1024	47440	2700000
585	7	43624550	43629670	chr7.483747	5	1024	494530971	hg38.gc5Base.bw	0	100	1024	37580	1842000
585	7	44100710	44105830	chr7.483840	5	1024	494626203	hg38.gc5Base.bw	0	100	1024	63060	4334800
585	7	45559910	45565030	chr7.484125	5	1024	494918043	hg38.gc5Base.bw	0	100	1024	48580	2813200
585	7	45580390	45585510	chr7.484129	5	1024	494922139	hg38.gc5Base.bw	0	100	1024	54300	3321200
585	7	46251110	46256230	chr7.484260	5	1024	495056283	hg38.gc5Base.bw	0	100	1024	32180	1410000
585	7	46614630	46619750	chr7.484331	5	1024	495128987	hg38.gc5Base.bw	0	100	1024	36900	1816400
585	7	46711910	46717030	chr7.484350	5	1024	495148443	hg38.gc5Base.bw	0	100	1024	41780	2150000
585	7	46809190	46814310	chr7.484369	5	1024	495167899	hg38.gc5Base.bw	0	100	1024	45420	2492400
585	7	47367270	47372390	chr7.484478	5	1024	495279515	hg38.gc5Base.bw	0	100	1024	54560	3398400
585	7	47474790	47479910	chr7.484499	5	1024	495301019	hg38.gc5Base.bw	0	100	1024	52960	3224000
585	7	47659110	47664230	chr7.484535	5	1024	495337883	hg38.gc5Base.bw	0	100	1024	49820	2964400
585	7	48514150	48519270	chr7.484702	5	1024	495508891	hg38.gc5Base.bw	0	100	1024	41420	2124400
585	7	48534630	48539750	chr7.484706	5	1024	495512987	hg38.gc5Base.bw	0	100	1024	39820	2077200
585	7	48939110	48944230	chr7.484785	5	1024	495593883	hg38.gc5Base.bw	0	100	1024	37940	1914000
585	7	48974950	48980070	chr7.484792	5	1024	495601051	hg38.gc5Base.bw	0	100	1024	37360	1858400
585	7	49277030	49282150	chr7.484851	5	1024	495661467	hg38.gc5Base.bw	0	100	1024	38820	1971600
585	7	49297510	49302630	chr7.484855	5	1024	495665563	hg38.gc5Base.bw	0	100	1024	37680	1855200
585	7	49824870	49829990	chr7.484958	5	1024	495771035	hg38.gc5Base.bw	0	100	1024	38080	1910400
585	7	50541670	50546790	chr7.485098	5	1024	495914395	hg38.gc5Base.bw	0	100	1024	47680	2724000
585	7	50966630	50971750	chr7.485181	5	1024	495999387	hg38.gc5Base.bw	0	100	1024	40320	2145600
585	7	51084390	51089510	chr7.485204	5	1024	496022939	hg38.gc5Base.bw	0	100	1024	45300	2552400
585	7	51125350	51130470	chr7.485212	5	1024	496031131	hg38.gc5Base.bw	0	100	1024	50180	2942000
585	7	51427430	51432550	chr7.485271	5	1024	496091547	hg38.gc5Base.bw	0	100	1024	42720	2311200
585	7	51801190	51806310	chr7.485344	5	1024	496166299	hg38.gc5Base.bw	0	100	1024	43040	2382400
585	7	52400230	52405350	chr7.485461	5	1024	496286107	hg38.gc5Base.bw	0	100	1024	38660	1957200
585	7	52471910	52477030	chr7.485475	5	1024	496300443	hg38.gc5Base.bw	0	100	1024	37580	1821200
585	7	52692070	52697190	chr7.485518	5	1024	496344475	hg38.gc5Base.bw	0	100	1024	35320	1677600
585	7	53070950	53076070	chr7.485592	5	1024	496420251	hg38.gc5Base.bw	0	100	1024	38500	1978000
585	7	53613670	53618790	chr7.485698	5	1024	496528795	hg38.gc5Base.bw	0	100	1024	38720	1959200
585	7	54028390	54033510	chr7.485779	5	1024	496611739	hg38.gc5Base.bw	0	100	1024	36840	1792800
585	7	54120550	54125670	chr7.485797	5	1024	496630171	hg38.gc5Base.bw	0	100	1024	41920	2190400
585	7	54197350	54202470	chr7.485812	5	1024	496645531	hg38.gc5Base.bw	0	100	1024	33720	1553600
585	7	54350950	54356070	chr7.485842	5	1024	496676251	hg38.gc5Base.bw	0	100	1024	38500	1975600
585	7	54811750	54816870	chr7.485932	5	1024	496768411	hg38.gc5Base.bw	0	100	1024	41060	2122800
585	7	55118950	55124070	chr7.485992	5	1024	496829851	hg38.gc5Base.bw	0	100	1024	45400	2468000
585	7	55318630	55323750	chr7.486031	5	1024	496869787	hg38.gc5Base.bw	0	100	1024	41300	2162800
585	7	55410790	55415910	chr7.486049	5	1024	496888219	hg38.gc5Base.bw	0	100	1024	40380	2122000
585	7	55584870	55589990	chr7.486083	5	1024	496923035	hg38.gc5Base.bw	0	100	1024	52800	3228000
585	7	62574975	62580095	chr7.487402	5	1024	498260379	hg38.gc5Base.bw	0	100	1024	37240	1706400
585	7	63015295	63020415	chr7.487488	5	1024	498348443	hg38.gc5Base.bw	0	100	1024	44100	2475600
585	7	64423295	64428415	chr7.487763	5	1024	498630043	hg38.gc5Base.bw	0	100	1024	36520	1737600
585	7	64802175	64807295	chr7.487837	5	1024	498705819	hg38.gc5Base.bw	0	100	1024	41460	2210800
585	7	66358655	66363775	chr7.488141	5	1024	499017115	hg38.gc5Base.bw	0	100	1024	47900	2750000
585	7	66650495	66655615	chr7.488198	5	1024	499075483	hg38.gc5Base.bw	0	100	1024	53780	3441200
585	7	67398015	67403135	chr7.488344	5	1024	499224987	hg38.gc5Base.bw	0	100	1024	46620	2602000
585	7	67648895	67654015	chr7.488393	5	1024	499275163	hg38.gc5Base.bw	0	100	1024	43320	2332800
585	7	70782335	70787455	chr7.489005	5	1024	499901851	hg38.gc5Base.bw	0	100	1024	46780	2635600
585	7	71227775	71232895	chr7.489092	5	1024	499990939	hg38.gc5Base.bw	0	100	1024	50860	2985200
585	7	71268735	71273855	chr7.489100	5	1024	499999131	hg38.gc5Base.bw	0	100	1024	44620	2446000
585	7	71442815	71447935	chr7.489134	5	1024	500033947	hg38.gc5Base.bw	0	100	1024	46940	2688400
585	7	71970175	71975295	chr7.489237	5	1024	500139419	hg38.gc5Base.bw	0	100	1024	45220	2527600
585	7	73352575	73357695	chr7.489507	5	1024	500415899	hg38.gc5Base.bw	0	100	1024	49560	2924000
585	7	73767295	73772415	chr7.489588	5	1024	500498843	hg38.gc5Base.bw	0	100	1024	58960	3985600
585	7	74007935	74013055	chr7.489635	5	1024	500546971	hg38.gc5Base.bw	0	100	1024	58720	3839200
585	7	74310015	74315135	chr7.489694	5	1024	500607387	hg38.gc5Base.bw	0	100	1024	51940	3206000
585	7	75630975	75636095	chr7.489952	5	1024	500871579	hg38.gc5Base.bw	0	100	1024	48320	2816800
585	7	75963775	75968895	chr7.490017	5	1024	500938139	hg38.gc5Base.bw	0	100	1024	56200	3562400
585	7	75984255	75989375	chr7.490021	5	1024	500942235	hg38.gc5Base.bw	0	100	1024	67320	4826400
585	7	76424575	76429695	chr7.490107	5	1024	501030299	hg38.gc5Base.bw	0	100	1024	54900	3442000
585	7	76675455	76680575	chr7.490156	5	1024	501080475	hg38.gc5Base.bw	0	100	1024	38140	1912400
585	7	77412735	77417855	chr7.490300	5	1024	501227931	hg38.gc5Base.bw	0	100	1024	48820	2980400
585	7	77540735	77545855	chr7.490325	5	1024	501253531	hg38.gc5Base.bw	0	100	1024	37600	1860000
585	7	78011775	78016895	chr7.490417	5	1024	501347739	hg38.gc5Base.bw	0	100	1024	44560	2488000
585	7	78196095	78201215	chr7.490453	5	1024	501384603	hg38.gc5Base.bw	0	100	1024	41680	2188000
585	7	78242175	78247295	chr7.490462	5	1024	501393819	hg38.gc5Base.bw	0	100	1024	42860	2339600
585	7	78528895	78534015	chr7.490518	5	1024	501451163	hg38.gc5Base.bw	0	100	1024	37180	1826800
585	7	79071615	79076735	chr7.490624	5	1024	501559707	hg38.gc5Base.bw	0	100	1024	37900	1876400
585	7	79102335	79107455	chr7.490630	5	1024	501565851	hg38.gc5Base.bw	0	100	1024	38480	1958400
585	7	79450495	79455615	chr7.490698	5	1024	501635483	hg38.gc5Base.bw	0	100	1024	52380	3286800
585	7	79486335	79491455	chr7.490705	5	1024	501642651	hg38.gc5Base.bw	0	80	1024	35520	1654400
585	7	79660415	79665535	chr7.490739	5	1024	501677467	hg38.gc5Base.bw	0	100	1024	40420	2043600
585	7	79865215	79870335	chr7.490779	5	1024	501718427	hg38.gc5Base.bw	0	100	1024	36700	1808400
585	7	80126335	80131455	chr7.490830	5	1024	501770651	hg38.gc5Base.bw	0	100	1024	42700	2246000
585	7	80264575	80269695	chr7.490857	5	1024	501798299	hg38.gc5Base.bw	0	100	1024	33900	1600400
585	7	80576895	80582015	chr7.490918	5	1024	501860763	hg38.gc5Base.bw	0	100	1024	38360	1921600
585	7	81355135	81360255	chr7.491070	5	1024	502016411	hg38.gc5Base.bw	0	100	1024	33700	1629200
585	7	81687935	81693055	chr7.491135	5	1024	502082971	hg38.gc5Base.bw	0	100	1024	38660	1920400
585	7	82153855	82158975	chr7.491226	5	1024	502176155	hg38.gc5Base.bw	0	80	1024	33540	1526800
585	7	82624895	82630015	chr7.491318	5	1024	502270363	hg38.gc5Base.bw	0	100	1024	34620	1682800
585	7	82875775	82880895	chr7.491367	5	1024	502320539	hg38.gc5Base.bw	0	100	1024	33560	1568000
585	7	83208575	83213695	chr7.491432	5	1024	502387099	hg38.gc5Base.bw	0	100	1024	32780	1558000
585	7	83285375	83290495	chr7.491447	5	1024	502402459	hg38.gc5Base.bw	0	100	1024	34680	1613600
585	7	83495295	83500415	chr7.491488	5	1024	502444443	hg38.gc5Base.bw	0	100	1024	33920	1640000
585	7	83638655	83643775	chr7.491516	5	1024	502473115	hg38.gc5Base.bw	0	100	1024	37980	1914800
585	7	83833215	83838335	chr7.491554	5	1024	502512027	hg38.gc5Base.bw	0	100	1024	34240	1632000
585	7	84012415	84017535	chr7.491589	5	1024	502547867	hg38.gc5Base.bw	0	100	1024	35440	1742400
585	7	84032895	84038015	chr7.491593	5	1024	502551963	hg38.gc5Base.bw	0	100	1024	32000	1478400
585	7	84099455	84104575	chr7.491606	5	1024	502565275	hg38.gc5Base.bw	0	100	1024	34340	1580400
585	7	84155775	84160895	chr7.491617	5	1024	502576539	hg38.gc5Base.bw	0	100	1024	35980	1765200
585	7	84217215	84222335	chr7.491629	5	1024	502588827	hg38.gc5Base.bw	0	80	1024	35220	1634000
585	7	84867455	84872575	chr7.491756	5	1024	502718875	hg38.gc5Base.bw	0	100	1024	33020	1502000
585	7	85010815	85015935	chr7.491784	5	1024	502747547	hg38.gc5Base.bw	0	80	1024	33960	1576800
585	7	85067135	85072255	chr7.491795	5	1024	502758811	hg38.gc5Base.bw	0	100	1024	36500	1756400
585	7	85517695	85522815	chr7.491883	5	1024	502848923	hg38.gc5Base.bw	0	100	1024	33820	1620400
585	7	85599615	85604735	chr7.491899	5	1024	502865307	hg38.gc5Base.bw	0	100	1024	32820	1493200
585	7	85988735	85993855	chr7.491975	5	1024	502943131	hg38.gc5Base.bw	0	100	1024	37460	1808400
585	7	86623615	86628735	chr7.492099	5	1024	503070107	hg38.gc5Base.bw	0	100	1024	38580	1971600
585	7	86772095	86777215	chr7.492128	5	1024	503099803	hg38.gc5Base.bw	0	100	1024	36900	1750000
585	7	87371135	87376255	chr7.492245	5	1024	503219611	hg38.gc5Base.bw	0	100	1024	33200	1540800
585	7	87509375	87514495	chr7.492272	5	1024	503247259	hg38.gc5Base.bw	0	100	1024	40680	2064000
585	7	87519615	87524735	chr7.492274	5	1024	503249307	hg38.gc5Base.bw	0	100	1024	39780	2034800
585	7	87616895	87622015	chr7.492293	5	1024	503268763	hg38.gc5Base.bw	0	100	1024	36920	1806400
585	7	88226175	88231295	chr7.492412	5	1024	503390619	hg38.gc5Base.bw	0	100	1024	38920	1995200
585	7	88236415	88241535	chr7.492414	5	1024	503392667	hg38.gc5Base.bw	0	100	1024	37640	1914400
585	7	88471935	88477055	chr7.492460	5	1024	503439771	hg38.gc5Base.bw	0	100	1024	35620	1723600
585	7	88835455	88840575	chr7.492531	5	1024	503512475	hg38.gc5Base.bw	0	100	1024	33080	1493600
585	7	89158015	89163135	chr7.492594	5	1024	503576987	hg38.gc5Base.bw	0	100	1024	36260	1730800
585	7	89757055	89762175	chr7.492711	5	1024	503696795	hg38.gc5Base.bw	0	100	1024	42920	2300800
585	7	90007935	90013055	chr7.492760	5	1024	503746971	hg38.gc5Base.bw	0	100	1024	37500	1882800
585	7	90182015	90187135	chr7.492794	5	1024	503781787	hg38.gc5Base.bw	0	100	1024	36440	1716800
585	7	90504575	90509695	chr7.492857	5	1024	503846299	hg38.gc5Base.bw	0	100	1024	40780	2148400
585	7	90566015	90571135	chr7.492869	5	1024	503858587	hg38.gc5Base.bw	0	100	1024	41960	2227200
585	7	90704255	90709375	chr7.492896	5	1024	503886235	hg38.gc5Base.bw	0	100	1024	38360	1896800
585	7	90914175	90919295	chr7.492937	5	1024	503928219	hg38.gc5Base.bw	0	100	1024	37040	1824800
585	7	91001215	91006335	chr7.492954	5	1024	503945627	hg38.gc5Base.bw	0	100	1024	41040	2164800
585	7	91124095	91129215	chr7.492978	5	1024	503970203	hg38.gc5Base.bw	0	100	1024	37440	1868000
585	7	91206015	91211135	chr7.492994	5	1024	503986587	hg38.gc5Base.bw	0	100	1024	40380	2058000
585	7	91303295	91308415	chr7.493013	5	1024	504006043	hg38.gc5Base.bw	0	100	1024	36800	1760000
585	7	91948415	91953535	chr7.493139	5	1024	504135067	hg38.gc5Base.bw	0	100	1024	39220	2056400
585	7	92982655	92987775	chr7.493341	5	1024	504341915	hg38.gc5Base.bw	0	100	1024	39120	1965600
585	7	93894015	93899135	chr7.493519	5	1024	504524187	hg38.gc5Base.bw	0	100	1024	40140	2009200
585	7	93991295	93996415	chr7.493538	5	1024	504543643	hg38.gc5Base.bw	0	100	1024	35140	1686000
585	7	94052735	94057855	chr7.493550	5	1024	504555931	hg38.gc5Base.bw	0	100	1024	36460	1760400
585	7	94790015	94795135	chr7.493694	5	1024	504703387	hg38.gc5Base.bw	0	100	1024	35420	1719600
585	7	94851455	94856575	chr7.493706	5	1024	504715675	hg38.gc5Base.bw	0	100	1024	38880	1988000
585	7	94907775	94912895	chr7.493717	5	1024	504726939	hg38.gc5Base.bw	0	100	1024	44380	2538000
585	7	94999935	95005055	chr7.493735	5	1024	504745371	hg38.gc5Base.bw	0	100	1024	36080	1707200
585	7	95020415	95025535	chr7.493739	5	1024	504749467	hg38.gc5Base.bw	0	100	1024	40480	2074400
585	7	95307135	95312255	chr7.493795	5	1024	504806811	hg38.gc5Base.bw	0	100	1024	38880	1946400
585	7	95363455	95368575	chr7.493806	5	1024	504818075	hg38.gc5Base.bw	0	100	1024	41500	2109200
585	7	95614335	95619455	chr7.493855	5	1024	504868251	hg38.gc5Base.bw	0	100	1024	38020	1834000
585	7	96576895	96582015	chr7.494043	5	1024	505060763	hg38.gc5Base.bw	0	100	1024	37160	1790400
585	7	96750975	96756095	chr7.494077	5	1024	505095579	hg38.gc5Base.bw	0	100	1024	41540	2166800
585	7	97022335	97027455	chr7.494130	5	1024	505149851	hg38.gc5Base.bw	0	100	1024	53100	3298800
585	7	97846655	97851775	chr7.494291	5	1024	505314715	hg38.gc5Base.bw	0	100	1024	41440	2148800
585	7	98123135	98128255	chr7.494345	5	1024	505370011	hg38.gc5Base.bw	0	100	1024	44540	2470000
585	7	98880895	98886015	chr7.494493	5	1024	505521563	hg38.gc5Base.bw	0	100	1024	44120	2436000
585	7	99085695	99090815	chr7.494533	5	1024	505562523	hg38.gc5Base.bw	0	100	1024	42860	2347600
585	7	99925375	99930495	chr7.494697	5	1024	505730459	hg38.gc5Base.bw	0	100	1024	45280	2478400
585	7	100068735	100073855	chr7.494725	5	1024	505759131	hg38.gc5Base.bw	0	100	1024	49400	2865600
585	7	101574015	101579135	chr7.495019	5	1024	506060187	hg38.gc5Base.bw	0	100	1024	44200	2417600
585	7	101594495	101599615	chr7.495023	5	1024	506064283	hg38.gc5Base.bw	0	100	1024	51620	3072400
585	7	101891455	101896575	chr7.495081	5	1024	506123675	hg38.gc5Base.bw	0	100	1024	44820	2537200
585	7	102188415	102193535	chr7.495139	5	1024	506183067	hg38.gc5Base.bw	0	100	1024	53400	3281600
585	7	102459775	102464895	chr7.495192	5	1024	506237339	hg38.gc5Base.bw	0	100	1024	54420	3426800
585	7	102854015	102859135	chr7.495269	5	1024	506316187	hg38.gc5Base.bw	0	100	1024	34340	1608400
585	7	103545215	103550335	chr7.495404	5	1024	506454427	hg38.gc5Base.bw	0	100	1024	39880	2035200
585	7	104139135	104144255	chr7.495520	5	1024	506573211	hg38.gc5Base.bw	0	80	1024	33500	1538000
585	7	104461695	104466815	chr7.495583	5	1024	506637723	hg38.gc5Base.bw	0	100	1024	40800	2089600
585	7	104471935	104477055	chr7.495585	5	1024	506639771	hg38.gc5Base.bw	0	100	1024	38460	1970000
585	7	104774015	104779135	chr7.495644	5	1024	506700187	hg38.gc5Base.bw	0	100	1024	43900	2366800
585	7	104963455	104968575	chr7.495681	5	1024	506738075	hg38.gc5Base.bw	0	100	1024	47160	2642400
585	7	105009535	105014655	chr7.495690	5	1024	506747291	hg38.gc5Base.bw	0	100	1024	49860	3106000
585	7	106043775	106048895	chr7.495892	5	1024	506954139	hg38.gc5Base.bw	0	100	1024	47640	2672000
585	7	106417535	106422655	chr7.495965	5	1024	507028891	hg38.gc5Base.bw	0	100	1024	45540	2523600
585	7	106484095	106489215	chr7.495978	5	1024	507042203	hg38.gc5Base.bw	0	100	1024	41340	2130800
585	7	106612095	106617215	chr7.496003	5	1024	507067803	hg38.gc5Base.bw	0	100	1024	39040	1984800
585	7	106734975	106740095	chr7.496027	5	1024	507092379	hg38.gc5Base.bw	0	100	1024	38940	1987600
585	7	106801535	106806655	chr7.496040	5	1024	507105691	hg38.gc5Base.bw	0	100	1024	42660	2233200
585	7	106950015	106955135	chr7.496069	5	1024	507135387	hg38.gc5Base.bw	0	100	1024	45920	2528000
585	7	107001215	107006335	chr7.496079	5	1024	507145627	hg38.gc5Base.bw	0	100	1024	41100	2224400
585	7	107165055	107170175	chr7.496111	5	1024	507178395	hg38.gc5Base.bw	0	100	1024	45580	2696400
585	7	107794815	107799935	chr7.496234	5	1024	507304347	hg38.gc5Base.bw	0	100	1024	42400	2284800
585	7	107933055	107938175	chr7.496261	5	1024	507331995	hg38.gc5Base.bw	0	100	1024	39400	2004800
585	7	108573055	108578175	chr7.496386	5	1024	507459995	hg38.gc5Base.bw	0	100	1024	38780	1900400
585	7	109438335	109443455	chr7.496555	5	1024	507633051	hg38.gc5Base.bw	0	100	1024	34080	1572000
585	7	109525375	109530495	chr7.496572	5	1024	507650459	hg38.gc5Base.bw	0	100	1024	34740	1638800
585	7	110221695	110226815	chr7.496708	5	1024	507789723	hg38.gc5Base.bw	0	100	1024	34440	1605600
585	7	111353215	111358335	chr7.496929	5	1024	508016027	hg38.gc5Base.bw	0	100	1024	33000	1550400
585	7	111829375	111834495	chr7.497022	5	1024	508111259	hg38.gc5Base.bw	0	100	1024	40980	2143600
585	7	111977855	111982975	chr7.497051	5	1024	508140955	hg38.gc5Base.bw	0	100	1024	39600	1977600
585	7	112039295	112044415	chr7.497063	5	1024	508153243	hg38.gc5Base.bw	0	100	1024	37720	1846400
585	7	112454015	112459135	chr7.497144	5	1024	508236187	hg38.gc5Base.bw	0	100	1024	36820	1846800
585	7	112494975	112500095	chr7.497152	5	1024	508244379	hg38.gc5Base.bw	0	100	1024	42820	2261200
585	7	114256255	114261375	chr7.497496	5	1024	508596635	hg38.gc5Base.bw	0	100	1024	36680	1800000
585	7	115229055	115234175	chr7.497686	5	1024	508791195	hg38.gc5Base.bw	0	100	1024	39340	1989200
585	7	115725695	115730815	chr7.497783	5	1024	508890523	hg38.gc5Base.bw	0	100	1024	35500	1702000
585	7	116596095	116601215	chr7.497953	5	1024	509064603	hg38.gc5Base.bw	0	100	1024	42600	2242400
585	7	117113215	117118335	chr7.498054	5	1024	509168027	hg38.gc5Base.bw	0	100	1024	42660	2253200
585	7	117271935	117277055	chr7.498085	5	1024	509199771	hg38.gc5Base.bw	0	100	1024	44100	2399600
585	7	118582655	118587775	chr7.498341	5	1024	509461915	hg38.gc5Base.bw	0	100	1024	39000	1985600
585	7	118971775	118976895	chr7.498417	5	1024	509539739	hg38.gc5Base.bw	0	100	1024	38700	1957200
585	7	119632255	119637375	chr7.498546	5	1024	509671835	hg38.gc5Base.bw	0	100	1024	36320	1733600
585	7	120359295	120364415	chr7.498688	5	1024	509817243	hg38.gc5Base.bw	0	100	1024	37460	1822000
585	7	120942975	120948095	chr7.498802	5	1024	509933979	hg38.gc5Base.bw	0	100	1024	37060	1810800
585	7	121629055	121634175	chr7.498936	5	1024	510071195	hg38.gc5Base.bw	0	100	1024	37360	1867200
585	7	121731455	121736575	chr7.498956	5	1024	510091675	hg38.gc5Base.bw	0	100	1024	37460	1826800
585	7	122084735	122089855	chr7.499025	5	1024	510162331	hg38.gc5Base.bw	0	100	1024	38240	1890400
585	7	122304895	122310015	chr7.499068	5	1024	510206363	hg38.gc5Base.bw	0	100	1024	48780	2950000
585	7	122315135	122320255	chr7.499070	5	1024	510208411	hg38.gc5Base.bw	0	100	1024	46040	2667200
585	7	123200895	123206015	chr7.499243	5	1024	510385563	hg38.gc5Base.bw	0	100	1024	36520	1750400
585	7	123339135	123344255	chr7.499270	5	1024	510413211	hg38.gc5Base.bw	0	100	1024	36460	1766800
585	7	123349375	123354495	chr7.499272	5	1024	510415259	hg38.gc5Base.bw	0	100	1024	38040	1888000
585	7	123953535	123958655	chr7.499390	5	1024	510536091	hg38.gc5Base.bw	0	100	1024	36440	1734400
585	7	124214655	124219775	chr7.499441	5	1024	510588315	hg38.gc5Base.bw	0	100	1024	35280	1692000
585	7	124219775	124224895	chr7.499442	5	1024	510589339	hg38.gc5Base.bw	0	100	1024	42380	2254000
585	7	124424575	124429695	chr7.499482	5	1024	510630299	hg38.gc5Base.bw	0	100	1024	35200	1685600
585	7	124767615	124772735	chr7.499549	5	1024	510698907	hg38.gc5Base.bw	0	100	1024	34660	1609200
585	7	125033855	125038975	chr7.499601	5	1024	510752155	hg38.gc5Base.bw	0	100	1024	36980	1893200
585	7	125602175	125607295	chr7.499712	5	1024	510865819	hg38.gc5Base.bw	0	100	1024	36820	1770800
585	7	125663615	125668735	chr7.499724	5	1024	510878107	hg38.gc5Base.bw	0	100	1024	36480	1773600
585	7	125796735	125801855	chr7.499750	5	1024	510904731	hg38.gc5Base.bw	0	100	1024	34020	1614800
585	7	126303615	126308735	chr7.499849	5	1024	511006107	hg38.gc5Base.bw	0	100	1024	38660	1955600
585	7	126605695	126610815	chr7.499908	5	1024	511066523	hg38.gc5Base.bw	0	100	1024	39420	2039600
585	7	126749055	126754175	chr7.499936	5	1024	511095195	hg38.gc5Base.bw	0	100	1024	35620	1688400
585	7	126948735	126953855	chr7.499975	5	1024	511135131	hg38.gc5Base.bw	0	100	1024	35760	1704800
585	7	127015295	127020415	chr7.499988	5	1024	511148443	hg38.gc5Base.bw	0	100	1024	36720	1741600
585	7	127235455	127240575	chr7.500031	5	1024	511192475	hg38.gc5Base.bw	0	100	1024	39940	2051600
585	7	127378815	127383935	chr7.500059	5	1024	511221147	hg38.gc5Base.bw	0	100	1024	35040	1625600
585	7	127552895	127558015	chr7.500093	5	1024	511255963	hg38.gc5Base.bw	0	100	1024	42500	2242800
585	7	127998335	128003455	chr7.500180	5	1024	511345051	hg38.gc5Base.bw	0	100	1024	45900	2492400
585	7	128254335	128259455	chr7.500230	5	1024	511396251	hg38.gc5Base.bw	0	100	1024	49520	2907200
585	7	128326015	128331135	chr7.500244	5	1024	511410587	hg38.gc5Base.bw	0	100	1024	44200	2440800
585	7	128674175	128679295	chr7.500312	5	1024	511480219	hg38.gc5Base.bw	0	100	1024	45800	2638400
585	7	128858495	128863615	chr7.500348	5	1024	511517083	hg38.gc5Base.bw	0	100	1024	56160	3566400
585	7	129211775	129216895	chr7.500417	5	1024	511587739	hg38.gc5Base.bw	0	100	1024	58140	3806000
585	7	129426815	129431935	chr7.500459	5	1024	511630747	hg38.gc5Base.bw	0	100	1024	42860	2269200
585	7	129488255	129493375	chr7.500471	5	1024	511643035	hg38.gc5Base.bw	0	100	1024	41580	2216400
585	7	129570175	129575295	chr7.500487	5	1024	511659419	hg38.gc5Base.bw	0	100	1024	45440	2527200
585	7	130158975	130164095	chr7.500602	5	1024	511777179	hg38.gc5Base.bw	0	100	1024	47960	2746400
585	7	130215295	130220415	chr7.500613	5	1024	511788443	hg38.gc5Base.bw	0	100	1024	45740	2518800
585	7	130343295	130348415	chr7.500638	5	1024	511814043	hg38.gc5Base.bw	0	100	1024	50400	3001600
585	7	131019135	131024255	chr7.500770	5	1024	511949211	hg38.gc5Base.bw	0	100	1024	45660	2562000
585	7	131515775	131520895	chr7.500867	5	1024	512048539	hg38.gc5Base.bw	0	100	1024	45320	2483200
585	7	131684735	131689855	chr7.500900	5	1024	512082331	hg38.gc5Base.bw	0	100	1024	51840	3100000
585	7	132043135	132048255	chr7.500970	5	1024	512154011	hg38.gc5Base.bw	0	100	1024	42240	2256800
585	7	132145535	132150655	chr7.500990	5	1024	512174491	hg38.gc5Base.bw	0	100	1024	49920	2882400
585	7	132181375	132186495	chr7.500997	5	1024	512181659	hg38.gc5Base.bw	0	100	1024	53520	3234400
585	7	132329855	132334975	chr7.501026	5	1024	512211355	hg38.gc5Base.bw	0	100	1024	49900	2930800
585	7	132693375	132698495	chr7.501097	5	1024	512284059	hg38.gc5Base.bw	0	100	1024	46340	2626000
585	7	132718975	132724095	chr7.501102	5	1024	512289179	hg38.gc5Base.bw	0	100	1024	44140	2406000
585	7	132836735	132841855	chr7.501125	5	1024	512312731	hg38.gc5Base.bw	0	100	1024	37640	1829600
585	7	134029695	134034815	chr7.501358	5	1024	512551323	hg38.gc5Base.bw	0	100	1024	42100	2193200
585	7	134342015	134347135	chr7.501419	5	1024	512613787	hg38.gc5Base.bw	0	100	1024	44180	2399600
585	7	134413695	134418815	chr7.501433	5	1024	512628123	hg38.gc5Base.bw	0	100	1024	44400	2439200
585	7	134669695	134674815	chr7.501483	5	1024	512679323	hg38.gc5Base.bw	0	100	1024	41360	2208800
585	7	134695295	134700415	chr7.501488	5	1024	512684443	hg38.gc5Base.bw	0	100	1024	43200	2345600
585	7	135995775	136000895	chr7.501742	5	1024	512944539	hg38.gc5Base.bw	0	100	1024	40680	2071200
585	7	136134015	136139135	chr7.501769	5	1024	512972187	hg38.gc5Base.bw	0	100	1024	39460	2060400
585	7	137239935	137245055	chr7.501985	5	1024	513193371	hg38.gc5Base.bw	0	100	1024	43400	2343200
585	7	137245055	137250175	chr7.501986	5	1024	513194395	hg38.gc5Base.bw	0	100	1024	37300	1802800
585	7	137296255	137301375	chr7.501996	5	1024	513204635	hg38.gc5Base.bw	0	100	1024	41120	2117600
585	7	137316735	137321855	chr7.502000	5	1024	513208731	hg38.gc5Base.bw	0	100	1024	41640	2201600
585	7	137352575	137357695	chr7.502007	5	1024	513215899	hg38.gc5Base.bw	0	100	1024	37960	1889600
585	7	138161535	138166655	chr7.502165	5	1024	513377691	hg38.gc5Base.bw	0	100	1024	39640	2048800
585	7	138166655	138171775	chr7.502166	5	1024	513378715	hg38.gc5Base.bw	0	100	1024	42460	2245200
585	7	138627455	138632575	chr7.502256	5	1024	513470875	hg38.gc5Base.bw	0	100	1024	45340	2535600
585	7	138647935	138653055	chr7.502260	5	1024	513474971	hg38.gc5Base.bw	0	100	1024	48680	2856000
585	7	138939775	138944895	chr7.502317	5	1024	513533339	hg38.gc5Base.bw	0	100	1024	44100	2470000
585	7	139200895	139206015	chr7.502368	5	1024	513585563	hg38.gc5Base.bw	0	100	1024	41720	2208800
585	7	139712895	139718015	chr7.502468	5	1024	513687963	hg38.gc5Base.bw	0	100	1024	54400	3355200
585	7	139840895	139846015	chr7.502493	5	1024	513713563	hg38.gc5Base.bw	0	100	1024	47700	2743600
585	7	139907455	139912575	chr7.502506	5	1024	513726875	hg38.gc5Base.bw	0	100	1024	39400	1997600
585	7	139933055	139938175	chr7.502511	5	1024	513731995	hg38.gc5Base.bw	0	100	1024	47880	2731200
585	7	140040575	140045695	chr7.502532	5	1024	513753499	hg38.gc5Base.bw	0	100	1024	43860	2386000
585	7	140286335	140291455	chr7.502580	5	1024	513802651	hg38.gc5Base.bw	0	100	1024	47220	2730800
585	7	140306815	140311935	chr7.502584	5	1024	513806747	hg38.gc5Base.bw	0	100	1024	44940	2505200
585	7	140614015	140619135	chr7.502644	5	1024	513868187	hg38.gc5Base.bw	0	100	1024	45500	2578800
585	7	141689215	141694335	chr7.502854	5	1024	514083227	hg38.gc5Base.bw	0	100	1024	39400	1976000
585	7	142006655	142011775	chr7.502916	5	1024	514146715	hg38.gc5Base.bw	0	100	1024	38400	1870400
585	7	142713215	142718335	chr7.503054	5	1024	514288027	hg38.gc5Base.bw	0	100	1024	45840	2515200
585	7	142779775	142784895	chr7.503067	5	1024	514301339	hg38.gc5Base.bw	0	100	1024	49160	2914400
585	7	142866815	142871935	chr7.503084	5	1024	514318747	hg38.gc5Base.bw	0	100	1024	59400	3861600
585	7	142928255	142933375	chr7.503096	5	1024	514331035	hg38.gc5Base.bw	0	100	1024	54220	3300400
585	7	143225215	143230335	chr7.503154	5	1024	514390427	hg38.gc5Base.bw	0	100	1024	43540	2384400
585	7	143430015	143435135	chr7.503194	5	1024	514431387	hg38.gc5Base.bw	0	100	1024	39360	1996800
585	7	143904970	143910090	chr7.503278	5	1024	514516379	hg38.gc5Base.bw	0	100	1024	43460	2342000
585	7	144171210	144176330	chr7.503330	5	1024	514569627	hg38.gc5Base.bw	0	100	1024	41920	2217600
585	7	144657610	144662730	chr7.503425	5	1024	514666907	hg38.gc5Base.bw	0	100	1024	38100	1934800
585	7	144678090	144683210	chr7.503429	5	1024	514671003	hg38.gc5Base.bw	0	100	1024	35060	1707600
585	7	144780490	144785610	chr7.503449	5	1024	514691483	hg38.gc5Base.bw	0	100	1024	31000	1457600
585	7	145154250	145159370	chr7.503522	5	1024	514766235	hg38.gc5Base.bw	0	100	1024	39400	2058400
585	7	145666250	145671370	chr7.503622	5	1024	514868635	hg38.gc5Base.bw	0	100	1024	35320	1654400
585	7	146029770	146034890	chr7.503693	5	1024	514941339	hg38.gc5Base.bw	0	100	1024	36400	1852800
585	7	146787530	146792650	chr7.503841	5	1024	515092891	hg38.gc5Base.bw	0	100	1024	41460	2205200
585	7	146976970	146982090	chr7.503878	5	1024	515130779	hg38.gc5Base.bw	0	100	1024	36680	1783200
585	7	147181770	147186890	chr7.503918	5	1024	515171739	hg38.gc5Base.bw	0	100	1024	36060	1752400
585	7	147432650	147437770	chr7.503967	5	1024	515221915	hg38.gc5Base.bw	0	100	1024	37560	1838400
585	7	147826890	147832010	chr7.504044	5	1024	515300763	hg38.gc5Base.bw	0	100	1024	39280	1960800
585	7	147893450	147898570	chr7.504057	5	1024	515314075	hg38.gc5Base.bw	0	100	1024	41920	2198400
585	7	148103370	148108490	chr7.504098	5	1024	515356059	hg38.gc5Base.bw	0	100	1024	42160	2246400
585	7	148139210	148144330	chr7.504105	5	1024	515363227	hg38.gc5Base.bw	0	100	1024	43360	2309600
585	7	148671690	148676810	chr7.504209	5	1024	515469723	hg38.gc5Base.bw	0	100	1024	46080	2568800
585	7	148722890	148728010	chr7.504219	5	1024	515479963	hg38.gc5Base.bw	0	100	1024	41980	2234800
585	7	149045450	149050570	chr7.504282	5	1024	515544475	hg38.gc5Base.bw	0	100	1024	47540	2775600
585	7	149250250	149255370	chr7.504322	5	1024	515585435	hg38.gc5Base.bw	0	100	1024	50620	3038800
585	7	150238410	150243530	chr7.504515	5	1024	515783067	hg38.gc5Base.bw	0	100	1024	35860	1729200
585	7	150325450	150330570	chr7.504532	5	1024	515800475	hg38.gc5Base.bw	0	100	1024	51580	3102000
585	7	150458570	150463690	chr7.504558	5	1024	515827099	hg38.gc5Base.bw	0	100	1024	39560	1940000
585	7	150504650	150509770	chr7.504567	5	1024	515836315	hg38.gc5Base.bw	0	100	1024	43560	2368000
585	7	150514890	150520010	chr7.504569	5	1024	515838363	hg38.gc5Base.bw	0	100	1024	35920	1718400
585	7	151569610	151574730	chr7.504775	5	1024	516049307	hg38.gc5Base.bw	0	100	1024	41520	2224000
585	7	151605450	151610570	chr7.504782	5	1024	516056475	hg38.gc5Base.bw	0	100	1024	45120	2555200
585	7	151774410	151779530	chr7.504815	5	1024	516090267	hg38.gc5Base.bw	0	100	1024	52760	3228800
585	7	151948490	151953610	chr7.504849	5	1024	516125083	hg38.gc5Base.bw	0	100	1024	46360	2556000
585	7	153320650	153325770	chr7.505117	5	1024	516399515	hg38.gc5Base.bw	0	100	1024	44980	2454800
585	7	153858250	153863370	chr7.505222	5	1024	516507035	hg38.gc5Base.bw	0	100	1024	41460	2203600
585	7	153945290	153950410	chr7.505239	5	1024	516524443	hg38.gc5Base.bw	0	100	1024	46500	2590000
585	7	154211530	154216650	chr7.505291	5	1024	516577691	hg38.gc5Base.bw	0	100	1024	48680	2742400
585	7	154851530	154856650	chr7.505416	5	1024	516705691	hg38.gc5Base.bw	0	100	1024	49280	2878400
585	7	154861770	154866890	chr7.505418	5	1024	516707739	hg38.gc5Base.bw	0	100	1024	50620	2973200
585	7	155056330	155061450	chr7.505456	5	1024	516746651	hg38.gc5Base.bw	0	100	1024	49820	2894800
585	7	155061450	155066570	chr7.505457	5	1024	516747675	hg38.gc5Base.bw	0	100	1024	47100	2601200
585	7	155424970	155430090	chr7.505528	5	1024	516820379	hg38.gc5Base.bw	0	100	1024	54820	3392400
585	7	155435210	155440330	chr7.505530	5	1024	516822427	hg38.gc5Base.bw	0	100	1024	56120	3533600
585	7	155819210	155824330	chr7.505605	5	1024	516899227	hg38.gc5Base.bw	0	100	1024	53820	3299600
585	7	155865290	155870410	chr7.505614	5	1024	516908443	hg38.gc5Base.bw	0	100	1024	49260	2877200
585	7	155880650	155885770	chr7.505617	5	1024	516911515	hg38.gc5Base.bw	0	100	1024	55600	3460800
585	7	155967690	155972810	chr7.505634	5	1024	516928923	hg38.gc5Base.bw	0	100	1024	45780	2559600
585	7	156034250	156039370	chr7.505647	5	1024	516942235	hg38.gc5Base.bw	0	100	1024	51140	3112400
585	7	156612810	156617930	chr7.505760	5	1024	517057947	hg38.gc5Base.bw	0	100	1024	46980	2812400
585	7	156940490	156945610	chr7.505824	5	1024	517123483	hg38.gc5Base.bw	0	100	1024	61040	4081600
585	7	157037770	157042890	chr7.505843	5	1024	517142939	hg38.gc5Base.bw	0	100	1024	54180	3354800
585	7	158133450	158138570	chr7.506057	5	1024	517362075	hg38.gc5Base.bw	0	100	1024	51820	3189200
585	7	158159050	158164170	chr7.506062	5	1024	517367195	hg38.gc5Base.bw	0	100	1024	45180	2483600
585	7	158240970	158246090	chr7.506078	5	1024	517383579	hg38.gc5Base.bw	0	100	1024	49160	2808000
585	7	158343370	158348490	chr7.506098	5	1024	517404059	hg38.gc5Base.bw	0	100	1024	49100	2877200
585	7	158368970	158374090	chr7.506103	5	1024	517409179	hg38.gc5Base.bw	0	100	1024	49720	3015200
585	7	158435530	158440650	chr7.506116	5	1024	517422491	hg38.gc5Base.bw	0	100	1024	45480	2489600
585	7	158476490	158481610	chr7.506124	5	1024	517430683	hg38.gc5Base.bw	0	100	1024	51760	3102400
585	7	158778570	158783690	chr7.506183	5	1024	517491099	hg38.gc5Base.bw	0	100	1024	45040	2347200
585	7	158916810	158921930	chr7.506210	5	1024	517518747	hg38.gc5Base.bw	0	100	1024	50040	2912800
585	8	331360	336480	chr8.506849	5	1024	518167889	hg38.gc5Base.bw	0	100	1024	50280	2943200
585	8	710240	715360	chr8.506923	5	1024	518243665	hg38.gc5Base.bw	0	100	1024	50640	3047200
585	8	746080	751200	chr8.506930	5	1024	518250833	hg38.gc5Base.bw	0	100	1024	55460	3622800
585	8	1073760	1078880	chr8.506994	5	1024	518316369	hg38.gc5Base.bw	0	100	1024	52160	3130400
585	8	1222240	1227360	chr8.507023	5	1024	518346065	hg38.gc5Base.bw	0	100	1024	42080	2280800
585	8	1345120	1350240	chr8.507047	5	1024	518370641	hg38.gc5Base.bw	0	100	1024	49620	2761200
585	8	1427040	1432160	chr8.507063	5	1024	518387025	hg38.gc5Base.bw	0	100	1024	41440	2199200
585	8	1775200	1780320	chr8.507131	5	1024	518456657	hg38.gc5Base.bw	0	100	1024	46600	2620000
585	8	1862240	1867360	chr8.507148	5	1024	518474065	hg38.gc5Base.bw	0	100	1024	53780	3396400
585	8	2594400	2599520	chr8.507291	5	1024	518620497	hg38.gc5Base.bw	0	100	1024	39460	2090800
585	8	2691680	2696800	chr8.507310	5	1024	518639953	hg38.gc5Base.bw	0	100	1024	40500	2146000
585	8	2865760	2870880	chr8.507344	5	1024	518674769	hg38.gc5Base.bw	0	100	1024	37960	1882400
585	8	2942560	2947680	chr8.507359	5	1024	518690129	hg38.gc5Base.bw	0	100	1024	37940	1870000
585	8	3050080	3055200	chr8.507380	5	1024	518711633	hg38.gc5Base.bw	0	100	1024	39600	2031200
585	8	3106400	3111520	chr8.507391	5	1024	518722897	hg38.gc5Base.bw	0	100	1024	40000	2057600
585	8	3193440	3198560	chr8.507408	5	1024	518740305	hg38.gc5Base.bw	0	100	1024	42540	2298800
585	8	3592800	3597920	chr8.507486	5	1024	518820177	hg38.gc5Base.bw	0	100	1024	46840	2641600
585	8	3869280	3874400	chr8.507540	5	1024	518875473	hg38.gc5Base.bw	0	100	1024	36600	1784800
585	8	3987040	3992160	chr8.507563	5	1024	518899025	hg38.gc5Base.bw	0	100	1024	39940	2037200
585	8	4012640	4017760	chr8.507568	5	1024	518904145	hg38.gc5Base.bw	0	100	1024	40280	2056800
585	8	4406880	4412000	chr8.507645	5	1024	518982993	hg38.gc5Base.bw	0	100	1024	35620	1694800
585	8	4412000	4417120	chr8.507646	5	1024	518984017	hg38.gc5Base.bw	0	100	1024	37940	1886000
585	8	4422240	4427360	chr8.507648	5	1024	518986065	hg38.gc5Base.bw	0	100	1024	33460	1562800
585	8	4586080	4591200	chr8.507680	5	1024	519018833	hg38.gc5Base.bw	0	100	1024	35740	1706800
585	8	4591200	4596320	chr8.507681	5	1024	519019857	hg38.gc5Base.bw	0	100	1024	40760	2135200
585	8	4606560	4611680	chr8.507684	5	1024	519022929	hg38.gc5Base.bw	0	100	1024	39240	1997600
585	8	4821600	4826720	chr8.507726	5	1024	519065937	hg38.gc5Base.bw	0	80	1024	36520	1750400
585	8	4883040	4888160	chr8.507738	5	1024	519078225	hg38.gc5Base.bw	0	100	1024	31800	1410400
585	8	5062240	5067360	chr8.507773	5	1024	519114065	hg38.gc5Base.bw	0	100	1024	35680	1687200
585	8	5502560	5507680	chr8.507859	5	1024	519202129	hg38.gc5Base.bw	0	100	1024	35200	1696000
585	8	5507680	5512800	chr8.507860	5	1024	519203153	hg38.gc5Base.bw	0	100	1024	40660	2082000
585	8	5553760	5558880	chr8.507869	5	1024	519212369	hg38.gc5Base.bw	0	100	1024	40160	2030400
585	8	5640800	5645920	chr8.507886	5	1024	519229777	hg38.gc5Base.bw	0	100	1024	40300	2042800
585	8	5645920	5651040	chr8.507887	5	1024	519230801	hg38.gc5Base.bw	0	100	1024	41020	2149200
585	8	5671520	5676640	chr8.507892	5	1024	519235921	hg38.gc5Base.bw	0	100	1024	37920	1920800
585	8	5676640	5681760	chr8.507893	5	1024	519236945	hg38.gc5Base.bw	0	100	1024	38000	1868800
585	8	5686880	5692000	chr8.507895	5	1024	519238993	hg38.gc5Base.bw	0	100	1024	36660	1805200
585	8	5692000	5697120	chr8.507896	5	1024	519240017	hg38.gc5Base.bw	0	100	1024	36460	1732400
585	8	5891680	5896800	chr8.507935	5	1024	519279953	hg38.gc5Base.bw	0	100	1024	35200	1653600
585	8	5963360	5968480	chr8.507949	5	1024	519294289	hg38.gc5Base.bw	0	100	1024	45220	2472400
585	8	6495840	6500960	chr8.508053	5	1024	519400785	hg38.gc5Base.bw	0	100	1024	37660	1922800
585	8	6613600	6618720	chr8.508076	5	1024	519424337	hg38.gc5Base.bw	0	100	1024	47220	2694000
585	8	6628960	6634080	chr8.508079	5	1024	519427409	hg38.gc5Base.bw	0	100	1024	40820	2142000
585	8	6700640	6705760	chr8.508093	5	1024	519441745	hg38.gc5Base.bw	0	100	1024	43100	2321200
585	8	6797920	6803040	chr8.508112	5	1024	519461201	hg38.gc5Base.bw	0	100	1024	47920	2753600
585	8	6910560	6915680	chr8.508134	5	1024	519483729	hg38.gc5Base.bw	0	100	1024	47580	2666000
585	8	6961760	6966880	chr8.508144	5	1024	519493969	hg38.gc5Base.bw	0	100	1024	42580	2225200
585	8	6966880	6972000	chr8.508145	5	1024	519494993	hg38.gc5Base.bw	0	100	1024	47580	2653200
585	8	8286635	8291755	chr8.508394	5	1024	519748945	hg38.gc5Base.bw	0	100	1024	42100	2226000
585	8	8460715	8465835	chr8.508428	5	1024	519783761	hg38.gc5Base.bw	0	100	1024	45160	2513600
585	8	8506795	8511915	chr8.508437	5	1024	519792977	hg38.gc5Base.bw	0	100	1024	41900	2196400
585	8	8522155	8527275	chr8.508440	5	1024	519796049	hg38.gc5Base.bw	0	100	1024	39580	2018800
585	8	9080235	9085355	chr8.508549	5	1024	519907665	hg38.gc5Base.bw	0	100	1024	44820	2450800
585	8	9197995	9203115	chr8.508572	5	1024	519931217	hg38.gc5Base.bw	0	100	1024	44460	2463600
585	8	9336235	9341355	chr8.508599	5	1024	519958865	hg38.gc5Base.bw	0	100	1024	45900	2538800
585	8	9418155	9423275	chr8.508615	5	1024	519975249	hg38.gc5Base.bw	0	100	1024	46240	2616000
585	8	9433515	9438635	chr8.508618	5	1024	519978321	hg38.gc5Base.bw	0	100	1024	44000	2430400
585	8	9925035	9930155	chr8.508714	5	1024	520076625	hg38.gc5Base.bw	0	100	1024	44820	2409200
585	8	10165675	10170795	chr8.508761	5	1024	520124753	hg38.gc5Base.bw	0	100	1024	43500	2342000
585	8	10242475	10247595	chr8.508776	5	1024	520140113	hg38.gc5Base.bw	0	100	1024	37580	1887600
585	8	10262955	10268075	chr8.508780	5	1024	520144209	hg38.gc5Base.bw	0	100	1024	43800	2345600
585	8	10283435	10288555	chr8.508784	5	1024	520148305	hg38.gc5Base.bw	0	100	1024	41760	2208800
585	8	10339755	10344875	chr8.508795	5	1024	520159569	hg38.gc5Base.bw	0	100	1024	47300	2669200
585	8	11015595	11020715	chr8.508927	5	1024	520294737	hg38.gc5Base.bw	0	100	1024	58680	3840800
585	8	11077035	11082155	chr8.508939	5	1024	520307025	hg38.gc5Base.bw	0	100	1024	50000	2922400
585	8	11225515	11230635	chr8.508968	5	1024	520336721	hg38.gc5Base.bw	0	100	1024	47760	2708000
585	8	11245995	11251115	chr8.508972	5	1024	520340817	hg38.gc5Base.bw	0	100	1024	44880	2495200
585	8	11286955	11292075	chr8.508980	5	1024	520349009	hg38.gc5Base.bw	0	100	1024	35660	1802000
585	8	11297195	11302315	chr8.508982	5	1024	520351057	hg38.gc5Base.bw	0	100	1024	38160	1892800
585	8	11865515	11870635	chr8.509093	5	1024	520464721	hg38.gc5Base.bw	0	100	1024	59280	4032800
585	8	12330235	12335355	chr8.509175	5	1024	520547665	hg38.gc5Base.bw	0	100	1024	35240	1733600
585	8	12990715	12995835	chr8.509304	5	1024	520679761	hg38.gc5Base.bw	0	100	1024	42780	2305200
585	8	13006075	13011195	chr8.509307	5	1024	520682833	hg38.gc5Base.bw	0	100	1024	40760	2173600
585	8	13139195	13144315	chr8.509333	5	1024	520709457	hg38.gc5Base.bw	0	100	1024	41700	2260400
585	8	14403835	14408955	chr8.509580	5	1024	520962385	hg38.gc5Base.bw	0	100	1024	37700	1908400
585	8	14654715	14659835	chr8.509629	5	1024	521012561	hg38.gc5Base.bw	0	100	1024	34880	1660000
585	8	15018235	15023355	chr8.509700	5	1024	521085265	hg38.gc5Base.bw	0	100	1024	40520	2060800
585	8	15064315	15069435	chr8.509709	5	1024	521094481	hg38.gc5Base.bw	0	100	1024	38100	1938800
585	8	15269115	15274235	chr8.509749	5	1024	521135441	hg38.gc5Base.bw	0	100	1024	33560	1516800
585	8	15320315	15325435	chr8.509759	5	1024	521145681	hg38.gc5Base.bw	0	100	1024	37440	1803200
585	8	15330555	15335675	chr8.509761	5	1024	521147729	hg38.gc5Base.bw	0	100	1024	36700	1764400
585	8	15550715	15555835	chr8.509804	5	1024	521191761	hg38.gc5Base.bw	0	100	1024	40200	2082400
585	8	15607035	15612155	chr8.509815	5	1024	521203025	hg38.gc5Base.bw	0	100	1024	34680	1648000
585	8	15668475	15673595	chr8.509827	5	1024	521215313	hg38.gc5Base.bw	0	100	1024	35260	1666800
585	8	15699195	15704315	chr8.509833	5	1024	521221457	hg38.gc5Base.bw	0	100	1024	36680	1739200
585	8	16764155	16769275	chr8.510041	5	1024	521434449	hg38.gc5Base.bw	0	100	1024	38520	1937600
585	8	17178875	17183995	chr8.510122	5	1024	521517393	hg38.gc5Base.bw	0	100	1024	38560	1993600
585	8	17189115	17194235	chr8.510124	5	1024	521519441	hg38.gc5Base.bw	0	100	1024	41600	2184000
585	8	17424635	17429755	chr8.510170	5	1024	521566545	hg38.gc5Base.bw	0	100	1024	38540	1972400
585	8	17445115	17450235	chr8.510174	5	1024	521570641	hg38.gc5Base.bw	0	100	1024	39900	2066800
585	8	17608955	17614075	chr8.510206	5	1024	521603409	hg38.gc5Base.bw	0	100	1024	46380	2620400
585	8	17624315	17629435	chr8.510209	5	1024	521606481	hg38.gc5Base.bw	0	100	1024	46120	2676800
585	8	17639675	17644795	chr8.510212	5	1024	521609553	hg38.gc5Base.bw	0	100	1024	42280	2206400
585	8	17660155	17665275	chr8.510216	5	1024	521613649	hg38.gc5Base.bw	0	100	1024	44360	2447200
585	8	17839355	17844475	chr8.510251	5	1024	521649489	hg38.gc5Base.bw	0	100	1024	39740	2062800
585	8	17951995	17957115	chr8.510273	5	1024	521672017	hg38.gc5Base.bw	0	100	1024	36500	1775600
585	8	18172155	18177275	chr8.510316	5	1024	521716049	hg38.gc5Base.bw	0	100	1024	37940	1879600
585	8	18192635	18197755	chr8.510320	5	1024	521720145	hg38.gc5Base.bw	0	100	1024	43340	2350800
585	8	18653435	18658555	chr8.510410	5	1024	521812305	hg38.gc5Base.bw	0	100	1024	37600	1860000
585	8	18996475	19001595	chr8.510477	5	1024	521880913	hg38.gc5Base.bw	0	100	1024	43400	2382400
585	8	19057915	19063035	chr8.510489	5	1024	521893201	hg38.gc5Base.bw	0	100	1024	40880	2137600
585	8	19329275	19334395	chr8.510542	5	1024	521947473	hg38.gc5Base.bw	0	100	1024	46320	2580000
585	8	19436795	19441915	chr8.510563	5	1024	521968977	hg38.gc5Base.bw	0	100	1024	42580	2247600
585	8	19518715	19523835	chr8.510579	5	1024	521985361	hg38.gc5Base.bw	0	100	1024	45280	2476800
585	8	19636475	19641595	chr8.510602	5	1024	522008913	hg38.gc5Base.bw	0	100	1024	40960	2123200
585	8	20163835	20168955	chr8.510705	5	1024	522114385	hg38.gc5Base.bw	0	100	1024	43540	2398800
585	8	20220155	20225275	chr8.510716	5	1024	522125649	hg38.gc5Base.bw	0	100	1024	43860	2320400
585	8	20250875	20255995	chr8.510722	5	1024	522131793	hg38.gc5Base.bw	0	100	1024	55700	3514000
585	8	20276475	20281595	chr8.510727	5	1024	522136913	hg38.gc5Base.bw	0	100	1024	48420	2766800
585	8	20358395	20363515	chr8.510743	5	1024	522153297	hg38.gc5Base.bw	0	100	1024	47280	2678400
585	8	20604155	20609275	chr8.510791	5	1024	522202449	hg38.gc5Base.bw	0	100	1024	42500	2271600
585	8	20614395	20619515	chr8.510793	5	1024	522204497	hg38.gc5Base.bw	0	100	1024	44840	2456000
585	8	20634875	20639995	chr8.510797	5	1024	522208593	hg38.gc5Base.bw	0	100	1024	40280	2076800
585	8	20752635	20757755	chr8.510820	5	1024	522232145	hg38.gc5Base.bw	0	100	1024	36500	1801200
585	8	21054715	21059835	chr8.510879	5	1024	522292561	hg38.gc5Base.bw	0	100	1024	46420	2546000
585	8	21172475	21177595	chr8.510902	5	1024	522316113	hg38.gc5Base.bw	0	100	1024	46680	2632800
585	8	21187835	21192955	chr8.510905	5	1024	522319185	hg38.gc5Base.bw	0	100	1024	41460	2194000
585	8	21198075	21203195	chr8.510907	5	1024	522321233	hg38.gc5Base.bw	0	100	1024	40860	2073200
585	8	21223675	21228795	chr8.510912	5	1024	522326353	hg38.gc5Base.bw	0	100	1024	46680	2582400
585	8	21464315	21469435	chr8.510959	5	1024	522374481	hg38.gc5Base.bw	0	100	1024	49220	2852400
585	8	21587195	21592315	chr8.510983	5	1024	522399057	hg38.gc5Base.bw	0	100	1024	45560	2485600
585	8	21868795	21873915	chr8.511038	5	1024	522455377	hg38.gc5Base.bw	0	100	1024	49360	2903200
585	8	21899515	21904635	chr8.511044	5	1024	522461521	hg38.gc5Base.bw	0	100	1024	53820	3310800
585	8	22959355	22964475	chr8.511251	5	1024	522673489	hg38.gc5Base.bw	0	100	1024	43520	2392800
585	8	23240955	23246075	chr8.511306	5	1024	522729809	hg38.gc5Base.bw	0	100	1024	38400	1982400
585	8	23302395	23307515	chr8.511318	5	1024	522742097	hg38.gc5Base.bw	0	100	1024	55720	3498400
585	8	23348475	23353595	chr8.511327	5	1024	522751313	hg38.gc5Base.bw	0	100	1024	50780	3021200
585	8	23502075	23507195	chr8.511357	5	1024	522782033	hg38.gc5Base.bw	0	100	1024	40940	2211600
585	8	23829755	23834875	chr8.511421	5	1024	522847569	hg38.gc5Base.bw	0	100	1024	43360	2320800
585	8	23911675	23916795	chr8.511437	5	1024	522863953	hg38.gc5Base.bw	0	100	1024	37620	1825200
585	8	24249595	24254715	chr8.511503	5	1024	522931537	hg38.gc5Base.bw	0	100	1024	37780	1898000
585	8	24357115	24362235	chr8.511524	5	1024	522953041	hg38.gc5Base.bw	0	100	1024	39200	1980800
585	8	24464635	24469755	chr8.511545	5	1024	522974545	hg38.gc5Base.bw	0	100	1024	37820	1883600
585	8	24869115	24874235	chr8.511624	5	1024	523055441	hg38.gc5Base.bw	0	100	1024	40360	2008000
585	8	24997115	25002235	chr8.511649	5	1024	523081041	hg38.gc5Base.bw	0	100	1024	50420	3086000
585	8	25242875	25247995	chr8.511697	5	1024	523130193	hg38.gc5Base.bw	0	100	1024	46820	2664400
585	8	25534715	25539835	chr8.511754	5	1024	523188561	hg38.gc5Base.bw	0	100	1024	43180	2391600
585	8	26405115	26410235	chr8.511924	5	1024	523362641	hg38.gc5Base.bw	0	100	1024	41960	2301600
585	8	26553595	26558715	chr8.511953	5	1024	523392337	hg38.gc5Base.bw	0	100	1024	35140	1698800
585	8	26860795	26865915	chr8.512013	5	1024	523453777	hg38.gc5Base.bw	0	100	1024	49600	2996000
585	8	27034875	27039995	chr8.512047	5	1024	523488593	hg38.gc5Base.bw	0	100	1024	42460	2236400
585	8	27060475	27065595	chr8.512052	5	1024	523493713	hg38.gc5Base.bw	0	100	1024	41440	2136000
585	8	27454715	27459835	chr8.512129	5	1024	523572561	hg38.gc5Base.bw	0	100	1024	49620	2914000
585	8	27889915	27895035	chr8.512214	5	1024	523659601	hg38.gc5Base.bw	0	100	1024	51700	3066800
585	8	28273915	28279035	chr8.512289	5	1024	523736401	hg38.gc5Base.bw	0	100	1024	41920	2204000
585	8	28750075	28755195	chr8.512382	5	1024	523831633	hg38.gc5Base.bw	0	100	1024	53500	3275600
585	8	28893435	28898555	chr8.512410	5	1024	523860305	hg38.gc5Base.bw	0	100	1024	37820	1885200
585	8	29395195	29400315	chr8.512508	5	1024	523960657	hg38.gc5Base.bw	0	100	1024	40800	2105600
585	8	29579515	29584635	chr8.512544	5	1024	523997521	hg38.gc5Base.bw	0	100	1024	47300	2624400
585	8	29727995	29733115	chr8.512573	5	1024	524027217	hg38.gc5Base.bw	0	100	1024	45620	2530000
585	8	30608635	30613755	chr8.512745	5	1024	524203345	hg38.gc5Base.bw	0	100	1024	40460	2115600
585	8	30992635	30997755	chr8.512820	5	1024	524280145	hg38.gc5Base.bw	0	100	1024	34500	1614000
585	8	31494395	31499515	chr8.512918	5	1024	524380497	hg38.gc5Base.bw	0	100	1024	35080	1678400
585	8	31847675	31852795	chr8.512987	5	1024	524451153	hg38.gc5Base.bw	0	100	1024	40180	2040400
585	8	32093435	32098555	chr8.513035	5	1024	524500305	hg38.gc5Base.bw	0	100	1024	38940	1946800
585	8	32134395	32139515	chr8.513043	5	1024	524508497	hg38.gc5Base.bw	0	100	1024	41840	2188800
585	8	32277755	32282875	chr8.513071	5	1024	524537169	hg38.gc5Base.bw	0	100	1024	44040	2410400
585	8	32380155	32385275	chr8.513091	5	1024	524557649	hg38.gc5Base.bw	0	100	1024	39160	1985600
585	8	32426235	32431355	chr8.513100	5	1024	524566865	hg38.gc5Base.bw	0	100	1024	39020	1902800
585	8	32467195	32472315	chr8.513108	5	1024	524575057	hg38.gc5Base.bw	0	100	1024	42600	2293600
585	8	32846075	32851195	chr8.513182	5	1024	524650833	hg38.gc5Base.bw	0	100	1024	34820	1610800
585	8	33035515	33040635	chr8.513219	5	1024	524688721	hg38.gc5Base.bw	0	100	1024	40140	2018800
585	8	33219835	33224955	chr8.513255	5	1024	524725585	hg38.gc5Base.bw	0	100	1024	40960	2116800
585	8	33368315	33373435	chr8.513284	5	1024	524755281	hg38.gc5Base.bw	0	80	1024	40320	2036000
585	8	33480955	33486075	chr8.513306	5	1024	524777809	hg38.gc5Base.bw	0	100	1024	49460	3016400
585	8	33511675	33516795	chr8.513312	5	1024	524783953	hg38.gc5Base.bw	0	100	1024	50620	3116400
585	8	34335995	34341115	chr8.513473	5	1024	524948817	hg38.gc5Base.bw	0	100	1024	39280	1944000
585	8	36798715	36803835	chr8.513954	5	1024	525441361	hg38.gc5Base.bw	0	100	1024	41800	2220000
585	8	37039355	37044475	chr8.514001	5	1024	525489489	hg38.gc5Base.bw	0	100	1024	41440	2136000
585	8	37259515	37264635	chr8.514044	5	1024	525533521	hg38.gc5Base.bw	0	100	1024	49680	2915200
585	8	37300475	37305595	chr8.514052	5	1024	525541713	hg38.gc5Base.bw	0	100	1024	47360	2668800
585	8	37479675	37484795	chr8.514087	5	1024	525577553	hg38.gc5Base.bw	0	100	1024	43620	2353200
585	8	37868795	37873915	chr8.514163	5	1024	525655377	hg38.gc5Base.bw	0	100	1024	49640	2902400
585	8	37976315	37981435	chr8.514184	5	1024	525676881	hg38.gc5Base.bw	0	100	1024	50180	2971600
585	8	39010555	39015675	chr8.514386	5	1024	525883729	hg38.gc5Base.bw	0	100	1024	37460	1854800
585	8	39230715	39235835	chr8.514429	5	1024	525927761	hg38.gc5Base.bw	0	100	1024	36080	1722400
585	8	39993595	39998715	chr8.514578	5	1024	526080337	hg38.gc5Base.bw	0	100	1024	42860	2356400
585	8	40311035	40316155	chr8.514640	5	1024	526143825	hg38.gc5Base.bw	0	100	1024	36900	1817200
585	8	40628475	40633595	chr8.514702	5	1024	526207313	hg38.gc5Base.bw	0	100	1024	40480	2080800
585	8	41119995	41125115	chr8.514798	5	1024	526305617	hg38.gc5Base.bw	0	100	1024	48380	2746800
585	8	41642235	41647355	chr8.514900	5	1024	526410065	hg38.gc5Base.bw	0	100	1024	55600	3556800
585	8	41657595	41662715	chr8.514903	5	1024	526413137	hg38.gc5Base.bw	0	100	1024	53080	3264000
585	8	41847035	41852155	chr8.514940	5	1024	526451025	hg38.gc5Base.bw	0	100	1024	49320	2916000
585	8	42164475	42169595	chr8.515002	5	1024	526514513	hg38.gc5Base.bw	0	100	1024	41500	2135600
585	8	42415355	42420475	chr8.515051	5	1024	526564689	hg38.gc5Base.bw	0	100	1024	47420	2795600
585	8	42671355	42676475	chr8.515101	5	1024	526615889	hg38.gc5Base.bw	0	100	1024	43960	2416000
585	8	42804475	42809595	chr8.515127	5	1024	526642513	hg38.gc5Base.bw	0	100	1024	45120	2570400
585	8	43511035	43516155	chr8.515265	5	1024	526783825	hg38.gc5Base.bw	0	100	1024	50240	2904000
585	8	48634225	48639345	chr8.516253	5	1024	527788369	hg38.gc5Base.bw	0	100	1024	44240	2424800
585	8	48675185	48680305	chr8.516261	5	1024	527796561	hg38.gc5Base.bw	0	100	1024	43240	2352800
585	8	48915825	48920945	chr8.516308	5	1024	527844689	hg38.gc5Base.bw	0	100	1024	37780	1861200
585	8	49453425	49458545	chr8.516413	5	1024	527952209	hg38.gc5Base.bw	0	100	1024	40060	2068400
585	8	49612145	49617265	chr8.516444	5	1024	527983953	hg38.gc5Base.bw	0	100	1024	33260	1544400
585	8	49735025	49740145	chr8.516468	5	1024	528008529	hg38.gc5Base.bw	0	100	1024	36460	1755600
585	8	49770865	49775985	chr8.516475	5	1024	528015697	hg38.gc5Base.bw	0	100	1024	36500	1768400
585	8	49811825	49816945	chr8.516483	5	1024	528023889	hg38.gc5Base.bw	0	100	1024	35960	1752800
585	8	50006385	50011505	chr8.516521	5	1024	528062801	hg38.gc5Base.bw	0	100	1024	37960	1888800
585	8	50098545	50103665	chr8.516539	5	1024	528081233	hg38.gc5Base.bw	0	100	1024	37000	1768000
585	8	50574705	50579825	chr8.516632	5	1024	528176465	hg38.gc5Base.bw	0	100	1024	37420	1830000
585	8	51317105	51322225	chr8.516777	5	1024	528324945	hg38.gc5Base.bw	0	100	1024	39360	2031200
585	8	51470705	51475825	chr8.516807	5	1024	528355665	hg38.gc5Base.bw	0	100	1024	36560	1832000
585	8	51475825	51480945	chr8.516808	5	1024	528356689	hg38.gc5Base.bw	0	100	1024	38420	1936400
585	8	51608945	51614065	chr8.516834	5	1024	528383313	hg38.gc5Base.bw	0	100	1024	43040	2328800
585	8	52095345	52100465	chr8.516929	5	1024	528480593	hg38.gc5Base.bw	0	100	1024	44380	2410000
585	8	52110705	52115825	chr8.516932	5	1024	528483665	hg38.gc5Base.bw	0	100	1024	38160	1936800
585	8	52474225	52479345	chr8.517003	5	1024	528556369	hg38.gc5Base.bw	0	100	1024	42300	2221200
585	8	52960625	52965745	chr8.517098	5	1024	528653649	hg38.gc5Base.bw	0	100	1024	46380	2621200
585	8	53052785	53057905	chr8.517116	5	1024	528672081	hg38.gc5Base.bw	0	100	1024	37840	1893600
585	8	53226865	53231985	chr8.517150	5	1024	528706897	hg38.gc5Base.bw	0	100	1024	40760	2122400
585	8	53631345	53636465	chr8.517229	5	1024	528787793	hg38.gc5Base.bw	0	100	1024	43960	2356000
585	8	53733745	53738865	chr8.517249	5	1024	528808273	hg38.gc5Base.bw	0	100	1024	43080	2318400
585	8	53790065	53795185	chr8.517260	5	1024	528819537	hg38.gc5Base.bw	0	100	1024	41540	2220400
585	8	54122865	54127985	chr8.517325	5	1024	528886097	hg38.gc5Base.bw	0	100	1024	51380	3201200
585	8	55930225	55935345	chr8.517678	5	1024	529247569	hg38.gc5Base.bw	0	100	1024	40380	2156400
585	8	56109425	56114545	chr8.517713	5	1024	529283409	hg38.gc5Base.bw	0	100	1024	45280	2603200
585	8	56728945	56734065	chr8.517834	5	1024	529407313	hg38.gc5Base.bw	0	100	1024	36600	1812800
585	8	56959345	56964465	chr8.517879	5	1024	529453393	hg38.gc5Base.bw	0	100	1024	35960	1752000
585	8	57092465	57097585	chr8.517905	5	1024	529480017	hg38.gc5Base.bw	0	100	1024	37520	1920800
585	8	57302385	57307505	chr8.517946	5	1024	529522001	hg38.gc5Base.bw	0	100	1024	36440	1696000
585	8	57809265	57814385	chr8.518045	5	1024	529623377	hg38.gc5Base.bw	0	100	1024	33280	1532000
585	8	58382705	58387825	chr8.518157	5	1024	529738065	hg38.gc5Base.bw	0	100	1024	37840	1928800
585	8	58648945	58654065	chr8.518209	5	1024	529791313	hg38.gc5Base.bw	0	100	1024	39680	2044000
585	8	58766705	58771825	chr8.518232	5	1024	529814865	hg38.gc5Base.bw	0	100	1024	43940	2391600
585	8	58776945	58782065	chr8.518234	5	1024	529816913	hg38.gc5Base.bw	0	100	1024	39320	1958400
585	8	58838385	58843505	chr8.518246	5	1024	529829201	hg38.gc5Base.bw	0	100	1024	39380	1996400
585	8	58940785	58945905	chr8.518266	5	1024	529849681	hg38.gc5Base.bw	0	100	1024	40120	2077600
585	8	59048305	59053425	chr8.518287	5	1024	529871185	hg38.gc5Base.bw	0	100	1024	33340	1535600
585	8	59596145	59601265	chr8.518394	5	1024	529980753	hg38.gc5Base.bw	0	100	1024	35640	1688800
585	8	61080945	61086065	chr8.518684	5	1024	530277713	hg38.gc5Base.bw	0	100	1024	41580	2186800
585	8	61511025	61516145	chr8.518768	5	1024	530363729	hg38.gc5Base.bw	0	100	1024	45080	2475200
585	8	61705585	61710705	chr8.518806	5	1024	530402641	hg38.gc5Base.bw	0	100	1024	37060	1845200
585	8	61951345	61956465	chr8.518854	5	1024	530451793	hg38.gc5Base.bw	0	100	1024	35420	1658000
585	8	62258545	62263665	chr8.518914	5	1024	530513233	hg38.gc5Base.bw	0	100	1024	35340	1662800
585	8	62473585	62478705	chr8.518956	5	1024	530556241	hg38.gc5Base.bw	0	100	1024	39040	1974400
585	8	62663025	62668145	chr8.518993	5	1024	530594129	hg38.gc5Base.bw	0	100	1024	40460	2066800
585	8	62837105	62842225	chr8.519027	5	1024	530628945	hg38.gc5Base.bw	0	100	1024	35600	1695200
585	8	63384945	63390065	chr8.519134	5	1024	530738513	hg38.gc5Base.bw	0	100	1024	38220	1930000
585	8	63446385	63451505	chr8.519146	5	1024	530750801	hg38.gc5Base.bw	0	100	1024	35760	1708000
585	8	63477105	63482225	chr8.519152	5	1024	530756945	hg38.gc5Base.bw	0	100	1024	39040	1961600
585	8	65494385	65499505	chr8.519546	5	1024	531160401	hg38.gc5Base.bw	0	100	1024	41740	2208400
585	8	66031985	66037105	chr8.519651	5	1024	531267921	hg38.gc5Base.bw	0	100	1024	49480	2877600
585	8	66426225	66431345	chr8.519728	5	1024	531346769	hg38.gc5Base.bw	0	100	1024	50020	3084400
585	8	66431345	66436465	chr8.519729	5	1024	531347793	hg38.gc5Base.bw	0	100	1024	48200	2815200
585	8	67475825	67480945	chr8.519933	5	1024	531556689	hg38.gc5Base.bw	0	100	1024	41560	2183200
585	8	67629425	67634545	chr8.519963	5	1024	531587409	hg38.gc5Base.bw	0	100	1024	45560	2687200
585	8	68218225	68223345	chr8.520078	5	1024	531705169	hg38.gc5Base.bw	0	100	1024	36260	1760400
585	8	68760945	68766065	chr8.520184	5	1024	531813713	hg38.gc5Base.bw	0	100	1024	39380	1998800
585	8	68776305	68781425	chr8.520187	5	1024	531816785	hg38.gc5Base.bw	0	100	1024	35920	1721600
585	8	68940145	68945265	chr8.520219	5	1024	531849553	hg38.gc5Base.bw	0	100	1024	39440	2008800
585	8	69083505	69088625	chr8.520247	5	1024	531878225	hg38.gc5Base.bw	0	100	1024	33780	1598800
585	8	69093745	69098865	chr8.520249	5	1024	531880273	hg38.gc5Base.bw	0	100	1024	37300	1809200
585	8	69175665	69180785	chr8.520265	5	1024	531896657	hg38.gc5Base.bw	0	100	1024	39600	1993600
585	8	69293425	69298545	chr8.520288	5	1024	531920209	hg38.gc5Base.bw	0	100	1024	41100	2147600
585	8	69339505	69344625	chr8.520297	5	1024	531929425	hg38.gc5Base.bw	0	100	1024	46860	2673200
585	8	69626225	69631345	chr8.520353	5	1024	531986769	hg38.gc5Base.bw	0	100	1024	45520	2589600
585	8	69708145	69713265	chr8.520369	5	1024	532003153	hg38.gc5Base.bw	0	100	1024	43240	2379200
585	8	69994865	69999985	chr8.520425	5	1024	532060497	hg38.gc5Base.bw	0	100	1024	45020	2571600
585	8	71269745	71274865	chr8.520674	5	1024	532315473	hg38.gc5Base.bw	0	100	1024	38600	1908800
585	8	71925105	71930225	chr8.520802	5	1024	532446545	hg38.gc5Base.bw	0	100	1024	38360	1894400
585	8	72175985	72181105	chr8.520851	5	1024	532496721	hg38.gc5Base.bw	0	100	1024	40460	2078800
585	8	72370545	72375665	chr8.520889	5	1024	532535633	hg38.gc5Base.bw	0	100	1024	39080	1949600
585	8	72892785	72897905	chr8.520991	5	1024	532640081	hg38.gc5Base.bw	0	100	1024	36980	1802000
585	8	72897905	72903025	chr8.520992	5	1024	532641105	hg38.gc5Base.bw	0	100	1024	39640	1969600
585	8	73353585	73358705	chr8.521081	5	1024	532732241	hg38.gc5Base.bw	0	100	1024	48240	2780800
585	8	74111345	74116465	chr8.521229	5	1024	532883793	hg38.gc5Base.bw	0	100	1024	45460	2511600
585	8	74433905	74439025	chr8.521292	5	1024	532948305	hg38.gc5Base.bw	0	100	1024	38520	1948800
585	8	75524465	75529585	chr8.521505	5	1024	533166417	hg38.gc5Base.bw	0	100	1024	39980	2129200
585	8	75918705	75923825	chr8.521582	5	1024	533245265	hg38.gc5Base.bw	0	100	1024	31860	1421200
585	8	76210545	76215665	chr8.521639	5	1024	533303633	hg38.gc5Base.bw	0	100	1024	36940	1806000
585	8	76983665	76988785	chr8.521790	5	1024	533458257	hg38.gc5Base.bw	0	80	1024	38500	1893200
585	8	78023025	78028145	chr8.521993	5	1024	533666129	hg38.gc5Base.bw	0	100	1024	34700	1615600
585	8	78089585	78094705	chr8.522006	5	1024	533679441	hg38.gc5Base.bw	0	100	1024	35380	1703600
585	8	78268785	78273905	chr8.522041	5	1024	533715281	hg38.gc5Base.bw	0	100	1024	39700	2026000
585	8	78560625	78565745	chr8.522098	5	1024	533773649	hg38.gc5Base.bw	0	100	1024	34280	1607200
585	8	78893425	78898545	chr8.522163	5	1024	533840209	hg38.gc5Base.bw	0	100	1024	40340	2048400
585	8	78908785	78913905	chr8.522166	5	1024	533843281	hg38.gc5Base.bw	0	100	1024	36280	1728000
585	8	78929265	78934385	chr8.522170	5	1024	533847377	hg38.gc5Base.bw	0	100	1024	36200	1765600
585	8	78965105	78970225	chr8.522177	5	1024	533854545	hg38.gc5Base.bw	0	100	1024	33900	1570800
585	8	78985585	78990705	chr8.522181	5	1024	533858641	hg38.gc5Base.bw	0	100	1024	37200	1877600
585	8	79292785	79297905	chr8.522241	5	1024	533920081	hg38.gc5Base.bw	0	100	1024	40560	2138400
585	8	79594865	79599985	chr8.522300	5	1024	533980497	hg38.gc5Base.bw	0	100	1024	35120	1657600
585	8	80403825	80408945	chr8.522458	5	1024	534142289	hg38.gc5Base.bw	0	100	1024	45280	2573600
585	8	80956785	80961905	chr8.522566	5	1024	534252881	hg38.gc5Base.bw	0	100	1024	47240	2678400
585	8	81115505	81120625	chr8.522597	5	1024	534284625	hg38.gc5Base.bw	0	100	1024	40680	2063200
585	8	82702705	82707825	chr8.522907	5	1024	534602065	hg38.gc5Base.bw	0	100	1024	34780	1639600
585	8	83199345	83204465	chr8.523004	5	1024	534701393	hg38.gc5Base.bw	0	100	1024	44120	2375200
585	8	83834225	83839345	chr8.523128	5	1024	534828369	hg38.gc5Base.bw	0	100	1024	35220	1716400
585	8	83992945	83998065	chr8.523159	5	1024	534860113	hg38.gc5Base.bw	0	100	1024	35280	1680000
585	8	84888945	84894065	chr8.523334	5	1024	535039313	hg38.gc5Base.bw	0	100	1024	39160	1939200
585	8	85329265	85334385	chr8.523420	5	1024	535127377	hg38.gc5Base.bw	0	100	1024	32820	1512400
585	8	87437500	87442620	chr8.523823	5	1024	535539025	hg38.gc5Base.bw	0	80	1024	33400	1519200
585	8	87534780	87539900	chr8.523842	5	1024	535558481	hg38.gc5Base.bw	0	100	1024	35400	1676800
585	8	87852220	87857340	chr8.523904	5	1024	535621969	hg38.gc5Base.bw	0	100	1024	34440	1654400
585	8	88589500	88594620	chr8.524048	5	1024	535769425	hg38.gc5Base.bw	0	100	1024	37480	1885600
585	8	88784060	88789180	chr8.524086	5	1024	535808337	hg38.gc5Base.bw	0	100	1024	33080	1508800
585	8	89562300	89567420	chr8.524238	5	1024	535963985	hg38.gc5Base.bw	0	100	1024	39600	1992800
585	8	90028220	90033340	chr8.524329	5	1024	536057169	hg38.gc5Base.bw	0	100	1024	36780	1799600
585	8	90140860	90145980	chr8.524351	5	1024	536079697	hg38.gc5Base.bw	0	100	1024	33420	1536400
585	8	90171580	90176700	chr8.524357	5	1024	536085841	hg38.gc5Base.bw	0	100	1024	42480	2196000
585	8	90284220	90289340	chr8.524379	5	1024	536108369	hg38.gc5Base.bw	0	100	1024	41640	2177600
585	8	91671740	91676860	chr8.524650	5	1024	536385873	hg38.gc5Base.bw	0	100	1024	34920	1611200
585	8	91912380	91917500	chr8.524697	5	1024	536434001	hg38.gc5Base.bw	0	100	1024	41240	2152000
585	8	92572860	92577980	chr8.524826	5	1024	536566097	hg38.gc5Base.bw	0	100	1024	34720	1616000
585	8	93146300	93151420	chr8.524938	5	1024	536680785	hg38.gc5Base.bw	0	100	1024	35360	1672000
585	8	93269180	93274300	chr8.524962	5	1024	536705361	hg38.gc5Base.bw	0	100	1024	38500	1911600
585	8	93422780	93427900	chr8.524992	5	1024	536736081	hg38.gc5Base.bw	0	100	1024	41000	2067200
585	8	93852860	93857980	chr8.525076	5	1024	536822097	hg38.gc5Base.bw	0	100	1024	42980	2302800
585	8	93909180	93914300	chr8.525087	5	1024	536833361	hg38.gc5Base.bw	0	100	1024	40940	2116400
585	8	93914300	93919420	chr8.525088	5	1024	536834385	hg38.gc5Base.bw	0	100	1024	53020	3424400
585	8	94595260	94600380	chr8.525221	5	1024	536970577	hg38.gc5Base.bw	0	100	1024	40440	2189600
585	8	94636220	94641340	chr8.525229	5	1024	536978769	hg38.gc5Base.bw	0	100	1024	52500	3369200
585	8	94912700	94917820	chr8.525283	5	1024	537034065	hg38.gc5Base.bw	0	100	1024	44300	2477200
585	8	94922940	94928060	chr8.525285	5	1024	537036113	hg38.gc5Base.bw	0	100	1024	41280	2188800
585	8	95107260	95112380	chr8.525321	5	1024	537072977	hg38.gc5Base.bw	0	100	1024	40400	2041600
585	8	95450300	95455420	chr8.525388	5	1024	537141585	hg38.gc5Base.bw	0	100	1024	38780	1949200
585	8	96039100	96044220	chr8.525503	5	1024	537259345	hg38.gc5Base.bw	0	100	1024	38780	1926000
585	8	96095420	96100540	chr8.525514	5	1024	537270609	hg38.gc5Base.bw	0	100	1024	40060	2046800
585	8	96499900	96505020	chr8.525593	5	1024	537351505	hg38.gc5Base.bw	0	100	1024	39940	2075600
585	8	96510140	96515260	chr8.525595	5	1024	537353553	hg38.gc5Base.bw	0	100	1024	42660	2227600
585	8	97247420	97252540	chr8.525739	5	1024	537501009	hg38.gc5Base.bw	0	100	1024	45060	2524400
585	8	97447100	97452220	chr8.525778	5	1024	537540945	hg38.gc5Base.bw	0	100	1024	47040	2660000
585	8	97651900	97657020	chr8.525818	5	1024	537581905	hg38.gc5Base.bw	0	100	1024	40480	2132800
585	8	97749180	97754300	chr8.525837	5	1024	537601361	hg38.gc5Base.bw	0	100	1024	47860	2804400
585	8	98199740	98204860	chr8.525925	5	1024	537691473	hg38.gc5Base.bw	0	100	1024	40360	2070400
585	8	98312380	98317500	chr8.525947	5	1024	537714001	hg38.gc5Base.bw	0	100	1024	38540	1946800
585	8	98399420	98404540	chr8.525964	5	1024	537731409	hg38.gc5Base.bw	0	100	1024	50340	2968400
585	8	98486460	98491580	chr8.525981	5	1024	537748817	hg38.gc5Base.bw	0	100	1024	36560	1776000
585	8	99495100	99500220	chr8.526178	5	1024	537950545	hg38.gc5Base.bw	0	100	1024	32020	1490800
585	8	100355260	100360380	chr8.526346	5	1024	538122577	hg38.gc5Base.bw	0	100	1024	46420	2601200
585	8	100969660	100974780	chr8.526466	5	1024	538245457	hg38.gc5Base.bw	0	100	1024	43460	2486000
585	8	101015740	101020860	chr8.526475	5	1024	538254673	hg38.gc5Base.bw	0	100	1024	44020	2340400
585	8	101394620	101399740	chr8.526549	5	1024	538330449	hg38.gc5Base.bw	0	100	1024	46960	2600000
585	8	101829820	101834940	chr8.526634	5	1024	538417489	hg38.gc5Base.bw	0	100	1024	44100	2422800
585	8	102065340	102070460	chr8.526680	5	1024	538464593	hg38.gc5Base.bw	0	100	1024	41240	2193600
585	8	102080700	102085820	chr8.526683	5	1024	538467665	hg38.gc5Base.bw	0	100	1024	43080	2347200
585	8	102183100	102188220	chr8.526703	5	1024	538488145	hg38.gc5Base.bw	0	100	1024	46280	2556800
585	8	102224060	102229180	chr8.526711	5	1024	538496337	hg38.gc5Base.bw	0	100	1024	43400	2422400
585	8	102700220	102705340	chr8.526804	5	1024	538591569	hg38.gc5Base.bw	0	100	1024	45240	2512000
585	8	103181500	103186620	chr8.526898	5	1024	538687825	hg38.gc5Base.bw	0	100	1024	45880	2517600
585	8	103232700	103237820	chr8.526908	5	1024	538698065	hg38.gc5Base.bw	0	100	1024	42680	2254400
585	8	103242940	103248060	chr8.526910	5	1024	538700113	hg38.gc5Base.bw	0	100	1024	42780	2261200
585	8	104318140	104323260	chr8.527120	5	1024	538915153	hg38.gc5Base.bw	0	100	1024	46120	2532000
585	8	104435900	104441020	chr8.527143	5	1024	538938705	hg38.gc5Base.bw	0	100	1024	41100	2186000
585	8	105075900	105081020	chr8.527268	5	1024	539066705	hg38.gc5Base.bw	0	100	1024	36380	1762800
585	8	105183420	105188540	chr8.527289	5	1024	539088209	hg38.gc5Base.bw	0	100	1024	39320	1998400
585	8	105516220	105521340	chr8.527354	5	1024	539154769	hg38.gc5Base.bw	0	80	1024	35900	1705200
585	8	106171580	106176700	chr8.527482	5	1024	539285841	hg38.gc5Base.bw	0	100	1024	35660	1707600
585	8	106202300	106207420	chr8.527488	5	1024	539291985	hg38.gc5Base.bw	0	100	1024	41020	2125200
585	8	106371260	106376380	chr8.527521	5	1024	539325777	hg38.gc5Base.bw	0	100	1024	39680	2046400
585	8	106627260	106632380	chr8.527571	5	1024	539376977	hg38.gc5Base.bw	0	100	1024	36200	1714400
585	8	107210940	107216060	chr8.527685	5	1024	539493713	hg38.gc5Base.bw	0	100	1024	38040	1869600
585	8	107410620	107415740	chr8.527724	5	1024	539533649	hg38.gc5Base.bw	0	100	1024	34680	1628800
585	8	107630780	107635900	chr8.527767	5	1024	539577681	hg38.gc5Base.bw	0	100	1024	37840	1866400
585	8	108132540	108137660	chr8.527865	5	1024	539678033	hg38.gc5Base.bw	0	100	1024	41880	2160000
585	8	108188860	108193980	chr8.527876	5	1024	539689297	hg38.gc5Base.bw	0	100	1024	35180	1699600
585	8	109617340	109622460	chr8.528155	5	1024	539974993	hg38.gc5Base.bw	0	100	1024	38920	1972000
585	8	110088380	110093500	chr8.528247	5	1024	540069201	hg38.gc5Base.bw	0	100	1024	33500	1531600
585	8	110119100	110124220	chr8.528253	5	1024	540075345	hg38.gc5Base.bw	0	100	1024	39500	2030000
585	8	110165180	110170300	chr8.528262	5	1024	540084561	hg38.gc5Base.bw	0	80	1024	33100	1502000
585	8	110482620	110487740	chr8.528324	5	1024	540148049	hg38.gc5Base.bw	0	100	1024	39120	1988800
585	8	110523580	110528700	chr8.528332	5	1024	540156241	hg38.gc5Base.bw	0	100	1024	33560	1536000
585	8	111358140	111363260	chr8.528495	5	1024	540323153	hg38.gc5Base.bw	0	100	1024	36960	1862400
585	8	111552700	111557820	chr8.528533	5	1024	540362065	hg38.gc5Base.bw	0	100	1024	34000	1571200
585	8	111660220	111665340	chr8.528554	5	1024	540383569	hg38.gc5Base.bw	0	100	1024	33600	1615200
585	8	113426620	113431740	chr8.528899	5	1024	540736849	hg38.gc5Base.bw	0	100	1024	32460	1476400
585	8	113662140	113667260	chr8.528945	5	1024	540783953	hg38.gc5Base.bw	0	100	1024	32120	1488800
585	8	113994940	114000060	chr8.529010	5	1024	540850513	hg38.gc5Base.bw	0	100	1024	32080	1452800
585	8	114112700	114117820	chr8.529033	5	1024	540874065	hg38.gc5Base.bw	0	100	1024	37440	1896800
585	8	114384060	114389180	chr8.529086	5	1024	540928337	hg38.gc5Base.bw	0	100	1024	42200	2310400
585	8	114604220	114609340	chr8.529129	5	1024	540972369	hg38.gc5Base.bw	0	100	1024	35260	1669200
585	8	115812540	115817660	chr8.529365	5	1024	541214033	hg38.gc5Base.bw	0	100	1024	42580	2331600
585	8	115966140	115971260	chr8.529395	5	1024	541244753	hg38.gc5Base.bw	0	100	1024	38240	1882400
585	8	116140220	116145340	chr8.529429	5	1024	541279569	hg38.gc5Base.bw	0	100	1024	40140	2029200
585	8	116283580	116288700	chr8.529457	5	1024	541308241	hg38.gc5Base.bw	0	100	1024	40200	2107200
585	8	116959420	116964540	chr8.529589	5	1024	541443409	hg38.gc5Base.bw	0	100	1024	39140	1979600
585	8	117041340	117046460	chr8.529605	5	1024	541459793	hg38.gc5Base.bw	0	100	1024	44460	2454000
585	8	117061820	117066940	chr8.529609	5	1024	541463889	hg38.gc5Base.bw	0	100	1024	43920	2372000
585	8	117169340	117174460	chr8.529630	5	1024	541485393	hg38.gc5Base.bw	0	100	1024	41520	2163200
585	8	117225660	117230780	chr8.529641	5	1024	541496657	hg38.gc5Base.bw	0	100	1024	39740	2036400
585	8	117850300	117855420	chr8.529763	5	1024	541621585	hg38.gc5Base.bw	0	100	1024	41140	2131600
585	8	118152380	118157500	chr8.529822	5	1024	541682001	hg38.gc5Base.bw	0	100	1024	40940	2081200
585	8	118224060	118229180	chr8.529836	5	1024	541696337	hg38.gc5Base.bw	0	100	1024	40200	1985600
585	8	118244540	118249660	chr8.529840	5	1024	541700433	hg38.gc5Base.bw	0	80	1024	38620	1902000
585	8	118290620	118295740	chr8.529849	5	1024	541709649	hg38.gc5Base.bw	0	100	1024	39540	1998000
585	8	118536380	118541500	chr8.529897	5	1024	541758801	hg38.gc5Base.bw	0	100	1024	41020	2113200
585	8	120021180	120026300	chr8.530187	5	1024	542055761	hg38.gc5Base.bw	0	100	1024	43860	2396400
585	8	120041660	120046780	chr8.530191	5	1024	542059857	hg38.gc5Base.bw	0	100	1024	44280	2475200
585	8	120128700	120133820	chr8.530208	5	1024	542077265	hg38.gc5Base.bw	0	100	1024	38220	1918800
585	8	121280700	121285820	chr8.530433	5	1024	542307665	hg38.gc5Base.bw	0	100	1024	36000	1724800
585	8	121639100	121644220	chr8.530503	5	1024	542379345	hg38.gc5Base.bw	0	100	1024	49840	3076000
585	8	121761980	121767100	chr8.530527	5	1024	542403921	hg38.gc5Base.bw	0	100	1024	37960	1866400
585	8	122156220	122161340	chr8.530604	5	1024	542482769	hg38.gc5Base.bw	0	100	1024	36440	1777600
585	8	122816700	122821820	chr8.530733	5	1024	542614865	hg38.gc5Base.bw	0	100	1024	51980	3138000
585	8	122970300	122975420	chr8.530763	5	1024	542645585	hg38.gc5Base.bw	0	100	1024	48540	2794000
585	8	123344060	123349180	chr8.530836	5	1024	542720337	hg38.gc5Base.bw	0	100	1024	36040	1815200
585	8	123482300	123487420	chr8.530863	5	1024	542747985	hg38.gc5Base.bw	0	100	1024	48720	2817600
585	8	123564220	123569340	chr8.530879	5	1024	542764369	hg38.gc5Base.bw	0	100	1024	44100	2411600
585	8	123574460	123579580	chr8.530881	5	1024	542766417	hg38.gc5Base.bw	0	100	1024	43800	2415200
585	8	123681980	123687100	chr8.530902	5	1024	542787921	hg38.gc5Base.bw	0	100	1024	47840	2726400
585	8	124956860	124961980	chr8.531151	5	1024	543042897	hg38.gc5Base.bw	0	100	1024	43580	2312400
585	8	125258940	125264060	chr8.531210	5	1024	543103313	hg38.gc5Base.bw	0	100	1024	43120	2337600
585	8	125269180	125274300	chr8.531212	5	1024	543105361	hg38.gc5Base.bw	0	100	1024	42480	2275200
585	8	125914300	125919420	chr8.531338	5	1024	543234385	hg38.gc5Base.bw	0	100	1024	40520	2091200
585	8	126887100	126892220	chr8.531528	5	1024	543428945	hg38.gc5Base.bw	0	100	1024	38340	1918800
585	8	126974140	126979260	chr8.531545	5	1024	543446353	hg38.gc5Base.bw	0	100	1024	40260	2014000
585	8	127030460	127035580	chr8.531556	5	1024	543457617	hg38.gc5Base.bw	0	100	1024	34400	1587200
585	8	127424700	127429820	chr8.531633	5	1024	543536465	hg38.gc5Base.bw	0	100	1024	45140	2423600
585	8	127481020	127486140	chr8.531644	5	1024	543547729	hg38.gc5Base.bw	0	100	1024	42300	2236400
585	8	127511740	127516860	chr8.531650	5	1024	543553873	hg38.gc5Base.bw	0	100	1024	39640	2043200
585	8	127685820	127690940	chr8.531684	5	1024	543588689	hg38.gc5Base.bw	0	100	1024	46760	2605600
585	8	127757500	127762620	chr8.531698	5	1024	543603025	hg38.gc5Base.bw	0	100	1024	46740	2659600
585	8	127808700	127813820	chr8.531708	5	1024	543613265	hg38.gc5Base.bw	0	100	1024	47200	2713600
585	8	127926460	127931580	chr8.531731	5	1024	543636817	hg38.gc5Base.bw	0	100	1024	49400	2912000
585	8	127998140	128003260	chr8.531745	5	1024	543651153	hg38.gc5Base.bw	0	100	1024	48540	2793200
585	8	128008380	128013500	chr8.531747	5	1024	543653201	hg38.gc5Base.bw	0	100	1024	41680	2165600
585	8	128059580	128064700	chr8.531757	5	1024	543663441	hg38.gc5Base.bw	0	100	1024	44180	2425200
585	8	128085180	128090300	chr8.531762	5	1024	543668561	hg38.gc5Base.bw	0	100	1024	45060	2454000
585	8	128100540	128105660	chr8.531765	5	1024	543671633	hg38.gc5Base.bw	0	100	1024	48160	2746400
585	8	128110780	128115900	chr8.531767	5	1024	543673681	hg38.gc5Base.bw	0	100	1024	45440	2504800
585	8	128146620	128151740	chr8.531774	5	1024	543680849	hg38.gc5Base.bw	0	100	1024	43180	2285200
585	8	128151740	128156860	chr8.531775	5	1024	543681873	hg38.gc5Base.bw	0	100	1024	47780	2725200
585	8	128525500	128530620	chr8.531848	5	1024	543756625	hg38.gc5Base.bw	0	100	1024	41780	2166800
585	8	128581820	128586940	chr8.531859	5	1024	543767889	hg38.gc5Base.bw	0	100	1024	39340	1974000
585	8	128889020	128894140	chr8.531919	5	1024	543829329	hg38.gc5Base.bw	0	100	1024	40800	2080000
585	8	129354940	129360060	chr8.532010	5	1024	543922513	hg38.gc5Base.bw	0	100	1024	40160	2044000
585	8	129493180	129498300	chr8.532037	5	1024	543950161	hg38.gc5Base.bw	0	100	1024	30580	1465200
585	8	129580220	129585340	chr8.532054	5	1024	543967569	hg38.gc5Base.bw	0	100	1024	42420	2270800
585	8	129590460	129595580	chr8.532056	5	1024	543969617	hg38.gc5Base.bw	0	100	1024	47000	2658400
585	8	129974460	129979580	chr8.532131	5	1024	544046417	hg38.gc5Base.bw	0	100	1024	43300	2434800
585	8	130527420	130532540	chr8.532239	5	1024	544157009	hg38.gc5Base.bw	0	100	1024	44420	2413200
585	8	130803900	130809020	chr8.532293	5	1024	544212305	hg38.gc5Base.bw	0	100	1024	47520	2687200
585	8	131269820	131274940	chr8.532384	5	1024	544305489	hg38.gc5Base.bw	0	100	1024	40060	2080400
585	8	131541180	131546300	chr8.532437	5	1024	544359761	hg38.gc5Base.bw	0	100	1024	40960	2104000
585	8	131868860	131873980	chr8.532501	5	1024	544425297	hg38.gc5Base.bw	0	100	1024	37900	1854000
585	8	132048060	132053180	chr8.532536	5	1024	544461137	hg38.gc5Base.bw	0	100	1024	45300	2470000
585	8	132155580	132160700	chr8.532557	5	1024	544482641	hg38.gc5Base.bw	0	100	1024	43220	2260400
585	8	132232380	132237500	chr8.532572	5	1024	544498001	hg38.gc5Base.bw	0	100	1024	41940	2212400
585	8	132257980	132263100	chr8.532577	5	1024	544503121	hg38.gc5Base.bw	0	100	1024	36700	1775600
585	8	132365500	132370620	chr8.532598	5	1024	544524625	hg38.gc5Base.bw	0	100	1024	40920	2112800
585	8	132442300	132447420	chr8.532613	5	1024	544539985	hg38.gc5Base.bw	0	100	1024	46600	2613600
585	8	132462780	132467900	chr8.532617	5	1024	544544081	hg38.gc5Base.bw	0	100	1024	44060	2414000
585	8	132882620	132887740	chr8.532699	5	1024	544628049	hg38.gc5Base.bw	0	100	1024	45760	2507200
585	8	132938940	132944060	chr8.532710	5	1024	544639313	hg38.gc5Base.bw	0	100	1024	47640	2696800
585	8	133123260	133128380	chr8.532746	5	1024	544676177	hg38.gc5Base.bw	0	100	1024	45500	2490000
585	8	133312700	133317820	chr8.532783	5	1024	544714065	hg38.gc5Base.bw	0	100	1024	44500	2484400
585	8	133322940	133328060	chr8.532785	5	1024	544716113	hg38.gc5Base.bw	0	100	1024	47620	2722000
585	8	133338300	133343420	chr8.532788	5	1024	544719185	hg38.gc5Base.bw	0	100	1024	45960	2531200
585	8	133522620	133527740	chr8.532824	5	1024	544756049	hg38.gc5Base.bw	0	100	1024	53400	3185600
585	8	133594300	133599420	chr8.532838	5	1024	544770385	hg38.gc5Base.bw	0	100	1024	46500	2579600
585	8	134198460	134203580	chr8.532956	5	1024	544891217	hg38.gc5Base.bw	0	100	1024	38940	1922000
585	8	134510780	134515900	chr8.533017	5	1024	544953681	hg38.gc5Base.bw	0	100	1024	46600	2605600
585	8	134526140	134531260	chr8.533020	5	1024	544956753	hg38.gc5Base.bw	0	100	1024	42320	2248000
585	8	134664380	134669500	chr8.533047	5	1024	544984401	hg38.gc5Base.bw	0	100	1024	48340	2793200
585	8	134751420	134756540	chr8.533064	5	1024	545001809	hg38.gc5Base.bw	0	100	1024	45460	2524400
585	8	134992060	134997180	chr8.533111	5	1024	545049937	hg38.gc5Base.bw	0	100	1024	46520	2571200
585	8	135135420	135140540	chr8.533139	5	1024	545078609	hg38.gc5Base.bw	0	100	1024	46340	2590000
585	8	135391420	135396540	chr8.533189	5	1024	545129809	hg38.gc5Base.bw	0	100	1024	44720	2411200
585	8	135550140	135555260	chr8.533220	5	1024	545161553	hg38.gc5Base.bw	0	100	1024	34840	1648000
585	8	135857340	135862460	chr8.533280	5	1024	545222993	hg38.gc5Base.bw	0	100	1024	44900	2479600
585	8	136118460	136123580	chr8.533331	5	1024	545275217	hg38.gc5Base.bw	0	100	1024	36100	1797200
585	8	136451260	136456380	chr8.533396	5	1024	545341777	hg38.gc5Base.bw	0	100	1024	40660	2108400
585	8	137249980	137255100	chr8.533552	5	1024	545501521	hg38.gc5Base.bw	0	100	1024	38620	1985200
585	8	137736380	137741500	chr8.533647	5	1024	545598801	hg38.gc5Base.bw	0	100	1024	40140	2042000
585	8	137951420	137956540	chr8.533689	5	1024	545641809	hg38.gc5Base.bw	0	100	1024	40720	2075200
585	8	138181820	138186940	chr8.533734	5	1024	545687889	hg38.gc5Base.bw	0	100	1024	49700	2894000
585	8	138361020	138366140	chr8.533769	5	1024	545723729	hg38.gc5Base.bw	0	100	1024	40900	2139600
585	8	139262140	139267260	chr8.533945	5	1024	545903953	hg38.gc5Base.bw	0	100	1024	45720	2533600
585	8	139338940	139344060	chr8.533960	5	1024	545919313	hg38.gc5Base.bw	0	100	1024	49160	2836800
585	8	139461820	139466940	chr8.533984	5	1024	545943889	hg38.gc5Base.bw	0	100	1024	41460	2240400
585	8	139518140	139523260	chr8.533995	5	1024	545955153	hg38.gc5Base.bw	0	100	1024	39280	1939200
585	8	139978940	139984060	chr8.534085	5	1024	546047313	hg38.gc5Base.bw	0	100	1024	54480	3379200
585	8	140214460	140219580	chr8.534131	5	1024	546094417	hg38.gc5Base.bw	0	100	1024	51100	3038000
585	8	140583100	140588220	chr8.534203	5	1024	546168145	hg38.gc5Base.bw	0	100	1024	49380	2929200
585	8	141269180	141274300	chr8.534337	5	1024	546305361	hg38.gc5Base.bw	0	100	1024	53620	3292400
585	8	141494460	141499580	chr8.534381	5	1024	546350417	hg38.gc5Base.bw	0	100	1024	51140	3058800
585	8	141699260	141704380	chr8.534421	5	1024	546391377	hg38.gc5Base.bw	0	100	1024	59660	3873200
585	8	142221500	142226620	chr8.534523	5	1024	546495825	hg38.gc5Base.bw	0	100	1024	55340	3329200
585	8	142293180	142298300	chr8.534537	5	1024	546510161	hg38.gc5Base.bw	0	100	1024	64640	4421600
585	8	142656700	142661820	chr8.534608	5	1024	546582865	hg38.gc5Base.bw	0	100	1024	55880	3484000
585	8	142820540	142825660	chr8.534640	5	1024	546615633	hg38.gc5Base.bw	0	100	1024	52660	3150800
585	8	142912700	142917820	chr8.534658	5	1024	546634065	hg38.gc5Base.bw	0	100	1024	62240	4126400
585	8	143132860	143137980	chr8.534701	5	1024	546678097	hg38.gc5Base.bw	0	100	1024	52140	3231600
585	8	143240380	143245500	chr8.534722	5	1024	546699601	hg38.gc5Base.bw	0	100	1024	53460	3350000
585	8	143296700	143301820	chr8.534733	5	1024	546710865	hg38.gc5Base.bw	0	100	1024	52100	3254000
585	8	143696060	143701180	chr8.534811	5	1024	546790737	hg38.gc5Base.bw	0	100	1024	57980	3734000
585	8	143757500	143762620	chr8.534823	5	1024	546803025	hg38.gc5Base.bw	0	100	1024	52800	3300800
585	8	144167100	144172220	chr8.534903	5	1024	546884945	hg38.gc5Base.bw	0	100	1024	55140	3470800
585	8	144289980	144295100	chr8.534927	5	1024	546909521	hg38.gc5Base.bw	0	100	1024	59880	4067200
585	8	144464060	144469180	chr8.534961	5	1024	546944337	hg38.gc5Base.bw	0	100	1024	68740	5035600
585	8	144796860	144801980	chr8.535026	5	1024	547010897	hg38.gc5Base.bw	0	100	1024	56760	3715200
585	9	629520	634640	chr9.536110	5	1024	548111033	hg38.gc5Base.bw	0	100	1024	46480	2663200
585	9	952080	957200	chr9.536173	5	1024	548175545	hg38.gc5Base.bw	0	100	1024	44720	2460000
585	9	987920	993040	chr9.536180	5	1024	548182713	hg38.gc5Base.bw	0	100	1024	42640	2274400
585	9	1069840	1074960	chr9.536196	5	1024	548199097	hg38.gc5Base.bw	0	100	1024	42660	2266800
585	9	1325840	1330960	chr9.536246	5	1024	548250297	hg38.gc5Base.bw	0	100	1024	39160	1992800
585	9	1341200	1346320	chr9.536249	5	1024	548253369	hg38.gc5Base.bw	0	100	1024	37700	1823600
585	9	1382160	1387280	chr9.536257	5	1024	548261561	hg38.gc5Base.bw	0	100	1024	40120	2049600
585	9	1499920	1505040	chr9.536280	5	1024	548285113	hg38.gc5Base.bw	0	100	1024	36940	1795600
585	9	1525520	1530640	chr9.536285	5	1024	548290233	hg38.gc5Base.bw	0	100	1024	45020	2414000
585	9	1658640	1663760	chr9.536311	5	1024	548316857	hg38.gc5Base.bw	0	100	1024	41480	2191200
585	9	1704720	1709840	chr9.536320	5	1024	548326073	hg38.gc5Base.bw	0	100	1024	40160	2058400
585	9	1714960	1720080	chr9.536322	5	1024	548328121	hg38.gc5Base.bw	0	100	1024	44680	2397600
585	9	2109200	2114320	chr9.536399	5	1024	548406969	hg38.gc5Base.bw	0	100	1024	41100	2166800
585	9	2180880	2186000	chr9.536413	5	1024	548421305	hg38.gc5Base.bw	0	100	1024	41240	2188000
585	9	2539280	2544400	chr9.536483	5	1024	548492985	hg38.gc5Base.bw	0	100	1024	39580	1995600
585	9	2646800	2651920	chr9.536504	5	1024	548514489	hg38.gc5Base.bw	0	100	1024	41920	2170400
585	9	2749200	2754320	chr9.536524	5	1024	548534969	hg38.gc5Base.bw	0	100	1024	35760	1693600
585	9	2866960	2872080	chr9.536547	5	1024	548558521	hg38.gc5Base.bw	0	100	1024	44400	2402400
585	9	2907920	2913040	chr9.536555	5	1024	548566713	hg38.gc5Base.bw	0	80	1024	36860	1777200
585	9	3056400	3061520	chr9.536584	5	1024	548596409	hg38.gc5Base.bw	0	100	1024	37220	1862800
585	9	3199760	3204880	chr9.536612	5	1024	548625081	hg38.gc5Base.bw	0	100	1024	40940	2133200
585	9	3962640	3967760	chr9.536761	5	1024	548777657	hg38.gc5Base.bw	0	100	1024	41780	2209200
585	9	4203280	4208400	chr9.536808	5	1024	548825785	hg38.gc5Base.bw	0	100	1024	42500	2269200
585	9	4239120	4244240	chr9.536815	5	1024	548832953	hg38.gc5Base.bw	0	100	1024	39780	2054800
585	9	4331280	4336400	chr9.536833	5	1024	548851385	hg38.gc5Base.bw	0	100	1024	45040	2420800
585	9	4413200	4418320	chr9.536849	5	1024	548867769	hg38.gc5Base.bw	0	100	1024	38380	1913200
585	9	4454160	4459280	chr9.536857	5	1024	548875961	hg38.gc5Base.bw	0	100	1024	42360	2255200
585	9	4561680	4566800	chr9.536878	5	1024	548897465	hg38.gc5Base.bw	0	100	1024	43180	2342000
585	9	4566800	4571920	chr9.536879	5	1024	548898489	hg38.gc5Base.bw	0	100	1024	44360	2453600
585	9	4602640	4607760	chr9.536886	5	1024	548905657	hg38.gc5Base.bw	0	100	1024	45700	2545200
585	9	4674320	4679440	chr9.536900	5	1024	548919993	hg38.gc5Base.bw	0	100	1024	43140	2326000
585	9	4715280	4720400	chr9.536908	5	1024	548928185	hg38.gc5Base.bw	0	100	1024	44000	2391200
585	9	5160720	5165840	chr9.536995	5	1024	549017273	hg38.gc5Base.bw	0	100	1024	36040	1705600
585	9	5857040	5862160	chr9.537131	5	1024	549156537	hg38.gc5Base.bw	0	100	1024	44880	2458400
585	9	5892880	5898000	chr9.537138	5	1024	549163705	hg38.gc5Base.bw	0	100	1024	48500	2770000
585	9	6322960	6328080	chr9.537222	5	1024	549249721	hg38.gc5Base.bw	0	100	1024	38880	1954400
585	9	6425360	6430480	chr9.537242	5	1024	549270201	hg38.gc5Base.bw	0	100	1024	41060	2187600
585	9	6553360	6558480	chr9.537267	5	1024	549295801	hg38.gc5Base.bw	0	100	1024	47000	2675200
585	9	6701840	6706960	chr9.537296	5	1024	549325497	hg38.gc5Base.bw	0	100	1024	50680	3076800
585	9	7208720	7213840	chr9.537395	5	1024	549426873	hg38.gc5Base.bw	0	100	1024	45120	2420800
585	9	7464720	7469840	chr9.537445	5	1024	549478073	hg38.gc5Base.bw	0	100	1024	39940	2014000
585	9	7510800	7515920	chr9.537454	5	1024	549487289	hg38.gc5Base.bw	0	100	1024	37960	1860000
585	9	7531280	7536400	chr9.537458	5	1024	549491385	hg38.gc5Base.bw	0	100	1024	39860	2014800
585	9	7736080	7741200	chr9.537498	5	1024	549532345	hg38.gc5Base.bw	0	100	1024	38480	1902400
585	9	7792400	7797520	chr9.537509	5	1024	549543609	hg38.gc5Base.bw	0	100	1024	39460	1964400
585	9	7838480	7843600	chr9.537518	5	1024	549552825	hg38.gc5Base.bw	0	100	1024	39620	1979600
585	9	7848720	7853840	chr9.537520	5	1024	549554873	hg38.gc5Base.bw	0	100	1024	36940	1770800
585	9	7910160	7915280	chr9.537532	5	1024	549567161	hg38.gc5Base.bw	0	100	1024	41640	2155200
585	9	8058640	8063760	chr9.537561	5	1024	549596857	hg38.gc5Base.bw	0	100	1024	36300	1729200
585	9	8227600	8232720	chr9.537594	5	1024	549630649	hg38.gc5Base.bw	0	100	1024	36940	1764400
585	9	8278800	8283920	chr9.537604	5	1024	549640889	hg38.gc5Base.bw	0	100	1024	40960	2109600
585	9	8401680	8406800	chr9.537628	5	1024	549665465	hg38.gc5Base.bw	0	100	1024	36140	1771600
585	9	8483600	8488720	chr9.537644	5	1024	549681849	hg38.gc5Base.bw	0	100	1024	39600	2034400
585	9	8693520	8698640	chr9.537685	5	1024	549723833	hg38.gc5Base.bw	0	100	1024	38180	1894800
585	9	8739600	8744720	chr9.537694	5	1024	549733049	hg38.gc5Base.bw	0	100	1024	36480	1776800
585	9	8811280	8816400	chr9.537708	5	1024	549747385	hg38.gc5Base.bw	0	100	1024	39340	1990000
585	9	8852240	8857360	chr9.537716	5	1024	549755577	hg38.gc5Base.bw	0	100	1024	36340	1740400
585	9	9072400	9077520	chr9.537759	5	1024	549799609	hg38.gc5Base.bw	0	100	1024	34560	1618400
585	9	9149200	9154320	chr9.537774	5	1024	549814969	hg38.gc5Base.bw	0	100	1024	39220	1994800
585	9	9246480	9251600	chr9.537793	5	1024	549834425	hg38.gc5Base.bw	0	100	1024	39580	1981200
585	9	9901840	9906960	chr9.537921	5	1024	549965497	hg38.gc5Base.bw	0	100	1024	33480	1496800
585	9	9917200	9922320	chr9.537924	5	1024	549968569	hg38.gc5Base.bw	0	100	1024	34620	1617200
585	9	10106640	10111760	chr9.537961	5	1024	550006457	hg38.gc5Base.bw	0	100	1024	36920	1821600
585	9	10193680	10198800	chr9.537978	5	1024	550023865	hg38.gc5Base.bw	0	100	1024	35660	1707600
585	9	10234640	10239760	chr9.537986	5	1024	550032057	hg38.gc5Base.bw	0	100	1024	33680	1548800
585	9	10306320	10311440	chr9.538000	5	1024	550046393	hg38.gc5Base.bw	0	100	1024	33440	1521600
585	9	10342160	10347280	chr9.538007	5	1024	550053561	hg38.gc5Base.bw	0	100	1024	35700	1698800
585	9	10357520	10362640	chr9.538010	5	1024	550056633	hg38.gc5Base.bw	0	100	1024	34420	1661200
585	9	10577680	10582800	chr9.538053	5	1024	550100665	hg38.gc5Base.bw	0	100	1024	34620	1636400
585	9	10685200	10690320	chr9.538074	5	1024	550122169	hg38.gc5Base.bw	0	100	1024	39300	1971600
585	9	10751760	10756880	chr9.538087	5	1024	550135481	hg38.gc5Base.bw	0	100	1024	37180	1829200
585	9	11125520	11130640	chr9.538160	5	1024	550210233	hg38.gc5Base.bw	0	100	1024	33860	1552400
585	9	11233040	11238160	chr9.538181	5	1024	550231737	hg38.gc5Base.bw	0	100	1024	40300	2061200
585	9	11483920	11489040	chr9.538230	5	1024	550281913	hg38.gc5Base.bw	0	100	1024	42480	2238400
585	9	11550480	11555600	chr9.538243	5	1024	550295225	hg38.gc5Base.bw	0	100	1024	34260	1586000
585	9	11826960	11832080	chr9.538297	5	1024	550350521	hg38.gc5Base.bw	0	100	1024	32700	1458000
585	9	12359440	12364560	chr9.538401	5	1024	550457017	hg38.gc5Base.bw	0	100	1024	33800	1572800
585	9	13091600	13096720	chr9.538544	5	1024	550603449	hg38.gc5Base.bw	0	100	1024	41860	2198800
585	9	13772560	13777680	chr9.538677	5	1024	550739641	hg38.gc5Base.bw	0	100	1024	43060	2302000
585	9	13874960	13880080	chr9.538697	5	1024	550760121	hg38.gc5Base.bw	0	100	1024	40980	2129200
585	9	14366480	14371600	chr9.538793	5	1024	550858425	hg38.gc5Base.bw	0	100	1024	42940	2254800
585	9	14740240	14745360	chr9.538866	5	1024	550933177	hg38.gc5Base.bw	0	100	1024	32920	1492800
585	9	14770960	14776080	chr9.538872	5	1024	550939321	hg38.gc5Base.bw	0	100	1024	39320	1995200
585	9	14847760	14852880	chr9.538887	5	1024	550954681	hg38.gc5Base.bw	0	100	1024	42960	2274400
585	9	15016720	15021840	chr9.538920	5	1024	550988473	hg38.gc5Base.bw	0	100	1024	39520	2043200
585	9	15154960	15160080	chr9.538947	5	1024	551016121	hg38.gc5Base.bw	0	100	1024	40300	2093200
585	9	16086800	16091920	chr9.539129	5	1024	551202489	hg38.gc5Base.bw	0	100	1024	39780	1971600
585	9	16091920	16097040	chr9.539130	5	1024	551203513	hg38.gc5Base.bw	0	100	1024	46120	2555200
585	9	16102160	16107280	chr9.539132	5	1024	551205561	hg38.gc5Base.bw	0	100	1024	48600	2828000
585	9	16168720	16173840	chr9.539145	5	1024	551218873	hg38.gc5Base.bw	0	100	1024	42820	2298800
585	9	16209680	16214800	chr9.539153	5	1024	551227065	hg38.gc5Base.bw	0	100	1024	39880	2060800
585	9	16337680	16342800	chr9.539178	5	1024	551252665	hg38.gc5Base.bw	0	100	1024	47680	2657600
585	9	16409360	16414480	chr9.539192	5	1024	551267001	hg38.gc5Base.bw	0	100	1024	42120	2213600
585	9	16429840	16434960	chr9.539196	5	1024	551271097	hg38.gc5Base.bw	0	100	1024	38980	1933200
585	9	16522000	16527120	chr9.539214	5	1024	551289529	hg38.gc5Base.bw	0	100	1024	40420	2109200
585	9	16609040	16614160	chr9.539231	5	1024	551306937	hg38.gc5Base.bw	0	100	1024	38380	1910000
585	9	16793360	16798480	chr9.539267	5	1024	551343801	hg38.gc5Base.bw	0	100	1024	41440	2171200
585	9	17013520	17018640	chr9.539310	5	1024	551387833	hg38.gc5Base.bw	0	100	1024	40700	2118800
585	9	17597200	17602320	chr9.539424	5	1024	551504569	hg38.gc5Base.bw	0	100	1024	39480	2003200
585	9	18267920	18273040	chr9.539555	5	1024	551638713	hg38.gc5Base.bw	0	100	1024	37380	1782000
585	9	18462480	18467600	chr9.539593	5	1024	551677625	hg38.gc5Base.bw	0	100	1024	36180	1791600
585	9	18482960	18488080	chr9.539597	5	1024	551681721	hg38.gc5Base.bw	0	100	1024	40700	2113200
585	9	18523920	18529040	chr9.539605	5	1024	551689913	hg38.gc5Base.bw	0	100	1024	39800	2020000
585	9	18651920	18657040	chr9.539630	5	1024	551715513	hg38.gc5Base.bw	0	100	1024	40200	2071200
585	9	18805520	18810640	chr9.539660	5	1024	551746233	hg38.gc5Base.bw	0	100	1024	42740	2290000
585	9	18913040	18918160	chr9.539681	5	1024	551767737	hg38.gc5Base.bw	0	100	1024	44360	2377600
585	9	18954000	18959120	chr9.539689	5	1024	551775929	hg38.gc5Base.bw	0	100	1024	43520	2342400
585	9	19230480	19235600	chr9.539743	5	1024	551831225	hg38.gc5Base.bw	0	100	1024	46140	2778000
585	9	19839760	19844880	chr9.539862	5	1024	551953081	hg38.gc5Base.bw	0	100	1024	39180	1970000
585	9	20029200	20034320	chr9.539899	5	1024	551990969	hg38.gc5Base.bw	0	100	1024	40600	2091200
585	9	20054800	20059920	chr9.539904	5	1024	551996089	hg38.gc5Base.bw	0	100	1024	36540	1747600
585	9	20182800	20187920	chr9.539929	5	1024	552021689	hg38.gc5Base.bw	0	100	1024	42460	2262800
585	9	21319440	21324560	chr9.540151	5	1024	552249017	hg38.gc5Base.bw	0	100	1024	38920	1948000
585	9	21529360	21534480	chr9.540192	5	1024	552291001	hg38.gc5Base.bw	0	100	1024	38060	1868400
585	9	21549840	21554960	chr9.540196	5	1024	552295097	hg38.gc5Base.bw	0	100	1024	36000	1731200
585	9	21636880	21642000	chr9.540213	5	1024	552312505	hg38.gc5Base.bw	0	100	1024	36940	1851600
585	9	21698320	21703440	chr9.540225	5	1024	552324793	hg38.gc5Base.bw	0	100	1024	36740	1814000
585	9	22026000	22031120	chr9.540289	5	1024	552390329	hg38.gc5Base.bw	0	100	1024	37580	1899600
585	9	22138640	22143760	chr9.540311	5	1024	552412857	hg38.gc5Base.bw	0	100	1024	37400	1857600
585	9	22476560	22481680	chr9.540377	5	1024	552480441	hg38.gc5Base.bw	0	100	1024	33400	1534400
585	9	23075600	23080720	chr9.540494	5	1024	552600249	hg38.gc5Base.bw	0	100	1024	34480	1645600
585	9	23142160	23147280	chr9.540507	5	1024	552613561	hg38.gc5Base.bw	0	100	1024	40800	2129600
585	9	23377680	23382800	chr9.540553	5	1024	552660665	hg38.gc5Base.bw	0	100	1024	40500	2070800
585	9	23398160	23403280	chr9.540557	5	1024	552664761	hg38.gc5Base.bw	0	100	1024	36600	1736000
585	9	23659280	23664400	chr9.540608	5	1024	552716985	hg38.gc5Base.bw	0	100	1024	42420	2218000
585	9	23700240	23705360	chr9.540616	5	1024	552725177	hg38.gc5Base.bw	0	100	1024	39560	2039200
585	9	25005840	25010960	chr9.540871	5	1024	552986297	hg38.gc5Base.bw	0	100	1024	33780	1550800
585	9	25026320	25031440	chr9.540875	5	1024	552990393	hg38.gc5Base.bw	0	100	1024	35540	1718800
585	9	25113360	25118480	chr9.540892	5	1024	553007801	hg38.gc5Base.bw	0	100	1024	36520	1786400
585	9	25190160	25195280	chr9.540907	5	1024	553023161	hg38.gc5Base.bw	0	100	1024	33040	1552800
585	9	25282320	25287440	chr9.540925	5	1024	553041593	hg38.gc5Base.bw	0	100	1024	32540	1426000
585	9	25313040	25318160	chr9.540931	5	1024	553047737	hg38.gc5Base.bw	0	100	1024	34120	1616800
585	9	25497360	25502480	chr9.540967	5	1024	553084601	hg38.gc5Base.bw	0	100	1024	39120	1976000
585	9	25548560	25553680	chr9.540977	5	1024	553094841	hg38.gc5Base.bw	0	100	1024	35200	1672000
585	9	25686800	25691920	chr9.541004	5	1024	553122489	hg38.gc5Base.bw	0	100	1024	37680	1898400
585	9	26255120	26260240	chr9.541115	5	1024	553236153	hg38.gc5Base.bw	0	100	1024	36660	1774800
585	9	26572560	26577680	chr9.541177	5	1024	553299641	hg38.gc5Base.bw	0	100	1024	38400	1887200
585	9	26900240	26905360	chr9.541241	5	1024	553365177	hg38.gc5Base.bw	0	100	1024	35420	1702000
585	9	27120400	27125520	chr9.541284	5	1024	553409209	hg38.gc5Base.bw	0	100	1024	45200	2532000
585	9	27166480	27171600	chr9.541293	5	1024	553418425	hg38.gc5Base.bw	0	100	1024	39840	2014400
585	9	27243280	27248400	chr9.541308	5	1024	553433785	hg38.gc5Base.bw	0	100	1024	39760	1974400
585	9	27530000	27535120	chr9.541364	5	1024	553491129	hg38.gc5Base.bw	0	100	1024	39540	1958800
585	9	27622160	27627280	chr9.541382	5	1024	553509561	hg38.gc5Base.bw	0	100	1024	36220	1770000
585	9	27944720	27949840	chr9.541445	5	1024	553574073	hg38.gc5Base.bw	0	100	1024	39320	1975200
585	9	28052240	28057360	chr9.541466	5	1024	553595577	hg38.gc5Base.bw	0	100	1024	37840	1844800
585	9	28338960	28344080	chr9.541522	5	1024	553652921	hg38.gc5Base.bw	0	100	1024	35360	1636000
585	9	28395280	28400400	chr9.541533	5	1024	553664185	hg38.gc5Base.bw	0	100	1024	36960	1852000
585	9	28968720	28973840	chr9.541645	5	1024	553778873	hg38.gc5Base.bw	0	100	1024	42480	2232000
585	9	29572880	29578000	chr9.541763	5	1024	553899705	hg38.gc5Base.bw	0	100	1024	33380	1524400
585	9	29706000	29711120	chr9.541789	5	1024	553926329	hg38.gc5Base.bw	0	100	1024	37620	1839600
585	9	29752080	29757200	chr9.541798	5	1024	553935545	hg38.gc5Base.bw	0	100	1024	36400	1787200
585	9	29931280	29936400	chr9.541833	5	1024	553971385	hg38.gc5Base.bw	0	80	1024	37240	1762400
585	9	30904080	30909200	chr9.542023	5	1024	554165945	hg38.gc5Base.bw	0	80	1024	33920	1556000
585	9	30965520	30970640	chr9.542035	5	1024	554178233	hg38.gc5Base.bw	0	100	1024	32300	1444400
585	9	30980880	30986000	chr9.542038	5	1024	554181305	hg38.gc5Base.bw	0	100	1024	42920	2236800
585	9	31713040	31718160	chr9.542181	5	1024	554327737	hg38.gc5Base.bw	0	100	1024	37620	1815600
585	9	31743760	31748880	chr9.542187	5	1024	554333881	hg38.gc5Base.bw	0	100	1024	37460	1874000
585	9	32122640	32127760	chr9.542261	5	1024	554409657	hg38.gc5Base.bw	0	100	1024	38720	1988000
585	9	32168720	32173840	chr9.542270	5	1024	554418873	hg38.gc5Base.bw	0	100	1024	40960	2104800
585	9	32347920	32353040	chr9.542305	5	1024	554454713	hg38.gc5Base.bw	0	100	1024	40520	2086400
585	9	32486160	32491280	chr9.542332	5	1024	554482361	hg38.gc5Base.bw	0	100	1024	38920	1943200
585	9	32593680	32598800	chr9.542353	5	1024	554503865	hg38.gc5Base.bw	0	100	1024	39520	2036000
585	9	32911120	32916240	chr9.542415	5	1024	554567353	hg38.gc5Base.bw	0	100	1024	43680	2319200
585	9	34283280	34288400	chr9.542683	5	1024	554841785	hg38.gc5Base.bw	0	100	1024	42260	2306800
585	9	34375440	34380560	chr9.542701	5	1024	554860217	hg38.gc5Base.bw	0	100	1024	57160	3701600
585	9	34713360	34718480	chr9.542767	5	1024	554927801	hg38.gc5Base.bw	0	100	1024	50220	2896400
585	9	35030800	35035920	chr9.542829	5	1024	554991289	hg38.gc5Base.bw	0	100	1024	44460	2510800
585	9	35819280	35824400	chr9.542983	5	1024	555148985	hg38.gc5Base.bw	0	100	1024	48180	2746800
585	9	36085520	36090640	chr9.543035	5	1024	555202233	hg38.gc5Base.bw	0	100	1024	40560	2109600
585	9	36223760	36228880	chr9.543062	5	1024	555229881	hg38.gc5Base.bw	0	100	1024	42300	2333200
585	9	36715280	36720400	chr9.543158	5	1024	555328185	hg38.gc5Base.bw	0	100	1024	40780	2103600
585	9	36955920	36961040	chr9.543205	5	1024	555376313	hg38.gc5Base.bw	0	100	1024	50280	2935200
585	9	37426960	37432080	chr9.543297	5	1024	555470521	hg38.gc5Base.bw	0	100	1024	55760	3492800
585	9	37718800	37723920	chr9.543354	5	1024	555528889	hg38.gc5Base.bw	0	100	1024	45240	2547200
585	9	38082320	38087440	chr9.543425	5	1024	555601593	hg38.gc5Base.bw	0	100	1024	46800	2640000
585	9	38476560	38481680	chr9.543502	5	1024	555680441	hg38.gc5Base.bw	0	100	1024	41960	2243200
585	9	38517520	38522640	chr9.543510	5	1024	555688633	hg38.gc5Base.bw	0	100	1024	39920	2071200
585	9	38532880	38538000	chr9.543513	5	1024	555691705	hg38.gc5Base.bw	0	100	1024	41460	2152400
585	9	38717200	38722320	chr9.543549	5	1024	555728569	hg38.gc5Base.bw	0	100	1024	40660	2137200
585	9	61077070	61082190	chr9.544971	5	1024	557164217	hg38.gc5Base.bw	0	100	1024	36400	1849600
585	9	67697550	67702670	chr9.546075	5	1024	558278329	hg38.gc5Base.bw	0	100	1024	49080	2848800
585	9	68837225	68842345	chr9.546240	5	1024	558446265	hg38.gc5Base.bw	0	100	1024	39020	1997200
585	9	69072745	69077865	chr9.546286	5	1024	558493369	hg38.gc5Base.bw	0	100	1024	44200	2446400
585	9	69528425	69533545	chr9.546375	5	1024	558584505	hg38.gc5Base.bw	0	100	1024	38880	1937600
585	9	69820265	69825385	chr9.546432	5	1024	558642873	hg38.gc5Base.bw	0	100	1024	43820	2392400
585	9	70112105	70117225	chr9.546489	5	1024	558701241	hg38.gc5Base.bw	0	100	1024	43500	2328400
585	9	70378345	70383465	chr9.546541	5	1024	558754489	hg38.gc5Base.bw	0	100	1024	39420	2069200
585	9	70424425	70429545	chr9.546550	5	1024	558763705	hg38.gc5Base.bw	0	100	1024	46880	2656000
585	9	70695785	70700905	chr9.546603	5	1024	558817977	hg38.gc5Base.bw	0	100	1024	44000	2408800
585	9	70890345	70895465	chr9.546641	5	1024	558856889	hg38.gc5Base.bw	0	100	1024	36340	1755600
585	9	70997865	71002985	chr9.546662	5	1024	558878393	hg38.gc5Base.bw	0	80	1024	38180	1854800
585	9	71555945	71561065	chr9.546771	5	1024	558990009	hg38.gc5Base.bw	0	100	1024	40380	2118000
585	9	72277865	72282985	chr9.546912	5	1024	559134393	hg38.gc5Base.bw	0	100	1024	45120	2520800
585	9	72508265	72513385	chr9.546957	5	1024	559180473	hg38.gc5Base.bw	0	100	1024	38080	1904000
585	9	72928105	72933225	chr9.547039	5	1024	559264441	hg38.gc5Base.bw	0	100	1024	36780	1765200
585	9	72948585	72953705	chr9.547043	5	1024	559268537	hg38.gc5Base.bw	0	100	1024	37520	1832800
585	9	73491305	73496425	chr9.547149	5	1024	559377081	hg38.gc5Base.bw	0	100	1024	36760	1754400
585	9	73767785	73772905	chr9.547203	5	1024	559432377	hg38.gc5Base.bw	0	100	1024	36040	1701600
585	9	74044265	74049385	chr9.547257	5	1024	559487673	hg38.gc5Base.bw	0	100	1024	36180	1754800
585	9	74228585	74233705	chr9.547293	5	1024	559524537	hg38.gc5Base.bw	0	100	1024	32100	1445200
585	9	74407785	74412905	chr9.547328	5	1024	559560377	hg38.gc5Base.bw	0	100	1024	37180	1811600
585	9	75314025	75319145	chr9.547505	5	1024	559741625	hg38.gc5Base.bw	0	100	1024	38040	1928000
585	9	75667305	75672425	chr9.547574	5	1024	559812281	hg38.gc5Base.bw	0	100	1024	38620	1922000
585	9	75795305	75800425	chr9.547599	5	1024	559837881	hg38.gc5Base.bw	0	100	1024	37920	1851200
585	9	76102505	76107625	chr9.547659	5	1024	559899321	hg38.gc5Base.bw	0	100	1024	39360	1941600
585	9	76312425	76317545	chr9.547700	5	1024	559941305	hg38.gc5Base.bw	0	100	1024	42540	2290800
585	9	76778345	76783465	chr9.547791	5	1024	560034489	hg38.gc5Base.bw	0	100	1024	42120	2260800
585	9	76993385	76998505	chr9.547833	5	1024	560077497	hg38.gc5Base.bw	0	100	1024	44620	2514800
585	9	77080425	77085545	chr9.547850	5	1024	560094905	hg38.gc5Base.bw	0	100	1024	44120	2426400
585	9	77315945	77321065	chr9.547896	5	1024	560142009	hg38.gc5Base.bw	0	100	1024	32720	1488800
585	9	77530985	77536105	chr9.547938	5	1024	560185017	hg38.gc5Base.bw	0	100	1024	45200	2522400
585	9	77592425	77597545	chr9.547950	5	1024	560197305	hg38.gc5Base.bw	0	100	1024	44120	2348800
585	9	77658985	77664105	chr9.547963	5	1024	560210617	hg38.gc5Base.bw	0	100	1024	46400	2621600
585	9	77674345	77679465	chr9.547966	5	1024	560213689	hg38.gc5Base.bw	0	100	1024	45120	2468800
585	9	77868905	77874025	chr9.548004	5	1024	560252601	hg38.gc5Base.bw	0	100	1024	38720	1964800
585	9	78560105	78565225	chr9.548139	5	1024	560390841	hg38.gc5Base.bw	0	100	1024	44400	2432000
585	9	78969705	78974825	chr9.548219	5	1024	560472761	hg38.gc5Base.bw	0	100	1024	39760	2040000
585	9	79036265	79041385	chr9.548232	5	1024	560486073	hg38.gc5Base.bw	0	100	1024	43780	2394000
585	9	79251305	79256425	chr9.548274	5	1024	560529081	hg38.gc5Base.bw	0	100	1024	39480	2008800
585	9	79870825	79875945	chr9.548395	5	1024	560652985	hg38.gc5Base.bw	0	100	1024	39200	1964000
585	9	79875945	79881065	chr9.548396	5	1024	560654009	hg38.gc5Base.bw	0	100	1024	33640	1535200
585	9	79962985	79968105	chr9.548413	5	1024	560671417	hg38.gc5Base.bw	0	100	1024	40880	2118400
585	9	80080745	80085865	chr9.548436	5	1024	560694969	hg38.gc5Base.bw	0	100	1024	39000	2001600
585	9	80295785	80300905	chr9.548478	5	1024	560737977	hg38.gc5Base.bw	0	100	1024	38040	1871200
585	9	80413545	80418665	chr9.548501	5	1024	560761529	hg38.gc5Base.bw	0	100	1024	37380	1785200
585	9	80541545	80546665	chr9.548526	5	1024	560787129	hg38.gc5Base.bw	0	100	1024	37860	1870000
585	9	80935785	80940905	chr9.548603	5	1024	560865977	hg38.gc5Base.bw	0	100	1024	38280	1936800
585	9	81575785	81580905	chr9.548728	5	1024	560993977	hg38.gc5Base.bw	0	100	1024	41340	2170800
585	9	81616745	81621865	chr9.548736	5	1024	561002169	hg38.gc5Base.bw	0	100	1024	42960	2305600
585	9	81621865	81626985	chr9.548737	5	1024	561003193	hg38.gc5Base.bw	0	100	1024	43180	2330800
585	9	81882985	81888105	chr9.548788	5	1024	561055417	hg38.gc5Base.bw	0	100	1024	44100	2439600
585	9	82825065	82830185	chr9.548972	5	1024	561243833	hg38.gc5Base.bw	0	100	1024	40600	2118400
585	9	83393385	83398505	chr9.549083	5	1024	561357497	hg38.gc5Base.bw	0	100	1024	41460	2146000
585	9	83977065	83982185	chr9.549197	5	1024	561474233	hg38.gc5Base.bw	0	100	1024	48640	2994400
585	9	84366185	84371305	chr9.549273	5	1024	561552057	hg38.gc5Base.bw	0	100	1024	47060	2663600
585	9	84371305	84376425	chr9.549274	5	1024	561553081	hg38.gc5Base.bw	0	100	1024	43460	2386000
585	9	84617065	84622185	chr9.549322	5	1024	561602233	hg38.gc5Base.bw	0	100	1024	42820	2230800
585	9	84796265	84801385	chr9.549357	5	1024	561638073	hg38.gc5Base.bw	0	100	1024	38360	2018400
585	9	84939625	84944745	chr9.549385	5	1024	561666745	hg38.gc5Base.bw	0	100	1024	39900	2014800
585	9	85134185	85139305	chr9.549423	5	1024	561705657	hg38.gc5Base.bw	0	100	1024	40440	2062400
585	9	85497705	85502825	chr9.549494	5	1024	561778361	hg38.gc5Base.bw	0	100	1024	40420	2039600
585	9	86383465	86388585	chr9.549667	5	1024	561955513	hg38.gc5Base.bw	0	100	1024	42780	2241200
585	9	86910825	86915945	chr9.549770	5	1024	562060985	hg38.gc5Base.bw	0	100	1024	36280	1751200
585	9	86977385	86982505	chr9.549783	5	1024	562074297	hg38.gc5Base.bw	0	100	1024	41360	2124000
585	9	87520105	87525225	chr9.549889	5	1024	562182841	hg38.gc5Base.bw	0	100	1024	43640	2344800
585	9	87673705	87678825	chr9.549919	5	1024	562213561	hg38.gc5Base.bw	0	100	1024	52100	3110800
585	9	87811945	87817065	chr9.549946	5	1024	562241209	hg38.gc5Base.bw	0	100	1024	43180	2292400
585	9	88103785	88108905	chr9.550003	5	1024	562299577	hg38.gc5Base.bw	0	100	1024	40420	2101200
585	9	88272745	88277865	chr9.550036	5	1024	562333369	hg38.gc5Base.bw	0	100	1024	48340	2785200
585	9	88431465	88436585	chr9.550067	5	1024	562365113	hg38.gc5Base.bw	0	100	1024	43180	2374800
585	9	88636265	88641385	chr9.550107	5	1024	562406073	hg38.gc5Base.bw	0	100	1024	42240	2211200
585	9	88646505	88651625	chr9.550109	5	1024	562408121	hg38.gc5Base.bw	0	100	1024	41760	2252800
585	9	88677225	88682345	chr9.550115	5	1024	562414265	hg38.gc5Base.bw	0	100	1024	49540	2878800
585	9	88887145	88892265	chr9.550156	5	1024	562456249	hg38.gc5Base.bw	0	100	1024	47060	2680400
585	9	88943465	88948585	chr9.550167	5	1024	562467513	hg38.gc5Base.bw	0	100	1024	43140	2302000
585	9	89204585	89209705	chr9.550218	5	1024	562519737	hg38.gc5Base.bw	0	100	1024	48440	2765600
585	9	89532265	89537385	chr9.550282	5	1024	562585273	hg38.gc5Base.bw	0	100	1024	50820	2994000
585	9	90202985	90208105	chr9.550413	5	1024	562719417	hg38.gc5Base.bw	0	100	1024	46040	2614400
585	9	91452265	91457385	chr9.550657	5	1024	562969273	hg38.gc5Base.bw	0	100	1024	37140	1858000
585	9	92276585	92281705	chr9.550818	5	1024	563134137	hg38.gc5Base.bw	0	100	1024	39280	2008000
585	9	92793705	92798825	chr9.550919	5	1024	563237561	hg38.gc5Base.bw	0	100	1024	46900	2684400
585	9	93433705	93438825	chr9.551044	5	1024	563365561	hg38.gc5Base.bw	0	100	1024	42360	2322400
585	9	93479785	93484905	chr9.551053	5	1024	563374777	hg38.gc5Base.bw	0	100	1024	44940	2534000
585	9	93582185	93587305	chr9.551073	5	1024	563395257	hg38.gc5Base.bw	0	100	1024	48260	2777200
585	9	94928745	94933865	chr9.551336	5	1024	563664569	hg38.gc5Base.bw	0	100	1024	48080	2752000
585	9	95476585	95481705	chr9.551443	5	1024	563774137	hg38.gc5Base.bw	0	100	1024	46220	2597200
585	9	95660905	95666025	chr9.551479	5	1024	563811001	hg38.gc5Base.bw	0	100	1024	49100	2833200
585	9	95742825	95747945	chr9.551495	5	1024	563827385	hg38.gc5Base.bw	0	100	1024	42900	2280400
585	9	95952745	95957865	chr9.551536	5	1024	563869369	hg38.gc5Base.bw	0	100	1024	37560	1861600
585	9	96060265	96065385	chr9.551557	5	1024	563890873	hg38.gc5Base.bw	0	100	1024	50080	2899200
585	9	96884585	96889705	chr9.551718	5	1024	564055737	hg38.gc5Base.bw	0	100	1024	42340	2286800
585	9	97555305	97560425	chr9.551849	5	1024	564189881	hg38.gc5Base.bw	0	100	1024	50980	3033200
585	9	97662825	97667945	chr9.551870	5	1024	564211385	hg38.gc5Base.bw	0	100	1024	40240	2058400
585	9	98149225	98154345	chr9.551965	5	1024	564308665	hg38.gc5Base.bw	0	100	1024	43560	2396000
585	9	98210665	98215785	chr9.551977	5	1024	564320953	hg38.gc5Base.bw	0	100	1024	53560	3272800
585	9	98343785	98348905	chr9.552003	5	1024	564347577	hg38.gc5Base.bw	0	100	1024	39940	2047600
585	9	98369385	98374505	chr9.552008	5	1024	564352697	hg38.gc5Base.bw	0	100	1024	50280	2960800
585	9	98471785	98476905	chr9.552028	5	1024	564373177	hg38.gc5Base.bw	0	100	1024	42200	2224000
585	9	98476905	98482025	chr9.552029	5	1024	564374201	hg38.gc5Base.bw	0	100	1024	48340	2723600
585	9	99337065	99342185	chr9.552197	5	1024	564546233	hg38.gc5Base.bw	0	100	1024	48200	2756000
585	9	100719465	100724585	chr9.552467	5	1024	564822713	hg38.gc5Base.bw	0	100	1024	41000	2100000
585	9	100755305	100760425	chr9.552474	5	1024	564829881	hg38.gc5Base.bw	0	100	1024	38240	1880800
585	9	100985705	100990825	chr9.552519	5	1024	564875961	hg38.gc5Base.bw	0	100	1024	40180	2022800
585	9	101001065	101006185	chr9.552522	5	1024	564879033	hg38.gc5Base.bw	0	100	1024	40460	2102000
585	9	101026665	101031785	chr9.552527	5	1024	564884153	hg38.gc5Base.bw	0	100	1024	51200	3130400
585	9	101456745	101461865	chr9.552611	5	1024	564970169	hg38.gc5Base.bw	0	100	1024	42980	2300400
585	9	101610345	101615465	chr9.552641	5	1024	565000889	hg38.gc5Base.bw	0	100	1024	39300	2016400
585	9	101738345	101743465	chr9.552666	5	1024	565026489	hg38.gc5Base.bw	0	100	1024	41300	2174000
585	9	101794665	101799785	chr9.552677	5	1024	565037753	hg38.gc5Base.bw	0	100	1024	34360	1620800
585	9	101856105	101861225	chr9.552689	5	1024	565050041	hg38.gc5Base.bw	0	100	1024	38560	1933600
585	9	101943145	101948265	chr9.552706	5	1024	565067449	hg38.gc5Base.bw	0	100	1024	38260	1913200
585	9	101994345	101999465	chr9.552716	5	1024	565077689	hg38.gc5Base.bw	0	100	1024	35060	1650000
585	9	102066025	102071145	chr9.552730	5	1024	565092025	hg38.gc5Base.bw	0	100	1024	40320	2070400
585	9	102777705	102782825	chr9.552869	5	1024	565234361	hg38.gc5Base.bw	0	100	1024	35480	1729600
585	9	102859625	102864745	chr9.552885	5	1024	565250745	hg38.gc5Base.bw	0	100	1024	33900	1528400
585	9	103013225	103018345	chr9.552915	5	1024	565281465	hg38.gc5Base.bw	0	80	1024	23820	1001200
585	9	103212905	103218025	chr9.552954	5	1024	565321401	hg38.gc5Base.bw	0	100	1024	37160	1796800
585	9	103970665	103975785	chr9.553102	5	1024	565472953	hg38.gc5Base.bw	0	100	1024	37460	1791600
585	9	104585065	104590185	chr9.553222	5	1024	565595833	hg38.gc5Base.bw	0	100	1024	35140	1689200
585	9	104825705	104830825	chr9.553269	5	1024	565643961	hg38.gc5Base.bw	0	100	1024	46520	2569600
585	9	104861545	104866665	chr9.553276	5	1024	565651129	hg38.gc5Base.bw	0	100	1024	47960	2780800
585	9	104876905	104882025	chr9.553279	5	1024	565654201	hg38.gc5Base.bw	0	100	1024	43640	2350400
585	9	105680745	105685865	chr9.553436	5	1024	565814969	hg38.gc5Base.bw	0	100	1024	40580	2145200
585	9	106505065	106510185	chr9.553597	5	1024	565979833	hg38.gc5Base.bw	0	100	1024	41580	2210000
585	9	106812265	106817385	chr9.553657	5	1024	566041273	hg38.gc5Base.bw	0	100	1024	39500	1956400
585	9	107078505	107083625	chr9.553709	5	1024	566094521	hg38.gc5Base.bw	0	80	1024	37820	1880400
585	9	107595625	107600745	chr9.553810	5	1024	566197945	hg38.gc5Base.bw	0	100	1024	46440	2631200
585	9	107672425	107677545	chr9.553825	5	1024	566213305	hg38.gc5Base.bw	0	100	1024	45800	2539200
585	9	107923305	107928425	chr9.553874	5	1024	566263481	hg38.gc5Base.bw	0	100	1024	42340	2193200
585	9	108163945	108169065	chr9.553921	5	1024	566311609	hg38.gc5Base.bw	0	100	1024	44300	2376400
585	9	108245865	108250985	chr9.553937	5	1024	566327993	hg38.gc5Base.bw	0	100	1024	39920	2006400
585	9	108645225	108650345	chr9.554015	5	1024	566407865	hg38.gc5Base.bw	0	100	1024	38560	1900000
585	9	108839785	108844905	chr9.554053	5	1024	566446777	hg38.gc5Base.bw	0	100	1024	43820	2392400
585	9	108870505	108875625	chr9.554059	5	1024	566452921	hg38.gc5Base.bw	0	100	1024	40180	2074800
585	9	108921705	108926825	chr9.554069	5	1024	566463161	hg38.gc5Base.bw	0	100	1024	42160	2188800
585	9	109254505	109259625	chr9.554134	5	1024	566529721	hg38.gc5Base.bw	0	100	1024	47220	2670800
585	9	109863785	109868905	chr9.554253	5	1024	566651577	hg38.gc5Base.bw	0	100	1024	43620	2318800
585	9	110073705	110078825	chr9.554294	5	1024	566693561	hg38.gc5Base.bw	0	100	1024	37960	1913600
585	9	110186345	110191465	chr9.554316	5	1024	566716089	hg38.gc5Base.bw	0	100	1024	46100	2554800
585	9	110370665	110375785	chr9.554352	5	1024	566752953	hg38.gc5Base.bw	0	100	1024	40280	2036000
585	9	110493545	110498665	chr9.554376	5	1024	566777529	hg38.gc5Base.bw	0	100	1024	39440	2008000
585	9	110549865	110554985	chr9.554387	5	1024	566788793	hg38.gc5Base.bw	0	100	1024	40840	2123200
585	9	110611305	110616425	chr9.554399	5	1024	566801081	hg38.gc5Base.bw	0	100	1024	36360	1785600
585	9	111061865	111066985	chr9.554487	5	1024	566891193	hg38.gc5Base.bw	0	100	1024	39540	2007600
585	9	111194985	111200105	chr9.554513	5	1024	566917817	hg38.gc5Base.bw	0	100	1024	44500	2397200
585	9	111302505	111307625	chr9.554534	5	1024	566939321	hg38.gc5Base.bw	0	100	1024	43560	2357600
585	9	111655785	111660905	chr9.554603	5	1024	567009977	hg38.gc5Base.bw	0	100	1024	43640	2411200
585	9	112050025	112055145	chr9.554680	5	1024	567088825	hg38.gc5Base.bw	0	100	1024	43900	2384400
585	9	112377705	112382825	chr9.554744	5	1024	567154361	hg38.gc5Base.bw	0	100	1024	47580	2823600
585	9	112710505	112715625	chr9.554809	5	1024	567220921	hg38.gc5Base.bw	0	100	1024	39020	1999600
585	9	112899945	112905065	chr9.554846	5	1024	567258809	hg38.gc5Base.bw	0	100	1024	42380	2222000
585	9	113094505	113099625	chr9.554884	5	1024	567297721	hg38.gc5Base.bw	0	100	1024	44740	2364400
585	9	113314665	113319785	chr9.554927	5	1024	567341753	hg38.gc5Base.bw	0	100	1024	46840	2600800
585	9	113693545	113698665	chr9.555001	5	1024	567417529	hg38.gc5Base.bw	0	100	1024	46640	2563200
585	9	113703785	113708905	chr9.555003	5	1024	567419577	hg38.gc5Base.bw	0	100	1024	45160	2484800
585	9	113790825	113795945	chr9.555020	5	1024	567436985	hg38.gc5Base.bw	0	100	1024	48820	2826800
585	9	114077545	114082665	chr9.555076	5	1024	567494329	hg38.gc5Base.bw	0	100	1024	53660	3262800
585	9	114123625	114128745	chr9.555085	5	1024	567503545	hg38.gc5Base.bw	0	100	1024	52900	3179600
585	9	114246505	114251625	chr9.555109	5	1024	567528121	hg38.gc5Base.bw	0	100	1024	51760	3176800
585	9	114333545	114338665	chr9.555126	5	1024	567545529	hg38.gc5Base.bw	0	100	1024	53040	3258400
585	9	114348905	114354025	chr9.555129	5	1024	567548601	hg38.gc5Base.bw	0	100	1024	48700	2863600
585	9	115122025	115127145	chr9.555280	5	1024	567703225	hg38.gc5Base.bw	0	100	1024	41540	2165200
585	9	115214185	115219305	chr9.555298	5	1024	567721657	hg38.gc5Base.bw	0	100	1024	42360	2270400
585	9	115326825	115331945	chr9.555320	5	1024	567744185	hg38.gc5Base.bw	0	100	1024	41680	2140000
585	9	115521385	115526505	chr9.555358	5	1024	567783097	hg38.gc5Base.bw	0	100	1024	40820	2078800
585	9	115572585	115577705	chr9.555368	5	1024	567793337	hg38.gc5Base.bw	0	100	1024	38940	1997200
585	9	115695465	115700585	chr9.555392	5	1024	567817913	hg38.gc5Base.bw	0	100	1024	35440	1670400
585	9	115777385	115782505	chr9.555408	5	1024	567834297	hg38.gc5Base.bw	0	100	1024	38520	1906400
585	9	115961705	115966825	chr9.555444	5	1024	567871161	hg38.gc5Base.bw	0	100	1024	42460	2262800
585	9	115971945	115977065	chr9.555446	5	1024	567873209	hg38.gc5Base.bw	0	100	1024	39360	1984800
585	9	116453225	116458345	chr9.555540	5	1024	567969465	hg38.gc5Base.bw	0	100	1024	37880	1869600
585	9	116463465	116468585	chr9.555542	5	1024	567971513	hg38.gc5Base.bw	0	100	1024	44500	2386800
585	9	116816745	116821865	chr9.555611	5	1024	568042169	hg38.gc5Base.bw	0	100	1024	42940	2311600
585	9	116862825	116867945	chr9.555620	5	1024	568051385	hg38.gc5Base.bw	0	100	1024	46100	2545200
585	9	117026665	117031785	chr9.555652	5	1024	568084153	hg38.gc5Base.bw	0	100	1024	43200	2315200
585	9	117062505	117067625	chr9.555659	5	1024	568091321	hg38.gc5Base.bw	0	100	1024	41540	2116400
585	9	117246825	117251945	chr9.555695	5	1024	568128185	hg38.gc5Base.bw	0	100	1024	43780	2303600
585	9	117482345	117487465	chr9.555741	5	1024	568175289	hg38.gc5Base.bw	0	100	1024	41980	2180400
585	9	117492585	117497705	chr9.555743	5	1024	568177337	hg38.gc5Base.bw	0	100	1024	38260	1885200
585	9	117804905	117810025	chr9.555804	5	1024	568239801	hg38.gc5Base.bw	0	100	1024	38600	1920800
585	9	117948265	117953385	chr9.555832	5	1024	568268473	hg38.gc5Base.bw	0	100	1024	39680	2004800
585	9	118030185	118035305	chr9.555848	5	1024	568284857	hg38.gc5Base.bw	0	100	1024	38100	1871600
585	9	119484265	119489385	chr9.556132	5	1024	568575673	hg38.gc5Base.bw	0	100	1024	38040	1897600
585	9	119525225	119530345	chr9.556140	5	1024	568583865	hg38.gc5Base.bw	0	100	1024	36480	1764800
585	9	119724905	119730025	chr9.556179	5	1024	568623801	hg38.gc5Base.bw	0	100	1024	42660	2250000
585	9	119781225	119786345	chr9.556190	5	1024	568635065	hg38.gc5Base.bw	0	100	1024	41380	2133200
585	9	119842665	119847785	chr9.556202	5	1024	568647353	hg38.gc5Base.bw	0	100	1024	43940	2326000
585	9	120718185	120723305	chr9.556373	5	1024	568822457	hg38.gc5Base.bw	0	100	1024	48560	2850400
585	9	121337705	121342825	chr9.556494	5	1024	568946361	hg38.gc5Base.bw	0	100	1024	41240	2180800
585	9	121342825	121347945	chr9.556495	5	1024	568947385	hg38.gc5Base.bw	0	100	1024	42240	2197600
585	9	121752425	121757545	chr9.556575	5	1024	569029305	hg38.gc5Base.bw	0	100	1024	61520	4041600
585	9	122182505	122187625	chr9.556659	5	1024	569115321	hg38.gc5Base.bw	0	100	1024	49320	2900800
585	9	122295145	122300265	chr9.556681	5	1024	569137849	hg38.gc5Base.bw	0	100	1024	43380	2343600
585	9	123395945	123401065	chr9.556896	5	1024	569358009	hg38.gc5Base.bw	0	100	1024	52240	3191200
585	9	123498345	123503465	chr9.556916	5	1024	569378489	hg38.gc5Base.bw	0	100	1024	44100	2386800
585	9	124097385	124102505	chr9.557033	5	1024	569498297	hg38.gc5Base.bw	0	100	1024	53460	3217200
585	9	124184425	124189545	chr9.557050	5	1024	569515705	hg38.gc5Base.bw	0	100	1024	49540	2917200
585	9	124220265	124225385	chr9.557057	5	1024	569522873	hg38.gc5Base.bw	0	100	1024	53660	3236400
585	9	124348265	124353385	chr9.557082	5	1024	569548473	hg38.gc5Base.bw	0	100	1024	51680	3124800
585	9	125459305	125464425	chr9.557299	5	1024	569770681	hg38.gc5Base.bw	0	100	1024	45300	2514000
585	9	126083945	126089065	chr9.557421	5	1024	569895609	hg38.gc5Base.bw	0	100	1024	50660	2926000
585	9	126191465	126196585	chr9.557442	5	1024	569917113	hg38.gc5Base.bw	0	100	1024	38700	1959600
585	9	126283625	126288745	chr9.557460	5	1024	569935545	hg38.gc5Base.bw	0	100	1024	39240	2069600
585	9	126657385	126662505	chr9.557533	5	1024	570010297	hg38.gc5Base.bw	0	100	1024	57340	3655600
585	9	126882665	126887785	chr9.557577	5	1024	570055353	hg38.gc5Base.bw	0	100	1024	45180	2550000
585	9	127845225	127850345	chr9.557765	5	1024	570247865	hg38.gc5Base.bw	0	100	1024	54660	3406800
585	9	128357225	128362345	chr9.557865	5	1024	570350265	hg38.gc5Base.bw	0	100	1024	56540	3594800
585	9	129196905	129202025	chr9.558029	5	1024	570518201	hg38.gc5Base.bw	0	100	1024	55200	3460800
585	9	129406825	129411945	chr9.558070	5	1024	570560185	hg38.gc5Base.bw	0	100	1024	54340	3329200
585	9	129509225	129514345	chr9.558090	5	1024	570580665	hg38.gc5Base.bw	0	100	1024	48240	2839200
585	9	129550185	129555305	chr9.558098	5	1024	570588857	hg38.gc5Base.bw	0	100	1024	55180	3490000
585	9	129785705	129790825	chr9.558144	5	1024	570635961	hg38.gc5Base.bw	0	100	1024	50380	2995600
585	9	129959785	129964905	chr9.558178	5	1024	570670777	hg38.gc5Base.bw	0	100	1024	46260	2630000
585	9	130563945	130569065	chr9.558296	5	1024	570791609	hg38.gc5Base.bw	0	100	1024	46460	2649200
585	9	130676585	130681705	chr9.558318	5	1024	570814137	hg38.gc5Base.bw	0	100	1024	57560	3776000
585	9	130866025	130871145	chr9.558355	5	1024	570852025	hg38.gc5Base.bw	0	100	1024	47780	2754000
585	9	130891625	130896745	chr9.558360	5	1024	570857145	hg38.gc5Base.bw	0	100	1024	59040	3872800
585	9	130932585	130937705	chr9.558368	5	1024	570865337	hg38.gc5Base.bw	0	100	1024	59280	3872000
585	9	131188585	131193705	chr9.558418	5	1024	570916537	hg38.gc5Base.bw	0	100	1024	37500	1874800
585	9	131480425	131485545	chr9.558475	5	1024	570974905	hg38.gc5Base.bw	0	100	1024	55000	3428800
585	9	132033385	132038505	chr9.558583	5	1024	571085497	hg38.gc5Base.bw	0	100	1024	45660	2551600
585	9	132340585	132345705	chr9.558643	5	1024	571146937	hg38.gc5Base.bw	0	100	1024	43780	2412400
585	9	132555625	132560745	chr9.558685	5	1024	571189945	hg38.gc5Base.bw	0	100	1024	50380	3032400
585	9	133180265	133185385	chr9.558807	5	1024	571314873	hg38.gc5Base.bw	0	100	1024	45600	2568800
585	9	133277545	133282665	chr9.558826	5	1024	571334329	hg38.gc5Base.bw	0	100	1024	48940	2803600
585	9	133502825	133507945	chr9.558870	5	1024	571379385	hg38.gc5Base.bw	0	100	1024	53660	3378000
585	9	133794665	133799785	chr9.558927	5	1024	571437753	hg38.gc5Base.bw	0	100	1024	61400	4093600
585	9	133891945	133897065	chr9.558946	5	1024	571457209	hg38.gc5Base.bw	0	100	1024	57700	3790800
585	9	134132585	134137705	chr9.558993	5	1024	571505337	hg38.gc5Base.bw	0	100	1024	59740	4082000
585	9	134227185	134232305	chr9.559012	5	1024	571523769	hg38.gc5Base.bw	0	100	1024	63820	4362800
585	9	134350065	134355185	chr9.559036	5	1024	571548345	hg38.gc5Base.bw	0	100	1024	63440	4319200
585	9	134355185	134360305	chr9.559037	5	1024	571549369	hg38.gc5Base.bw	0	100	1024	64060	4425200
585	9	134524145	134529265	chr9.559070	5	1024	571583161	hg38.gc5Base.bw	0	100	1024	54780	3398000
585	9	134815985	134821105	chr9.559127	5	1024	571641529	hg38.gc5Base.bw	0	100	1024	60900	4058000
585	9	134862065	134867185	chr9.559136	5	1024	571650745	hg38.gc5Base.bw	0	100	1024	49180	2939600
585	9	134990065	134995185	chr9.559161	5	1024	571676345	hg38.gc5Base.bw	0	100	1024	58780	3867600
585	9	135159025	135164145	chr9.559194	5	1024	571710137	hg38.gc5Base.bw	0	100	1024	51680	3115200
585	9	135199985	135205105	chr9.559202	5	1024	571718329	hg38.gc5Base.bw	0	100	1024	54640	3344000
585	9	135210225	135215345	chr9.559204	5	1024	571720377	hg38.gc5Base.bw	0	100	1024	56540	3559600
585	9	135281905	135287025	chr9.559218	5	1024	571734713	hg38.gc5Base.bw	0	100	1024	58840	3792800
585	9	135553265	135558385	chr9.559271	5	1024	571788985	hg38.gc5Base.bw	0	100	1024	49000	2862400
585	9	135655665	135660785	chr9.559291	5	1024	571809465	hg38.gc5Base.bw	0	100	1024	52880	3254400
585	9	135706865	135711985	chr9.559301	5	1024	571819705	hg38.gc5Base.bw	0	100	1024	55600	3498400
585	9	135711985	135717105	chr9.559302	5	1024	571820729	hg38.gc5Base.bw	0	100	1024	62260	4301200
585	9	135768305	135773425	chr9.559313	5	1024	571831993	hg38.gc5Base.bw	0	100	1024	68080	4867200
585	9	136008945	136014065	chr9.559360	5	1024	571880121	hg38.gc5Base.bw	0	100	1024	63520	4451200
585	9	136085745	136090865	chr9.559375	5	1024	571895481	hg38.gc5Base.bw	0	100	1024	61000	4142400
585	9	136126705	136131825	chr9.559383	5	1024	571903673	hg38.gc5Base.bw	0	100	1024	56920	3699200
585	9	136572145	136577265	chr9.559470	5	1024	571992761	hg38.gc5Base.bw	0	100	1024	57260	3726000
585	9	136618225	136623345	chr9.559479	5	1024	572001977	hg38.gc5Base.bw	0	100	1024	67620	4824400
585	9	136720625	136725745	chr9.559499	5	1024	572022457	hg38.gc5Base.bw	0	100	1024	61940	4222800
585	9	136971505	136976625	chr9.559548	5	1024	572072633	hg38.gc5Base.bw	0	100	1024	66960	4711200
585	9	137309425	137314545	chr9.559614	5	1024	572140217	hg38.gc5Base.bw	0	100	1024	66140	4609200
585	9	137550065	137555185	chr9.559661	5	1024	572188345	hg38.gc5Base.bw	0	100	1024	59580	4083600
585	10	885520	890640	chr10.45249	5	1024	46271386	hg38.gc5Base.bw	0	100	1024	43080	2333600
585	10	1110800	1115920	chr10.45293	5	1024	46316442	hg38.gc5Base.bw	0	100	1024	45920	2567200
585	10	1279760	1284880	chr10.45326	5	1024	46350234	hg38.gc5Base.bw	0	100	1024	47160	2634400
585	10	1382160	1387280	chr10.45346	5	1024	46370714	hg38.gc5Base.bw	0	100	1024	38500	1938800
585	10	1412880	1418000	chr10.45352	5	1024	46376858	hg38.gc5Base.bw	0	100	1024	50320	2928000
585	10	1474320	1479440	chr10.45364	5	1024	46389146	hg38.gc5Base.bw	0	100	1024	55920	3544000
585	10	1597200	1602320	chr10.45388	5	1024	46413722	hg38.gc5Base.bw	0	100	1024	50240	2969600
585	10	1668880	1674000	chr10.45402	5	1024	46428058	hg38.gc5Base.bw	0	100	1024	52200	3135200
585	10	1714960	1720080	chr10.45411	5	1024	46437274	hg38.gc5Base.bw	0	100	1024	45440	2544000
585	10	1827600	1832720	chr10.45433	5	1024	46459802	hg38.gc5Base.bw	0	100	1024	39280	2008000
585	10	1909520	1914640	chr10.45449	5	1024	46476186	hg38.gc5Base.bw	0	100	1024	36640	1783200
585	10	2037520	2042640	chr10.45474	5	1024	46501786	hg38.gc5Base.bw	0	100	1024	39100	1997200
585	10	2139920	2145040	chr10.45494	5	1024	46522266	hg38.gc5Base.bw	0	100	1024	41580	2205200
585	10	2257680	2262800	chr10.45517	5	1024	46545818	hg38.gc5Base.bw	0	100	1024	38200	1932800
585	10	2344720	2349840	chr10.45534	5	1024	46563226	hg38.gc5Base.bw	0	100	1024	34580	1604400
585	10	2395920	2401040	chr10.45544	5	1024	46573466	hg38.gc5Base.bw	0	100	1024	45600	2570400
585	10	2559760	2564880	chr10.45576	5	1024	46606234	hg38.gc5Base.bw	0	100	1024	37460	1860400
585	10	2698000	2703120	chr10.45603	5	1024	46633882	hg38.gc5Base.bw	0	100	1024	42880	2318400
585	10	2779920	2785040	chr10.45619	5	1024	46650266	hg38.gc5Base.bw	0	100	1024	44160	2389600
585	10	2943760	2948880	chr10.45651	5	1024	46683034	hg38.gc5Base.bw	0	100	1024	45540	2565200
585	10	3061520	3066640	chr10.45674	5	1024	46706586	hg38.gc5Base.bw	0	100	1024	51460	3110000
585	10	3122960	3128080	chr10.45686	5	1024	46718874	hg38.gc5Base.bw	0	100	1024	58840	3827200
585	10	3133200	3138320	chr10.45688	5	1024	46720922	hg38.gc5Base.bw	0	100	1024	48700	2878800
585	10	3558160	3563280	chr10.45771	5	1024	46805914	hg38.gc5Base.bw	0	100	1024	40740	2142000
585	10	3814160	3819280	chr10.45821	5	1024	46857114	hg38.gc5Base.bw	0	100	1024	44040	2396000
585	10	3819280	3824400	chr10.45822	5	1024	46858138	hg38.gc5Base.bw	0	100	1024	44300	2429200
585	10	3906320	3911440	chr10.45839	5	1024	46875546	hg38.gc5Base.bw	0	100	1024	43820	2436400
585	10	4239120	4244240	chr10.45904	5	1024	46942106	hg38.gc5Base.bw	0	100	1024	36540	1767600
585	10	4336400	4341520	chr10.45923	5	1024	46961562	hg38.gc5Base.bw	0	100	1024	42380	2252400
585	10	4408080	4413200	chr10.45937	5	1024	46975898	hg38.gc5Base.bw	0	100	1024	39000	1981600
585	10	4500240	4505360	chr10.45955	5	1024	46994330	hg38.gc5Base.bw	0	100	1024	33860	1552400
585	10	4551440	4556560	chr10.45965	5	1024	47004570	hg38.gc5Base.bw	0	100	1024	36400	1819200
585	10	4797200	4802320	chr10.46013	5	1024	47053722	hg38.gc5Base.bw	0	100	1024	43680	2333600
585	10	5048080	5053200	chr10.46062	5	1024	47103898	hg38.gc5Base.bw	0	100	1024	41100	2146000
585	10	5068560	5073680	chr10.46066	5	1024	47107994	hg38.gc5Base.bw	0	100	1024	42380	2252400
585	10	5554960	5560080	chr10.46161	5	1024	47205274	hg38.gc5Base.bw	0	100	1024	56060	3555600
585	10	5590800	5595920	chr10.46168	5	1024	47212442	hg38.gc5Base.bw	0	100	1024	51920	3124800
585	10	6010640	6015760	chr10.46250	5	1024	47296410	hg38.gc5Base.bw	0	100	1024	44920	2500000
585	10	6015760	6020880	chr10.46251	5	1024	47297434	hg38.gc5Base.bw	0	100	1024	51280	3030400
585	10	6113040	6118160	chr10.46270	5	1024	47316890	hg38.gc5Base.bw	0	100	1024	39800	2058400
585	10	6143760	6148880	chr10.46276	5	1024	47323034	hg38.gc5Base.bw	0	100	1024	60200	4120000
585	10	6179600	6184720	chr10.46283	5	1024	47330202	hg38.gc5Base.bw	0	100	1024	50980	3089200
585	10	6246160	6251280	chr10.46296	5	1024	47343514	hg38.gc5Base.bw	0	100	1024	44240	2494400
585	10	6317840	6322960	chr10.46310	5	1024	47357850	hg38.gc5Base.bw	0	100	1024	45840	2492800
585	10	6394640	6399760	chr10.46325	5	1024	47373210	hg38.gc5Base.bw	0	100	1024	43920	2428800
585	10	6456080	6461200	chr10.46337	5	1024	47385498	hg38.gc5Base.bw	0	100	1024	45280	2494400
585	10	6666000	6671120	chr10.46378	5	1024	47427482	hg38.gc5Base.bw	0	100	1024	38400	1954400
585	10	6875920	6881040	chr10.46419	5	1024	47469466	hg38.gc5Base.bw	0	100	1024	44820	2493200
585	10	7131920	7137040	chr10.46469	5	1024	47520666	hg38.gc5Base.bw	0	100	1024	42740	2243600
585	10	7193360	7198480	chr10.46481	5	1024	47532954	hg38.gc5Base.bw	0	100	1024	48340	2747600
585	10	8048400	8053520	chr10.46648	5	1024	47703962	hg38.gc5Base.bw	0	100	1024	62800	4516800
585	10	8130320	8135440	chr10.46664	5	1024	47720346	hg38.gc5Base.bw	0	100	1024	43220	2325200
585	10	8437520	8442640	chr10.46724	5	1024	47781786	hg38.gc5Base.bw	0	100	1024	44800	2447200
585	10	8473360	8478480	chr10.46731	5	1024	47788954	hg38.gc5Base.bw	0	100	1024	38040	1892800
585	10	8519440	8524560	chr10.46740	5	1024	47798170	hg38.gc5Base.bw	0	100	1024	43180	2296400
585	10	8565520	8570640	chr10.46749	5	1024	47807386	hg38.gc5Base.bw	0	100	1024	43080	2254400
585	10	8621840	8626960	chr10.46760	5	1024	47818650	hg38.gc5Base.bw	0	100	1024	39060	2010000
585	10	8647440	8652560	chr10.46765	5	1024	47823770	hg38.gc5Base.bw	0	100	1024	36600	1812000
585	10	8949520	8954640	chr10.46824	5	1024	47884186	hg38.gc5Base.bw	0	100	1024	34340	1598800
585	10	9072400	9077520	chr10.46848	5	1024	47908762	hg38.gc5Base.bw	0	100	1024	33600	1568000
585	10	9241360	9246480	chr10.46881	5	1024	47942554	hg38.gc5Base.bw	0	100	1024	38480	1936000
585	10	9256720	9261840	chr10.46884	5	1024	47945626	hg38.gc5Base.bw	0	100	1024	37320	1839200
585	10	9784080	9789200	chr10.46987	5	1024	48051098	hg38.gc5Base.bw	0	100	1024	38780	1922800
585	10	10506000	10511120	chr10.47128	5	1024	48195482	hg38.gc5Base.bw	0	100	1024	42220	2250800
585	10	10536720	10541840	chr10.47134	5	1024	48201626	hg38.gc5Base.bw	0	100	1024	46920	2623200
585	10	11058960	11064080	chr10.47236	5	1024	48306074	hg38.gc5Base.bw	0	100	1024	41940	2169200
585	10	11181840	11186960	chr10.47260	5	1024	48330650	hg38.gc5Base.bw	0	100	1024	38900	1934000
585	10	11345680	11350800	chr10.47292	5	1024	48363418	hg38.gc5Base.bw	0	100	1024	43940	2372400
585	10	11437840	11442960	chr10.47310	5	1024	48381850	hg38.gc5Base.bw	0	100	1024	48720	2836000
585	10	11668240	11673360	chr10.47355	5	1024	48427930	hg38.gc5Base.bw	0	100	1024	46560	2657600
585	10	11893520	11898640	chr10.47399	5	1024	48472986	hg38.gc5Base.bw	0	100	1024	53680	3382400
585	10	11898640	11903760	chr10.47400	5	1024	48474010	hg38.gc5Base.bw	0	100	1024	55300	3474000
585	10	12042000	12047120	chr10.47428	5	1024	48502682	hg38.gc5Base.bw	0	100	1024	50380	3133200
585	10	12118800	12123920	chr10.47443	5	1024	48518042	hg38.gc5Base.bw	0	100	1024	47200	2744000
585	10	12630800	12635920	chr10.47543	5	1024	48620442	hg38.gc5Base.bw	0	100	1024	49240	2848800
585	10	12850960	12856080	chr10.47586	5	1024	48664474	hg38.gc5Base.bw	0	100	1024	43740	2393200
585	10	12866320	12871440	chr10.47589	5	1024	48667546	hg38.gc5Base.bw	0	100	1024	44560	2468000
585	10	12953360	12958480	chr10.47606	5	1024	48684954	hg38.gc5Base.bw	0	100	1024	46240	2575200
585	10	12989200	12994320	chr10.47613	5	1024	48692122	hg38.gc5Base.bw	0	100	1024	44780	2463600
585	10	13219600	13224720	chr10.47658	5	1024	48738202	hg38.gc5Base.bw	0	100	1024	47760	2722400
585	10	13562640	13567760	chr10.47725	5	1024	48806810	hg38.gc5Base.bw	0	100	1024	45460	2548400
585	10	14330640	14335760	chr10.47875	5	1024	48960410	hg38.gc5Base.bw	0	100	1024	44820	2454800
585	10	14361360	14366480	chr10.47881	5	1024	48966554	hg38.gc5Base.bw	0	100	1024	48900	2797200
585	10	14427920	14433040	chr10.47894	5	1024	48979866	hg38.gc5Base.bw	0	100	1024	38140	1890000
585	10	14663440	14668560	chr10.47940	5	1024	49026970	hg38.gc5Base.bw	0	100	1024	40900	2093200
585	10	14965520	14970640	chr10.47999	5	1024	49087386	hg38.gc5Base.bw	0	100	1024	42820	2344400
585	10	15175440	15180560	chr10.48040	5	1024	49129370	hg38.gc5Base.bw	0	100	1024	44840	2576800
585	10	15498000	15503120	chr10.48103	5	1024	49193882	hg38.gc5Base.bw	0	100	1024	42140	2234800
585	10	16906000	16911120	chr10.48378	5	1024	49475482	hg38.gc5Base.bw	0	100	1024	40520	2115200
585	10	16941840	16946960	chr10.48385	5	1024	49482650	hg38.gc5Base.bw	0	100	1024	39280	2043200
585	10	16998160	17003280	chr10.48396	5	1024	49493914	hg38.gc5Base.bw	0	100	1024	41320	2137600
585	10	17300240	17305360	chr10.48455	5	1024	49554330	hg38.gc5Base.bw	0	100	1024	36900	1837200
585	10	17310480	17315600	chr10.48457	5	1024	49556378	hg38.gc5Base.bw	0	80	1024	34140	1574000
585	10	17320720	17325840	chr10.48459	5	1024	49558426	hg38.gc5Base.bw	0	100	1024	32940	1562000
585	10	17351440	17356560	chr10.48465	5	1024	49564570	hg38.gc5Base.bw	0	100	1024	36340	1741200
585	10	17479440	17484560	chr10.48490	5	1024	49590170	hg38.gc5Base.bw	0	100	1024	41820	2227600
585	10	17505040	17510160	chr10.48495	5	1024	49595290	hg38.gc5Base.bw	0	100	1024	42300	2236400
585	10	18160400	18165520	chr10.48623	5	1024	49726362	hg38.gc5Base.bw	0	100	1024	41740	2186800
585	10	18698000	18703120	chr10.48728	5	1024	49833882	hg38.gc5Base.bw	0	100	1024	40780	2078000
585	10	19256080	19261200	chr10.48837	5	1024	49945498	hg38.gc5Base.bw	0	100	1024	38060	1868400
585	10	19327760	19332880	chr10.48851	5	1024	49959834	hg38.gc5Base.bw	0	100	1024	35800	1708000
585	10	19373840	19378960	chr10.48860	5	1024	49969050	hg38.gc5Base.bw	0	100	1024	35460	1710000
585	10	19686160	19691280	chr10.48921	5	1024	50031514	hg38.gc5Base.bw	0	100	1024	38460	1976400
585	10	19829520	19834640	chr10.48949	5	1024	50060186	hg38.gc5Base.bw	0	100	1024	38300	1899600
585	10	19911440	19916560	chr10.48965	5	1024	50076570	hg38.gc5Base.bw	0	100	1024	36460	1745200
585	10	20310800	20315920	chr10.49043	5	1024	50156442	hg38.gc5Base.bw	0	100	1024	44880	2408000
585	10	20474640	20479760	chr10.49075	5	1024	50189210	hg38.gc5Base.bw	0	100	1024	36100	1710000
585	10	22998800	23003920	chr10.49568	5	1024	50694042	hg38.gc5Base.bw	0	100	1024	42900	2322800
585	10	23080720	23085840	chr10.49584	5	1024	50710426	hg38.gc5Base.bw	0	100	1024	37220	1828400
585	10	23628560	23633680	chr10.49691	5	1024	50819994	hg38.gc5Base.bw	0	100	1024	36820	1813200
585	10	24314640	24319760	chr10.49825	5	1024	50957210	hg38.gc5Base.bw	0	100	1024	45360	2544000
585	10	24376080	24381200	chr10.49837	5	1024	50969498	hg38.gc5Base.bw	0	100	1024	43800	2377600
585	10	25000720	25005840	chr10.49959	5	1024	51094426	hg38.gc5Base.bw	0	100	1024	36320	1765600
585	10	25896720	25901840	chr10.50134	5	1024	51273626	hg38.gc5Base.bw	0	100	1024	40020	2068400
585	10	26193680	26198800	chr10.50192	5	1024	51333018	hg38.gc5Base.bw	0	100	1024	42100	2223600
585	10	26413840	26418960	chr10.50235	5	1024	51377050	hg38.gc5Base.bw	0	100	1024	40600	2149600
585	10	26531600	26536720	chr10.50258	5	1024	51400602	hg38.gc5Base.bw	0	100	1024	39800	2074400
585	10	26639120	26644240	chr10.50279	5	1024	51422106	hg38.gc5Base.bw	0	100	1024	47280	2732800
585	10	26941200	26946320	chr10.50338	5	1024	51482522	hg38.gc5Base.bw	0	100	1024	46840	2672800
585	10	27939600	27944720	chr10.50533	5	1024	51682202	hg38.gc5Base.bw	0	100	1024	40180	2089200
585	10	28594960	28600080	chr10.50661	5	1024	51813274	hg38.gc5Base.bw	0	100	1024	35020	1621200
585	10	28733200	28738320	chr10.50688	5	1024	51840922	hg38.gc5Base.bw	0	100	1024	42920	2273600
585	10	29030160	29035280	chr10.50746	5	1024	51900314	hg38.gc5Base.bw	0	100	1024	42160	2198400
585	10	29112080	29117200	chr10.50762	5	1024	51916698	hg38.gc5Base.bw	0	100	1024	44900	2449200
585	10	29168400	29173520	chr10.50773	5	1024	51927962	hg38.gc5Base.bw	0	100	1024	40600	2094400
585	10	29275920	29281040	chr10.50794	5	1024	51949466	hg38.gc5Base.bw	0	100	1024	42600	2299200
585	10	29347600	29352720	chr10.50808	5	1024	51963802	hg38.gc5Base.bw	0	100	1024	41540	2179600
585	10	29567760	29572880	chr10.50851	5	1024	52007834	hg38.gc5Base.bw	0	100	1024	40540	2086800
585	10	29608720	29613840	chr10.50859	5	1024	52016026	hg38.gc5Base.bw	0	100	1024	50440	2948800
585	10	29752080	29757200	chr10.50887	5	1024	52044698	hg38.gc5Base.bw	0	100	1024	39680	2056800
585	10	30499600	30504720	chr10.51033	5	1024	52194202	hg38.gc5Base.bw	0	100	1024	44400	2424000
585	10	30540560	30545680	chr10.51041	5	1024	52202394	hg38.gc5Base.bw	0	100	1024	45860	2577200
585	10	30607120	30612240	chr10.51054	5	1024	52215706	hg38.gc5Base.bw	0	100	1024	45700	2542800
585	10	30683920	30689040	chr10.51069	5	1024	52231066	hg38.gc5Base.bw	0	100	1024	45340	2523600
585	10	30842640	30847760	chr10.51100	5	1024	52262810	hg38.gc5Base.bw	0	100	1024	48460	2844400
585	10	32061200	32066320	chr10.51338	5	1024	52506522	hg38.gc5Base.bw	0	100	1024	41360	2214400
585	10	32204560	32209680	chr10.51366	5	1024	52535194	hg38.gc5Base.bw	0	100	1024	43760	2405600
585	10	32619280	32624400	chr10.51447	5	1024	52618138	hg38.gc5Base.bw	0	100	1024	37080	1852000
585	10	32890640	32895760	chr10.51500	5	1024	52672410	hg38.gc5Base.bw	0	100	1024	43060	2368400
585	10	33162000	33167120	chr10.51553	5	1024	52726682	hg38.gc5Base.bw	0	100	1024	43020	2326000
585	10	33238800	33243920	chr10.51568	5	1024	52742042	hg38.gc5Base.bw	0	100	1024	39500	2011600
585	10	33249040	33254160	chr10.51570	5	1024	52744090	hg38.gc5Base.bw	0	100	1024	44840	2470400
585	10	33279760	33284880	chr10.51576	5	1024	52750234	hg38.gc5Base.bw	0	100	1024	39300	2022800
585	10	33356560	33361680	chr10.51591	5	1024	52765594	hg38.gc5Base.bw	0	100	1024	42140	2257200
585	10	33858320	33863440	chr10.51689	5	1024	52865946	hg38.gc5Base.bw	0	100	1024	42420	2283600
585	10	34109200	34114320	chr10.51738	5	1024	52916122	hg38.gc5Base.bw	0	100	1024	45920	2560800
585	10	34216720	34221840	chr10.51759	5	1024	52937626	hg38.gc5Base.bw	0	100	1024	43240	2311200
585	10	34237200	34242320	chr10.51763	5	1024	52941722	hg38.gc5Base.bw	0	100	1024	40600	2120000
585	10	35153680	35158800	chr10.51942	5	1024	53125018	hg38.gc5Base.bw	0	100	1024	39260	2040400
585	10	35670800	35675920	chr10.52043	5	1024	53228442	hg38.gc5Base.bw	0	100	1024	43980	2391600
585	10	35752720	35757840	chr10.52059	5	1024	53244826	hg38.gc5Base.bw	0	100	1024	40280	2082400
585	10	35957520	35962640	chr10.52099	5	1024	53285786	hg38.gc5Base.bw	0	100	1024	43380	2314000
585	10	36090640	36095760	chr10.52125	5	1024	53312410	hg38.gc5Base.bw	0	100	1024	40880	2124000
585	10	36362000	36367120	chr10.52178	5	1024	53366682	hg38.gc5Base.bw	0	100	1024	43200	2412000
585	10	36761360	36766480	chr10.52256	5	1024	53446554	hg38.gc5Base.bw	0	100	1024	39480	2134400
585	10	36991760	36996880	chr10.52301	5	1024	53492634	hg38.gc5Base.bw	0	100	1024	42480	2259200
585	10	42419110	42424230	chr10.53317	5	1024	54503322	hg38.gc5Base.bw	0	100	1024	46200	2541600
585	10	42972070	42977190	chr10.53425	5	1024	54613914	hg38.gc5Base.bw	0	100	1024	53320	3300000
585	10	43028390	43033510	chr10.53436	5	1024	54625178	hg38.gc5Base.bw	0	100	1024	45200	2532800
585	10	43376550	43381670	chr10.53504	5	1024	54694810	hg38.gc5Base.bw	0	100	1024	51760	3136800
585	10	43709350	43714470	chr10.53569	5	1024	54761370	hg38.gc5Base.bw	0	100	1024	49820	2908400
585	10	43801510	43806630	chr10.53587	5	1024	54779802	hg38.gc5Base.bw	0	100	1024	44500	2467600
585	10	43960230	43965350	chr10.53618	5	1024	54811546	hg38.gc5Base.bw	0	100	1024	50140	2942800
585	10	44021670	44026790	chr10.53630	5	1024	54823834	hg38.gc5Base.bw	0	100	1024	43620	2349200
585	10	44216230	44221350	chr10.53668	5	1024	54862746	hg38.gc5Base.bw	0	100	1024	36720	1755200
585	10	44369830	44374950	chr10.53698	5	1024	54893466	hg38.gc5Base.bw	0	100	1024	51320	3086400
585	10	44390310	44395430	chr10.53702	5	1024	54897562	hg38.gc5Base.bw	0	100	1024	50640	2965600
585	10	44886950	44892070	chr10.53799	5	1024	54996890	hg38.gc5Base.bw	0	100	1024	50100	2958800
585	10	44999590	45004710	chr10.53821	5	1024	55019418	hg38.gc5Base.bw	0	100	1024	43800	2499200
585	10	45014950	45020070	chr10.53824	5	1024	55022490	hg38.gc5Base.bw	0	100	1024	39380	1954800
585	10	45434790	45439910	chr10.53906	5	1024	55106458	hg38.gc5Base.bw	0	100	1024	44000	2420800
585	10	45439910	45445030	chr10.53907	5	1024	55107482	hg38.gc5Base.bw	0	100	1024	61520	4133600
585	10	49272625	49277745	chr10.54639	5	1024	55856026	hg38.gc5Base.bw	0	100	1024	50640	3038400
585	10	49385265	49390385	chr10.54661	5	1024	55878554	hg38.gc5Base.bw	0	100	1024	49200	2896000
585	10	49441585	49446705	chr10.54672	5	1024	55889818	hg38.gc5Base.bw	0	100	1024	43420	2384400
585	10	49467185	49472305	chr10.54677	5	1024	55894938	hg38.gc5Base.bw	0	80	1024	40920	2092800
585	10	49625905	49631025	chr10.54708	5	1024	55926682	hg38.gc5Base.bw	0	100	1024	51360	3050400
585	10	49697585	49702705	chr10.54722	5	1024	55941018	hg38.gc5Base.bw	0	100	1024	49460	2910000
585	10	49769265	49774385	chr10.54736	5	1024	55955354	hg38.gc5Base.bw	0	100	1024	42700	2282000
585	10	50588465	50593585	chr10.54896	5	1024	56119194	hg38.gc5Base.bw	0	100	1024	42360	2279200
585	10	50598705	50603825	chr10.54898	5	1024	56121242	hg38.gc5Base.bw	0	100	1024	40600	2062400
585	10	50608945	50614065	chr10.54900	5	1024	56123290	hg38.gc5Base.bw	0	100	1024	46500	2609200
585	10	50864945	50870065	chr10.54950	5	1024	56174490	hg38.gc5Base.bw	0	100	1024	36560	1774400
585	10	51069745	51074865	chr10.54990	5	1024	56215450	hg38.gc5Base.bw	0	100	1024	43880	2516800
585	10	51448625	51453745	chr10.55064	5	1024	56291226	hg38.gc5Base.bw	0	100	1024	32800	1464800
585	10	51499825	51504945	chr10.55074	5	1024	56301466	hg38.gc5Base.bw	0	100	1024	37780	1818000
585	10	51853105	51858225	chr10.55143	5	1024	56372122	hg38.gc5Base.bw	0	100	1024	37140	1866800
585	10	52626225	52631345	chr10.55294	5	1024	56526746	hg38.gc5Base.bw	0	100	1024	36120	1722400
585	10	52667185	52672305	chr10.55302	5	1024	56534938	hg38.gc5Base.bw	0	100	1024	37640	1869600
585	10	53102385	53107505	chr10.55387	5	1024	56621978	hg38.gc5Base.bw	0	100	1024	36280	1756000
585	10	53517105	53522225	chr10.55468	5	1024	56704922	hg38.gc5Base.bw	0	100	1024	37620	1909200
585	10	53834545	53839665	chr10.55530	5	1024	56768410	hg38.gc5Base.bw	0	100	1024	36780	1869200
585	10	54111025	54116145	chr10.55584	5	1024	56823706	hg38.gc5Base.bw	0	100	1024	38060	1896400
585	10	54274865	54279985	chr10.55616	5	1024	56856474	hg38.gc5Base.bw	0	100	1024	32460	1473200
585	10	54356785	54361905	chr10.55632	5	1024	56872858	hg38.gc5Base.bw	0	100	1024	35780	1698000
585	10	55063345	55068465	chr10.55770	5	1024	57014170	hg38.gc5Base.bw	0	80	1024	31680	1408800
585	10	55083825	55088945	chr10.55774	5	1024	57018266	hg38.gc5Base.bw	0	100	1024	31920	1464000
585	10	55124785	55129905	chr10.55782	5	1024	57026458	hg38.gc5Base.bw	0	80	1024	36700	1706000
585	10	55483185	55488305	chr10.55852	5	1024	57098138	hg38.gc5Base.bw	0	100	1024	34580	1616400
585	10	55575345	55580465	chr10.55870	5	1024	57116570	hg38.gc5Base.bw	0	100	1024	35740	1783600
585	10	55831345	55836465	chr10.55920	5	1024	57167770	hg38.gc5Base.bw	0	100	1024	30940	1354000
585	10	56087345	56092465	chr10.55970	5	1024	57218970	hg38.gc5Base.bw	0	100	1024	39540	1978000
585	10	56256305	56261425	chr10.56003	5	1024	57252762	hg38.gc5Base.bw	0	100	1024	33080	1472800
585	10	56578865	56583985	chr10.56066	5	1024	57317274	hg38.gc5Base.bw	0	100	1024	34820	1627600
585	10	56860465	56865585	chr10.56121	5	1024	57373594	hg38.gc5Base.bw	0	100	1024	36340	1693200
585	10	57408305	57413425	chr10.56228	5	1024	57483162	hg38.gc5Base.bw	0	80	1024	36660	1729200
585	10	58073905	58079025	chr10.56358	5	1024	57616282	hg38.gc5Base.bw	0	100	1024	40200	2037600
585	10	58381105	58386225	chr10.56418	5	1024	57677722	hg38.gc5Base.bw	0	100	1024	42340	2340400
585	10	58867505	58872625	chr10.56513	5	1024	57775002	hg38.gc5Base.bw	0	100	1024	36480	1827200
585	10	59087665	59092785	chr10.56556	5	1024	57819034	hg38.gc5Base.bw	0	100	1024	40860	2072400
585	10	59118385	59123505	chr10.56562	5	1024	57825178	hg38.gc5Base.bw	0	100	1024	35080	1695200
585	10	59661105	59666225	chr10.56668	5	1024	57933722	hg38.gc5Base.bw	0	100	1024	38480	1920000
585	10	59707185	59712305	chr10.56677	5	1024	57942938	hg38.gc5Base.bw	0	100	1024	52020	3277200
585	10	59732785	59737905	chr10.56682	5	1024	57948058	hg38.gc5Base.bw	0	100	1024	40500	2074000
585	10	59789105	59794225	chr10.56693	5	1024	57959322	hg38.gc5Base.bw	0	100	1024	40440	2088800
585	10	59999025	60004145	chr10.56734	5	1024	58001306	hg38.gc5Base.bw	0	100	1024	43180	2312400
585	10	60039985	60045105	chr10.56742	5	1024	58009498	hg38.gc5Base.bw	0	100	1024	38220	1834800
585	10	60859185	60864305	chr10.56902	5	1024	58173338	hg38.gc5Base.bw	0	100	1024	43540	2327600
585	10	61012785	61017905	chr10.56932	5	1024	58204058	hg38.gc5Base.bw	0	100	1024	35880	1746400
585	10	61243185	61248305	chr10.56977	5	1024	58250138	hg38.gc5Base.bw	0	100	1024	39700	1962000
585	10	61770545	61775665	chr10.57080	5	1024	58355610	hg38.gc5Base.bw	0	100	1024	37000	1800800
585	10	62886705	62891825	chr10.57298	5	1024	58578842	hg38.gc5Base.bw	0	100	1024	42720	2250400
585	10	63521585	63526705	chr10.57422	5	1024	58705818	hg38.gc5Base.bw	0	100	1024	45020	2614000
585	10	64146225	64151345	chr10.57544	5	1024	58830746	hg38.gc5Base.bw	0	100	1024	37200	1805600
585	10	64233265	64238385	chr10.57561	5	1024	58848154	hg38.gc5Base.bw	0	100	1024	36400	1743200
585	10	65902385	65907505	chr10.57887	5	1024	59181978	hg38.gc5Base.bw	0	100	1024	42920	2328000
585	10	66214705	66219825	chr10.57948	5	1024	59244442	hg38.gc5Base.bw	0	100	1024	40300	2038800
585	10	66230065	66235185	chr10.57951	5	1024	59247514	hg38.gc5Base.bw	0	100	1024	37220	1889200
585	10	66317105	66322225	chr10.57968	5	1024	59264922	hg38.gc5Base.bw	0	100	1024	36460	1778800
585	10	66460465	66465585	chr10.57996	5	1024	59293594	hg38.gc5Base.bw	0	100	1024	37080	1828000
585	10	66701105	66706225	chr10.58043	5	1024	59341722	hg38.gc5Base.bw	0	100	1024	35940	1690000
585	10	66880305	66885425	chr10.58078	5	1024	59377562	hg38.gc5Base.bw	0	100	1024	39100	1949200
585	10	66951985	66957105	chr10.58092	5	1024	59391898	hg38.gc5Base.bw	0	100	1024	37640	1832800
585	10	67791665	67796785	chr10.58256	5	1024	59559834	hg38.gc5Base.bw	0	100	1024	41320	2223200
585	10	68155185	68160305	chr10.58327	5	1024	59632538	hg38.gc5Base.bw	0	100	1024	38780	1971600
585	10	68457265	68462385	chr10.58386	5	1024	59692954	hg38.gc5Base.bw	0	100	1024	43640	2445600
585	10	68477745	68482865	chr10.58390	5	1024	59697050	hg38.gc5Base.bw	0	100	1024	42120	2352000
585	10	68580145	68585265	chr10.58410	5	1024	59717530	hg38.gc5Base.bw	0	100	1024	44500	2526800
585	10	68585265	68590385	chr10.58411	5	1024	59718554	hg38.gc5Base.bw	0	100	1024	43380	2362800
585	10	68759345	68764465	chr10.58445	5	1024	59753370	hg38.gc5Base.bw	0	100	1024	43340	2448400
585	10	69675825	69680945	chr10.58624	5	1024	59936666	hg38.gc5Base.bw	0	100	1024	50620	2967600
585	10	69947185	69952305	chr10.58677	5	1024	59990938	hg38.gc5Base.bw	0	100	1024	49080	2830400
585	10	70310705	70315825	chr10.58748	5	1024	60063642	hg38.gc5Base.bw	0	100	1024	49000	2824800
585	10	70320945	70326065	chr10.58750	5	1024	60065690	hg38.gc5Base.bw	0	100	1024	57840	3716000
585	10	70500145	70505265	chr10.58785	5	1024	60101530	hg38.gc5Base.bw	0	100	1024	47640	2743200
585	10	70699825	70704945	chr10.58824	5	1024	60141466	hg38.gc5Base.bw	0	100	1024	53980	3271600
585	10	70720305	70725425	chr10.58828	5	1024	60145562	hg38.gc5Base.bw	0	100	1024	50020	2909200
585	10	71181105	71186225	chr10.58918	5	1024	60237722	hg38.gc5Base.bw	0	100	1024	51200	3056000
585	10	71222065	71227185	chr10.58926	5	1024	60245914	hg38.gc5Base.bw	0	100	1024	51680	3084800
585	10	71283505	71288625	chr10.58938	5	1024	60258202	hg38.gc5Base.bw	0	100	1024	59640	3856800
585	10	71524145	71529265	chr10.58985	5	1024	60306330	hg38.gc5Base.bw	0	100	1024	56680	3568000
585	10	71544625	71549745	chr10.58989	5	1024	60310426	hg38.gc5Base.bw	0	100	1024	54480	3353600
585	10	71549745	71554865	chr10.58990	5	1024	60311450	hg38.gc5Base.bw	0	100	1024	52260	3156400
585	10	71585585	71590705	chr10.58997	5	1024	60318618	hg38.gc5Base.bw	0	100	1024	48700	2824400
585	10	71984945	71990065	chr10.59075	5	1024	60398490	hg38.gc5Base.bw	0	100	1024	48800	2835200
585	10	73239345	73244465	chr10.59320	5	1024	60649370	hg38.gc5Base.bw	0	100	1024	40040	2049600
585	10	74488625	74493745	chr10.59564	5	1024	60899226	hg38.gc5Base.bw	0	100	1024	33200	1510400
585	10	75891505	75896625	chr10.59838	5	1024	61179802	hg38.gc5Base.bw	0	100	1024	43140	2271600
585	10	76347185	76352305	chr10.59927	5	1024	61270938	hg38.gc5Base.bw	0	100	1024	39320	1991200
585	10	77412145	77417265	chr10.60135	5	1024	61483930	hg38.gc5Base.bw	0	100	1024	51320	3071200
585	10	77703985	77709105	chr10.60192	5	1024	61542298	hg38.gc5Base.bw	0	100	1024	41400	2191200
585	10	78328625	78333745	chr10.60314	5	1024	61667226	hg38.gc5Base.bw	0	100	1024	50840	3002400
585	10	78405425	78410545	chr10.60329	5	1024	61682586	hg38.gc5Base.bw	0	100	1024	56880	3543200
585	10	78738225	78743345	chr10.60394	5	1024	61749146	hg38.gc5Base.bw	0	100	1024	49740	2873200
585	10	79106865	79111985	chr10.60466	5	1024	61822874	hg38.gc5Base.bw	0	100	1024	55700	3448400
585	10	79142705	79147825	chr10.60473	5	1024	61830042	hg38.gc5Base.bw	0	100	1024	57020	3602800
585	10	79444785	79449905	chr10.60532	5	1024	61890458	hg38.gc5Base.bw	0	100	1024	58300	3885200
585	10	80146225	80151345	chr10.60669	5	1024	62030746	hg38.gc5Base.bw	0	100	1024	44880	2469600
585	10	80320305	80325425	chr10.60703	5	1024	62065562	hg38.gc5Base.bw	0	100	1024	41600	2212000
585	10	80545585	80550705	chr10.60747	5	1024	62110618	hg38.gc5Base.bw	0	100	1024	49000	2879200
585	10	80714545	80719665	chr10.60780	5	1024	62144410	hg38.gc5Base.bw	0	100	1024	48800	2754400
585	10	80822065	80827185	chr10.60801	5	1024	62165914	hg38.gc5Base.bw	0	100	1024	40420	2146800
585	10	81467185	81472305	chr10.60927	5	1024	62294938	hg38.gc5Base.bw	0	100	1024	35600	1710400
585	10	82204465	82209585	chr10.61071	5	1024	62442394	hg38.gc5Base.bw	0	80	1024	38720	1873600
585	10	82573105	82578225	chr10.61143	5	1024	62516122	hg38.gc5Base.bw	0	100	1024	35300	1639600
585	10	82624305	82629425	chr10.61153	5	1024	62526362	hg38.gc5Base.bw	0	100	1024	36560	1764800
585	10	82772785	82777905	chr10.61182	5	1024	62556058	hg38.gc5Base.bw	0	80	1024	36440	1752800
585	10	82793265	82798385	chr10.61186	5	1024	62560154	hg38.gc5Base.bw	0	100	1024	37280	1795200
585	10	82900785	82905905	chr10.61207	5	1024	62581658	hg38.gc5Base.bw	0	100	1024	35180	1652400
585	10	83310385	83315505	chr10.61287	5	1024	62663578	hg38.gc5Base.bw	0	100	1024	42400	2259200
585	10	83330865	83335985	chr10.61291	5	1024	62667674	hg38.gc5Base.bw	0	100	1024	36520	1726400
585	10	83453745	83458865	chr10.61315	5	1024	62692250	hg38.gc5Base.bw	0	100	1024	39300	2055600
585	10	83704625	83709745	chr10.61364	5	1024	62742426	hg38.gc5Base.bw	0	100	1024	38680	1929600
585	10	83858225	83863345	chr10.61394	5	1024	62773146	hg38.gc5Base.bw	0	100	1024	35780	1725200
585	10	84139825	84144945	chr10.61449	5	1024	62829466	hg38.gc5Base.bw	0	100	1024	39740	2057200
585	10	84231985	84237105	chr10.61467	5	1024	62847898	hg38.gc5Base.bw	0	100	1024	49120	2913600
585	10	84513585	84518705	chr10.61522	5	1024	62904218	hg38.gc5Base.bw	0	100	1024	36980	1794000
585	10	84754225	84759345	chr10.61569	5	1024	62952346	hg38.gc5Base.bw	0	100	1024	41300	2117200
585	10	84846385	84851505	chr10.61587	5	1024	62970778	hg38.gc5Base.bw	0	100	1024	42200	2206400
585	10	84948785	84953905	chr10.61607	5	1024	62991258	hg38.gc5Base.bw	0	100	1024	42860	2262000
585	10	85291825	85296945	chr10.61674	5	1024	63059866	hg38.gc5Base.bw	0	100	1024	33220	1489200
585	10	85368625	85373745	chr10.61689	5	1024	63075226	hg38.gc5Base.bw	0	100	1024	33900	1586000
585	10	85450545	85455665	chr10.61705	5	1024	63091610	hg38.gc5Base.bw	0	100	1024	46340	2541200
585	10	85686065	85691185	chr10.61751	5	1024	63138714	hg38.gc5Base.bw	0	100	1024	35380	1700400
585	10	86085425	86090545	chr10.61829	5	1024	63218586	hg38.gc5Base.bw	0	100	1024	48000	2730400
585	10	86930225	86935345	chr10.61994	5	1024	63387546	hg38.gc5Base.bw	0	100	1024	45280	2539200
585	10	86966065	86971185	chr10.62001	5	1024	63394714	hg38.gc5Base.bw	0	100	1024	61660	4136400
585	10	88051505	88056625	chr10.62213	5	1024	63611802	hg38.gc5Base.bw	0	100	1024	41880	2221600
585	10	88578865	88583985	chr10.62316	5	1024	63717274	hg38.gc5Base.bw	0	100	1024	40980	2208400
585	10	88691505	88696625	chr10.62338	5	1024	63739802	hg38.gc5Base.bw	0	100	1024	32280	1518400
585	10	88819505	88824625	chr10.62363	5	1024	63765402	hg38.gc5Base.bw	0	100	1024	39860	2061200
585	10	88845105	88850225	chr10.62368	5	1024	63770522	hg38.gc5Base.bw	0	100	1024	38100	1856400
585	10	88911665	88916785	chr10.62381	5	1024	63783834	hg38.gc5Base.bw	0	100	1024	39400	1972000
585	10	88983345	88988465	chr10.62395	5	1024	63798170	hg38.gc5Base.bw	0	100	1024	39920	2009600
585	10	89239345	89244465	chr10.62445	5	1024	63849370	hg38.gc5Base.bw	0	100	1024	42900	2288400
585	10	89689905	89695025	chr10.62533	5	1024	63939482	hg38.gc5Base.bw	0	100	1024	37040	1744000
585	10	90160945	90166065	chr10.62625	5	1024	64033690	hg38.gc5Base.bw	0	100	1024	39100	1960400
585	10	90176305	90181425	chr10.62628	5	1024	64036762	hg38.gc5Base.bw	0	100	1024	40040	1984800
585	10	90278705	90283825	chr10.62648	5	1024	64057242	hg38.gc5Base.bw	0	100	1024	32500	1466000
585	10	91021105	91026225	chr10.62793	5	1024	64205722	hg38.gc5Base.bw	0	100	1024	43660	2320400
585	10	91031345	91036465	chr10.62795	5	1024	64207770	hg38.gc5Base.bw	0	100	1024	44540	2405200
585	10	91615025	91620145	chr10.62909	5	1024	64324506	hg38.gc5Base.bw	0	100	1024	34440	1677600
585	10	92700465	92705585	chr10.63121	5	1024	64541594	hg38.gc5Base.bw	0	100	1024	42120	2304800
585	10	92797745	92802865	chr10.63140	5	1024	64561050	hg38.gc5Base.bw	0	100	1024	40760	2124000
585	10	92951345	92956465	chr10.63170	5	1024	64591770	hg38.gc5Base.bw	0	100	1024	36080	1772000
585	10	92992305	92997425	chr10.63178	5	1024	64599962	hg38.gc5Base.bw	0	100	1024	31440	1405600
585	10	93453105	93458225	chr10.63268	5	1024	64692122	hg38.gc5Base.bw	0	100	1024	45820	2610800
585	10	93570865	93575985	chr10.63291	5	1024	64715674	hg38.gc5Base.bw	0	100	1024	47500	2654000
585	10	93678385	93683505	chr10.63312	5	1024	64737178	hg38.gc5Base.bw	0	100	1024	36920	1830400
585	10	93980465	93985585	chr10.63371	5	1024	64797594	hg38.gc5Base.bw	0	100	1024	37340	1920400
585	10	94205745	94210865	chr10.63415	5	1024	64842650	hg38.gc5Base.bw	0	100	1024	41440	2168800
585	10	94702385	94707505	chr10.63512	5	1024	64941978	hg38.gc5Base.bw	0	100	1024	43180	2323600
585	10	94830385	94835505	chr10.63537	5	1024	64967578	hg38.gc5Base.bw	0	100	1024	37980	1885200
585	10	95004465	95009585	chr10.63571	5	1024	65002394	hg38.gc5Base.bw	0	100	1024	37280	1777600
585	10	95045425	95050545	chr10.63579	5	1024	65010586	hg38.gc5Base.bw	0	100	1024	41260	2110800
585	10	95250225	95255345	chr10.63619	5	1024	65051546	hg38.gc5Base.bw	0	100	1024	39840	2044800
585	10	95280945	95286065	chr10.63625	5	1024	65057690	hg38.gc5Base.bw	0	100	1024	42980	2295600
585	10	95321905	95327025	chr10.63633	5	1024	65065882	hg38.gc5Base.bw	0	100	1024	44700	2456400
585	10	95357745	95362865	chr10.63640	5	1024	65073050	hg38.gc5Base.bw	0	100	1024	46360	2589600
585	10	95455025	95460145	chr10.63659	5	1024	65092506	hg38.gc5Base.bw	0	100	1024	43040	2280000
585	10	95506225	95511345	chr10.63669	5	1024	65102746	hg38.gc5Base.bw	0	100	1024	42760	2308000
585	10	95536945	95542065	chr10.63675	5	1024	65108890	hg38.gc5Base.bw	0	100	1024	50000	2892000
585	10	95603505	95608625	chr10.63688	5	1024	65122202	hg38.gc5Base.bw	0	100	1024	47380	2704400
585	10	95839025	95844145	chr10.63734	5	1024	65169306	hg38.gc5Base.bw	0	100	1024	42160	2217600
585	10	96202545	96207665	chr10.63805	5	1024	65242010	hg38.gc5Base.bw	0	100	1024	40560	2126400
585	10	97892145	97897265	chr10.64135	5	1024	65579930	hg38.gc5Base.bw	0	100	1024	50600	3059200
585	10	98025265	98030385	chr10.64161	5	1024	65606554	hg38.gc5Base.bw	0	100	1024	54580	3405200
585	10	98332465	98337585	chr10.64221	5	1024	65667994	hg38.gc5Base.bw	0	100	1024	44340	2406000
585	10	98429745	98434865	chr10.64240	5	1024	65687450	hg38.gc5Base.bw	0	100	1024	49440	2935200
585	10	99786545	99791665	chr10.64505	5	1024	65958810	hg38.gc5Base.bw	0	100	1024	43260	2372400
585	10	99842865	99847985	chr10.64516	5	1024	65970074	hg38.gc5Base.bw	0	100	1024	49500	2872400
585	10	100441905	100447025	chr10.64633	5	1024	66089882	hg38.gc5Base.bw	0	100	1024	43680	2412800
585	10	100866865	100871985	chr10.64716	5	1024	66174874	hg38.gc5Base.bw	0	100	1024	55280	3488000
585	10	101061425	101066545	chr10.64754	5	1024	66213786	hg38.gc5Base.bw	0	100	1024	59940	3960400
585	10	101102385	101107505	chr10.64762	5	1024	66221978	hg38.gc5Base.bw	0	100	1024	47120	2694400
585	10	101112625	101117745	chr10.64764	5	1024	66224026	hg38.gc5Base.bw	0	100	1024	50120	3000800
585	10	101317425	101322545	chr10.64804	5	1024	66264986	hg38.gc5Base.bw	0	100	1024	51080	3012000
585	10	102064945	102070065	chr10.64950	5	1024	66414490	hg38.gc5Base.bw	0	100	1024	60060	4030000
585	10	102433585	102438705	chr10.65022	5	1024	66488218	hg38.gc5Base.bw	0	100	1024	53940	3372400
585	10	102991665	102996785	chr10.65131	5	1024	66599834	hg38.gc5Base.bw	0	100	1024	42760	2289600
585	10	103431985	103437105	chr10.65217	5	1024	66687898	hg38.gc5Base.bw	0	100	1024	46880	2643200
585	10	103493425	103498545	chr10.65229	5	1024	66700186	hg38.gc5Base.bw	0	100	1024	55120	3622400
585	10	104143665	104148785	chr10.65356	5	1024	66830234	hg38.gc5Base.bw	0	100	1024	39920	2008000
585	10	104164145	104169265	chr10.65360	5	1024	66834330	hg38.gc5Base.bw	0	100	1024	40900	2118800
585	10	104537905	104543025	chr10.65433	5	1024	66909082	hg38.gc5Base.bw	0	100	1024	47420	2675600
585	10	104752945	104758065	chr10.65475	5	1024	66952090	hg38.gc5Base.bw	0	100	1024	42420	2242800
585	10	105479985	105485105	chr10.65617	5	1024	67097498	hg38.gc5Base.bw	0	100	1024	43000	2326400
585	10	105495345	105500465	chr10.65620	5	1024	67100570	hg38.gc5Base.bw	0	100	1024	39360	1988000
585	10	105648945	105654065	chr10.65650	5	1024	67131290	hg38.gc5Base.bw	0	100	1024	37920	1879200
585	10	105695025	105700145	chr10.65659	5	1024	67140506	hg38.gc5Base.bw	0	100	1024	41160	2116000
585	10	105991985	105997105	chr10.65717	5	1024	67199898	hg38.gc5Base.bw	0	100	1024	35500	1654000
585	10	106498865	106503985	chr10.65816	5	1024	67301274	hg38.gc5Base.bw	0	100	1024	39140	1956400
585	10	106980145	106985265	chr10.65910	5	1024	67397530	hg38.gc5Base.bw	0	100	1024	37780	1902000
585	10	107302705	107307825	chr10.65973	5	1024	67462042	hg38.gc5Base.bw	0	100	1024	41420	2123600
585	10	107814705	107819825	chr10.66073	5	1024	67564442	hg38.gc5Base.bw	0	100	1024	41380	2179600
585	10	107911985	107917105	chr10.66092	5	1024	67583898	hg38.gc5Base.bw	0	100	1024	44840	2536000
585	10	107999025	108004145	chr10.66109	5	1024	67601306	hg38.gc5Base.bw	0	100	1024	36820	1818000
585	10	108075825	108080945	chr10.66124	5	1024	67616666	hg38.gc5Base.bw	0	100	1024	34080	1542400
585	10	108229425	108234545	chr10.66154	5	1024	67647386	hg38.gc5Base.bw	0	100	1024	39060	1954800
585	10	108377905	108383025	chr10.66183	5	1024	67677082	hg38.gc5Base.bw	0	100	1024	37780	1823600
585	10	108623665	108628785	chr10.66231	5	1024	67726234	hg38.gc5Base.bw	0	100	1024	38240	1922400
585	10	108859185	108864305	chr10.66277	5	1024	67773338	hg38.gc5Base.bw	0	100	1024	37820	1894000
585	10	109197105	109202225	chr10.66343	5	1024	67840922	hg38.gc5Base.bw	0	100	1024	37800	1844800
585	10	109232945	109238065	chr10.66350	5	1024	67848090	hg38.gc5Base.bw	0	100	1024	39160	1968000
585	10	109289265	109294385	chr10.66361	5	1024	67859354	hg38.gc5Base.bw	0	100	1024	41580	2214000
585	10	109586225	109591345	chr10.66419	5	1024	67918746	hg38.gc5Base.bw	0	100	1024	40400	2082400
585	10	109642545	109647665	chr10.66430	5	1024	67930010	hg38.gc5Base.bw	0	100	1024	39940	2038800
585	10	109775665	109780785	chr10.66456	5	1024	67956634	hg38.gc5Base.bw	0	100	1024	42800	2260000
585	10	109816625	109821745	chr10.66464	5	1024	67964826	hg38.gc5Base.bw	0	100	1024	47640	2691200
585	10	109872945	109878065	chr10.66475	5	1024	67976090	hg38.gc5Base.bw	0	100	1024	45660	2561200
585	10	110190385	110195505	chr10.66537	5	1024	68039578	hg38.gc5Base.bw	0	100	1024	39940	2070000
585	10	110384945	110390065	chr10.66575	5	1024	68078490	hg38.gc5Base.bw	0	100	1024	46860	2680400
585	10	110615345	110620465	chr10.66620	5	1024	68124570	hg38.gc5Base.bw	0	100	1024	51480	3023200
585	10	110702385	110707505	chr10.66637	5	1024	68141978	hg38.gc5Base.bw	0	100	1024	40740	2137200
585	10	110727985	110733105	chr10.66642	5	1024	68147098	hg38.gc5Base.bw	0	100	1024	46080	2564000
585	10	110738225	110743345	chr10.66644	5	1024	68149146	hg38.gc5Base.bw	0	100	1024	49860	2876400
585	10	110768945	110774065	chr10.66650	5	1024	68155290	hg38.gc5Base.bw	0	100	1024	41660	2198800
585	10	110896945	110902065	chr10.66675	5	1024	68180890	hg38.gc5Base.bw	0	100	1024	35920	1741600
585	10	111158065	111163185	chr10.66726	5	1024	68233114	hg38.gc5Base.bw	0	100	1024	41920	2180000
585	10	112151345	112156465	chr10.66920	5	1024	68431770	hg38.gc5Base.bw	0	100	1024	39920	2011200
585	10	112356145	112361265	chr10.66960	5	1024	68472730	hg38.gc5Base.bw	0	100	1024	43920	2385600
585	10	112678705	112683825	chr10.67023	5	1024	68537242	hg38.gc5Base.bw	0	100	1024	37140	1862800
585	10	113119025	113124145	chr10.67109	5	1024	68625306	hg38.gc5Base.bw	0	100	1024	40580	2125200
585	10	113564465	113569585	chr10.67196	5	1024	68714394	hg38.gc5Base.bw	0	100	1024	48240	2764800
585	10	113748785	113753905	chr10.67232	5	1024	68751258	hg38.gc5Base.bw	0	100	1024	42840	2310400
585	10	113799985	113805105	chr10.67242	5	1024	68761498	hg38.gc5Base.bw	0	100	1024	41800	2184800
585	10	114199345	114204465	chr10.67320	5	1024	68841370	hg38.gc5Base.bw	0	100	1024	39100	1967600
585	10	114317105	114322225	chr10.67343	5	1024	68864922	hg38.gc5Base.bw	0	100	1024	49220	2877200
585	10	114885425	114890545	chr10.67454	5	1024	68978586	hg38.gc5Base.bw	0	100	1024	44860	2465200
585	10	115069745	115074865	chr10.67490	5	1024	69015450	hg38.gc5Base.bw	0	100	1024	38840	1953600
585	10	115213105	115218225	chr10.67518	5	1024	69044122	hg38.gc5Base.bw	0	100	1024	33440	1571200
585	10	115873585	115878705	chr10.67647	5	1024	69176218	hg38.gc5Base.bw	0	100	1024	38940	1915600
585	10	115904305	115909425	chr10.67653	5	1024	69182362	hg38.gc5Base.bw	0	100	1024	39100	2010800
585	10	116047665	116052785	chr10.67681	5	1024	69211034	hg38.gc5Base.bw	0	100	1024	49280	2842400
585	10	116196145	116201265	chr10.67710	5	1024	69240730	hg38.gc5Base.bw	0	100	1024	42240	2298400
585	10	116431665	116436785	chr10.67756	5	1024	69287834	hg38.gc5Base.bw	0	100	1024	36300	1756400
585	10	116467505	116472625	chr10.67763	5	1024	69295002	hg38.gc5Base.bw	0	100	1024	38820	2008400
585	10	116692785	116697905	chr10.67807	5	1024	69340058	hg38.gc5Base.bw	0	100	1024	49900	2946800
585	10	116831025	116836145	chr10.67834	5	1024	69367706	hg38.gc5Base.bw	0	100	1024	45660	2525200
585	10	116887345	116892465	chr10.67845	5	1024	69378970	hg38.gc5Base.bw	0	100	1024	43560	2321600
585	10	117153585	117158705	chr10.67897	5	1024	69432218	hg38.gc5Base.bw	0	100	1024	45420	2524400
585	10	117563185	117568305	chr10.67977	5	1024	69514138	hg38.gc5Base.bw	0	100	1024	51840	3113600
585	10	117716785	117721905	chr10.68007	5	1024	69544858	hg38.gc5Base.bw	0	100	1024	45560	2544000
585	10	117783345	117788465	chr10.68020	5	1024	69558170	hg38.gc5Base.bw	0	100	1024	46800	2682400
585	10	117849905	117855025	chr10.68033	5	1024	69571482	hg38.gc5Base.bw	0	100	1024	44220	2400400
585	10	117870385	117875505	chr10.68037	5	1024	69575578	hg38.gc5Base.bw	0	100	1024	43620	2394800
585	10	117880625	117885745	chr10.68039	5	1024	69577626	hg38.gc5Base.bw	0	100	1024	46280	2615200
585	10	117901105	117906225	chr10.68043	5	1024	69581722	hg38.gc5Base.bw	0	100	1024	43580	2346000
585	10	118049585	118054705	chr10.68072	5	1024	69611418	hg38.gc5Base.bw	0	100	1024	36900	1794800
585	10	118489905	118495025	chr10.68158	5	1024	69699482	hg38.gc5Base.bw	0	100	1024	44260	2416400
585	10	118971185	118976305	chr10.68252	5	1024	69795738	hg38.gc5Base.bw	0	100	1024	44900	2478000
585	10	119186225	119191345	chr10.68294	5	1024	69838746	hg38.gc5Base.bw	0	100	1024	47680	2764800
585	10	119339825	119344945	chr10.68324	5	1024	69869466	hg38.gc5Base.bw	0	100	1024	53040	3215200
585	10	119452465	119457585	chr10.68346	5	1024	69891994	hg38.gc5Base.bw	0	100	1024	56820	3650000
585	10	119534385	119539505	chr10.68362	5	1024	69908378	hg38.gc5Base.bw	0	100	1024	49740	2974800
585	10	120225585	120230705	chr10.68497	5	1024	70046618	hg38.gc5Base.bw	0	100	1024	42400	2241600
585	10	120246065	120251185	chr10.68501	5	1024	70050714	hg38.gc5Base.bw	0	100	1024	40720	2111200
585	10	120804145	120809265	chr10.68610	5	1024	70162330	hg38.gc5Base.bw	0	100	1024	43060	2282000
585	10	121003825	121008945	chr10.68649	5	1024	70202266	hg38.gc5Base.bw	0	100	1024	36020	1722800
585	10	121177905	121183025	chr10.68683	5	1024	70237082	hg38.gc5Base.bw	0	100	1024	36600	1815200
585	10	121387825	121392945	chr10.68724	5	1024	70279066	hg38.gc5Base.bw	0	100	1024	41080	2132800
585	10	121479985	121485105	chr10.68742	5	1024	70297498	hg38.gc5Base.bw	0	100	1024	44000	2411200
585	10	121689905	121695025	chr10.68783	5	1024	70339482	hg38.gc5Base.bw	0	100	1024	43560	2384800
585	10	122457905	122463025	chr10.68933	5	1024	70493082	hg38.gc5Base.bw	0	100	1024	60640	4192000
585	10	122954545	122959665	chr10.69030	5	1024	70592410	hg38.gc5Base.bw	0	100	1024	40940	2137200
585	10	123118385	123123505	chr10.69062	5	1024	70625178	hg38.gc5Base.bw	0	100	1024	47220	2664400
585	10	123195185	123200305	chr10.69077	5	1024	70640538	hg38.gc5Base.bw	0	100	1024	49520	2871200
585	10	123405105	123410225	chr10.69118	5	1024	70682522	hg38.gc5Base.bw	0	100	1024	42100	2178800
585	10	123533105	123538225	chr10.69143	5	1024	70708122	hg38.gc5Base.bw	0	100	1024	42800	2300000
585	10	123635505	123640625	chr10.69163	5	1024	70728602	hg38.gc5Base.bw	0	100	1024	46580	2566800
585	10	123947825	123952945	chr10.69224	5	1024	70791066	hg38.gc5Base.bw	0	100	1024	48980	2858000
585	10	124393565	124398685	chr10.69312	5	1024	70880154	hg38.gc5Base.bw	0	100	1024	44800	2518400
585	10	124588125	124593245	chr10.69350	5	1024	70919066	hg38.gc5Base.bw	0	100	1024	57240	3664000
585	10	124654685	124659805	chr10.69363	5	1024	70932378	hg38.gc5Base.bw	0	100	1024	51700	3111600
585	10	124997725	125002845	chr10.69430	5	1024	71000986	hg38.gc5Base.bw	0	100	1024	61140	4078800
585	10	125033565	125038685	chr10.69437	5	1024	71008154	hg38.gc5Base.bw	0	100	1024	47560	2701600
585	10	125074525	125079645	chr10.69445	5	1024	71016346	hg38.gc5Base.bw	0	100	1024	49500	2895600
585	10	125146205	125151325	chr10.69459	5	1024	71030682	hg38.gc5Base.bw	0	100	1024	52860	3212400
585	10	125202525	125207645	chr10.69470	5	1024	71041946	hg38.gc5Base.bw	0	100	1024	48740	2857200
585	10	125351005	125356125	chr10.69499	5	1024	71071642	hg38.gc5Base.bw	0	100	1024	42460	2285200
585	10	125509725	125514845	chr10.69530	5	1024	71103386	hg38.gc5Base.bw	0	100	1024	43260	2347600
585	10	125683805	125688925	chr10.69564	5	1024	71138202	hg38.gc5Base.bw	0	100	1024	46460	2613200
585	10	126257245	126262365	chr10.69676	5	1024	71252890	hg38.gc5Base.bw	0	100	1024	41340	2186000
585	10	126308445	126313565	chr10.69686	5	1024	71263130	hg38.gc5Base.bw	0	100	1024	45540	2538800
585	10	126876765	126881885	chr10.69797	5	1024	71376794	hg38.gc5Base.bw	0	100	1024	43400	2378400
585	10	127020125	127025245	chr10.69825	5	1024	71405466	hg38.gc5Base.bw	0	100	1024	48960	2862400
585	10	127091805	127096925	chr10.69839	5	1024	71419802	hg38.gc5Base.bw	0	100	1024	48240	2764800
585	10	127107165	127112285	chr10.69842	5	1024	71422874	hg38.gc5Base.bw	0	100	1024	42860	2320400
585	10	127173725	127178845	chr10.69855	5	1024	71436186	hg38.gc5Base.bw	0	100	1024	50940	3072400
585	10	127322205	127327325	chr10.69884	5	1024	71465882	hg38.gc5Base.bw	0	100	1024	45540	2490000
585	10	127419485	127424605	chr10.69903	5	1024	71485338	hg38.gc5Base.bw	0	100	1024	47480	2735200
585	10	127450205	127455325	chr10.69909	5	1024	71491482	hg38.gc5Base.bw	0	100	1024	44320	2467200
585	10	127496285	127501405	chr10.69918	5	1024	71500698	hg38.gc5Base.bw	0	100	1024	49040	2858400
585	10	127552605	127557725	chr10.69929	5	1024	71511962	hg38.gc5Base.bw	0	100	1024	45440	2535200
585	10	128079965	128085085	chr10.70032	5	1024	71617434	hg38.gc5Base.bw	0	100	1024	43920	2441600
585	10	128105565	128110685	chr10.70037	5	1024	71622554	hg38.gc5Base.bw	0	100	1024	46560	2543200
585	10	128161885	128167005	chr10.70048	5	1024	71633818	hg38.gc5Base.bw	0	100	1024	44360	2476800
585	10	128218205	128223325	chr10.70059	5	1024	71645082	hg38.gc5Base.bw	0	100	1024	46920	2653600
585	10	128489565	128494685	chr10.70112	5	1024	71699354	hg38.gc5Base.bw	0	100	1024	52260	3122800
585	10	128510045	128515165	chr10.70116	5	1024	71703450	hg38.gc5Base.bw	0	100	1024	50540	2988400
585	10	128771165	128776285	chr10.70167	5	1024	71755674	hg38.gc5Base.bw	0	100	1024	44120	2376800
585	10	129047645	129052765	chr10.70221	5	1024	71810970	hg38.gc5Base.bw	0	100	1024	50160	2934400
585	10	129134685	129139805	chr10.70238	5	1024	71828378	hg38.gc5Base.bw	0	100	1024	42140	2263600
585	10	129257565	129262685	chr10.70262	5	1024	71852954	hg38.gc5Base.bw	0	100	1024	39860	2074000
585	10	129370205	129375325	chr10.70284	5	1024	71875482	hg38.gc5Base.bw	0	100	1024	45480	2584000
585	10	129994845	129999965	chr10.70406	5	1024	72000410	hg38.gc5Base.bw	0	100	1024	35300	1670800
585	10	130051165	130056285	chr10.70417	5	1024	72011674	hg38.gc5Base.bw	0	100	1024	47640	2819200
585	10	130240605	130245725	chr10.70454	5	1024	72049562	hg38.gc5Base.bw	0	100	1024	45740	2579600
585	10	130721885	130727005	chr10.70548	5	1024	72145818	hg38.gc5Base.bw	0	100	1024	48480	2799200
585	10	130762845	130767965	chr10.70556	5	1024	72154010	hg38.gc5Base.bw	0	100	1024	52840	3216000
585	10	130778205	130783325	chr10.70559	5	1024	72157082	hg38.gc5Base.bw	0	100	1024	52420	3133200
585	10	130849885	130855005	chr10.70573	5	1024	72171418	hg38.gc5Base.bw	0	100	1024	39840	2095200
585	10	131003485	131008605	chr10.70603	5	1024	72202138	hg38.gc5Base.bw	0	100	1024	46540	2589200
585	10	131151965	131157085	chr10.70632	5	1024	72231834	hg38.gc5Base.bw	0	100	1024	51700	3116400
585	10	131192925	131198045	chr10.70640	5	1024	72240026	hg38.gc5Base.bw	0	100	1024	47880	2814400
585	10	131213405	131218525	chr10.70644	5	1024	72244122	hg38.gc5Base.bw	0	100	1024	52100	3148400
585	10	131279965	131285085	chr10.70657	5	1024	72257434	hg38.gc5Base.bw	0	100	1024	42140	2286000
585	10	131361885	131367005	chr10.70673	5	1024	72273818	hg38.gc5Base.bw	0	100	1024	45000	2441600
585	10	131387485	131392605	chr10.70678	5	1024	72278938	hg38.gc5Base.bw	0	100	1024	49200	2841600
585	10	131423325	131428445	chr10.70685	5	1024	72286106	hg38.gc5Base.bw	0	100	1024	52380	3181200
585	10	131607745	131612865	chr10.70722	5	1024	72322970	hg38.gc5Base.bw	0	100	1024	41380	2215600
585	10	131648705	131653825	chr10.70730	5	1024	72331162	hg38.gc5Base.bw	0	100	1024	52900	3272400
585	10	132263105	132268225	chr10.70850	5	1024	72454042	hg38.gc5Base.bw	0	100	1024	56320	3552800
585	10	132304065	132309185	chr10.70858	5	1024	72462234	hg38.gc5Base.bw	0	100	1024	61860	4381200
585	10	132616385	132621505	chr10.70919	5	1024	72524698	hg38.gc5Base.bw	0	100	1024	48860	2826800
585	10	132698305	132703425	chr10.70935	5	1024	72541082	hg38.gc5Base.bw	0	100	1024	59420	3973200
585	10	133358785	133363905	chr10.71064	5	1024	72673178	hg38.gc5Base.bw	0	100	1024	54660	3427600
585	10	133517505	133522625	chr10.71095	5	1024	72704922	hg38.gc5Base.bw	0	100	1024	41200	2220000
585	11	377440	382560	chr11.71371	5	1024	72984167	hg38.gc5Base.bw	0	100	1024	66600	4755200
585	11	536160	541280	chr11.71402	5	1024	73015911	hg38.gc5Base.bw	0	100	1024	64000	4450400
585	11	618080	623200	chr11.71418	5	1024	73032295	hg38.gc5Base.bw	0	100	1024	63060	4346000
585	11	920160	925280	chr11.71477	5	1024	73092711	hg38.gc5Base.bw	0	100	1024	59140	3880400
585	11	1273440	1278560	chr11.71546	5	1024	73163367	hg38.gc5Base.bw	0	100	1024	57520	3761600
585	11	1677920	1683040	chr11.71625	5	1024	73244263	hg38.gc5Base.bw	0	100	1024	44060	2532400
585	11	1831520	1836640	chr11.71655	5	1024	73274983	hg38.gc5Base.bw	0	100	1024	66600	4698400
585	11	2000480	2005600	chr11.71688	5	1024	73308775	hg38.gc5Base.bw	0	100	1024	56840	3632000
585	11	2143840	2148960	chr11.71716	5	1024	73337447	hg38.gc5Base.bw	0	100	1024	62700	4311600
585	11	2579040	2584160	chr11.71801	5	1024	73424487	hg38.gc5Base.bw	0	100	1024	61200	4117600
585	11	2660960	2666080	chr11.71817	5	1024	73440871	hg38.gc5Base.bw	0	100	1024	57160	3617600
585	11	3183200	3188320	chr11.71919	5	1024	73545319	hg38.gc5Base.bw	0	100	1024	48440	2783200
585	11	3720800	3725920	chr11.72024	5	1024	73652839	hg38.gc5Base.bw	0	100	1024	38900	2003600
585	11	3884640	3889760	chr11.72056	5	1024	73685607	hg38.gc5Base.bw	0	100	1024	45940	2630800
585	11	4386400	4391520	chr11.72154	5	1024	73785959	hg38.gc5Base.bw	0	100	1024	47100	2607600
585	11	4575840	4580960	chr11.72191	5	1024	73823847	hg38.gc5Base.bw	0	100	1024	41260	2110000
585	11	4606560	4611680	chr11.72197	5	1024	73829991	hg38.gc5Base.bw	0	100	1024	43120	2370400
585	11	4765280	4770400	chr11.72228	5	1024	73861735	hg38.gc5Base.bw	0	100	1024	38040	1864000
585	11	4929120	4934240	chr11.72260	5	1024	73894503	hg38.gc5Base.bw	0	100	1024	35000	1651200
585	11	5707360	5712480	chr11.72412	5	1024	74050151	hg38.gc5Base.bw	0	100	1024	41640	2208800
585	11	5748320	5753440	chr11.72420	5	1024	74058343	hg38.gc5Base.bw	0	100	1024	31660	1414800
585	11	6035040	6040160	chr11.72476	5	1024	74115687	hg38.gc5Base.bw	0	100	1024	39440	2011200
585	11	6521440	6526560	chr11.72571	5	1024	74212967	hg38.gc5Base.bw	0	100	1024	37200	1789600
585	11	6787680	6792800	chr11.72623	5	1024	74266215	hg38.gc5Base.bw	0	100	1024	35880	1706400
585	11	6890080	6895200	chr11.72643	5	1024	74286695	hg38.gc5Base.bw	0	100	1024	37280	1844000
585	11	6895200	6900320	chr11.72644	5	1024	74287719	hg38.gc5Base.bw	0	100	1024	36720	1758400
585	11	7192160	7197280	chr11.72702	5	1024	74347111	hg38.gc5Base.bw	0	100	1024	36760	1827200
585	11	7233120	7238240	chr11.72710	5	1024	74355303	hg38.gc5Base.bw	0	100	1024	40820	2086000
585	11	7268960	7274080	chr11.72717	5	1024	74362471	hg38.gc5Base.bw	0	100	1024	39200	1996000
585	11	7289440	7294560	chr11.72721	5	1024	74366567	hg38.gc5Base.bw	0	100	1024	41000	2096800
585	11	7473760	7478880	chr11.72757	5	1024	74403431	hg38.gc5Base.bw	0	100	1024	48280	2731200
585	11	7509600	7514720	chr11.72764	5	1024	74410599	hg38.gc5Base.bw	0	100	1024	53780	3381200
585	11	7535200	7540320	chr11.72769	5	1024	74415719	hg38.gc5Base.bw	0	100	1024	51460	2997200
585	11	8195680	8200800	chr11.72898	5	1024	74547815	hg38.gc5Base.bw	0	100	1024	45860	2479600
585	11	8308320	8313440	chr11.72920	5	1024	74570343	hg38.gc5Base.bw	0	100	1024	54060	3342000
585	11	8313440	8318560	chr11.72921	5	1024	74571367	hg38.gc5Base.bw	0	100	1024	50540	3005200
585	11	8564320	8569440	chr11.72970	5	1024	74621543	hg38.gc5Base.bw	0	100	1024	37180	1802000
585	11	8630880	8636000	chr11.72983	5	1024	74634855	hg38.gc5Base.bw	0	100	1024	45120	2444800
585	11	8907360	8912480	chr11.73037	5	1024	74690151	hg38.gc5Base.bw	0	100	1024	49960	3072800
585	11	9404000	9409120	chr11.73134	5	1024	74789479	hg38.gc5Base.bw	0	100	1024	42640	2402400
585	11	9567840	9572960	chr11.73166	5	1024	74822247	hg38.gc5Base.bw	0	100	1024	45420	2571600
585	11	9926240	9931360	chr11.73236	5	1024	74893927	hg38.gc5Base.bw	0	100	1024	38160	1907200
585	11	10033760	10038880	chr11.73257	5	1024	74915431	hg38.gc5Base.bw	0	100	1024	35480	1680800
585	11	10453600	10458720	chr11.73339	5	1024	74999399	hg38.gc5Base.bw	0	100	1024	49960	2926400
585	11	10596960	10602080	chr11.73367	5	1024	75028071	hg38.gc5Base.bw	0	100	1024	45560	2485600
585	11	10806880	10812000	chr11.73408	5	1024	75070055	hg38.gc5Base.bw	0	100	1024	49280	3058400
585	11	11057760	11062880	chr11.73457	5	1024	75120231	hg38.gc5Base.bw	0	100	1024	41880	2196000
585	11	11482720	11487840	chr11.73540	5	1024	75205223	hg38.gc5Base.bw	0	100	1024	48900	2828400
585	11	11518560	11523680	chr11.73547	5	1024	75212391	hg38.gc5Base.bw	0	100	1024	53760	3228000
585	11	11549280	11554400	chr11.73553	5	1024	75218535	hg38.gc5Base.bw	0	100	1024	50460	2959600
585	11	11754080	11759200	chr11.73593	5	1024	75259495	hg38.gc5Base.bw	0	100	1024	47780	2705200
585	11	11979360	11984480	chr11.73637	5	1024	75304551	hg38.gc5Base.bw	0	100	1024	52820	3158800
585	11	12220000	12225120	chr11.73684	5	1024	75352679	hg38.gc5Base.bw	0	100	1024	54240	3339200
585	11	12276320	12281440	chr11.73695	5	1024	75363943	hg38.gc5Base.bw	0	100	1024	50680	2967200
585	11	12506720	12511840	chr11.73740	5	1024	75410023	hg38.gc5Base.bw	0	100	1024	46420	2610000
585	11	13141600	13146720	chr11.73864	5	1024	75536999	hg38.gc5Base.bw	0	100	1024	46940	2638800
585	11	13858400	13863520	chr11.74004	5	1024	75680359	hg38.gc5Base.bw	0	100	1024	46320	2592800
585	11	13930080	13935200	chr11.74018	5	1024	75694695	hg38.gc5Base.bw	0	100	1024	41120	2139200
585	11	13940320	13945440	chr11.74020	5	1024	75696743	hg38.gc5Base.bw	0	100	1024	45780	2542000
585	11	14252640	14257760	chr11.74081	5	1024	75759207	hg38.gc5Base.bw	0	100	1024	48540	2746000
585	11	15138400	15143520	chr11.74254	5	1024	75936359	hg38.gc5Base.bw	0	100	1024	47560	2676800
585	11	15251040	15256160	chr11.74276	5	1024	75958887	hg38.gc5Base.bw	0	100	1024	38480	1898400
585	11	15297120	15302240	chr11.74285	5	1024	75968103	hg38.gc5Base.bw	0	100	1024	42840	2285600
585	11	15358560	15363680	chr11.74297	5	1024	75980391	hg38.gc5Base.bw	0	100	1024	38840	1939200
585	11	15435360	15440480	chr11.74312	5	1024	75995751	hg38.gc5Base.bw	0	100	1024	43520	2313600
585	11	15865440	15870560	chr11.74396	5	1024	76081767	hg38.gc5Base.bw	0	100	1024	44080	2368000
585	11	16305760	16310880	chr11.74482	5	1024	76169831	hg38.gc5Base.bw	0	100	1024	35280	1667200
585	11	16674400	16679520	chr11.74554	5	1024	76243559	hg38.gc5Base.bw	0	100	1024	40180	2064400
585	11	17488480	17493600	chr11.74713	5	1024	76406375	hg38.gc5Base.bw	0	100	1024	51640	3063200
585	11	17519200	17524320	chr11.74719	5	1024	76412519	hg38.gc5Base.bw	0	100	1024	52600	3157600
585	11	18415200	18420320	chr11.74894	5	1024	76591719	hg38.gc5Base.bw	0	100	1024	41320	2230400
585	11	18538080	18543200	chr11.74918	5	1024	76616295	hg38.gc5Base.bw	0	100	1024	40920	2180000
585	11	18614880	18620000	chr11.74933	5	1024	76631655	hg38.gc5Base.bw	0	100	1024	42920	2352800
585	11	19219040	19224160	chr11.75051	5	1024	76752487	hg38.gc5Base.bw	0	100	1024	41960	2210400
585	11	19439200	19444320	chr11.75094	5	1024	76796519	hg38.gc5Base.bw	0	100	1024	46800	2618400
585	11	19731040	19736160	chr11.75151	5	1024	76854887	hg38.gc5Base.bw	0	100	1024	47460	2658000
585	11	19818080	19823200	chr11.75168	5	1024	76872295	hg38.gc5Base.bw	0	100	1024	46480	2592000
585	11	20068960	20074080	chr11.75217	5	1024	76922471	hg38.gc5Base.bw	0	100	1024	41440	2140000
585	11	20094560	20099680	chr11.75222	5	1024	76927591	hg38.gc5Base.bw	0	100	1024	43720	2311200
585	11	20319840	20324960	chr11.75266	5	1024	76972647	hg38.gc5Base.bw	0	100	1024	39640	1994400
585	11	20668000	20673120	chr11.75334	5	1024	77042279	hg38.gc5Base.bw	0	100	1024	54900	3499600
585	11	20872800	20877920	chr11.75374	5	1024	77083239	hg38.gc5Base.bw	0	100	1024	42140	2239600
585	11	21011040	21016160	chr11.75401	5	1024	77110887	hg38.gc5Base.bw	0	100	1024	41920	2177600
585	11	21348960	21354080	chr11.75467	5	1024	77178471	hg38.gc5Base.bw	0	100	1024	37260	1814000
585	11	21456480	21461600	chr11.75488	5	1024	77199975	hg38.gc5Base.bw	0	100	1024	36160	1718400
585	11	21825120	21830240	chr11.75560	5	1024	77273703	hg38.gc5Base.bw	0	100	1024	36820	1811600
585	11	21891680	21896800	chr11.75573	5	1024	77287015	hg38.gc5Base.bw	0	80	1024	37080	1761600
585	11	22357600	22362720	chr11.75664	5	1024	77380199	hg38.gc5Base.bw	0	100	1024	35900	1750000
585	11	22500960	22506080	chr11.75692	5	1024	77408871	hg38.gc5Base.bw	0	100	1024	33520	1560000
585	11	23233120	23238240	chr11.75835	5	1024	77555303	hg38.gc5Base.bw	0	100	1024	33680	1539200
585	11	23366240	23371360	chr11.75861	5	1024	77581927	hg38.gc5Base.bw	0	100	1024	39060	1978000
585	11	24513120	24518240	chr11.76085	5	1024	77811303	hg38.gc5Base.bw	0	100	1024	36060	1783600
585	11	24753760	24758880	chr11.76132	5	1024	77859431	hg38.gc5Base.bw	0	100	1024	37040	1828800
585	11	24799840	24804960	chr11.76141	5	1024	77868647	hg38.gc5Base.bw	0	100	1024	35000	1637600
585	11	25025120	25030240	chr11.76185	5	1024	77913703	hg38.gc5Base.bw	0	100	1024	34880	1702400
585	11	25368160	25373280	chr11.76252	5	1024	77982311	hg38.gc5Base.bw	0	100	1024	35000	1640800
585	11	25532000	25537120	chr11.76284	5	1024	78015079	hg38.gc5Base.bw	0	100	1024	36200	1779200
585	11	25951840	25956960	chr11.76366	5	1024	78099047	hg38.gc5Base.bw	0	100	1024	37560	1859200
585	11	25992800	25997920	chr11.76374	5	1024	78107239	hg38.gc5Base.bw	0	100	1024	35060	1690000
585	11	26335840	26340960	chr11.76441	5	1024	78175847	hg38.gc5Base.bw	0	100	1024	40100	2061200
585	11	26520160	26525280	chr11.76477	5	1024	78212711	hg38.gc5Base.bw	0	100	1024	36800	1828000
585	11	26612320	26617440	chr11.76495	5	1024	78231143	hg38.gc5Base.bw	0	100	1024	38040	1933600
585	11	26842720	26847840	chr11.76540	5	1024	78277223	hg38.gc5Base.bw	0	100	1024	37340	1787600
585	11	27011680	27016800	chr11.76573	5	1024	78311015	hg38.gc5Base.bw	0	100	1024	38540	1885200
585	11	27149920	27155040	chr11.76600	5	1024	78338663	hg38.gc5Base.bw	0	100	1024	43900	2342000
585	11	28424800	28429920	chr11.76849	5	1024	78593639	hg38.gc5Base.bw	0	100	1024	42800	2276800
585	11	29520480	29525600	chr11.77063	5	1024	78812775	hg38.gc5Base.bw	0	100	1024	47680	2664000
585	11	30288480	30293600	chr11.77213	5	1024	78966375	hg38.gc5Base.bw	0	100	1024	40500	2119600
585	11	31240800	31245920	chr11.77399	5	1024	79156839	hg38.gc5Base.bw	0	100	1024	33640	1532800
585	11	32239200	32244320	chr11.77594	5	1024	79356519	hg38.gc5Base.bw	0	100	1024	33580	1579600
585	11	32249440	32254560	chr11.77596	5	1024	79358567	hg38.gc5Base.bw	0	100	1024	42980	2315600
585	11	32285280	32290400	chr11.77603	5	1024	79365735	hg38.gc5Base.bw	0	100	1024	40740	2086000
585	11	32531040	32536160	chr11.77651	5	1024	79414887	hg38.gc5Base.bw	0	100	1024	40840	2237600
585	11	33406560	33411680	chr11.77822	5	1024	79589991	hg38.gc5Base.bw	0	100	1024	44340	2427600
585	11	33606240	33611360	chr11.77861	5	1024	79629927	hg38.gc5Base.bw	0	100	1024	45580	2512400
585	11	33708640	33713760	chr11.77881	5	1024	79650407	hg38.gc5Base.bw	0	100	1024	40140	2068400
585	11	33877600	33882720	chr11.77914	5	1024	79684199	hg38.gc5Base.bw	0	100	1024	42720	2279200
585	11	33903200	33908320	chr11.77919	5	1024	79689319	hg38.gc5Base.bw	0	100	1024	43680	2372000
585	11	34164320	34169440	chr11.77970	5	1024	79741543	hg38.gc5Base.bw	0	100	1024	57180	3626000
585	11	34205280	34210400	chr11.77978	5	1024	79749735	hg38.gc5Base.bw	0	100	1024	49760	2892000
585	11	34440800	34445920	chr11.78024	5	1024	79796839	hg38.gc5Base.bw	0	100	1024	41840	2243200
585	11	34461280	34466400	chr11.78028	5	1024	79800935	hg38.gc5Base.bw	0	100	1024	41400	2212000
585	11	34532960	34538080	chr11.78042	5	1024	79815271	hg38.gc5Base.bw	0	100	1024	45680	2513600
585	11	34911840	34916960	chr11.78116	5	1024	79891047	hg38.gc5Base.bw	0	100	1024	49980	3034800
585	11	35239520	35244640	chr11.78180	5	1024	79956583	hg38.gc5Base.bw	0	100	1024	42600	2222400
585	11	35510880	35516000	chr11.78233	5	1024	80010855	hg38.gc5Base.bw	0	100	1024	45040	2422400
585	11	35828320	35833440	chr11.78295	5	1024	80074343	hg38.gc5Base.bw	0	100	1024	46440	2548000
585	11	35966560	35971680	chr11.78322	5	1024	80101991	hg38.gc5Base.bw	0	100	1024	46920	2571200
585	11	36068960	36074080	chr11.78342	5	1024	80122471	hg38.gc5Base.bw	0	100	1024	45580	2499600
585	11	36109920	36115040	chr11.78350	5	1024	80130663	hg38.gc5Base.bw	0	100	1024	47000	2623200
585	11	36289120	36294240	chr11.78385	5	1024	80166503	hg38.gc5Base.bw	0	100	1024	44140	2405200
585	11	37543520	37548640	chr11.78630	5	1024	80417383	hg38.gc5Base.bw	0	100	1024	40360	2101600
585	11	37907040	37912160	chr11.78701	5	1024	80490087	hg38.gc5Base.bw	0	100	1024	41420	2190800
585	11	38890080	38895200	chr11.78893	5	1024	80686695	hg38.gc5Base.bw	0	100	1024	39440	2016000
585	11	39371360	39376480	chr11.78987	5	1024	80782951	hg38.gc5Base.bw	0	100	1024	35880	1737600
585	11	39893600	39898720	chr11.79089	5	1024	80887399	hg38.gc5Base.bw	0	100	1024	36900	1832400
585	11	40052320	40057440	chr11.79120	5	1024	80919143	hg38.gc5Base.bw	0	100	1024	36380	1753200
585	11	40482400	40487520	chr11.79204	5	1024	81005159	hg38.gc5Base.bw	0	100	1024	35480	1694400
585	11	40615520	40620640	chr11.79230	5	1024	81031783	hg38.gc5Base.bw	0	100	1024	37280	1790400
585	11	40748640	40753760	chr11.79256	5	1024	81058407	hg38.gc5Base.bw	0	100	1024	33840	1560000
585	11	40758880	40764000	chr11.79258	5	1024	81060455	hg38.gc5Base.bw	0	100	1024	35960	1741600
585	11	41107040	41112160	chr11.79326	5	1024	81130087	hg38.gc5Base.bw	0	100	1024	34940	1656400
585	11	41137760	41142880	chr11.79332	5	1024	81136231	hg38.gc5Base.bw	0	100	1024	37240	1820800
585	11	41685600	41690720	chr11.79439	5	1024	81245799	hg38.gc5Base.bw	0	100	1024	41240	2182400
585	11	41900640	41905760	chr11.79481	5	1024	81288807	hg38.gc5Base.bw	0	100	1024	40700	2134800
585	11	42192480	42197600	chr11.79538	5	1024	81347175	hg38.gc5Base.bw	0	100	1024	37140	1794000
585	11	42407520	42412640	chr11.79580	5	1024	81390183	hg38.gc5Base.bw	0	100	1024	39740	2029200
585	11	42433120	42438240	chr11.79585	5	1024	81395303	hg38.gc5Base.bw	0	100	1024	42060	2203600
585	11	42658400	42663520	chr11.79629	5	1024	81440359	hg38.gc5Base.bw	0	100	1024	41260	2133200
585	11	42812000	42817120	chr11.79659	5	1024	81471079	hg38.gc5Base.bw	0	80	1024	35220	1647600
585	11	42842720	42847840	chr11.79665	5	1024	81477223	hg38.gc5Base.bw	0	100	1024	39300	1990000
585	11	42945120	42950240	chr11.79685	5	1024	81497703	hg38.gc5Base.bw	0	100	1024	42720	2308000
585	11	43216480	43221600	chr11.79738	5	1024	81551975	hg38.gc5Base.bw	0	100	1024	39360	1984800
585	11	43605600	43610720	chr11.79814	5	1024	81629799	hg38.gc5Base.bw	0	100	1024	40680	2116800
585	11	43984480	43989600	chr11.79888	5	1024	81705575	hg38.gc5Base.bw	0	100	1024	54220	3346800
585	11	44051040	44056160	chr11.79901	5	1024	81718887	hg38.gc5Base.bw	0	100	1024	47780	2671600
585	11	44092000	44097120	chr11.79909	5	1024	81727079	hg38.gc5Base.bw	0	100	1024	47620	2877200
585	11	44470880	44476000	chr11.79983	5	1024	81802855	hg38.gc5Base.bw	0	100	1024	52200	3095200
585	11	44967520	44972640	chr11.80080	5	1024	81902183	hg38.gc5Base.bw	0	100	1024	50960	3028800
585	11	45090400	45095520	chr11.80104	5	1024	81926759	hg38.gc5Base.bw	0	100	1024	51220	3084400
585	11	45177440	45182560	chr11.80121	5	1024	81944167	hg38.gc5Base.bw	0	100	1024	59540	3998800
585	11	45218400	45223520	chr11.80129	5	1024	81952359	hg38.gc5Base.bw	0	100	1024	46640	2615200
585	11	45223520	45228640	chr11.80130	5	1024	81953383	hg38.gc5Base.bw	0	100	1024	53580	3283600
585	11	45259360	45264480	chr11.80137	5	1024	81960551	hg38.gc5Base.bw	0	100	1024	47540	2705200
585	11	45310560	45315680	chr11.80147	5	1024	81970791	hg38.gc5Base.bw	0	100	1024	36840	1836000
585	11	45986400	45991520	chr11.80279	5	1024	82105959	hg38.gc5Base.bw	0	100	1024	40800	2170400
585	11	46447200	46452320	chr11.80369	5	1024	82198119	hg38.gc5Base.bw	0	100	1024	40080	2062400
585	11	46600800	46605920	chr11.80399	5	1024	82228839	hg38.gc5Base.bw	0	100	1024	44540	2474800
585	11	46698080	46703200	chr11.80418	5	1024	82248295	hg38.gc5Base.bw	0	100	1024	52940	3293200
585	11	46826080	46831200	chr11.80443	5	1024	82273895	hg38.gc5Base.bw	0	100	1024	44300	2491600
585	11	46872160	46877280	chr11.80452	5	1024	82283111	hg38.gc5Base.bw	0	100	1024	51200	3003200
585	11	47978080	47983200	chr11.80668	5	1024	82504295	hg38.gc5Base.bw	0	100	1024	58860	4062800
585	11	48141920	48147040	chr11.80700	5	1024	82537063	hg38.gc5Base.bw	0	100	1024	46740	2606000
585	11	49150560	49155680	chr11.80897	5	1024	82738791	hg38.gc5Base.bw	0	100	1024	32540	1449200
585	11	50558560	50563680	chr11.81172	5	1024	83020391	hg38.gc5Base.bw	0	100	1024	38460	1822000
585	11	55207070	55212190	chr11.82022	5	1024	83878503	hg38.gc5Base.bw	0	100	1024	37420	1738000
585	11	55918750	55923870	chr11.82161	5	1024	84020839	hg38.gc5Base.bw	0	100	1024	38600	1957600
585	11	55934110	55939230	chr11.82164	5	1024	84023911	hg38.gc5Base.bw	0	100	1024	34080	1568000
585	11	56410270	56415390	chr11.82257	5	1024	84119143	hg38.gc5Base.bw	0	100	1024	35720	1713600
585	11	56671390	56676510	chr11.82308	5	1024	84171367	hg38.gc5Base.bw	0	100	1024	35100	1658800
585	11	56717470	56722590	chr11.82317	5	1024	84180583	hg38.gc5Base.bw	0	100	1024	42440	2235200
585	11	57101470	57106590	chr11.82392	5	1024	84257383	hg38.gc5Base.bw	0	100	1024	39460	1965200
585	11	58186910	58192030	chr11.82604	5	1024	84474471	hg38.gc5Base.bw	0	100	1024	43460	2328400
585	11	58222750	58227870	chr11.82611	5	1024	84481639	hg38.gc5Base.bw	0	100	1024	38080	1881600
585	11	58289310	58294430	chr11.82624	5	1024	84494951	hg38.gc5Base.bw	0	100	1024	41380	2192400
585	11	58652830	58657950	chr11.82695	5	1024	84567655	hg38.gc5Base.bw	0	100	1024	42340	2229200
585	11	58893470	58898590	chr11.82742	5	1024	84615783	hg38.gc5Base.bw	0	100	1024	41040	2149600
585	11	58903710	58908830	chr11.82744	5	1024	84617831	hg38.gc5Base.bw	0	100	1024	46880	2650400
585	11	58980510	58985630	chr11.82759	5	1024	84633191	hg38.gc5Base.bw	0	100	1024	35340	1668400
585	11	59200670	59205790	chr11.82802	5	1024	84677223	hg38.gc5Base.bw	0	100	1024	45320	2470400
585	11	59748510	59753630	chr11.82909	5	1024	84786791	hg38.gc5Base.bw	0	100	1024	46600	2698400
585	11	59799710	59804830	chr11.82919	5	1024	84797031	hg38.gc5Base.bw	0	100	1024	43920	2320800
585	11	59912350	59917470	chr11.82941	5	1024	84819559	hg38.gc5Base.bw	0	100	1024	47040	2636800
585	11	60152990	60158110	chr11.82988	5	1024	84867687	hg38.gc5Base.bw	0	100	1024	37520	1836800
585	11	60301470	60306590	chr11.83017	5	1024	84897383	hg38.gc5Base.bw	0	100	1024	40660	2093200
585	11	61392030	61397150	chr11.83230	5	1024	85115495	hg38.gc5Base.bw	0	100	1024	49260	2949200
585	11	61617310	61622430	chr11.83274	5	1024	85160551	hg38.gc5Base.bw	0	100	1024	53240	3243200
585	11	61709470	61714590	chr11.83292	5	1024	85178983	hg38.gc5Base.bw	0	100	1024	57140	3618800
585	11	62175390	62180510	chr11.83383	5	1024	85272167	hg38.gc5Base.bw	0	100	1024	38200	1923200
585	11	62200990	62206110	chr11.83388	5	1024	85277287	hg38.gc5Base.bw	0	100	1024	47180	2666800
585	11	62247070	62252190	chr11.83397	5	1024	85286503	hg38.gc5Base.bw	0	100	1024	43240	2282400
585	11	62508190	62513310	chr11.83448	5	1024	85338727	hg38.gc5Base.bw	0	100	1024	49360	2919200
585	11	62677150	62682270	chr11.83481	5	1024	85372519	hg38.gc5Base.bw	0	100	1024	52240	3225600
585	11	62851230	62856350	chr11.83515	5	1024	85407335	hg38.gc5Base.bw	0	100	1024	45640	2527200
585	11	63496350	63501470	chr11.83641	5	1024	85536359	hg38.gc5Base.bw	0	100	1024	40920	2108000
585	11	63598750	63603870	chr11.83661	5	1024	85556839	hg38.gc5Base.bw	0	100	1024	46320	2674400
585	11	64387230	64392350	chr11.83815	5	1024	85714535	hg38.gc5Base.bw	0	100	1024	51580	3096400
585	11	64663710	64668830	chr11.83869	5	1024	85769831	hg38.gc5Base.bw	0	100	1024	52460	3211600
585	11	65073310	65078430	chr11.83949	5	1024	85851751	hg38.gc5Base.bw	0	100	1024	53300	3285200
585	11	65170590	65175710	chr11.83968	5	1024	85871207	hg38.gc5Base.bw	0	100	1024	54280	3382400
585	11	65232030	65237150	chr11.83980	5	1024	85883495	hg38.gc5Base.bw	0	100	1024	52000	3198400
585	11	66071710	66076830	chr11.84144	5	1024	86051431	hg38.gc5Base.bw	0	100	1024	44700	2514000
585	11	66163870	66168990	chr11.84162	5	1024	86069863	hg38.gc5Base.bw	0	100	1024	41520	2195200
585	11	66317470	66322590	chr11.84192	5	1024	86100583	hg38.gc5Base.bw	0	100	1024	51140	3041200
585	11	66368670	66373790	chr11.84202	5	1024	86110823	hg38.gc5Base.bw	0	100	1024	57840	3861600
585	11	66501790	66506910	chr11.84228	5	1024	86137447	hg38.gc5Base.bw	0	100	1024	50400	3026400
585	11	66640030	66645150	chr11.84255	5	1024	86165095	hg38.gc5Base.bw	0	100	1024	43480	2369600
585	11	67377310	67382430	chr11.84399	5	1024	86312551	hg38.gc5Base.bw	0	100	1024	55940	3544400
585	11	67996830	68001950	chr11.84520	5	1024	86436455	hg38.gc5Base.bw	0	100	1024	56980	3676400
585	11	68339870	68344990	chr11.84587	5	1024	86505063	hg38.gc5Base.bw	0	100	1024	55440	3558400
585	11	69066910	69072030	chr11.84729	5	1024	86650471	hg38.gc5Base.bw	0	100	1024	61460	4052400
585	11	69077150	69082270	chr11.84731	5	1024	86652519	hg38.gc5Base.bw	0	100	1024	60660	4030000
585	11	69256350	69261470	chr11.84766	5	1024	86688359	hg38.gc5Base.bw	0	100	1024	48480	2779200
585	11	69343390	69348510	chr11.84783	5	1024	86705767	hg38.gc5Base.bw	0	100	1024	44300	2463600
585	11	69640350	69645470	chr11.84841	5	1024	86765159	hg38.gc5Base.bw	0	100	1024	66400	4876800
585	11	69993630	69998750	chr11.84910	5	1024	86835815	hg38.gc5Base.bw	0	100	1024	47500	2722800
585	11	70085790	70090910	chr11.84928	5	1024	86854247	hg38.gc5Base.bw	0	100	1024	54300	3399600
585	11	70096030	70101150	chr11.84930	5	1024	86856295	hg38.gc5Base.bw	0	100	1024	58260	3769200
585	11	70208670	70213790	chr11.84952	5	1024	86878823	hg38.gc5Base.bw	0	100	1024	51760	3155200
585	11	70546590	70551710	chr11.85018	5	1024	86946407	hg38.gc5Base.bw	0	100	1024	58280	3739200
585	11	70577310	70582430	chr11.85024	5	1024	86952551	hg38.gc5Base.bw	0	100	1024	58160	3748000
585	11	70915230	70920350	chr11.85090	5	1024	87020135	hg38.gc5Base.bw	0	100	1024	47500	2701200
585	11	71506745	71511865	chr11.85187	5	1024	87118439	hg38.gc5Base.bw	0	100	1024	43040	2324000
585	11	72244025	72249145	chr11.85331	5	1024	87265895	hg38.gc5Base.bw	0	100	1024	53800	3344800
585	11	72561465	72566585	chr11.85393	5	1024	87329383	hg38.gc5Base.bw	0	100	1024	44220	2462000
585	11	72991545	72996665	chr11.85477	5	1024	87415399	hg38.gc5Base.bw	0	100	1024	38980	1968400
585	11	73175865	73180985	chr11.85513	5	1024	87452263	hg38.gc5Base.bw	0	100	1024	52200	3146400
585	11	75019065	75024185	chr11.85873	5	1024	87820903	hg38.gc5Base.bw	0	100	1024	51340	3033200
585	11	75280185	75285305	chr11.85924	5	1024	87873127	hg38.gc5Base.bw	0	100	1024	56420	3574800
585	11	75433785	75438905	chr11.85954	5	1024	87903847	hg38.gc5Base.bw	0	100	1024	59160	3782400
585	11	75444025	75449145	chr11.85956	5	1024	87905895	hg38.gc5Base.bw	0	100	1024	53080	3204000
585	11	75720505	75725625	chr11.86010	5	1024	87961191	hg38.gc5Base.bw	0	100	1024	52740	3202000
585	11	75853625	75858745	chr11.86036	5	1024	87987815	hg38.gc5Base.bw	0	100	1024	41420	2190800
585	11	76242745	76247865	chr11.86112	5	1024	88065639	hg38.gc5Base.bw	0	100	1024	58440	3731200
585	11	77026105	77031225	chr11.86265	5	1024	88222311	hg38.gc5Base.bw	0	100	1024	45400	2503200
585	11	77343545	77348665	chr11.86327	5	1024	88285799	hg38.gc5Base.bw	0	100	1024	41260	2120400
585	11	77584185	77589305	chr11.86374	5	1024	88333927	hg38.gc5Base.bw	0	100	1024	44000	2499200
585	11	77870905	77876025	chr11.86430	5	1024	88391271	hg38.gc5Base.bw	0	100	1024	43260	2350800
585	11	78321465	78326585	chr11.86518	5	1024	88481383	hg38.gc5Base.bw	0	100	1024	40380	2090000
585	11	78649145	78654265	chr11.86582	5	1024	88546919	hg38.gc5Base.bw	0	100	1024	50860	3004400
585	11	78669625	78674745	chr11.86586	5	1024	88551015	hg38.gc5Base.bw	0	100	1024	51220	3020400
585	11	78782265	78787385	chr11.86608	5	1024	88573543	hg38.gc5Base.bw	0	100	1024	47000	2671200
585	11	79022905	79028025	chr11.86655	5	1024	88621671	hg38.gc5Base.bw	0	100	1024	45300	2446800
585	11	79376185	79381305	chr11.86724	5	1024	88692327	hg38.gc5Base.bw	0	100	1024	48100	2674800
585	11	79391545	79396665	chr11.86727	5	1024	88695399	hg38.gc5Base.bw	0	100	1024	46520	2580800
585	11	79703865	79708985	chr11.86788	5	1024	88757863	hg38.gc5Base.bw	0	100	1024	37140	1822800
585	11	79729465	79734585	chr11.86793	5	1024	88762983	hg38.gc5Base.bw	0	100	1024	41360	2153600
585	11	79770425	79775545	chr11.86801	5	1024	88771175	hg38.gc5Base.bw	0	100	1024	43580	2388400
585	11	80098105	80103225	chr11.86865	5	1024	88836711	hg38.gc5Base.bw	0	100	1024	41880	2232800
585	11	80277305	80282425	chr11.86900	5	1024	88872551	hg38.gc5Base.bw	0	100	1024	38860	1943600
585	11	80615225	80620345	chr11.86966	5	1024	88940135	hg38.gc5Base.bw	0	100	1024	35600	1664800
585	11	80692025	80697145	chr11.86981	5	1024	88955495	hg38.gc5Base.bw	0	100	1024	34860	1615600
585	11	81076025	81081145	chr11.87056	5	1024	89032295	hg38.gc5Base.bw	0	100	1024	36580	1758800
585	11	81204025	81209145	chr11.87081	5	1024	89057895	hg38.gc5Base.bw	0	100	1024	42400	2330400
585	11	82130745	82135865	chr11.87262	5	1024	89243239	hg38.gc5Base.bw	0	100	1024	35840	1698400
585	11	83083065	83088185	chr11.87448	5	1024	89433703	hg38.gc5Base.bw	0	100	1024	41220	2231600
585	11	83477305	83482425	chr11.87525	5	1024	89512551	hg38.gc5Base.bw	0	100	1024	34840	1635200
585	11	83938105	83943225	chr11.87615	5	1024	89604711	hg38.gc5Base.bw	0	100	1024	37200	1836000
585	11	83984185	83989305	chr11.87624	5	1024	89613927	hg38.gc5Base.bw	0	100	1024	37620	1812400
585	11	84025145	84030265	chr11.87632	5	1024	89622119	hg38.gc5Base.bw	0	100	1024	34500	1596400
585	11	84255545	84260665	chr11.87677	5	1024	89668199	hg38.gc5Base.bw	0	100	1024	40360	2076800
585	11	84608825	84613945	chr11.87746	5	1024	89738855	hg38.gc5Base.bw	0	100	1024	36280	1736800
585	11	85566265	85571385	chr11.87933	5	1024	89930343	hg38.gc5Base.bw	0	100	1024	36180	1752400
585	11	86861625	86866745	chr11.88186	5	1024	90189415	hg38.gc5Base.bw	0	100	1024	42920	2284000
585	11	86974265	86979385	chr11.88208	5	1024	90211943	hg38.gc5Base.bw	0	100	1024	42800	2299200
585	11	86979385	86984505	chr11.88209	5	1024	90212967	hg38.gc5Base.bw	0	100	1024	43940	2379600
585	11	87030585	87035705	chr11.88219	5	1024	90223207	hg38.gc5Base.bw	0	100	1024	40060	2092400
585	11	87035705	87040825	chr11.88220	5	1024	90224231	hg38.gc5Base.bw	0	100	1024	45740	2642800
585	11	87173945	87179065	chr11.88247	5	1024	90251879	hg38.gc5Base.bw	0	100	1024	36720	1783200
585	11	87271225	87276345	chr11.88266	5	1024	90271335	hg38.gc5Base.bw	0	100	1024	37340	1904400
585	11	87563065	87568185	chr11.88323	5	1024	90329703	hg38.gc5Base.bw	0	100	1024	37940	1890800
585	11	87860025	87865145	chr11.88381	5	1024	90389095	hg38.gc5Base.bw	0	100	1024	35580	1717200
585	11	87962425	87967545	chr11.88401	5	1024	90409575	hg38.gc5Base.bw	0	100	1024	38960	2004000
585	11	87967545	87972665	chr11.88402	5	1024	90410599	hg38.gc5Base.bw	0	100	1024	39760	2022400
585	11	88048555	88053675	chr11.88414	5	1024	90421863	hg38.gc5Base.bw	0	100	1024	37980	1974800
585	11	88074155	88079275	chr11.88419	5	1024	90426983	hg38.gc5Base.bw	0	80	1024	33460	1540400
585	11	88084395	88089515	chr11.88421	5	1024	90429031	hg38.gc5Base.bw	0	100	1024	38460	1873200
585	11	88099755	88104875	chr11.88424	5	1024	90432103	hg38.gc5Base.bw	0	100	1024	36040	1742400
585	11	88125355	88130475	chr11.88429	5	1024	90437223	hg38.gc5Base.bw	0	100	1024	38860	1917200
585	11	88248235	88253355	chr11.88453	5	1024	90461799	hg38.gc5Base.bw	0	100	1024	36860	1839600
585	11	88534955	88540075	chr11.88509	5	1024	90519143	hg38.gc5Base.bw	0	100	1024	36660	1741200
585	11	88739755	88744875	chr11.88549	5	1024	90560103	hg38.gc5Base.bw	0	100	1024	38660	1903600
585	11	88780715	88785835	chr11.88557	5	1024	90568295	hg38.gc5Base.bw	0	100	1024	36040	1722400
585	11	89139115	89144235	chr11.88627	5	1024	90639975	hg38.gc5Base.bw	0	100	1024	36720	1758400
585	11	90183595	90188715	chr11.88831	5	1024	90848871	hg38.gc5Base.bw	0	100	1024	35300	1695600
585	11	90429355	90434475	chr11.88879	5	1024	90898023	hg38.gc5Base.bw	0	100	1024	35660	1682000
585	11	90495915	90501035	chr11.88892	5	1024	90911335	hg38.gc5Base.bw	0	80	1024	35120	1600800
585	11	90516395	90521515	chr11.88896	5	1024	90915431	hg38.gc5Base.bw	0	100	1024	35540	1718800
585	11	90736555	90741675	chr11.88939	5	1024	90959463	hg38.gc5Base.bw	0	100	1024	36440	1760800
585	11	90920875	90925995	chr11.88975	5	1024	90996327	hg38.gc5Base.bw	0	100	1024	36740	1819600
585	11	91238315	91243435	chr11.89037	5	1024	91059815	hg38.gc5Base.bw	0	100	1024	37780	1879600
585	11	91391915	91397035	chr11.89067	5	1024	91090535	hg38.gc5Base.bw	0	100	1024	36640	1804000
585	11	91791275	91796395	chr11.89145	5	1024	91170407	hg38.gc5Base.bw	0	100	1024	37980	1863600
585	11	91944875	91949995	chr11.89175	5	1024	91201127	hg38.gc5Base.bw	0	100	1024	40040	2055200
585	11	92282795	92287915	chr11.89241	5	1024	91268711	hg38.gc5Base.bw	0	100	1024	40680	2064800
585	11	92579755	92584875	chr11.89299	5	1024	91328103	hg38.gc5Base.bw	0	100	1024	39760	2027200
585	11	92605355	92610475	chr11.89304	5	1024	91333223	hg38.gc5Base.bw	0	100	1024	37260	1834000
585	11	92973995	92979115	chr11.89376	5	1024	91406951	hg38.gc5Base.bw	0	100	1024	44400	2400800
585	11	93035435	93040555	chr11.89388	5	1024	91419239	hg38.gc5Base.bw	0	100	1024	35140	1677200
585	11	93122475	93127595	chr11.89405	5	1024	91436647	hg38.gc5Base.bw	0	100	1024	35660	1674800
585	11	93286315	93291435	chr11.89437	5	1024	91469415	hg38.gc5Base.bw	0	100	1024	43560	2340000
585	11	93788075	93793195	chr11.89535	5	1024	91569767	hg38.gc5Base.bw	0	100	1024	40120	2087200
585	11	94960555	94965675	chr11.89764	5	1024	91804263	hg38.gc5Base.bw	0	100	1024	39080	1986400
585	11	95129515	95134635	chr11.89797	5	1024	91838055	hg38.gc5Base.bw	0	100	1024	41040	2114400
585	11	95252395	95257515	chr11.89821	5	1024	91862631	hg38.gc5Base.bw	0	100	1024	42360	2205600
585	11	95441835	95446955	chr11.89858	5	1024	91900519	hg38.gc5Base.bw	0	100	1024	45600	2517600
585	11	95508395	95513515	chr11.89871	5	1024	91913831	hg38.gc5Base.bw	0	100	1024	39680	2029600
585	11	95641515	95646635	chr11.89897	5	1024	91940455	hg38.gc5Base.bw	0	100	1024	39160	1927200
585	11	95692715	95697835	chr11.89907	5	1024	91950695	hg38.gc5Base.bw	0	100	1024	41420	2135600
585	11	95723435	95728555	chr11.89913	5	1024	91956839	hg38.gc5Base.bw	0	100	1024	38480	1952800
585	11	95830955	95836075	chr11.89934	5	1024	91978343	hg38.gc5Base.bw	0	100	1024	36340	1711600
585	11	96373675	96378795	chr11.90040	5	1024	92086887	hg38.gc5Base.bw	0	100	1024	34720	1657600
585	11	96506795	96511915	chr11.90066	5	1024	92113511	hg38.gc5Base.bw	0	100	1024	39660	2022800
585	11	97213535	97218655	chr11.90205	5	1024	92254823	hg38.gc5Base.bw	0	100	1024	36080	1792800
585	11	97382495	97387615	chr11.90238	5	1024	92288615	hg38.gc5Base.bw	0	100	1024	37700	1905200
585	11	97981535	97986655	chr11.90355	5	1024	92408423	hg38.gc5Base.bw	0	100	1024	37640	1892800
585	11	98042975	98048095	chr11.90367	5	1024	92420711	hg38.gc5Base.bw	0	100	1024	40180	1992400
585	11	98278495	98283615	chr11.90413	5	1024	92467815	hg38.gc5Base.bw	0	100	1024	34820	1695600
585	11	98396255	98401375	chr11.90436	5	1024	92491367	hg38.gc5Base.bw	0	100	1024	36200	1788800
585	11	98462815	98467935	chr11.90449	5	1024	92504679	hg38.gc5Base.bw	0	100	1024	38620	1936400
585	11	98467935	98473055	chr11.90450	5	1024	92505703	hg38.gc5Base.bw	0	100	1024	37440	1919200
585	11	98493535	98498655	chr11.90455	5	1024	92510823	hg38.gc5Base.bw	0	100	1024	37160	1792000
585	11	98498655	98503775	chr11.90456	5	1024	92511847	hg38.gc5Base.bw	0	100	1024	33960	1608000
585	11	98503775	98508895	chr11.90457	5	1024	92512871	hg38.gc5Base.bw	0	80	1024	33240	1516800
585	11	98677855	98682975	chr11.90491	5	1024	92547687	hg38.gc5Base.bw	0	100	1024	41060	2215600
585	11	98810975	98816095	chr11.90517	5	1024	92574311	hg38.gc5Base.bw	0	100	1024	36340	1802000
585	11	99348575	99353695	chr11.90622	5	1024	92681831	hg38.gc5Base.bw	0	100	1024	37920	1875200
585	11	99420255	99425375	chr11.90636	5	1024	92696167	hg38.gc5Base.bw	0	100	1024	39660	2028400
585	11	99563615	99568735	chr11.90664	5	1024	92724839	hg38.gc5Base.bw	0	100	1024	36640	1776800
585	11	99763295	99768415	chr11.90703	5	1024	92764775	hg38.gc5Base.bw	0	80	1024	31640	1410400
585	11	99952735	99957855	chr11.90740	5	1024	92802663	hg38.gc5Base.bw	0	100	1024	34320	1630400
585	11	100459615	100464735	chr11.90839	5	1024	92904039	hg38.gc5Base.bw	0	100	1024	38840	1921600
585	11	100551775	100556895	chr11.90857	5	1024	92922471	hg38.gc5Base.bw	0	100	1024	42520	2292800
585	11	100572255	100577375	chr11.90861	5	1024	92926567	hg38.gc5Base.bw	0	100	1024	38340	1962000
585	11	100787295	100792415	chr11.90903	5	1024	92969575	hg38.gc5Base.bw	0	100	1024	37740	1866800
585	11	101283935	101289055	chr11.91000	5	1024	93068903	hg38.gc5Base.bw	0	100	1024	41300	2142800
585	11	101319775	101324895	chr11.91007	5	1024	93076071	hg38.gc5Base.bw	0	100	1024	40720	2119200
585	11	102210655	102215775	chr11.91181	5	1024	93254247	hg38.gc5Base.bw	0	100	1024	40840	2184800
585	11	102563935	102569055	chr11.91250	5	1024	93324903	hg38.gc5Base.bw	0	100	1024	42060	2254800
585	11	102630495	102635615	chr11.91263	5	1024	93338215	hg38.gc5Base.bw	0	100	1024	43060	2342800
585	11	103034975	103040095	chr11.91342	5	1024	93419111	hg38.gc5Base.bw	0	100	1024	35920	1687200
585	11	103664735	103669855	chr11.91465	5	1024	93545063	hg38.gc5Base.bw	0	100	1024	39360	1988800
585	11	103920735	103925855	chr11.91515	5	1024	93596263	hg38.gc5Base.bw	0	100	1024	38560	1931200
585	11	104156255	104161375	chr11.91561	5	1024	93643367	hg38.gc5Base.bw	0	100	1024	40480	2110400
585	11	104914015	104919135	chr11.91709	5	1024	93794919	hg38.gc5Base.bw	0	100	1024	37120	1774400
585	11	105042015	105047135	chr11.91734	5	1024	93820519	hg38.gc5Base.bw	0	100	1024	38900	1961200
585	11	105518175	105523295	chr11.91827	5	1024	93915751	hg38.gc5Base.bw	0	100	1024	36640	1784800
585	11	105666655	105671775	chr11.91856	5	1024	93945447	hg38.gc5Base.bw	0	100	1024	35000	1686400
585	11	106537055	106542175	chr11.92026	5	1024	94119527	hg38.gc5Base.bw	0	100	1024	34920	1666400
585	11	106578015	106583135	chr11.92034	5	1024	94127719	hg38.gc5Base.bw	0	100	1024	41180	2138000
585	11	106746975	106752095	chr11.92067	5	1024	94161511	hg38.gc5Base.bw	0	100	1024	38380	1922800
585	11	107141215	107146335	chr11.92144	5	1024	94240359	hg38.gc5Base.bw	0	100	1024	38720	1904800
585	11	107479135	107484255	chr11.92210	5	1024	94307943	hg38.gc5Base.bw	0	100	1024	40840	2161600
585	11	107852895	107858015	chr11.92283	5	1024	94382695	hg38.gc5Base.bw	0	100	1024	46980	2702800
585	11	108062815	108067935	chr11.92324	5	1024	94424679	hg38.gc5Base.bw	0	100	1024	40280	2124800
585	11	108636255	108641375	chr11.92436	5	1024	94539367	hg38.gc5Base.bw	0	100	1024	39340	1971600
585	11	109045855	109050975	chr11.92516	5	1024	94621287	hg38.gc5Base.bw	0	100	1024	41820	2230000
585	11	109767775	109772895	chr11.92657	5	1024	94765671	hg38.gc5Base.bw	0	100	1024	40920	2113600
585	11	110028895	110034015	chr11.92708	5	1024	94817895	hg38.gc5Base.bw	0	100	1024	43140	2286800
585	11	110167135	110172255	chr11.92735	5	1024	94845543	hg38.gc5Base.bw	0	100	1024	34880	1666400
585	11	110177375	110182495	chr11.92737	5	1024	94847591	hg38.gc5Base.bw	0	100	1024	53520	3290400
585	11	110336095	110341215	chr11.92768	5	1024	94879335	hg38.gc5Base.bw	0	100	1024	43320	2360800
585	11	110689375	110694495	chr11.92837	5	1024	94949991	hg38.gc5Base.bw	0	100	1024	35440	1663200
585	11	110730335	110735455	chr11.92845	5	1024	94958183	hg38.gc5Base.bw	0	80	1024	34660	1646000
585	11	111037535	111042655	chr11.92905	5	1024	95019623	hg38.gc5Base.bw	0	100	1024	40960	2100000
585	11	111145055	111150175	chr11.92926	5	1024	95041127	hg38.gc5Base.bw	0	100	1024	38740	1942800
585	11	111283295	111288415	chr11.92953	5	1024	95068775	hg38.gc5Base.bw	0	100	1024	47520	2727200
585	11	111314015	111319135	chr11.92959	5	1024	95074919	hg38.gc5Base.bw	0	100	1024	38760	1912000
585	11	112133215	112138335	chr11.93119	5	1024	95238759	hg38.gc5Base.bw	0	100	1024	44500	2486800
585	11	112174175	112179295	chr11.93127	5	1024	95246951	hg38.gc5Base.bw	0	100	1024	38620	1969200
585	11	112829535	112834655	chr11.93255	5	1024	95378023	hg38.gc5Base.bw	0	100	1024	48960	2781600
585	11	113059935	113065055	chr11.93300	5	1024	95424103	hg38.gc5Base.bw	0	80	1024	40060	2042000
585	11	113402975	113408095	chr11.93367	5	1024	95492711	hg38.gc5Base.bw	0	100	1024	54980	3361200
585	11	113408095	113413215	chr11.93368	5	1024	95493735	hg38.gc5Base.bw	0	100	1024	56540	3546800
585	11	114780255	114785375	chr11.93636	5	1024	95768167	hg38.gc5Base.bw	0	100	1024	46140	2541200
585	11	115087455	115092575	chr11.93696	5	1024	95829607	hg38.gc5Base.bw	0	100	1024	47680	2724800
585	11	115256415	115261535	chr11.93729	5	1024	95863399	hg38.gc5Base.bw	0	100	1024	43760	2424800
585	11	115261535	115266655	chr11.93730	5	1024	95864423	hg38.gc5Base.bw	0	100	1024	39900	2049200
585	11	115896415	115901535	chr11.93854	5	1024	95991399	hg38.gc5Base.bw	0	100	1024	45540	2467600
585	11	115927135	115932255	chr11.93860	5	1024	95997543	hg38.gc5Base.bw	0	100	1024	48440	2764800
585	11	116116575	116121695	chr11.93897	5	1024	96035431	hg38.gc5Base.bw	0	100	1024	41900	2250800
585	11	116285535	116290655	chr11.93930	5	1024	96069223	hg38.gc5Base.bw	0	100	1024	43260	2312400
585	11	116434015	116439135	chr11.93959	5	1024	96098919	hg38.gc5Base.bw	0	100	1024	47800	2692000
585	11	116454495	116459615	chr11.93963	5	1024	96103015	hg38.gc5Base.bw	0	100	1024	50180	2954000
585	11	116526175	116531295	chr11.93977	5	1024	96117351	hg38.gc5Base.bw	0	100	1024	46220	2638000
585	11	117555295	117560415	chr11.94178	5	1024	96323175	hg38.gc5Base.bw	0	100	1024	52960	3239200
585	11	117560415	117565535	chr11.94179	5	1024	96324199	hg38.gc5Base.bw	0	100	1024	51080	3012000
585	11	117826655	117831775	chr11.94231	5	1024	96377447	hg38.gc5Base.bw	0	100	1024	56500	3570800
585	11	118031455	118036575	chr11.94271	5	1024	96418407	hg38.gc5Base.bw	0	100	1024	44080	2477600
585	11	118251615	118256735	chr11.94314	5	1024	96462439	hg38.gc5Base.bw	0	100	1024	37060	1867600
585	11	118676575	118681695	chr11.94397	5	1024	96547431	hg38.gc5Base.bw	0	100	1024	51760	3140800
585	11	119081055	119086175	chr11.94476	5	1024	96628327	hg38.gc5Base.bw	0	100	1024	51940	3159600
585	11	119096415	119101535	chr11.94479	5	1024	96631399	hg38.gc5Base.bw	0	100	1024	49160	2832800
585	11	119183455	119188575	chr11.94496	5	1024	96648807	hg38.gc5Base.bw	0	100	1024	57160	3672000
585	11	119188575	119193695	chr11.94497	5	1024	96649831	hg38.gc5Base.bw	0	100	1024	53920	3332800
585	11	119951455	119956575	chr11.94646	5	1024	96802407	hg38.gc5Base.bw	0	100	1024	42200	2267200
585	11	120202335	120207455	chr11.94695	5	1024	96852583	hg38.gc5Base.bw	0	100	1024	48280	2811200
585	11	120274015	120279135	chr11.94709	5	1024	96866919	hg38.gc5Base.bw	0	100	1024	48080	2803200
585	11	120560735	120565855	chr11.94765	5	1024	96924263	hg38.gc5Base.bw	0	100	1024	56840	3718400
585	11	120576095	120581215	chr11.94768	5	1024	96927335	hg38.gc5Base.bw	0	100	1024	50020	2952400
585	11	120627295	120632415	chr11.94778	5	1024	96937575	hg38.gc5Base.bw	0	100	1024	53840	3279200
585	11	120770655	120775775	chr11.94806	5	1024	96966247	hg38.gc5Base.bw	0	100	1024	45380	2480400
585	11	120960095	120965215	chr11.94843	5	1024	97004135	hg38.gc5Base.bw	0	100	1024	45500	2502000
585	11	122624095	122629215	chr11.95168	5	1024	97336935	hg38.gc5Base.bw	0	100	1024	48240	2792000
585	11	122772575	122777695	chr11.95197	5	1024	97366631	hg38.gc5Base.bw	0	100	1024	46880	2636000
585	11	122834015	122839135	chr11.95209	5	1024	97378919	hg38.gc5Base.bw	0	100	1024	44540	2460400
585	11	122874975	122880095	chr11.95217	5	1024	97387111	hg38.gc5Base.bw	0	100	1024	43600	2412800
585	11	123059295	123064415	chr11.95253	5	1024	97423975	hg38.gc5Base.bw	0	100	1024	50700	3093200
585	11	123801695	123806815	chr11.95398	5	1024	97572455	hg38.gc5Base.bw	0	100	1024	39840	2050400
585	11	123878495	123883615	chr11.95413	5	1024	97587815	hg38.gc5Base.bw	0	100	1024	34920	1640800
585	11	124047455	124052575	chr11.95446	5	1024	97621607	hg38.gc5Base.bw	0	100	1024	37220	1876400
585	11	124098655	124103775	chr11.95456	5	1024	97631847	hg38.gc5Base.bw	0	100	1024	37980	1858800
585	11	124375135	124380255	chr11.95510	5	1024	97687143	hg38.gc5Base.bw	0	100	1024	41660	2175600
585	11	124748895	124754015	chr11.95583	5	1024	97761895	hg38.gc5Base.bw	0	100	1024	55260	3462800
585	11	124943455	124948575	chr11.95621	5	1024	97800807	hg38.gc5Base.bw	0	100	1024	41440	2171200
585	11	124948575	124953695	chr11.95622	5	1024	97801831	hg38.gc5Base.bw	0	100	1024	41960	2164000
585	11	125040735	125045855	chr11.95640	5	1024	97820263	hg38.gc5Base.bw	0	100	1024	35820	1726000
585	11	125076575	125081695	chr11.95647	5	1024	97827431	hg38.gc5Base.bw	0	100	1024	56660	3546800
585	11	125112415	125117535	chr11.95654	5	1024	97834599	hg38.gc5Base.bw	0	100	1024	43440	2352000
585	11	126489695	126494815	chr11.95923	5	1024	98110055	hg38.gc5Base.bw	0	100	1024	52120	3200800
585	11	126755935	126761055	chr11.95975	5	1024	98163303	hg38.gc5Base.bw	0	100	1024	42780	2264400
585	11	128250975	128256095	chr11.96267	5	1024	98462311	hg38.gc5Base.bw	0	100	1024	35600	1722400
585	11	128773215	128778335	chr11.96369	5	1024	98566759	hg38.gc5Base.bw	0	100	1024	49960	2959200
585	11	129280095	129285215	chr11.96468	5	1024	98668135	hg38.gc5Base.bw	0	100	1024	43020	2308400
585	11	129433695	129438815	chr11.96498	5	1024	98698855	hg38.gc5Base.bw	0	100	1024	46480	2654400
585	11	129950815	129955935	chr11.96599	5	1024	98802279	hg38.gc5Base.bw	0	100	1024	40400	2137600
585	11	130037855	130042975	chr11.96616	5	1024	98819687	hg38.gc5Base.bw	0	100	1024	51000	3151200
585	11	130155615	130160735	chr11.96639	5	1024	98843239	hg38.gc5Base.bw	0	100	1024	54320	3458400
585	11	130467935	130473055	chr11.96700	5	1024	98905703	hg38.gc5Base.bw	0	100	1024	51940	3188400
585	11	130524255	130529375	chr11.96711	5	1024	98916967	hg38.gc5Base.bw	0	100	1024	47880	2736000
585	11	131297375	131302495	chr11.96862	5	1024	99071591	hg38.gc5Base.bw	0	100	1024	48180	2756400
585	11	131389535	131394655	chr11.96880	5	1024	99090023	hg38.gc5Base.bw	0	100	1024	49600	2902400
585	11	131783775	131788895	chr11.96957	5	1024	99168871	hg38.gc5Base.bw	0	100	1024	36440	1800800
585	11	131794015	131799135	chr11.96959	5	1024	99170919	hg38.gc5Base.bw	0	100	1024	44740	2464400
585	11	131891295	131896415	chr11.96978	5	1024	99190375	hg38.gc5Base.bw	0	100	1024	45280	2500800
585	11	131942495	131947615	chr11.96988	5	1024	99200615	hg38.gc5Base.bw	0	100	1024	44460	2424400
585	11	131947615	131952735	chr11.96989	5	1024	99201639	hg38.gc5Base.bw	0	100	1024	43820	2386000
585	11	132137055	132142175	chr11.97026	5	1024	99239527	hg38.gc5Base.bw	0	100	1024	46840	2610400
585	11	132280415	132285535	chr11.97054	5	1024	99268199	hg38.gc5Base.bw	0	100	1024	45760	2589600
585	11	132710495	132715615	chr11.97138	5	1024	99354215	hg38.gc5Base.bw	0	100	1024	43220	2334000
585	11	132771935	132777055	chr11.97150	5	1024	99366503	hg38.gc5Base.bw	0	100	1024	47460	2693200
585	11	132879455	132884575	chr11.97171	5	1024	99388007	hg38.gc5Base.bw	0	100	1024	40720	2122400
585	11	133166175	133171295	chr11.97227	5	1024	99445351	hg38.gc5Base.bw	0	100	1024	42340	2250000
585	11	133217375	133222495	chr11.97237	5	1024	99455591	hg38.gc5Base.bw	0	100	1024	49200	2820000
585	11	133248095	133253215	chr11.97243	5	1024	99461735	hg38.gc5Base.bw	0	100	1024	43220	2319600
585	11	133504095	133509215	chr11.97293	5	1024	99512935	hg38.gc5Base.bw	0	100	1024	49220	2856400
585	11	133754975	133760095	chr11.97342	5	1024	99563111	hg38.gc5Base.bw	0	100	1024	35100	1659600
585	11	133929055	133934175	chr11.97376	5	1024	99597927	hg38.gc5Base.bw	0	100	1024	59220	3845200
585	11	133949535	133954655	chr11.97380	5	1024	99602023	hg38.gc5Base.bw	0	100	1024	59440	3875200
585	11	134277215	134282335	chr11.97444	5	1024	99667559	hg38.gc5Base.bw	0	100	1024	46740	2778800
585	11	134420575	134425695	chr11.97472	5	1024	99696231	hg38.gc5Base.bw	0	100	1024	49160	2816000
585	11	134502495	134507615	chr11.97488	5	1024	99712615	hg38.gc5Base.bw	0	100	1024	49260	2925200
585	11	134558815	134563935	chr11.97499	5	1024	99723879	hg38.gc5Base.bw	0	100	1024	55340	3506800
585	11	134947935	134953055	chr11.97575	5	1024	99801703	hg38.gc5Base.bw	0	100	1024	47000	2640800
585	11	134988895	134994015	chr11.97583	5	1024	99809895	hg38.gc5Base.bw	0	100	1024	43640	2380000
585	11	135055455	135060575	chr11.97596	5	1024	99823207	hg38.gc5Base.bw	0	100	1024	44000	2462400
585	12	138000	143120	chr12.98087	5	1024	100318862	hg38.gc5Base.bw	0	100	1024	59060	3898800
585	12	1264400	1269520	chr12.98307	5	1024	100544142	hg38.gc5Base.bw	0	100	1024	40940	2179600
585	12	1714960	1720080	chr12.98395	5	1024	100634254	hg38.gc5Base.bw	0	100	1024	39940	2072400
585	12	2017040	2022160	chr12.98454	5	1024	100694670	hg38.gc5Base.bw	0	100	1024	42900	2292400
585	12	2032400	2037520	chr12.98457	5	1024	100697742	hg38.gc5Base.bw	0	100	1024	49440	2895200
585	12	2170640	2175760	chr12.98484	5	1024	100725390	hg38.gc5Base.bw	0	100	1024	48020	2751600
585	12	2221840	2226960	chr12.98494	5	1024	100735630	hg38.gc5Base.bw	0	100	1024	42000	2176000
585	12	2329360	2334480	chr12.98515	5	1024	100757134	hg38.gc5Base.bw	0	100	1024	43140	2324400
585	12	2887440	2892560	chr12.98624	5	1024	100868750	hg38.gc5Base.bw	0	100	1024	50840	3129600
585	12	3174160	3179280	chr12.98680	5	1024	100926094	hg38.gc5Base.bw	0	100	1024	54400	3411200
585	12	3220240	3225360	chr12.98689	5	1024	100935310	hg38.gc5Base.bw	0	100	1024	55080	3441600
585	12	3250960	3256080	chr12.98695	5	1024	100941454	hg38.gc5Base.bw	0	100	1024	55200	3444800
585	12	3363600	3368720	chr12.98717	5	1024	100963982	hg38.gc5Base.bw	0	100	1024	57640	3751200
585	12	3419920	3425040	chr12.98728	5	1024	100975246	hg38.gc5Base.bw	0	100	1024	48080	2754400
585	12	3752720	3757840	chr12.98793	5	1024	101041806	hg38.gc5Base.bw	0	100	1024	52100	3179600
585	12	4208400	4213520	chr12.98882	5	1024	101132942	hg38.gc5Base.bw	0	100	1024	44780	2441200
585	12	4213520	4218640	chr12.98883	5	1024	101133966	hg38.gc5Base.bw	0	100	1024	45660	2545200
585	12	4310800	4315920	chr12.98902	5	1024	101153422	hg38.gc5Base.bw	0	100	1024	43100	2350800
585	12	4592400	4597520	chr12.98957	5	1024	101209742	hg38.gc5Base.bw	0	100	1024	47520	2689600
585	12	4648720	4653840	chr12.98968	5	1024	101221006	hg38.gc5Base.bw	0	100	1024	40140	2014800
585	12	4664080	4669200	chr12.98971	5	1024	101224078	hg38.gc5Base.bw	0	100	1024	40020	2053200
585	12	4935440	4940560	chr12.99024	5	1024	101278350	hg38.gc5Base.bw	0	100	1024	44840	2441600
585	12	4996880	5002000	chr12.99036	5	1024	101290638	hg38.gc5Base.bw	0	100	1024	51000	2996800
585	12	5022480	5027600	chr12.99041	5	1024	101295758	hg38.gc5Base.bw	0	100	1024	48920	2811200
585	12	5058320	5063440	chr12.99048	5	1024	101302926	hg38.gc5Base.bw	0	100	1024	46400	2525600
585	12	5130000	5135120	chr12.99062	5	1024	101317262	hg38.gc5Base.bw	0	100	1024	39820	1990800
585	12	5217040	5222160	chr12.99079	5	1024	101334670	hg38.gc5Base.bw	0	100	1024	45220	2442000
585	12	5524240	5529360	chr12.99139	5	1024	101396110	hg38.gc5Base.bw	0	100	1024	39940	2095600
585	12	5662480	5667600	chr12.99166	5	1024	101423758	hg38.gc5Base.bw	0	100	1024	47700	2670800
585	12	5836560	5841680	chr12.99200	5	1024	101458574	hg38.gc5Base.bw	0	100	1024	48280	2779200
585	12	6333200	6338320	chr12.99297	5	1024	101557902	hg38.gc5Base.bw	0	100	1024	56320	3545600
585	12	6435600	6440720	chr12.99317	5	1024	101578382	hg38.gc5Base.bw	0	100	1024	44740	2504400
585	12	6563600	6568720	chr12.99342	5	1024	101603982	hg38.gc5Base.bw	0	100	1024	49600	2976800
585	12	6625040	6630160	chr12.99354	5	1024	101616270	hg38.gc5Base.bw	0	100	1024	49480	2966400
585	12	6747920	6753040	chr12.99378	5	1024	101640846	hg38.gc5Base.bw	0	100	1024	54600	3384800
585	12	6855440	6860560	chr12.99399	5	1024	101662350	hg38.gc5Base.bw	0	100	1024	53860	3306800
585	12	7475960	7481080	chr12.99521	5	1024	101786254	hg38.gc5Base.bw	0	100	1024	35320	1634400
585	12	8064760	8069880	chr12.99636	5	1024	101904014	hg38.gc5Base.bw	0	100	1024	39200	2032000
585	12	8397560	8402680	chr12.99701	5	1024	101970574	hg38.gc5Base.bw	0	100	1024	50860	3005200
585	12	9078520	9083640	chr12.99834	5	1024	102106766	hg38.gc5Base.bw	0	100	1024	37720	1847200
585	12	9191160	9196280	chr12.99856	5	1024	102129294	hg38.gc5Base.bw	0	100	1024	36700	1870800
585	12	9237240	9242360	chr12.99865	5	1024	102138510	hg38.gc5Base.bw	0	100	1024	42280	2267200
585	12	9657080	9662200	chr12.99947	5	1024	102222478	hg38.gc5Base.bw	0	100	1024	40220	2071600
585	12	10128120	10133240	chr12.100039	5	1024	102316686	hg38.gc5Base.bw	0	100	1024	40940	2107600
585	12	10163960	10169080	chr12.100046	5	1024	102323854	hg38.gc5Base.bw	0	100	1024	41700	2269200
585	12	10179320	10184440	chr12.100049	5	1024	102326926	hg38.gc5Base.bw	0	100	1024	42760	2316800
585	12	10768120	10773240	chr12.100164	5	1024	102444686	hg38.gc5Base.bw	0	100	1024	35660	1682000
585	12	11223800	11228920	chr12.100253	5	1024	102535822	hg38.gc5Base.bw	0	100	1024	34300	1602000
585	12	11827960	11833080	chr12.100371	5	1024	102656654	hg38.gc5Base.bw	0	100	1024	42560	2230400
585	12	12099320	12104440	chr12.100424	5	1024	102710926	hg38.gc5Base.bw	0	100	1024	41140	2136400
585	12	12375800	12380920	chr12.100478	5	1024	102766222	hg38.gc5Base.bw	0	100	1024	42400	2305600
585	12	13020920	13026040	chr12.100604	5	1024	102895246	hg38.gc5Base.bw	0	100	1024	40820	2119600
585	12	13302520	13307640	chr12.100659	5	1024	102951566	hg38.gc5Base.bw	0	100	1024	43540	2290800
585	12	13707000	13712120	chr12.100738	5	1024	103032462	hg38.gc5Base.bw	0	100	1024	38000	1815200
585	12	13978360	13983480	chr12.100791	5	1024	103086734	hg38.gc5Base.bw	0	100	1024	49180	2975600
585	12	14270200	14275320	chr12.100848	5	1024	103145102	hg38.gc5Base.bw	0	100	1024	45360	2520800
585	12	14812920	14818040	chr12.100954	5	1024	103253646	hg38.gc5Base.bw	0	100	1024	38020	1862000
585	12	14976760	14981880	chr12.100986	5	1024	103286414	hg38.gc5Base.bw	0	100	1024	38540	1909200
585	12	15877880	15883000	chr12.101162	5	1024	103466638	hg38.gc5Base.bw	0	100	1024	43460	2422800
585	12	15883000	15888120	chr12.101163	5	1024	103467662	hg38.gc5Base.bw	0	100	1024	39100	1994000
585	12	16809720	16814840	chr12.101344	5	1024	103653006	hg38.gc5Base.bw	0	100	1024	33820	1546000
585	12	16947960	16953080	chr12.101371	5	1024	103680654	hg38.gc5Base.bw	0	100	1024	38420	1976400
585	12	17045240	17050360	chr12.101390	5	1024	103700110	hg38.gc5Base.bw	0	100	1024	38040	1847200
585	12	17198840	17203960	chr12.101420	5	1024	103730830	hg38.gc5Base.bw	0	100	1024	40660	2123600
585	12	17813240	17818360	chr12.101540	5	1024	103853710	hg38.gc5Base.bw	0	100	1024	38140	1870800
585	12	17961720	17966840	chr12.101569	5	1024	103883406	hg38.gc5Base.bw	0	100	1024	38120	1808000
585	12	18576120	18581240	chr12.101689	5	1024	104006286	hg38.gc5Base.bw	0	100	1024	35980	1754000
585	12	18683640	18688760	chr12.101710	5	1024	104027790	hg38.gc5Base.bw	0	100	1024	35300	1670000
585	12	19185400	19190520	chr12.101808	5	1024	104128142	hg38.gc5Base.bw	0	100	1024	36300	1714000
585	12	19528440	19533560	chr12.101875	5	1024	104196750	hg38.gc5Base.bw	0	100	1024	40280	2100800
585	12	19661560	19666680	chr12.101901	5	1024	104223374	hg38.gc5Base.bw	0	100	1024	44580	2454000
585	12	20619000	20624120	chr12.102088	5	1024	104414862	hg38.gc5Base.bw	0	100	1024	34160	1559200
585	12	20716280	20721400	chr12.102107	5	1024	104434318	hg38.gc5Base.bw	0	100	1024	37520	1860800
585	12	20844280	20849400	chr12.102132	5	1024	104459918	hg38.gc5Base.bw	0	100	1024	37360	1831200
585	12	21125880	21131000	chr12.102187	5	1024	104516238	hg38.gc5Base.bw	0	100	1024	36620	1773200
585	12	21233400	21238520	chr12.102208	5	1024	104537742	hg38.gc5Base.bw	0	100	1024	37760	1887200
585	12	21371640	21376760	chr12.102235	5	1024	104565390	hg38.gc5Base.bw	0	80	1024	34020	1575600
585	12	21847800	21852920	chr12.102328	5	1024	104660622	hg38.gc5Base.bw	0	100	1024	37100	1806000
585	12	23025400	23030520	chr12.102558	5	1024	104896142	hg38.gc5Base.bw	0	100	1024	39160	1984800
585	12	23030520	23035640	chr12.102559	5	1024	104897166	hg38.gc5Base.bw	0	100	1024	40440	2105600
585	12	23035640	23040760	chr12.102560	5	1024	104898190	hg38.gc5Base.bw	0	100	1024	41400	2180000
585	12	23214840	23219960	chr12.102595	5	1024	104934030	hg38.gc5Base.bw	0	100	1024	43120	2268000
585	12	23701240	23706360	chr12.102690	5	1024	105031310	hg38.gc5Base.bw	0	100	1024	34560	1593600
585	12	23737080	23742200	chr12.102697	5	1024	105038478	hg38.gc5Base.bw	0	100	1024	39340	1970800
585	12	23900920	23906040	chr12.102729	5	1024	105071246	hg38.gc5Base.bw	0	100	1024	33140	1530000
585	12	23977720	23982840	chr12.102744	5	1024	105086606	hg38.gc5Base.bw	0	100	1024	35820	1756400
585	12	24136440	24141560	chr12.102775	5	1024	105118350	hg38.gc5Base.bw	0	100	1024	38460	1952400
585	12	24269560	24274680	chr12.102801	5	1024	105144974	hg38.gc5Base.bw	0	100	1024	35120	1684800
585	12	24325880	24331000	chr12.102812	5	1024	105156238	hg38.gc5Base.bw	0	100	1024	39840	2062400
585	12	24837880	24843000	chr12.102912	5	1024	105258638	hg38.gc5Base.bw	0	100	1024	39320	1947200
585	12	24878840	24883960	chr12.102920	5	1024	105266830	hg38.gc5Base.bw	0	100	1024	39940	2090000
585	12	24909560	24914680	chr12.102926	5	1024	105272974	hg38.gc5Base.bw	0	100	1024	43600	2433600
585	12	25001720	25006840	chr12.102944	5	1024	105291406	hg38.gc5Base.bw	0	100	1024	39220	1987600
585	12	25288440	25293560	chr12.103000	5	1024	105348750	hg38.gc5Base.bw	0	100	1024	36640	1826400
585	12	25431800	25436920	chr12.103028	5	1024	105377422	hg38.gc5Base.bw	0	100	1024	39420	1994000
585	12	25483000	25488120	chr12.103038	5	1024	105387662	hg38.gc5Base.bw	0	100	1024	40780	2109200
585	12	25498360	25503480	chr12.103041	5	1024	105390734	hg38.gc5Base.bw	0	100	1024	40980	2098000
585	12	25621240	25626360	chr12.103065	5	1024	105415310	hg38.gc5Base.bw	0	100	1024	41520	2182400
585	12	25887480	25892600	chr12.103117	5	1024	105468558	hg38.gc5Base.bw	0	100	1024	38380	1918000
585	12	25913080	25918200	chr12.103122	5	1024	105473678	hg38.gc5Base.bw	0	100	1024	41980	2285200
585	12	26041080	26046200	chr12.103147	5	1024	105499278	hg38.gc5Base.bw	0	100	1024	35740	1730000
585	12	26092280	26097400	chr12.103157	5	1024	105509518	hg38.gc5Base.bw	0	100	1024	38220	1920400
585	12	26179320	26184440	chr12.103174	5	1024	105526926	hg38.gc5Base.bw	0	100	1024	41180	2129200
585	12	26291960	26297080	chr12.103196	5	1024	105549454	hg38.gc5Base.bw	0	100	1024	43460	2301200
585	12	26373880	26379000	chr12.103212	5	1024	105565838	hg38.gc5Base.bw	0	100	1024	41400	2152800
585	12	26445560	26450680	chr12.103226	5	1024	105580174	hg38.gc5Base.bw	0	100	1024	37040	1793600
585	12	26481400	26486520	chr12.103233	5	1024	105587342	hg38.gc5Base.bw	0	100	1024	36420	1790000
585	12	26532600	26537720	chr12.103243	5	1024	105597582	hg38.gc5Base.bw	0	100	1024	39940	2044400
585	12	26788600	26793720	chr12.103293	5	1024	105648782	hg38.gc5Base.bw	0	100	1024	36540	1755600
585	12	27484920	27490040	chr12.103429	5	1024	105788046	hg38.gc5Base.bw	0	100	1024	38480	1914400
585	12	27495160	27500280	chr12.103431	5	1024	105790094	hg38.gc5Base.bw	0	100	1024	37900	1853200
585	12	27520760	27525880	chr12.103436	5	1024	105795214	hg38.gc5Base.bw	0	100	1024	46660	2686800
585	12	28037880	28043000	chr12.103537	5	1024	105898638	hg38.gc5Base.bw	0	100	1024	40420	2064400
585	12	28078840	28083960	chr12.103545	5	1024	105906830	hg38.gc5Base.bw	0	100	1024	38600	1928800
585	12	28273400	28278520	chr12.103583	5	1024	105945742	hg38.gc5Base.bw	0	100	1024	36520	1740800
585	12	28508920	28514040	chr12.103629	5	1024	105992846	hg38.gc5Base.bw	0	100	1024	38120	1879200
585	12	29148920	29154040	chr12.103754	5	1024	106120846	hg38.gc5Base.bw	0	100	1024	47940	2896400
585	12	29179640	29184760	chr12.103760	5	1024	106126990	hg38.gc5Base.bw	0	100	1024	38900	1940400
585	12	29410040	29415160	chr12.103805	5	1024	106173070	hg38.gc5Base.bw	0	100	1024	41540	2202800
585	12	29788920	29794040	chr12.103879	5	1024	106248846	hg38.gc5Base.bw	0	100	1024	42960	2208000
585	12	30029560	30034680	chr12.103926	5	1024	106296974	hg38.gc5Base.bw	0	100	1024	39200	1935200
585	12	30234360	30239480	chr12.103966	5	1024	106337934	hg38.gc5Base.bw	0	100	1024	41560	2171200
585	12	30254840	30259960	chr12.103970	5	1024	106342030	hg38.gc5Base.bw	0	100	1024	44760	2405600
585	12	30270200	30275320	chr12.103973	5	1024	106345102	hg38.gc5Base.bw	0	100	1024	42100	2218000
585	12	30382840	30387960	chr12.103995	5	1024	106367630	hg38.gc5Base.bw	0	100	1024	36780	1833200
585	12	30490360	30495480	chr12.104016	5	1024	106389134	hg38.gc5Base.bw	0	100	1024	38420	1978000
585	12	30536440	30541560	chr12.104025	5	1024	106398350	hg38.gc5Base.bw	0	100	1024	39100	1986000
585	12	30848760	30853880	chr12.104086	5	1024	106460814	hg38.gc5Base.bw	0	100	1024	44220	2473200
585	12	31258360	31263480	chr12.104166	5	1024	106542734	hg38.gc5Base.bw	0	100	1024	41180	2211600
585	12	31785720	31790840	chr12.104269	5	1024	106648206	hg38.gc5Base.bw	0	100	1024	43500	2446000
585	12	31980280	31985400	chr12.104307	5	1024	106687118	hg38.gc5Base.bw	0	100	1024	39160	1885600
585	12	31985400	31990520	chr12.104308	5	1024	106688142	hg38.gc5Base.bw	0	100	1024	41040	2198400
585	12	31990520	31995640	chr12.104309	5	1024	106689166	hg38.gc5Base.bw	0	100	1024	44140	2478800
585	12	32041720	32046840	chr12.104319	5	1024	106699406	hg38.gc5Base.bw	0	100	1024	46940	2687600
585	12	32502520	32507640	chr12.104409	5	1024	106791566	hg38.gc5Base.bw	0	100	1024	39940	2006000
585	12	32917240	32922360	chr12.104490	5	1024	106874510	hg38.gc5Base.bw	0	100	1024	41280	2206400
585	12	32994040	32999160	chr12.104505	5	1024	106889870	hg38.gc5Base.bw	0	100	1024	40920	2128000
585	12	33419000	33424120	chr12.104588	5	1024	106974862	hg38.gc5Base.bw	0	100	1024	35200	1663200
585	12	33941240	33946360	chr12.104690	5	1024	107079310	hg38.gc5Base.bw	0	100	1024	35320	1664800
585	12	34023160	34028280	chr12.104706	5	1024	107095694	hg38.gc5Base.bw	0	100	1024	35540	1670000
585	12	34105080	34110200	chr12.104722	5	1024	107112078	hg38.gc5Base.bw	0	100	1024	60060	3990000
585	12	34140920	34146040	chr12.104729	5	1024	107119246	hg38.gc5Base.bw	0	100	1024	41240	2160000
585	12	34545400	34550520	chr12.104808	5	1024	107200142	hg38.gc5Base.bw	0	80	1024	36360	1652000
585	12	37722280	37727400	chr12.105422	5	1024	107812494	hg38.gc5Base.bw	0	80	1024	37000	1676800
585	12	38561960	38567080	chr12.105586	5	1024	107980430	hg38.gc5Base.bw	0	100	1024	40380	2055600
585	12	39340200	39345320	chr12.105738	5	1024	108136078	hg38.gc5Base.bw	0	100	1024	35920	1722400
585	12	39411880	39417000	chr12.105752	5	1024	108150414	hg38.gc5Base.bw	0	100	1024	38800	2052800
585	12	40277160	40282280	chr12.105921	5	1024	108323470	hg38.gc5Base.bw	0	100	1024	38020	1918800
585	12	40307880	40313000	chr12.105927	5	1024	108329614	hg38.gc5Base.bw	0	100	1024	35400	1695200
585	12	40476840	40481960	chr12.105960	5	1024	108363406	hg38.gc5Base.bw	0	100	1024	42180	2136400
585	12	40609960	40615080	chr12.105986	5	1024	108390030	hg38.gc5Base.bw	0	100	1024	42080	2172800
585	12	40645800	40650920	chr12.105993	5	1024	108397198	hg38.gc5Base.bw	0	100	1024	35840	1714400
585	12	41372840	41377960	chr12.106135	5	1024	108542606	hg38.gc5Base.bw	0	100	1024	38480	1927200
585	12	41495720	41500840	chr12.106159	5	1024	108567182	hg38.gc5Base.bw	0	100	1024	37960	1851200
585	12	41731240	41736360	chr12.106205	5	1024	108614286	hg38.gc5Base.bw	0	100	1024	38060	1834000
585	12	41900200	41905320	chr12.106238	5	1024	108648078	hg38.gc5Base.bw	0	100	1024	40320	2066400
585	12	42647720	42652840	chr12.106384	5	1024	108797582	hg38.gc5Base.bw	0	100	1024	45160	2463200
585	12	43057320	43062440	chr12.106464	5	1024	108879502	hg38.gc5Base.bw	0	100	1024	35540	1734000
585	12	43216040	43221160	chr12.106495	5	1024	108911246	hg38.gc5Base.bw	0	100	1024	36600	1740800
585	12	44598440	44603560	chr12.106765	5	1024	109187726	hg38.gc5Base.bw	0	100	1024	34000	1628000
585	12	44618920	44624040	chr12.106769	5	1024	109191822	hg38.gc5Base.bw	0	100	1024	38680	1924000
585	12	44854440	44859560	chr12.106815	5	1024	109238926	hg38.gc5Base.bw	0	100	1024	38940	1961200
585	12	45151400	45156520	chr12.106873	5	1024	109298318	hg38.gc5Base.bw	0	100	1024	41320	2228800
585	12	45545640	45550760	chr12.106950	5	1024	109377166	hg38.gc5Base.bw	0	100	1024	42020	2210800
585	12	45863080	45868200	chr12.107012	5	1024	109440654	hg38.gc5Base.bw	0	100	1024	37100	1850800
585	12	46206120	46211240	chr12.107079	5	1024	109509262	hg38.gc5Base.bw	0	100	1024	38080	1908000
585	12	46344360	46349480	chr12.107106	5	1024	109536910	hg38.gc5Base.bw	0	100	1024	40260	2050800
585	12	46958760	46963880	chr12.107226	5	1024	109659790	hg38.gc5Base.bw	0	100	1024	39980	2038800
585	12	47148200	47153320	chr12.107263	5	1024	109697678	hg38.gc5Base.bw	0	100	1024	40200	2104800
585	12	47230120	47235240	chr12.107279	5	1024	109714062	hg38.gc5Base.bw	0	100	1024	45620	2653200
585	12	47337640	47342760	chr12.107300	5	1024	109735566	hg38.gc5Base.bw	0	100	1024	40520	2079200
585	12	47818920	47824040	chr12.107394	5	1024	109831822	hg38.gc5Base.bw	0	100	1024	57260	3792400
585	12	48018600	48023720	chr12.107433	5	1024	109871758	hg38.gc5Base.bw	0	100	1024	45280	2544800
585	12	48080040	48085160	chr12.107445	5	1024	109884046	hg38.gc5Base.bw	0	100	1024	40420	2149200
585	12	48131240	48136360	chr12.107455	5	1024	109894286	hg38.gc5Base.bw	0	100	1024	48200	2730400
585	12	48151720	48156840	chr12.107459	5	1024	109898382	hg38.gc5Base.bw	0	100	1024	42860	2367600
585	12	48827560	48832680	chr12.107591	5	1024	110033550	hg38.gc5Base.bw	0	100	1024	56100	3485200
585	12	49820840	49825960	chr12.107785	5	1024	110232206	hg38.gc5Base.bw	0	100	1024	53280	3256800
585	12	49964200	49969320	chr12.107813	5	1024	110260878	hg38.gc5Base.bw	0	100	1024	60580	3977200
585	12	50061480	50066600	chr12.107832	5	1024	110280334	hg38.gc5Base.bw	0	100	1024	55000	3348000
585	12	50742440	50747560	chr12.107965	5	1024	110416526	hg38.gc5Base.bw	0	100	1024	42580	2320400
585	12	50844840	50849960	chr12.107985	5	1024	110437006	hg38.gc5Base.bw	0	100	1024	41020	2163600
585	12	51382440	51387560	chr12.108090	5	1024	110544526	hg38.gc5Base.bw	0	100	1024	47820	2760400
585	12	51495080	51500200	chr12.108112	5	1024	110567054	hg38.gc5Base.bw	0	100	1024	41080	2181600
585	12	52068520	52073640	chr12.108224	5	1024	110681742	hg38.gc5Base.bw	0	100	1024	51840	3188800
585	12	52529320	52534440	chr12.108314	5	1024	110773902	hg38.gc5Base.bw	0	100	1024	54100	3313200
585	12	52570280	52575400	chr12.108322	5	1024	110782094	hg38.gc5Base.bw	0	100	1024	53780	3239600
585	12	52846760	52851880	chr12.108376	5	1024	110837390	hg38.gc5Base.bw	0	100	1024	55380	3434800
585	12	53061800	53066920	chr12.108418	5	1024	110880398	hg38.gc5Base.bw	0	100	1024	59840	3893600
585	12	53189800	53194920	chr12.108443	5	1024	110905998	hg38.gc5Base.bw	0	100	1024	54920	3400000
585	12	53225640	53230760	chr12.108450	5	1024	110913166	hg38.gc5Base.bw	0	100	1024	54720	3379200
585	12	53507240	53512360	chr12.108505	5	1024	110969486	hg38.gc5Base.bw	0	100	1024	50980	3030000
585	12	53696680	53701800	chr12.108542	5	1024	111007374	hg38.gc5Base.bw	0	100	1024	47320	2702400
585	12	53737640	53742760	chr12.108550	5	1024	111015566	hg38.gc5Base.bw	0	100	1024	55660	3516400
585	12	53927080	53932200	chr12.108587	5	1024	111053454	hg38.gc5Base.bw	0	100	1024	46980	2742000
585	12	54454440	54459560	chr12.108690	5	1024	111158926	hg38.gc5Base.bw	0	100	1024	39960	2055200
585	12	54945960	54951080	chr12.108786	5	1024	111257230	hg38.gc5Base.bw	0	100	1024	44580	2422000
585	12	55637160	55642280	chr12.108921	5	1024	111395470	hg38.gc5Base.bw	0	100	1024	48760	2825600
585	12	55969960	55975080	chr12.108986	5	1024	111462030	hg38.gc5Base.bw	0	100	1024	50440	3074400
585	12	56338600	56343720	chr12.109058	5	1024	111535758	hg38.gc5Base.bw	0	100	1024	50060	2918000
585	12	56410280	56415400	chr12.109072	5	1024	111550094	hg38.gc5Base.bw	0	100	1024	52580	3189200
585	12	56425640	56430760	chr12.109075	5	1024	111553166	hg38.gc5Base.bw	0	100	1024	49200	2884800
585	12	56656040	56661160	chr12.109120	5	1024	111599246	hg38.gc5Base.bw	0	100	1024	46700	2692400
585	12	57137320	57142440	chr12.109214	5	1024	111695502	hg38.gc5Base.bw	0	100	1024	53120	3214400
585	12	57209000	57214120	chr12.109228	5	1024	111709838	hg38.gc5Base.bw	0	100	1024	61140	4109200
585	12	57869480	57874600	chr12.109357	5	1024	111841934	hg38.gc5Base.bw	0	100	1024	47860	2752400
585	12	58105000	58110120	chr12.109403	5	1024	111889038	hg38.gc5Base.bw	0	100	1024	38680	1941600
585	12	58586280	58591400	chr12.109497	5	1024	111985294	hg38.gc5Base.bw	0	100	1024	41600	2159200
585	12	60014760	60019880	chr12.109776	5	1024	112270990	hg38.gc5Base.bw	0	80	1024	35360	1641600
585	12	61310120	61315240	chr12.110029	5	1024	112530062	hg38.gc5Base.bw	0	100	1024	31680	1430400
585	12	61351080	61356200	chr12.110037	5	1024	112538254	hg38.gc5Base.bw	0	100	1024	39980	2110000
585	12	61376680	61381800	chr12.110042	5	1024	112543374	hg38.gc5Base.bw	0	100	1024	33860	1543600
585	12	61576360	61581480	chr12.110081	5	1024	112583310	hg38.gc5Base.bw	0	100	1024	38340	1914800
585	12	61776040	61781160	chr12.110120	5	1024	112623246	hg38.gc5Base.bw	0	80	1024	39380	1966800
585	12	61801640	61806760	chr12.110125	5	1024	112628366	hg38.gc5Base.bw	0	80	1024	34080	1552000
585	12	61832360	61837480	chr12.110131	5	1024	112634510	hg38.gc5Base.bw	0	100	1024	33960	1600000
585	12	62574760	62579880	chr12.110276	5	1024	112782990	hg38.gc5Base.bw	0	100	1024	34280	1658400
585	12	62605480	62610600	chr12.110282	5	1024	112789134	hg38.gc5Base.bw	0	100	1024	36560	1779200
585	12	62687400	62692520	chr12.110298	5	1024	112805518	hg38.gc5Base.bw	0	100	1024	45000	2463200
585	12	63056040	63061160	chr12.110370	5	1024	112879246	hg38.gc5Base.bw	0	100	1024	37800	1853600
585	12	63132840	63137960	chr12.110385	5	1024	112894606	hg38.gc5Base.bw	0	100	1024	38180	1891600
585	12	63491240	63496360	chr12.110455	5	1024	112966286	hg38.gc5Base.bw	0	100	1024	38620	1921200
585	12	63690920	63696040	chr12.110494	5	1024	113006222	hg38.gc5Base.bw	0	100	1024	33860	1590000
585	12	63839400	63844520	chr12.110523	5	1024	113035918	hg38.gc5Base.bw	0	100	1024	50000	3152800
585	12	64279720	64284840	chr12.110609	5	1024	113123982	hg38.gc5Base.bw	0	100	1024	42720	2372000
585	12	64673960	64679080	chr12.110686	5	1024	113202830	hg38.gc5Base.bw	0	100	1024	46120	2604800
585	12	65462440	65467560	chr12.110840	5	1024	113360526	hg38.gc5Base.bw	0	100	1024	42640	2260800
585	12	66030760	66035880	chr12.110951	5	1024	113474190	hg38.gc5Base.bw	0	100	1024	40480	2108800
585	12	66389160	66394280	chr12.111021	5	1024	113545870	hg38.gc5Base.bw	0	100	1024	42840	2267200
585	12	66404520	66409640	chr12.111024	5	1024	113548942	hg38.gc5Base.bw	0	100	1024	44580	2486000
585	12	66793640	66798760	chr12.111100	5	1024	113626766	hg38.gc5Base.bw	0	100	1024	37660	1809200
585	12	67648680	67653800	chr12.111267	5	1024	113797774	hg38.gc5Base.bw	0	100	1024	52540	3435600
585	12	67705000	67710120	chr12.111278	5	1024	113809038	hg38.gc5Base.bw	0	100	1024	40560	2119200
585	12	68017320	68022440	chr12.111339	5	1024	113871502	hg38.gc5Base.bw	0	100	1024	40700	2087600
585	12	68222120	68227240	chr12.111379	5	1024	113912462	hg38.gc5Base.bw	0	100	1024	39660	2046000
585	12	68273320	68278440	chr12.111389	5	1024	113922702	hg38.gc5Base.bw	0	100	1024	41640	2150400
585	12	68519080	68524200	chr12.111437	5	1024	113971854	hg38.gc5Base.bw	0	100	1024	37660	1933200
585	12	68985000	68990120	chr12.111528	5	1024	114065038	hg38.gc5Base.bw	0	100	1024	39680	2007200
585	12	69358760	69363880	chr12.111601	5	1024	114139790	hg38.gc5Base.bw	0	100	1024	44980	2646000
585	12	69671080	69676200	chr12.111662	5	1024	114202254	hg38.gc5Base.bw	0	100	1024	41680	2212000
585	12	69681320	69686440	chr12.111664	5	1024	114204302	hg38.gc5Base.bw	0	100	1024	42040	2220000
585	12	69824680	69829800	chr12.111692	5	1024	114232974	hg38.gc5Base.bw	0	100	1024	35820	1710000
585	12	69906600	69911720	chr12.111708	5	1024	114249358	hg38.gc5Base.bw	0	100	1024	42080	2197600
585	12	69911720	69916840	chr12.111709	5	1024	114250382	hg38.gc5Base.bw	0	100	1024	39220	1975600
585	12	70009000	70014120	chr12.111728	5	1024	114269838	hg38.gc5Base.bw	0	100	1024	44800	2448800
585	12	70029480	70034600	chr12.111732	5	1024	114273934	hg38.gc5Base.bw	0	100	1024	37140	1817200
585	12	70049960	70055080	chr12.111736	5	1024	114278030	hg38.gc5Base.bw	0	100	1024	42840	2237600
585	12	70116520	70121640	chr12.111749	5	1024	114291342	hg38.gc5Base.bw	0	100	1024	36660	1785200
585	12	70172840	70177960	chr12.111760	5	1024	114302606	hg38.gc5Base.bw	0	100	1024	36040	1711200
585	12	70976680	70981800	chr12.111917	5	1024	114463374	hg38.gc5Base.bw	0	100	1024	32360	1474400
585	12	71068840	71073960	chr12.111935	5	1024	114481806	hg38.gc5Base.bw	0	100	1024	36120	1699200
585	12	71171240	71176360	chr12.111955	5	1024	114502286	hg38.gc5Base.bw	0	100	1024	36200	1736800
585	12	71309480	71314600	chr12.111982	5	1024	114529934	hg38.gc5Base.bw	0	100	1024	38400	1884800
585	12	71550120	71555240	chr12.112029	5	1024	114578062	hg38.gc5Base.bw	0	100	1024	42820	2318800
585	12	73275560	73280680	chr12.112366	5	1024	114923150	hg38.gc5Base.bw	0	100	1024	34920	1643200
585	12	73475240	73480360	chr12.112405	5	1024	114963086	hg38.gc5Base.bw	0	100	1024	33920	1567200
585	12	73557160	73562280	chr12.112421	5	1024	114979470	hg38.gc5Base.bw	0	100	1024	33200	1504800
585	12	74325160	74330280	chr12.112571	5	1024	115133070	hg38.gc5Base.bw	0	100	1024	33700	1530000
585	12	74873000	74878120	chr12.112678	5	1024	115242638	hg38.gc5Base.bw	0	100	1024	40600	2174400
585	12	74954920	74960040	chr12.112694	5	1024	115259022	hg38.gc5Base.bw	0	100	1024	36480	1759200
585	12	75671720	75676840	chr12.112834	5	1024	115402382	hg38.gc5Base.bw	0	100	1024	36260	1739600
585	12	75733160	75738280	chr12.112846	5	1024	115414670	hg38.gc5Base.bw	0	100	1024	40560	2067200
585	12	76874920	76880040	chr12.113069	5	1024	115643022	hg38.gc5Base.bw	0	100	1024	48540	2957200
585	12	77018280	77023400	chr12.113097	5	1024	115671694	hg38.gc5Base.bw	0	100	1024	39920	2060000
585	12	77105320	77110440	chr12.113114	5	1024	115689102	hg38.gc5Base.bw	0	100	1024	38680	1948000
585	12	77386920	77392040	chr12.113169	5	1024	115745422	hg38.gc5Base.bw	0	100	1024	37840	1857600
585	12	77540520	77545640	chr12.113199	5	1024	115776142	hg38.gc5Base.bw	0	100	1024	34900	1629200
585	12	77545640	77550760	chr12.113200	5	1024	115777166	hg38.gc5Base.bw	0	100	1024	36000	1724800
585	12	77658280	77663400	chr12.113222	5	1024	115799694	hg38.gc5Base.bw	0	100	1024	33500	1538800
585	12	77939880	77945000	chr12.113277	5	1024	115856014	hg38.gc5Base.bw	0	100	1024	35860	1733200
585	12	78011560	78016680	chr12.113291	5	1024	115870350	hg38.gc5Base.bw	0	100	1024	36760	1748800
585	12	78446760	78451880	chr12.113376	5	1024	115957390	hg38.gc5Base.bw	0	100	1024	36460	1730000
585	12	78528680	78533800	chr12.113392	5	1024	115973774	hg38.gc5Base.bw	0	80	1024	36840	1762400
585	12	79353000	79358120	chr12.113553	5	1024	116138638	hg38.gc5Base.bw	0	100	1024	38040	1858400
585	12	79496360	79501480	chr12.113581	5	1024	116167310	hg38.gc5Base.bw	0	100	1024	44220	2384400
585	12	79532200	79537320	chr12.113588	5	1024	116174478	hg38.gc5Base.bw	0	100	1024	42500	2290000
585	12	79972520	79977640	chr12.113674	5	1024	116262542	hg38.gc5Base.bw	0	100	1024	36780	1806000
585	12	80182440	80187560	chr12.113715	5	1024	116304526	hg38.gc5Base.bw	0	100	1024	40260	2072400
585	12	80202920	80208040	chr12.113719	5	1024	116308622	hg38.gc5Base.bw	0	100	1024	35940	1742800
585	12	80274600	80279720	chr12.113733	5	1024	116322958	hg38.gc5Base.bw	0	100	1024	33060	1558000
585	12	80412840	80417960	chr12.113760	5	1024	116350606	hg38.gc5Base.bw	0	100	1024	36020	1716400
585	12	80653480	80658600	chr12.113807	5	1024	116398734	hg38.gc5Base.bw	0	100	1024	32840	1504000
585	12	80694440	80699560	chr12.113815	5	1024	116406926	hg38.gc5Base.bw	0	100	1024	33480	1522400
585	12	81467560	81472680	chr12.113966	5	1024	116561550	hg38.gc5Base.bw	0	100	1024	37560	1836000
585	12	81943720	81948840	chr12.114059	5	1024	116656782	hg38.gc5Base.bw	0	100	1024	39120	2056000
585	12	82035880	82041000	chr12.114077	5	1024	116675214	hg38.gc5Base.bw	0	80	1024	33860	1567600
585	12	82199720	82204840	chr12.114109	5	1024	116707982	hg38.gc5Base.bw	0	100	1024	38120	1866400
585	12	82809000	82814120	chr12.114228	5	1024	116829838	hg38.gc5Base.bw	0	100	1024	34200	1644000
585	12	83018920	83024040	chr12.114269	5	1024	116871822	hg38.gc5Base.bw	0	100	1024	38600	1920000
585	12	83198120	83203240	chr12.114304	5	1024	116907662	hg38.gc5Base.bw	0	100	1024	34580	1626000
585	12	83925160	83930280	chr12.114446	5	1024	117053070	hg38.gc5Base.bw	0	100	1024	36380	1842800
585	12	84841640	84846760	chr12.114625	5	1024	117236366	hg38.gc5Base.bw	0	80	1024	33120	1476000
585	12	85537960	85543080	chr12.114761	5	1024	117375630	hg38.gc5Base.bw	0	100	1024	33100	1506800
585	12	85696680	85701800	chr12.114792	5	1024	117407374	hg38.gc5Base.bw	0	100	1024	35840	1749600
585	12	85834920	85840040	chr12.114819	5	1024	117435022	hg38.gc5Base.bw	0	100	1024	36760	1832000
585	12	87248040	87253160	chr12.115095	5	1024	117717646	hg38.gc5Base.bw	0	100	1024	37700	1870000
585	12	87309480	87314600	chr12.115107	5	1024	117729934	hg38.gc5Base.bw	0	100	1024	35360	1666400
585	12	88108200	88113320	chr12.115263	5	1024	117889678	hg38.gc5Base.bw	0	100	1024	33580	1549200
585	12	88507560	88512680	chr12.115341	5	1024	117969550	hg38.gc5Base.bw	0	100	1024	39040	1945600
585	12	88901800	88906920	chr12.115418	5	1024	118048398	hg38.gc5Base.bw	0	100	1024	37340	1811600
585	12	89116840	89121960	chr12.115460	5	1024	118091406	hg38.gc5Base.bw	0	100	1024	39640	2005600
585	12	89424040	89429160	chr12.115520	5	1024	118152846	hg38.gc5Base.bw	0	100	1024	38800	1932800
585	12	89511080	89516200	chr12.115537	5	1024	118170254	hg38.gc5Base.bw	0	100	1024	43240	2361600
585	12	89618600	89623720	chr12.115558	5	1024	118191758	hg38.gc5Base.bw	0	100	1024	33260	1531600
585	12	89767080	89772200	chr12.115587	5	1024	118221454	hg38.gc5Base.bw	0	100	1024	42000	2188800
585	12	89787560	89792680	chr12.115591	5	1024	118225550	hg38.gc5Base.bw	0	100	1024	37920	1870400
585	12	90202280	90207400	chr12.115672	5	1024	118308494	hg38.gc5Base.bw	0	100	1024	33620	1535600
585	12	90335400	90340520	chr12.115698	5	1024	118335118	hg38.gc5Base.bw	0	100	1024	35720	1711200
585	12	90345640	90350760	chr12.115700	5	1024	118337166	hg38.gc5Base.bw	0	100	1024	34040	1604000
585	12	90391720	90396840	chr12.115709	5	1024	118346382	hg38.gc5Base.bw	0	100	1024	38380	1954000
585	12	90878120	90883240	chr12.115804	5	1024	118443662	hg38.gc5Base.bw	0	100	1024	41180	2186000
585	12	91267240	91272360	chr12.115880	5	1024	118521486	hg38.gc5Base.bw	0	100	1024	37920	1855200
585	12	91354280	91359400	chr12.115897	5	1024	118538894	hg38.gc5Base.bw	0	100	1024	38560	1897600
585	12	91763880	91769000	chr12.115977	5	1024	118620814	hg38.gc5Base.bw	0	100	1024	38180	1900400
585	12	91861160	91866280	chr12.115996	5	1024	118640270	hg38.gc5Base.bw	0	100	1024	40560	2065600
585	12	92183720	92188840	chr12.116059	5	1024	118704782	hg38.gc5Base.bw	0	100	1024	38280	1902400
585	12	92229800	92234920	chr12.116068	5	1024	118713998	hg38.gc5Base.bw	0	100	1024	37720	1854400
585	12	92260520	92265640	chr12.116074	5	1024	118720142	hg38.gc5Base.bw	0	100	1024	37820	1882800
585	12	92931240	92936360	chr12.116205	5	1024	118854286	hg38.gc5Base.bw	0	100	1024	44120	2430400
585	12	93008040	93013160	chr12.116220	5	1024	118869646	hg38.gc5Base.bw	0	100	1024	38960	1980000
585	12	93402280	93407400	chr12.116297	5	1024	118948494	hg38.gc5Base.bw	0	100	1024	41060	2186000
585	12	93607080	93612200	chr12.116337	5	1024	118989454	hg38.gc5Base.bw	0	100	1024	41040	2181600
585	12	93796520	93801640	chr12.116374	5	1024	119027342	hg38.gc5Base.bw	0	100	1024	42420	2268400
585	12	93827240	93832360	chr12.116380	5	1024	119033486	hg38.gc5Base.bw	0	100	1024	40520	2105600
585	12	93832360	93837480	chr12.116381	5	1024	119034510	hg38.gc5Base.bw	0	100	1024	40220	2110000
585	12	94073000	94078120	chr12.116428	5	1024	119082638	hg38.gc5Base.bw	0	100	1024	44720	2462400
585	12	94103720	94108840	chr12.116434	5	1024	119088782	hg38.gc5Base.bw	0	100	1024	45600	2533600
585	12	94149800	94154920	chr12.116443	5	1024	119097998	hg38.gc5Base.bw	0	100	1024	48920	2882400
585	12	94226600	94231720	chr12.116458	5	1024	119113358	hg38.gc5Base.bw	0	100	1024	41520	2172800
585	12	94334120	94339240	chr12.116479	5	1024	119134862	hg38.gc5Base.bw	0	100	1024	36120	1733600
585	12	94503080	94508200	chr12.116512	5	1024	119168654	hg38.gc5Base.bw	0	100	1024	41860	2182800
585	12	94579880	94585000	chr12.116527	5	1024	119184014	hg38.gc5Base.bw	0	100	1024	42320	2306400
585	12	95332520	95337640	chr12.116674	5	1024	119334542	hg38.gc5Base.bw	0	100	1024	45020	2494800
585	12	96310440	96315560	chr12.116865	5	1024	119530126	hg38.gc5Base.bw	0	100	1024	33720	1566400
585	12	96443560	96448680	chr12.116891	5	1024	119556750	hg38.gc5Base.bw	0	100	1024	41260	2234800
585	12	96658600	96663720	chr12.116933	5	1024	119599758	hg38.gc5Base.bw	0	100	1024	43100	2339600
585	12	97288360	97293480	chr12.117056	5	1024	119725710	hg38.gc5Base.bw	0	100	1024	42400	2244000
585	12	97390760	97395880	chr12.117076	5	1024	119746190	hg38.gc5Base.bw	0	100	1024	41880	2228800
585	12	97457320	97462440	chr12.117089	5	1024	119759502	hg38.gc5Base.bw	0	100	1024	36540	1725200
585	12	97534120	97539240	chr12.117104	5	1024	119774862	hg38.gc5Base.bw	0	100	1024	33340	1502800
585	12	97682600	97687720	chr12.117133	5	1024	119804558	hg38.gc5Base.bw	0	100	1024	35340	1712400
585	12	97795240	97800360	chr12.117155	5	1024	119827086	hg38.gc5Base.bw	0	100	1024	42180	2243600
585	12	98476200	98481320	chr12.117288	5	1024	119963278	hg38.gc5Base.bw	0	100	1024	44360	2434400
585	12	98522280	98527400	chr12.117297	5	1024	119972494	hg38.gc5Base.bw	0	100	1024	41320	2223200
585	12	98768040	98773160	chr12.117345	5	1024	120021646	hg38.gc5Base.bw	0	100	1024	42600	2303200
585	12	99121320	99126440	chr12.117414	5	1024	120092302	hg38.gc5Base.bw	0	100	1024	39680	2015200
585	12	99530920	99536040	chr12.117494	5	1024	120174222	hg38.gc5Base.bw	0	100	1024	37500	1847600
585	12	99735720	99740840	chr12.117534	5	1024	120215182	hg38.gc5Base.bw	0	100	1024	38500	1887600
585	12	100150440	100155560	chr12.117615	5	1024	120298126	hg38.gc5Base.bw	0	100	1024	50720	3084000
585	12	100990120	100995240	chr12.117779	5	1024	120466062	hg38.gc5Base.bw	0	100	1024	39940	2043600
585	12	101225640	101230760	chr12.117825	5	1024	120513166	hg38.gc5Base.bw	0	100	1024	43660	2361200
585	12	101614760	101619880	chr12.117901	5	1024	120590990	hg38.gc5Base.bw	0	100	1024	39360	1977600
585	12	101696680	101701800	chr12.117917	5	1024	120607374	hg38.gc5Base.bw	0	100	1024	50320	3169600
585	12	101957800	101962920	chr12.117968	5	1024	120659598	hg38.gc5Base.bw	0	100	1024	42980	2271600
585	12	102009000	102014120	chr12.117978	5	1024	120669838	hg38.gc5Base.bw	0	100	1024	41680	2188800
585	12	102628520	102633640	chr12.118099	5	1024	120793742	hg38.gc5Base.bw	0	100	1024	40560	2072800
585	12	102869160	102874280	chr12.118146	5	1024	120841870	hg38.gc5Base.bw	0	100	1024	42240	2244800
585	12	102884520	102889640	chr12.118149	5	1024	120844942	hg38.gc5Base.bw	0	100	1024	46660	2610800
585	12	103150760	103155880	chr12.118201	5	1024	120898190	hg38.gc5Base.bw	0	100	1024	35100	1674800
585	12	103729320	103734440	chr12.118314	5	1024	121013902	hg38.gc5Base.bw	0	100	1024	43600	2316000
585	12	103964840	103969960	chr12.118360	5	1024	121061006	hg38.gc5Base.bw	0	100	1024	45740	2612400
585	12	104174760	104179880	chr12.118401	5	1024	121102990	hg38.gc5Base.bw	0	100	1024	45660	2580400
585	12	104205480	104210600	chr12.118407	5	1024	121109134	hg38.gc5Base.bw	0	100	1024	45600	2568800
585	12	105147560	105152680	chr12.118591	5	1024	121297550	hg38.gc5Base.bw	0	100	1024	37240	1872000
585	12	105168040	105173160	chr12.118595	5	1024	121301646	hg38.gc5Base.bw	0	100	1024	34540	1600400
585	12	105316520	105321640	chr12.118624	5	1024	121331342	hg38.gc5Base.bw	0	100	1024	46520	2576000
585	12	105424040	105429160	chr12.118645	5	1024	121352846	hg38.gc5Base.bw	0	100	1024	43760	2323200
585	12	105659560	105664680	chr12.118691	5	1024	121399950	hg38.gc5Base.bw	0	100	1024	43660	2348400
585	12	105674920	105680040	chr12.118694	5	1024	121403022	hg38.gc5Base.bw	0	100	1024	43160	2327200
585	12	105710760	105715880	chr12.118701	5	1024	121410190	hg38.gc5Base.bw	0	100	1024	41620	2161200
585	12	105813160	105818280	chr12.118721	5	1024	121430670	hg38.gc5Base.bw	0	100	1024	42580	2258000
585	12	105849000	105854120	chr12.118728	5	1024	121437838	hg38.gc5Base.bw	0	100	1024	41020	2106000
585	12	106412200	106417320	chr12.118838	5	1024	121550478	hg38.gc5Base.bw	0	100	1024	37460	1809200
585	12	106606760	106611880	chr12.118876	5	1024	121589390	hg38.gc5Base.bw	0	100	1024	41060	2162000
585	12	107149480	107154600	chr12.118982	5	1024	121697934	hg38.gc5Base.bw	0	100	1024	42480	2264000
585	12	107543720	107548840	chr12.119059	5	1024	121776782	hg38.gc5Base.bw	0	100	1024	47360	2689600
585	12	107666600	107671720	chr12.119083	5	1024	121801358	hg38.gc5Base.bw	0	100	1024	48060	2734000
585	12	108224680	108229800	chr12.119192	5	1024	121912974	hg38.gc5Base.bw	0	100	1024	48580	2718000
585	12	108409000	108414120	chr12.119228	5	1024	121949838	hg38.gc5Base.bw	0	100	1024	43800	2363200
585	12	108670120	108675240	chr12.119279	5	1024	122002062	hg38.gc5Base.bw	0	100	1024	40300	2107600
585	12	109115560	109120680	chr12.119366	5	1024	122091150	hg38.gc5Base.bw	0	100	1024	47400	2738400
585	12	109939880	109945000	chr12.119527	5	1024	122256014	hg38.gc5Base.bw	0	100	1024	44440	2468800
585	12	109991080	109996200	chr12.119537	5	1024	122266254	hg38.gc5Base.bw	0	100	1024	43740	2429200
585	12	110533800	110538920	chr12.119643	5	1024	122374798	hg38.gc5Base.bw	0	100	1024	40160	2072800
585	12	110800040	110805160	chr12.119695	5	1024	122428046	hg38.gc5Base.bw	0	100	1024	46060	2552400
585	12	111132840	111137960	chr12.119760	5	1024	122494606	hg38.gc5Base.bw	0	100	1024	48140	2755600
585	12	111214760	111219880	chr12.119776	5	1024	122510990	hg38.gc5Base.bw	0	100	1024	50280	2960000
585	12	111358120	111363240	chr12.119804	5	1024	122539662	hg38.gc5Base.bw	0	100	1024	58200	3797600
585	12	112576680	112581800	chr12.120042	5	1024	122783374	hg38.gc5Base.bw	0	100	1024	43980	2422000
585	12	112668840	112673960	chr12.120060	5	1024	122801806	hg38.gc5Base.bw	0	100	1024	42020	2208400
585	12	112720040	112725160	chr12.120070	5	1024	122812046	hg38.gc5Base.bw	0	100	1024	40600	2080800
585	12	113068200	113073320	chr12.120138	5	1024	122881678	hg38.gc5Base.bw	0	100	1024	55260	3466000
585	12	113088680	113093800	chr12.120142	5	1024	122885774	hg38.gc5Base.bw	0	100	1024	55880	3530400
585	12	113206440	113211560	chr12.120165	5	1024	122909326	hg38.gc5Base.bw	0	100	1024	48780	2834000
585	12	113385640	113390760	chr12.120200	5	1024	122945166	hg38.gc5Base.bw	0	100	1024	55980	3545200
585	12	113467560	113472680	chr12.120216	5	1024	122961550	hg38.gc5Base.bw	0	100	1024	63240	4408000
585	12	113498280	113503400	chr12.120222	5	1024	122967694	hg38.gc5Base.bw	0	100	1024	46480	2592800
585	12	113810600	113815720	chr12.120283	5	1024	123030158	hg38.gc5Base.bw	0	100	1024	52240	3169600
585	12	113953960	113959080	chr12.120311	5	1024	123058830	hg38.gc5Base.bw	0	100	1024	50740	3006000
585	12	114286760	114291880	chr12.120376	5	1024	123125390	hg38.gc5Base.bw	0	100	1024	44580	2430000
585	12	114358440	114363560	chr12.120390	5	1024	123139726	hg38.gc5Base.bw	0	100	1024	45700	2514800
585	12	114394280	114399400	chr12.120397	5	1024	123146894	hg38.gc5Base.bw	0	100	1024	52720	3276800
585	12	114414760	114419880	chr12.120401	5	1024	123150990	hg38.gc5Base.bw	0	100	1024	50980	3054000
585	12	114455720	114460840	chr12.120409	5	1024	123159182	hg38.gc5Base.bw	0	100	1024	43580	2373200
585	12	114650280	114655400	chr12.120447	5	1024	123198094	hg38.gc5Base.bw	0	100	1024	46600	2626400
585	12	114788520	114793640	chr12.120474	5	1024	123225742	hg38.gc5Base.bw	0	100	1024	45540	2545200
585	12	114849960	114855080	chr12.120486	5	1024	123238030	hg38.gc5Base.bw	0	100	1024	44500	2434000
585	12	115008680	115013800	chr12.120517	5	1024	123269774	hg38.gc5Base.bw	0	100	1024	44760	2456000
585	12	115372200	115377320	chr12.120588	5	1024	123342478	hg38.gc5Base.bw	0	100	1024	47300	2685200
585	12	115541160	115546280	chr12.120621	5	1024	123376270	hg38.gc5Base.bw	0	100	1024	42280	2188800
585	12	115628200	115633320	chr12.120638	5	1024	123393678	hg38.gc5Base.bw	0	100	1024	42240	2201600
585	12	115699880	115705000	chr12.120652	5	1024	123408014	hg38.gc5Base.bw	0	100	1024	45500	2492400
585	12	115720360	115725480	chr12.120656	5	1024	123412110	hg38.gc5Base.bw	0	100	1024	43040	2261600
585	12	115838120	115843240	chr12.120679	5	1024	123435662	hg38.gc5Base.bw	0	100	1024	48580	2802000
585	12	116319400	116324520	chr12.120773	5	1024	123531918	hg38.gc5Base.bw	0	100	1024	45140	2482800
585	12	116478120	116483240	chr12.120804	5	1024	123563662	hg38.gc5Base.bw	0	100	1024	50760	3031200
585	12	116524200	116529320	chr12.120813	5	1024	123572878	hg38.gc5Base.bw	0	100	1024	47020	2641200
585	12	116570280	116575400	chr12.120822	5	1024	123582094	hg38.gc5Base.bw	0	100	1024	43660	2452400
585	12	116698280	116703400	chr12.120847	5	1024	123607694	hg38.gc5Base.bw	0	100	1024	46200	2658400
585	12	117025960	117031080	chr12.120911	5	1024	123673230	hg38.gc5Base.bw	0	100	1024	53200	3272000
585	12	117507240	117512360	chr12.121005	5	1024	123769486	hg38.gc5Base.bw	0	100	1024	46960	2582400
585	12	118546600	118551720	chr12.121208	5	1024	123977358	hg38.gc5Base.bw	0	100	1024	43680	2346400
585	12	118597800	118602920	chr12.121218	5	1024	123987598	hg38.gc5Base.bw	0	100	1024	47160	2688800
585	12	118684840	118689960	chr12.121235	5	1024	124005006	hg38.gc5Base.bw	0	100	1024	44720	2414400
585	12	118725800	118730920	chr12.121243	5	1024	124013198	hg38.gc5Base.bw	0	100	1024	47800	2713600
585	12	119063720	119068840	chr12.121309	5	1024	124080782	hg38.gc5Base.bw	0	100	1024	43340	2347600
585	12	119130280	119135400	chr12.121322	5	1024	124094094	hg38.gc5Base.bw	0	100	1024	44760	2426400
585	12	119504040	119509160	chr12.121395	5	1024	124168846	hg38.gc5Base.bw	0	100	1024	45220	2533200
585	12	119744680	119749800	chr12.121442	5	1024	124216974	hg38.gc5Base.bw	0	100	1024	40500	2117200
585	12	120133800	120138920	chr12.121518	5	1024	124294798	hg38.gc5Base.bw	0	100	1024	54560	3356800
585	12	120318120	120323240	chr12.121554	5	1024	124331662	hg38.gc5Base.bw	0	100	1024	45620	2596400
585	12	120845480	120850600	chr12.121657	5	1024	124437134	hg38.gc5Base.bw	0	100	1024	40360	2127200
585	12	121674920	121680040	chr12.121819	5	1024	124603022	hg38.gc5Base.bw	0	100	1024	50720	3108800
585	12	121905320	121910440	chr12.121864	5	1024	124649102	hg38.gc5Base.bw	0	100	1024	48620	2868400
585	12	122227880	122233000	chr12.121927	5	1024	124713614	hg38.gc5Base.bw	0	100	1024	44320	2440000
585	12	122273960	122279080	chr12.121936	5	1024	124722830	hg38.gc5Base.bw	0	100	1024	44520	2529600
585	12	122529960	122535080	chr12.121986	5	1024	124774030	hg38.gc5Base.bw	0	100	1024	43440	2381600
585	12	122576040	122581160	chr12.121995	5	1024	124783246	hg38.gc5Base.bw	0	100	1024	40920	2209600
585	12	122888360	122893480	chr12.122056	5	1024	124845710	hg38.gc5Base.bw	0	100	1024	45680	2585600
585	12	124368330	124373450	chr12.122347	5	1024	125141646	hg38.gc5Base.bw	0	100	1024	63700	4382000
585	12	124624330	124629450	chr12.122397	5	1024	125192846	hg38.gc5Base.bw	0	100	1024	50960	3080800
585	12	124864970	124870090	chr12.122444	5	1024	125240974	hg38.gc5Base.bw	0	100	1024	51920	3149600
585	12	124952010	124957130	chr12.122461	5	1024	125258382	hg38.gc5Base.bw	0	100	1024	55500	3517200
585	12	125515210	125520330	chr12.122571	5	1024	125371022	hg38.gc5Base.bw	0	100	1024	46560	2585600
585	12	125520330	125525450	chr12.122572	5	1024	125372046	hg38.gc5Base.bw	0	100	1024	48220	2713200
585	12	125935050	125940170	chr12.122653	5	1024	125454990	hg38.gc5Base.bw	0	100	1024	38940	1994000
585	12	126293450	126298570	chr12.122723	5	1024	125526670	hg38.gc5Base.bw	0	100	1024	40320	2050400
585	12	126759370	126764490	chr12.122814	5	1024	125619854	hg38.gc5Base.bw	0	100	1024	43120	2241600
585	12	126784970	126790090	chr12.122819	5	1024	125624974	hg38.gc5Base.bw	0	100	1024	46460	2623600
585	12	127025610	127030730	chr12.122866	5	1024	125673102	hg38.gc5Base.bw	0	100	1024	39500	2012400
585	12	127030730	127035850	chr12.122867	5	1024	125674126	hg38.gc5Base.bw	0	100	1024	39960	2081600
585	12	127061450	127066570	chr12.122873	5	1024	125680270	hg38.gc5Base.bw	0	100	1024	41180	2138800
585	12	127409610	127414730	chr12.122941	5	1024	125749902	hg38.gc5Base.bw	0	100	1024	42980	2286800
585	12	127696330	127701450	chr12.122997	5	1024	125807246	hg38.gc5Base.bw	0	100	1024	40420	2074800
585	12	127742410	127747530	chr12.123006	5	1024	125816462	hg38.gc5Base.bw	0	100	1024	44540	2487600
585	12	127788490	127793610	chr12.123015	5	1024	125825678	hg38.gc5Base.bw	0	100	1024	41580	2220400
585	12	128039370	128044490	chr12.123064	5	1024	125875854	hg38.gc5Base.bw	0	100	1024	51080	3008800
585	12	128090570	128095690	chr12.123074	5	1024	125886094	hg38.gc5Base.bw	0	100	1024	44760	2480000
585	12	128228810	128233930	chr12.123101	5	1024	125913742	hg38.gc5Base.bw	0	100	1024	45500	2424400
585	12	128356810	128361930	chr12.123126	5	1024	125939342	hg38.gc5Base.bw	0	100	1024	46200	2566400
585	12	128372170	128377290	chr12.123129	5	1024	125942414	hg38.gc5Base.bw	0	100	1024	47800	2694400
585	12	128423370	128428490	chr12.123139	5	1024	125952654	hg38.gc5Base.bw	0	100	1024	47200	2669600
585	12	128433610	128438730	chr12.123141	5	1024	125954702	hg38.gc5Base.bw	0	100	1024	43220	2294000
585	12	128587210	128592330	chr12.123171	5	1024	125985422	hg38.gc5Base.bw	0	100	1024	48740	2856400
585	12	128592330	128597450	chr12.123172	5	1024	125986446	hg38.gc5Base.bw	0	100	1024	53960	3265600
585	12	129042890	129048010	chr12.123260	5	1024	126076558	hg38.gc5Base.bw	0	100	1024	44360	2410400
585	12	129416650	129421770	chr12.123333	5	1024	126151310	hg38.gc5Base.bw	0	100	1024	42560	2269600
585	12	129739210	129744330	chr12.123396	5	1024	126215822	hg38.gc5Base.bw	0	100	1024	43220	2250800
585	12	129984970	129990090	chr12.123444	5	1024	126264974	hg38.gc5Base.bw	0	100	1024	40860	2120400
585	12	130005450	130010570	chr12.123448	5	1024	126269070	hg38.gc5Base.bw	0	100	1024	54280	3338400
585	12	130082250	130087370	chr12.123463	5	1024	126284430	hg38.gc5Base.bw	0	100	1024	52180	3153200
585	12	130148810	130153930	chr12.123476	5	1024	126297742	hg38.gc5Base.bw	0	100	1024	51900	3100400
585	12	130671050	130676170	chr12.123578	5	1024	126402190	hg38.gc5Base.bw	0	100	1024	53240	3252800
585	12	130717130	130722250	chr12.123587	5	1024	126411406	hg38.gc5Base.bw	0	100	1024	41920	2248000
585	12	131142090	131147210	chr12.123670	5	1024	126496398	hg38.gc5Base.bw	0	100	1024	41500	2242800
585	12	131152330	131157450	chr12.123672	5	1024	126498446	hg38.gc5Base.bw	0	100	1024	48320	2741600
585	12	131474890	131480010	chr12.123735	5	1024	126562958	hg38.gc5Base.bw	0	100	1024	48840	2845600
585	12	131817930	131823050	chr12.123802	5	1024	126631566	hg38.gc5Base.bw	0	100	1024	50360	3044000
585	12	132428205	132433325	chr12.123922	5	1024	126753422	hg38.gc5Base.bw	0	100	1024	62800	4258400
585	12	132699565	132704685	chr12.123975	5	1024	126807694	hg38.gc5Base.bw	0	100	1024	53560	3300000
585	12	132822445	132827565	chr12.123999	5	1024	126832270	hg38.gc5Base.bw	0	100	1024	50900	3044400
585	12	133170605	133175725	chr12.124067	5	1024	126901902	hg38.gc5Base.bw	0	100	1024	42760	2336800
585	13	18736250	18741370	chr13.125080	5	1024	127922597	hg38.gc5Base.bw	0	100	1024	48100	2735600
585	13	19017850	19022970	chr13.125135	5	1024	127978917	hg38.gc5Base.bw	0	100	1024	38160	1912000
585	13	19161210	19166330	chr13.125163	5	1024	128007589	hg38.gc5Base.bw	0	100	1024	49260	2895600
585	13	19550330	19555450	chr13.125239	5	1024	128085413	hg38.gc5Base.bw	0	100	1024	36140	1772400
585	13	19980410	19985530	chr13.125323	5	1024	128171429	hg38.gc5Base.bw	0	100	1024	40240	2120000
585	13	20215930	20221050	chr13.125369	5	1024	128218533	hg38.gc5Base.bw	0	100	1024	40860	2150800
585	13	20246650	20251770	chr13.125375	5	1024	128224677	hg38.gc5Base.bw	0	100	1024	45680	2598400
585	13	20318330	20323450	chr13.125389	5	1024	128239013	hg38.gc5Base.bw	0	100	1024	44840	2459200
585	13	20338810	20343930	chr13.125393	5	1024	128243109	hg38.gc5Base.bw	0	100	1024	48880	2932000
585	13	20420730	20425850	chr13.125409	5	1024	128259493	hg38.gc5Base.bw	0	100	1024	47120	2693600
585	13	20558970	20564090	chr13.125436	5	1024	128287141	hg38.gc5Base.bw	0	100	1024	47240	2664000
585	13	20651130	20656250	chr13.125454	5	1024	128305573	hg38.gc5Base.bw	0	100	1024	37020	1835600
585	13	20779130	20784250	chr13.125479	5	1024	128331173	hg38.gc5Base.bw	0	100	1024	37240	1828000
585	13	21485690	21490810	chr13.125617	5	1024	128472485	hg38.gc5Base.bw	0	100	1024	42580	2265200
585	13	21777530	21782650	chr13.125674	5	1024	128530853	hg38.gc5Base.bw	0	100	1024	41280	2169600
585	13	21879930	21885050	chr13.125694	5	1024	128551333	hg38.gc5Base.bw	0	100	1024	44100	2371600
585	13	21946490	21951610	chr13.125707	5	1024	128564645	hg38.gc5Base.bw	0	100	1024	47320	2728000
585	13	22007930	22013050	chr13.125719	5	1024	128576933	hg38.gc5Base.bw	0	100	1024	46780	2602800
585	13	22054010	22059130	chr13.125728	5	1024	128586149	hg38.gc5Base.bw	0	100	1024	43560	2290400
585	13	22135930	22141050	chr13.125744	5	1024	128602533	hg38.gc5Base.bw	0	100	1024	41460	2173200
585	13	22438010	22443130	chr13.125803	5	1024	128662949	hg38.gc5Base.bw	0	100	1024	36440	1805600
585	13	22458490	22463610	chr13.125807	5	1024	128667045	hg38.gc5Base.bw	0	100	1024	42280	2208800
585	13	22637690	22642810	chr13.125842	5	1024	128702885	hg38.gc5Base.bw	0	100	1024	39540	2027600
585	13	22653050	22658170	chr13.125845	5	1024	128705957	hg38.gc5Base.bw	0	100	1024	40620	2192400
585	13	22729850	22734970	chr13.125860	5	1024	128721317	hg38.gc5Base.bw	0	100	1024	36340	1782800
585	13	22970490	22975610	chr13.125907	5	1024	128769445	hg38.gc5Base.bw	0	100	1024	51920	3111200
585	13	22975610	22980730	chr13.125908	5	1024	128770469	hg38.gc5Base.bw	0	100	1024	50080	2940000
585	13	23185530	23190650	chr13.125949	5	1024	128812453	hg38.gc5Base.bw	0	100	1024	47880	2772800
585	13	23211130	23216250	chr13.125954	5	1024	128817573	hg38.gc5Base.bw	0	100	1024	42120	2196800
585	13	23272570	23277690	chr13.125966	5	1024	128829861	hg38.gc5Base.bw	0	100	1024	39060	2048400
585	13	23835770	23840890	chr13.126076	5	1024	128942501	hg38.gc5Base.bw	0	100	1024	38160	1896800
585	13	24030330	24035450	chr13.126114	5	1024	128981413	hg38.gc5Base.bw	0	100	1024	43580	2331600
585	13	24055930	24061050	chr13.126119	5	1024	128986533	hg38.gc5Base.bw	0	100	1024	43680	2339200
585	13	24542330	24547450	chr13.126214	5	1024	129083813	hg38.gc5Base.bw	0	100	1024	36100	1759600
585	13	24921210	24926330	chr13.126288	5	1024	129159589	hg38.gc5Base.bw	0	100	1024	46520	2724000
585	13	24946810	24951930	chr13.126293	5	1024	129164709	hg38.gc5Base.bw	0	100	1024	39320	1998400
585	13	24982650	24987770	chr13.126300	5	1024	129171877	hg38.gc5Base.bw	0	100	1024	51000	3028800
585	13	25474170	25479290	chr13.126396	5	1024	129270181	hg38.gc5Base.bw	0	100	1024	41960	2211200
585	13	25627770	25632890	chr13.126426	5	1024	129300901	hg38.gc5Base.bw	0	100	1024	43000	2317600
585	13	25842810	25847930	chr13.126468	5	1024	129343909	hg38.gc5Base.bw	0	100	1024	46600	2639200
585	13	26037370	26042490	chr13.126506	5	1024	129382821	hg38.gc5Base.bw	0	100	1024	43240	2353600
585	13	26201210	26206330	chr13.126538	5	1024	129415589	hg38.gc5Base.bw	0	100	1024	44460	2457200
585	13	26380410	26385530	chr13.126573	5	1024	129451429	hg38.gc5Base.bw	0	100	1024	37680	1887200
585	13	26441850	26446970	chr13.126585	5	1024	129463717	hg38.gc5Base.bw	0	100	1024	43280	2289600
585	13	27020410	27025530	chr13.126698	5	1024	129579429	hg38.gc5Base.bw	0	100	1024	47960	2775200
585	13	27322490	27327610	chr13.126757	5	1024	129639845	hg38.gc5Base.bw	0	100	1024	41680	2232800
585	13	27547770	27552890	chr13.126801	5	1024	129684901	hg38.gc5Base.bw	0	100	1024	39780	2054000
585	13	27568250	27573370	chr13.126805	5	1024	129688997	hg38.gc5Base.bw	0	100	1024	37940	1882000
585	13	27742330	27747450	chr13.126839	5	1024	129723813	hg38.gc5Base.bw	0	100	1024	49020	2826000
585	13	27860090	27865210	chr13.126862	5	1024	129747365	hg38.gc5Base.bw	0	100	1024	42340	2277200
585	13	28331130	28336250	chr13.126954	5	1024	129841573	hg38.gc5Base.bw	0	100	1024	44000	2369600
585	13	29063290	29068410	chr13.127097	5	1024	129988005	hg38.gc5Base.bw	0	100	1024	40640	2104000
585	13	29170810	29175930	chr13.127118	5	1024	130009509	hg38.gc5Base.bw	0	100	1024	37440	1852800
585	13	29457530	29462650	chr13.127174	5	1024	130066853	hg38.gc5Base.bw	0	100	1024	44580	2426000
585	13	29728890	29734010	chr13.127227	5	1024	130121125	hg38.gc5Base.bw	0	100	1024	46080	2542400
585	13	29764730	29769850	chr13.127234	5	1024	130128293	hg38.gc5Base.bw	0	100	1024	33240	1524000
585	13	29964410	29969530	chr13.127273	5	1024	130168229	hg38.gc5Base.bw	0	100	1024	39580	2006800
585	13	30005370	30010490	chr13.127281	5	1024	130176421	hg38.gc5Base.bw	0	100	1024	40660	2089200
585	13	30184570	30189690	chr13.127316	5	1024	130212261	hg38.gc5Base.bw	0	100	1024	43420	2355600
585	13	30701690	30706810	chr13.127417	5	1024	130315685	hg38.gc5Base.bw	0	100	1024	45620	2538000
585	13	30855290	30860410	chr13.127447	5	1024	130346405	hg38.gc5Base.bw	0	100	1024	49600	2829600
585	13	31095930	31101050	chr13.127494	5	1024	130394533	hg38.gc5Base.bw	0	100	1024	44400	2476000
585	13	31142010	31147130	chr13.127503	5	1024	130403749	hg38.gc5Base.bw	0	100	1024	37580	1795600
585	13	31157370	31162490	chr13.127506	5	1024	130406821	hg38.gc5Base.bw	0	100	1024	45220	2664400
585	13	31213690	31218810	chr13.127517	5	1024	130418085	hg38.gc5Base.bw	0	100	1024	40100	2044400
585	13	31520890	31526010	chr13.127577	5	1024	130479525	hg38.gc5Base.bw	0	100	1024	42680	2265600
585	13	31679610	31684730	chr13.127608	5	1024	130511269	hg38.gc5Base.bw	0	100	1024	41200	2149600
585	13	32130170	32135290	chr13.127696	5	1024	130601381	hg38.gc5Base.bw	0	100	1024	39880	2080800
585	13	32222330	32227450	chr13.127714	5	1024	130619813	hg38.gc5Base.bw	0	100	1024	42000	2215200
585	13	32273530	32278650	chr13.127724	5	1024	130630053	hg38.gc5Base.bw	0	100	1024	42140	2242000
585	13	32299130	32304250	chr13.127729	5	1024	130635173	hg38.gc5Base.bw	0	100	1024	44520	2370400
585	13	32836730	32841850	chr13.127834	5	1024	130742693	hg38.gc5Base.bw	0	100	1024	47520	2727200
585	13	32974970	32980090	chr13.127861	5	1024	130770341	hg38.gc5Base.bw	0	100	1024	44180	2368400
585	13	33046650	33051770	chr13.127875	5	1024	130784677	hg38.gc5Base.bw	0	100	1024	39220	1990800
585	13	33205370	33210490	chr13.127906	5	1024	130816421	hg38.gc5Base.bw	0	100	1024	44640	2392000
585	13	34352250	34357370	chr13.128130	5	1024	131045797	hg38.gc5Base.bw	0	100	1024	44720	2487200
585	13	34582650	34587770	chr13.128175	5	1024	131091877	hg38.gc5Base.bw	0	100	1024	37760	1876800
585	13	35668090	35673210	chr13.128387	5	1024	131308965	hg38.gc5Base.bw	0	100	1024	40000	2036000
585	13	35693690	35698810	chr13.128392	5	1024	131314085	hg38.gc5Base.bw	0	100	1024	54080	3324000
585	13	35888250	35893370	chr13.128430	5	1024	131352997	hg38.gc5Base.bw	0	100	1024	35480	1696800
585	13	36144250	36149370	chr13.128480	5	1024	131404197	hg38.gc5Base.bw	0	100	1024	35580	1674000
585	13	36169850	36174970	chr13.128485	5	1024	131409317	hg38.gc5Base.bw	0	100	1024	42020	2215600
585	13	36395130	36400250	chr13.128529	5	1024	131454373	hg38.gc5Base.bw	0	100	1024	39520	1985600
585	13	36733050	36738170	chr13.128595	5	1024	131521957	hg38.gc5Base.bw	0	100	1024	41240	2188000
585	13	37173370	37178490	chr13.128681	5	1024	131610021	hg38.gc5Base.bw	0	100	1024	38220	1873200
585	13	37521530	37526650	chr13.128749	5	1024	131679653	hg38.gc5Base.bw	0	100	1024	34300	1630800
585	13	38156410	38161530	chr13.128873	5	1024	131806629	hg38.gc5Base.bw	0	100	1024	37660	1836400
585	13	38238330	38243450	chr13.128889	5	1024	131823013	hg38.gc5Base.bw	0	100	1024	37180	1848400
585	13	38325370	38330490	chr13.128906	5	1024	131840421	hg38.gc5Base.bw	0	100	1024	35100	1681200
585	13	38775930	38781050	chr13.128994	5	1024	131930533	hg38.gc5Base.bw	0	100	1024	39480	2000000
585	13	38837370	38842490	chr13.129006	5	1024	131942821	hg38.gc5Base.bw	0	100	1024	44240	2403200
585	13	38868090	38873210	chr13.129012	5	1024	131948965	hg38.gc5Base.bw	0	100	1024	35420	1693200
585	13	39175290	39180410	chr13.129072	5	1024	132010405	hg38.gc5Base.bw	0	100	1024	40540	2084400
585	13	39195770	39200890	chr13.129076	5	1024	132014501	hg38.gc5Base.bw	0	100	1024	36480	1788800
585	13	39502970	39508090	chr13.129136	5	1024	132075941	hg38.gc5Base.bw	0	100	1024	39880	2036000
585	13	39584890	39590010	chr13.129152	5	1024	132092325	hg38.gc5Base.bw	0	100	1024	39900	2102800
585	13	40219770	40224890	chr13.129276	5	1024	132219301	hg38.gc5Base.bw	0	100	1024	45480	2491200
585	13	40332410	40337530	chr13.129298	5	1024	132241829	hg38.gc5Base.bw	0	100	1024	45760	2558400
585	13	40363130	40368250	chr13.129304	5	1024	132247973	hg38.gc5Base.bw	0	100	1024	43820	2378000
585	13	40383610	40388730	chr13.129308	5	1024	132252069	hg38.gc5Base.bw	0	100	1024	45300	2517200
585	13	40465530	40470650	chr13.129324	5	1024	132268453	hg38.gc5Base.bw	0	100	1024	46600	2602400
585	13	40813690	40818810	chr13.129392	5	1024	132338085	hg38.gc5Base.bw	0	100	1024	41400	2134400
585	13	40982650	40987770	chr13.129425	5	1024	132371877	hg38.gc5Base.bw	0	100	1024	39000	2016800
585	13	41049210	41054330	chr13.129438	5	1024	132385189	hg38.gc5Base.bw	0	100	1024	38640	1956800
585	13	41315450	41320570	chr13.129490	5	1024	132438437	hg38.gc5Base.bw	0	100	1024	38100	1939600
585	13	41740410	41745530	chr13.129573	5	1024	132523429	hg38.gc5Base.bw	0	100	1024	40120	2038400
585	13	41822330	41827450	chr13.129589	5	1024	132539813	hg38.gc5Base.bw	0	100	1024	38360	1895200
585	13	42185850	42190970	chr13.129660	5	1024	132612517	hg38.gc5Base.bw	0	100	1024	36560	1804000
585	13	42820730	42825850	chr13.129784	5	1024	132739493	hg38.gc5Base.bw	0	100	1024	35240	1696000
585	13	42948730	42953850	chr13.129809	5	1024	132765093	hg38.gc5Base.bw	0	100	1024	41780	2216400
585	13	43030650	43035770	chr13.129825	5	1024	132781477	hg38.gc5Base.bw	0	100	1024	42600	2292000
585	13	43291770	43296890	chr13.129876	5	1024	132833701	hg38.gc5Base.bw	0	100	1024	42640	2248000
585	13	43593850	43598970	chr13.129935	5	1024	132894117	hg38.gc5Base.bw	0	100	1024	41200	2110400
585	13	43860090	43865210	chr13.129987	5	1024	132947365	hg38.gc5Base.bw	0	100	1024	37440	1877600
585	13	44059770	44064890	chr13.130026	5	1024	132987301	hg38.gc5Base.bw	0	100	1024	43700	2335600
585	13	44290170	44295290	chr13.130071	5	1024	133033381	hg38.gc5Base.bw	0	100	1024	43120	2260800
585	13	44305530	44310650	chr13.130074	5	1024	133036453	hg38.gc5Base.bw	0	100	1024	46420	2602000
585	13	44638330	44643450	chr13.130139	5	1024	133103013	hg38.gc5Base.bw	0	100	1024	44200	2468800
585	13	45109370	45114490	chr13.130231	5	1024	133197221	hg38.gc5Base.bw	0	100	1024	43060	2354800
585	13	45457530	45462650	chr13.130299	5	1024	133266853	hg38.gc5Base.bw	0	100	1024	41840	2212800
585	13	45795450	45800570	chr13.130365	5	1024	133334437	hg38.gc5Base.bw	0	100	1024	44600	2465600
585	13	46112890	46118010	chr13.130427	5	1024	133397925	hg38.gc5Base.bw	0	100	1024	38120	1912800
585	13	46153850	46158970	chr13.130435	5	1024	133406117	hg38.gc5Base.bw	0	100	1024	38780	1970800
585	13	46481530	46486650	chr13.130499	5	1024	133471653	hg38.gc5Base.bw	0	100	1024	42040	2186400
585	13	46696570	46701690	chr13.130541	5	1024	133514661	hg38.gc5Base.bw	0	100	1024	42400	2212000
585	13	46732410	46737530	chr13.130548	5	1024	133521829	hg38.gc5Base.bw	0	100	1024	37340	1854800
585	13	46880890	46886010	chr13.130577	5	1024	133551525	hg38.gc5Base.bw	0	100	1024	39480	1981600
585	13	46947450	46952570	chr13.130590	5	1024	133564837	hg38.gc5Base.bw	0	100	1024	39020	1965200
585	13	46957690	46962810	chr13.130592	5	1024	133566885	hg38.gc5Base.bw	0	100	1024	39140	2013200
585	13	47070330	47075450	chr13.130614	5	1024	133589413	hg38.gc5Base.bw	0	100	1024	38100	1874800
585	13	47515770	47520890	chr13.130701	5	1024	133678501	hg38.gc5Base.bw	0	100	1024	34800	1644000
585	13	47541370	47546490	chr13.130706	5	1024	133683621	hg38.gc5Base.bw	0	100	1024	41220	2080400
585	13	47879290	47884410	chr13.130772	5	1024	133751205	hg38.gc5Base.bw	0	100	1024	41560	2163200
585	13	47884410	47889530	chr13.130773	5	1024	133752229	hg38.gc5Base.bw	0	100	1024	44620	2464400
585	13	47971450	47976570	chr13.130790	5	1024	133769637	hg38.gc5Base.bw	0	100	1024	40400	2160000
585	13	48114810	48119930	chr13.130818	5	1024	133798309	hg38.gc5Base.bw	0	100	1024	44400	2433600
585	13	48150650	48155770	chr13.130825	5	1024	133805477	hg38.gc5Base.bw	0	100	1024	43580	2388400
585	13	48647290	48652410	chr13.130922	5	1024	133904805	hg38.gc5Base.bw	0	100	1024	44220	2428400
585	13	48734330	48739450	chr13.130939	5	1024	133922213	hg38.gc5Base.bw	0	100	1024	44720	2424800
585	13	50203770	50208890	chr13.131226	5	1024	134216101	hg38.gc5Base.bw	0	100	1024	38800	1992000
585	13	50592890	50598010	chr13.131302	5	1024	134293925	hg38.gc5Base.bw	0	100	1024	43700	2408400
585	13	50685050	50690170	chr13.131320	5	1024	134312357	hg38.gc5Base.bw	0	100	1024	37820	1846000
585	13	51115130	51120250	chr13.131404	5	1024	134398373	hg38.gc5Base.bw	0	100	1024	45740	2528400
585	13	52809850	52814970	chr13.131735	5	1024	134737317	hg38.gc5Base.bw	0	100	1024	42280	2224800
585	13	53019770	53024890	chr13.131776	5	1024	134779301	hg38.gc5Base.bw	0	100	1024	41860	2182800
585	13	53224570	53229690	chr13.131816	5	1024	134820261	hg38.gc5Base.bw	0	100	1024	39560	2028000
585	13	53239930	53245050	chr13.131819	5	1024	134823333	hg38.gc5Base.bw	0	100	1024	44180	2404400
585	13	53408890	53414010	chr13.131852	5	1024	134857125	hg38.gc5Base.bw	0	100	1024	45300	2526000
585	13	53936250	53941370	chr13.131955	5	1024	134962597	hg38.gc5Base.bw	0	100	1024	34660	1629200
585	13	54182010	54187130	chr13.132003	5	1024	135011749	hg38.gc5Base.bw	0	100	1024	37640	1836800
585	13	54238330	54243450	chr13.132014	5	1024	135023013	hg38.gc5Base.bw	0	100	1024	36020	1718000
585	13	54673530	54678650	chr13.132099	5	1024	135110053	hg38.gc5Base.bw	0	100	1024	40540	2203600
585	13	55784570	55789690	chr13.132316	5	1024	135332261	hg38.gc5Base.bw	0	100	1024	35220	1720400
585	13	56260730	56265850	chr13.132409	5	1024	135427493	hg38.gc5Base.bw	0	100	1024	35280	1758400
585	13	56706170	56711290	chr13.132496	5	1024	135516581	hg38.gc5Base.bw	0	100	1024	30460	1350000
585	13	57525370	57530490	chr13.132656	5	1024	135680421	hg38.gc5Base.bw	0	100	1024	37480	1826400
585	13	57771130	57776250	chr13.132704	5	1024	135729573	hg38.gc5Base.bw	0	100	1024	38540	1980400
585	13	58708090	58713210	chr13.132887	5	1024	135916965	hg38.gc5Base.bw	0	100	1024	40200	2090400
585	13	58830970	58836090	chr13.132911	5	1024	135941541	hg38.gc5Base.bw	0	100	1024	33560	1544800
585	13	58841210	58846330	chr13.132913	5	1024	135943589	hg38.gc5Base.bw	0	100	1024	39080	1960000
585	13	59020410	59025530	chr13.132948	5	1024	135979429	hg38.gc5Base.bw	0	100	1024	37280	1892000
585	13	59138170	59143290	chr13.132971	5	1024	136002981	hg38.gc5Base.bw	0	100	1024	35040	1661600
585	13	59184250	59189370	chr13.132980	5	1024	136012197	hg38.gc5Base.bw	0	100	1024	38440	1956800
585	13	59250810	59255930	chr13.132993	5	1024	136025509	hg38.gc5Base.bw	0	100	1024	43000	2310400
585	13	59629690	59634810	chr13.133067	5	1024	136101285	hg38.gc5Base.bw	0	100	1024	41020	2114000
585	13	59645050	59650170	chr13.133070	5	1024	136104357	hg38.gc5Base.bw	0	100	1024	42680	2300800
585	13	60331130	60336250	chr13.133204	5	1024	136241573	hg38.gc5Base.bw	0	100	1024	36980	1817200
585	13	60377210	60382330	chr13.133213	5	1024	136250789	hg38.gc5Base.bw	0	100	1024	38420	1950000
585	13	60387450	60392570	chr13.133215	5	1024	136252837	hg38.gc5Base.bw	0	100	1024	39720	2043200
585	13	61380730	61385850	chr13.133409	5	1024	136451493	hg38.gc5Base.bw	0	100	1024	34620	1623600
585	13	61457530	61462650	chr13.133424	5	1024	136466853	hg38.gc5Base.bw	0	100	1024	33980	1646800
585	13	61923450	61928570	chr13.133515	5	1024	136560037	hg38.gc5Base.bw	0	100	1024	39160	1972800
585	13	62210170	62215290	chr13.133571	5	1024	136617381	hg38.gc5Base.bw	0	100	1024	38720	2019200
585	13	62317690	62322810	chr13.133592	5	1024	136638885	hg38.gc5Base.bw	0	80	1024	31300	1342800
585	13	62343290	62348410	chr13.133597	5	1024	136644005	hg38.gc5Base.bw	0	100	1024	36860	1882000
585	13	63566970	63572090	chr13.133836	5	1024	136888741	hg38.gc5Base.bw	0	100	1024	37500	1922800
585	13	64462970	64468090	chr13.134011	5	1024	137067941	hg38.gc5Base.bw	0	100	1024	33840	1620800
585	13	64683130	64688250	chr13.134054	5	1024	137111973	hg38.gc5Base.bw	0	100	1024	37360	1847200
585	13	65374330	65379450	chr13.134189	5	1024	137250213	hg38.gc5Base.bw	0	100	1024	33540	1580400
585	13	65655930	65661050	chr13.134244	5	1024	137306533	hg38.gc5Base.bw	0	100	1024	33320	1512800
585	13	67053690	67058810	chr13.134517	5	1024	137586085	hg38.gc5Base.bw	0	100	1024	35040	1676800
585	13	67294330	67299450	chr13.134564	5	1024	137634213	hg38.gc5Base.bw	0	100	1024	36080	1680000
585	13	67340410	67345530	chr13.134573	5	1024	137643429	hg38.gc5Base.bw	0	100	1024	43960	2331200
585	13	68077690	68082810	chr13.134717	5	1024	137790885	hg38.gc5Base.bw	0	100	1024	33340	1554000
585	13	68451450	68456570	chr13.134790	5	1024	137865637	hg38.gc5Base.bw	0	100	1024	33120	1520000
585	13	68671610	68676730	chr13.134833	5	1024	137909669	hg38.gc5Base.bw	0	100	1024	31460	1362000
585	13	69101690	69106810	chr13.134917	5	1024	137995685	hg38.gc5Base.bw	0	100	1024	36420	1774000
585	13	69106810	69111930	chr13.134918	5	1024	137996709	hg38.gc5Base.bw	0	100	1024	34280	1581600
585	13	69117050	69122170	chr13.134920	5	1024	137998757	hg38.gc5Base.bw	0	100	1024	34660	1646000
585	13	69147770	69152890	chr13.134926	5	1024	138004901	hg38.gc5Base.bw	0	100	1024	32680	1552000
585	13	69152890	69158010	chr13.134927	5	1024	138005925	hg38.gc5Base.bw	0	100	1024	31800	1420000
585	13	69219450	69224570	chr13.134940	5	1024	138019237	hg38.gc5Base.bw	0	100	1024	41420	2199600
585	13	69603450	69608570	chr13.135015	5	1024	138096037	hg38.gc5Base.bw	0	100	1024	39560	2029600
585	13	69623930	69629050	chr13.135019	5	1024	138100133	hg38.gc5Base.bw	0	80	1024	32960	1486400
585	13	69772410	69777530	chr13.135048	5	1024	138129829	hg38.gc5Base.bw	0	100	1024	32420	1522800
585	13	69885050	69890170	chr13.135070	5	1024	138152357	hg38.gc5Base.bw	0	100	1024	35280	1711200
585	13	69977210	69982330	chr13.135088	5	1024	138170789	hg38.gc5Base.bw	0	100	1024	32840	1525600
585	13	70391930	70397050	chr13.135169	5	1024	138253733	hg38.gc5Base.bw	0	100	1024	33440	1548000
585	13	70714490	70719610	chr13.135232	5	1024	138318245	hg38.gc5Base.bw	0	100	1024	39120	2004000
585	13	71774330	71779450	chr13.135439	5	1024	138530213	hg38.gc5Base.bw	0	100	1024	33380	1535600
585	13	71861370	71866490	chr13.135456	5	1024	138547621	hg38.gc5Base.bw	0	100	1024	46020	2783600
585	13	71917690	71922810	chr13.135467	5	1024	138558885	hg38.gc5Base.bw	0	100	1024	34100	1572400
585	13	72061050	72066170	chr13.135495	5	1024	138587557	hg38.gc5Base.bw	0	100	1024	42220	2231600
585	13	73361530	73366650	chr13.135749	5	1024	138847653	hg38.gc5Base.bw	0	100	1024	40340	2033200
585	13	73463930	73469050	chr13.135769	5	1024	138868133	hg38.gc5Base.bw	0	100	1024	40920	2144000
585	13	74001530	74006650	chr13.135874	5	1024	138975653	hg38.gc5Base.bw	0	100	1024	35500	1707600
585	13	74119290	74124410	chr13.135897	5	1024	138999205	hg38.gc5Base.bw	0	100	1024	33820	1557200
585	13	74272890	74278010	chr13.135927	5	1024	139029925	hg38.gc5Base.bw	0	100	1024	36660	1780400
585	13	74436730	74441850	chr13.135959	5	1024	139062693	hg38.gc5Base.bw	0	100	1024	35920	1712000
585	13	74631290	74636410	chr13.135997	5	1024	139101605	hg38.gc5Base.bw	0	100	1024	36060	1729200
585	13	74718330	74723450	chr13.136014	5	1024	139119013	hg38.gc5Base.bw	0	100	1024	44800	2513600
585	13	74759290	74764410	chr13.136022	5	1024	139127205	hg38.gc5Base.bw	0	100	1024	39080	1953600
585	13	74994810	74999930	chr13.136068	5	1024	139174309	hg38.gc5Base.bw	0	100	1024	35860	1717200
585	13	75261050	75266170	chr13.136120	5	1024	139227557	hg38.gc5Base.bw	0	100	1024	39200	2028800
585	13	75307130	75312250	chr13.136129	5	1024	139236773	hg38.gc5Base.bw	0	100	1024	35800	1718400
585	13	75440250	75445370	chr13.136155	5	1024	139263397	hg38.gc5Base.bw	0	100	1024	39520	2043200
585	13	75680890	75686010	chr13.136202	5	1024	139311525	hg38.gc5Base.bw	0	100	1024	39700	2031600
585	13	76203130	76208250	chr13.136304	5	1024	139415973	hg38.gc5Base.bw	0	100	1024	36060	1713200
585	13	76213370	76218490	chr13.136306	5	1024	139418021	hg38.gc5Base.bw	0	100	1024	38620	1905200
585	13	78123130	78128250	chr13.136679	5	1024	139799973	hg38.gc5Base.bw	0	100	1024	40220	2062000
585	13	78225530	78230650	chr13.136699	5	1024	139820453	hg38.gc5Base.bw	0	100	1024	34340	1581200
585	13	78624890	78630010	chr13.136777	5	1024	139900325	hg38.gc5Base.bw	0	100	1024	40300	2058000
585	13	78850170	78855290	chr13.136821	5	1024	139945381	hg38.gc5Base.bw	0	100	1024	41480	2174400
585	13	78926970	78932090	chr13.136836	5	1024	139960741	hg38.gc5Base.bw	0	100	1024	39680	2021600
585	13	79438970	79444090	chr13.136936	5	1024	140063141	hg38.gc5Base.bw	0	100	1024	41240	2177600
585	13	79474810	79479930	chr13.136943	5	1024	140070309	hg38.gc5Base.bw	0	100	1024	38200	1864000
585	13	79602810	79607930	chr13.136968	5	1024	140095909	hg38.gc5Base.bw	0	100	1024	39200	1990400
585	13	79618170	79623290	chr13.136971	5	1024	140098981	hg38.gc5Base.bw	0	100	1024	42460	2272400
585	13	79669370	79674490	chr13.136981	5	1024	140109221	hg38.gc5Base.bw	0	100	1024	42680	2252000
585	13	80155770	80160890	chr13.137076	5	1024	140206501	hg38.gc5Base.bw	0	100	1024	40700	2152400
585	13	80841850	80846970	chr13.137210	5	1024	140343717	hg38.gc5Base.bw	0	100	1024	36320	1758400
585	13	81021050	81026170	chr13.137245	5	1024	140379557	hg38.gc5Base.bw	0	100	1024	36780	1786000
585	13	81097850	81102970	chr13.137260	5	1024	140394917	hg38.gc5Base.bw	0	100	1024	37820	2007600
585	13	81952890	81958010	chr13.137427	5	1024	140565925	hg38.gc5Base.bw	0	100	1024	39800	2060800
585	13	82454650	82459770	chr13.137525	5	1024	140666277	hg38.gc5Base.bw	0	100	1024	40700	2158000
585	13	82966650	82971770	chr13.137625	5	1024	140768677	hg38.gc5Base.bw	0	100	1024	38180	1935600
585	13	83232890	83238010	chr13.137677	5	1024	140821925	hg38.gc5Base.bw	0	100	1024	34020	1603600
585	13	83458170	83463290	chr13.137721	5	1024	140866981	hg38.gc5Base.bw	0	100	1024	36580	1827600
585	13	83565690	83570810	chr13.137742	5	1024	140888485	hg38.gc5Base.bw	0	100	1024	35220	1714000
585	13	84103290	84108410	chr13.137847	5	1024	140996005	hg38.gc5Base.bw	0	100	1024	34260	1594800
585	13	84686970	84692090	chr13.137961	5	1024	141112741	hg38.gc5Base.bw	0	100	1024	37480	1827200
585	13	85270650	85275770	chr13.138075	5	1024	141229477	hg38.gc5Base.bw	0	100	1024	35000	1670400
585	13	85419130	85424250	chr13.138104	5	1024	141259173	hg38.gc5Base.bw	0	100	1024	35920	1771200
585	13	85516410	85521530	chr13.138123	5	1024	141278629	hg38.gc5Base.bw	0	100	1024	33740	1594000
585	13	85603450	85608570	chr13.138140	5	1024	141296037	hg38.gc5Base.bw	0	100	1024	37020	1805200
585	13	85961850	85966970	chr13.138210	5	1024	141367717	hg38.gc5Base.bw	0	100	1024	35200	1702400
585	13	86319045	86324165	chr13.138271	5	1024	141429157	hg38.gc5Base.bw	0	100	1024	35940	1740400
585	13	86416325	86421445	chr13.138290	5	1024	141448613	hg38.gc5Base.bw	0	100	1024	37640	1821600
585	13	87322565	87327685	chr13.138467	5	1024	141629861	hg38.gc5Base.bw	0	100	1024	33100	1534000
585	13	87430085	87435205	chr13.138488	5	1024	141651365	hg38.gc5Base.bw	0	100	1024	32620	1521200
585	13	87527365	87532485	chr13.138507	5	1024	141670821	hg38.gc5Base.bw	0	100	1024	33380	1529200
585	13	87650245	87655365	chr13.138531	5	1024	141695397	hg38.gc5Base.bw	0	100	1024	32120	1449600
585	13	88105925	88111045	chr13.138620	5	1024	141786533	hg38.gc5Base.bw	0	100	1024	34760	1628000
585	13	88397765	88402885	chr13.138677	5	1024	141844901	hg38.gc5Base.bw	0	100	1024	37500	1824400
585	13	89094085	89099205	chr13.138813	5	1024	141984165	hg38.gc5Base.bw	0	100	1024	34020	1631600
585	13	89283525	89288645	chr13.138850	5	1024	142022053	hg38.gc5Base.bw	0	100	1024	38460	2008400
585	13	89534405	89539525	chr13.138899	5	1024	142072229	hg38.gc5Base.bw	0	100	1024	36860	1840400
585	13	90456005	90461125	chr13.139079	5	1024	142256549	hg38.gc5Base.bw	0	100	1024	37480	1855200
585	13	90824645	90829765	chr13.139151	5	1024	142330277	hg38.gc5Base.bw	0	100	1024	41040	2123200
585	13	91234245	91239365	chr13.139231	5	1024	142412197	hg38.gc5Base.bw	0	100	1024	42100	2190000
585	13	91592645	91597765	chr13.139301	5	1024	142483877	hg38.gc5Base.bw	0	100	1024	39420	2058800
585	13	91997125	92002245	chr13.139380	5	1024	142564773	hg38.gc5Base.bw	0	100	1024	34960	1652000
585	13	92242885	92248005	chr13.139428	5	1024	142613925	hg38.gc5Base.bw	0	100	1024	34100	1600400
585	13	92299205	92304325	chr13.139439	5	1024	142625189	hg38.gc5Base.bw	0	100	1024	35600	1679200
585	13	92509125	92514245	chr13.139480	5	1024	142667173	hg38.gc5Base.bw	0	100	1024	37300	1806800
585	13	92621765	92626885	chr13.139502	5	1024	142689701	hg38.gc5Base.bw	0	100	1024	40420	2110000
585	13	92944325	92949445	chr13.139565	5	1024	142754213	hg38.gc5Base.bw	0	100	1024	37640	1912000
585	13	92964805	92969925	chr13.139569	5	1024	142758309	hg38.gc5Base.bw	0	100	1024	41820	2207600
585	13	93231045	93236165	chr13.139621	5	1024	142811557	hg38.gc5Base.bw	0	100	1024	37460	1869200
585	13	93958085	93963205	chr13.139763	5	1024	142956965	hg38.gc5Base.bw	0	100	1024	38060	1927600
585	13	94680005	94685125	chr13.139904	5	1024	143101349	hg38.gc5Base.bw	0	100	1024	43640	2386400
585	13	94700485	94705605	chr13.139908	5	1024	143105445	hg38.gc5Base.bw	0	100	1024	54620	3487600
585	13	94736325	94741445	chr13.139915	5	1024	143112613	hg38.gc5Base.bw	0	100	1024	39840	2092800
585	13	94951365	94956485	chr13.139957	5	1024	143155621	hg38.gc5Base.bw	0	100	1024	39100	1946000
585	13	95074245	95079365	chr13.139981	5	1024	143180197	hg38.gc5Base.bw	0	100	1024	48180	2745200
585	13	95079365	95084485	chr13.139982	5	1024	143181221	hg38.gc5Base.bw	0	100	1024	43860	2374000
585	13	95279045	95284165	chr13.140021	5	1024	143221157	hg38.gc5Base.bw	0	100	1024	47920	2775200
585	13	95284165	95289285	chr13.140022	5	1024	143222181	hg38.gc5Base.bw	0	100	1024	46840	2692800
585	13	95432645	95437765	chr13.140051	5	1024	143251877	hg38.gc5Base.bw	0	100	1024	39180	1993200
585	13	95473605	95478725	chr13.140059	5	1024	143260069	hg38.gc5Base.bw	0	100	1024	53060	3211600
585	13	95985605	95990725	chr13.140159	5	1024	143362469	hg38.gc5Base.bw	0	100	1024	32560	1452000
585	13	96123845	96128965	chr13.140186	5	1024	143390117	hg38.gc5Base.bw	0	100	1024	41620	2201200
585	13	96190405	96195525	chr13.140199	5	1024	143403429	hg38.gc5Base.bw	0	100	1024	39280	1990400
585	13	96912325	96917445	chr13.140340	5	1024	143547813	hg38.gc5Base.bw	0	100	1024	33600	1532000
585	13	97572805	97577925	chr13.140469	5	1024	143679909	hg38.gc5Base.bw	0	100	1024	36280	1764800
585	13	98100165	98105285	chr13.140572	5	1024	143785381	hg38.gc5Base.bw	0	100	1024	44040	2428800
585	13	98187205	98192325	chr13.140589	5	1024	143802789	hg38.gc5Base.bw	0	100	1024	44140	2465200
585	13	98233285	98238405	chr13.140598	5	1024	143812005	hg38.gc5Base.bw	0	100	1024	43340	2360400
585	13	98392005	98397125	chr13.140629	5	1024	143843749	hg38.gc5Base.bw	0	100	1024	51320	3138400
585	13	99016645	99021765	chr13.140751	5	1024	143968677	hg38.gc5Base.bw	0	100	1024	40940	2151600
585	13	99026885	99032005	chr13.140753	5	1024	143970725	hg38.gc5Base.bw	0	100	1024	40620	2069200
585	13	99267525	99272645	chr13.140800	5	1024	144018853	hg38.gc5Base.bw	0	100	1024	41200	2174400
585	13	99677125	99682245	chr13.140880	5	1024	144100773	hg38.gc5Base.bw	0	100	1024	40200	2105600
585	13	100066245	100071365	chr13.140956	5	1024	144178597	hg38.gc5Base.bw	0	100	1024	41360	2172800
585	13	100143045	100148165	chr13.140971	5	1024	144193957	hg38.gc5Base.bw	0	100	1024	41180	2235600
585	13	100245445	100250565	chr13.140991	5	1024	144214437	hg38.gc5Base.bw	0	100	1024	38980	2030800
585	13	100742085	100747205	chr13.141088	5	1024	144313765	hg38.gc5Base.bw	0	100	1024	41740	2164400
585	13	100752325	100757445	chr13.141090	5	1024	144315813	hg38.gc5Base.bw	0	100	1024	42180	2255600
585	13	100870085	100875205	chr13.141113	5	1024	144339365	hg38.gc5Base.bw	0	100	1024	41280	2171200
585	13	101085125	101090245	chr13.141155	5	1024	144382373	hg38.gc5Base.bw	0	100	1024	36340	1766800
585	13	101131205	101136325	chr13.141164	5	1024	144391589	hg38.gc5Base.bw	0	100	1024	36000	1798400
585	13	101284805	101289925	chr13.141194	5	1024	144422309	hg38.gc5Base.bw	0	100	1024	38160	1896000
585	13	101305285	101310405	chr13.141198	5	1024	144426405	hg38.gc5Base.bw	0	100	1024	41520	2168800
585	13	101510085	101515205	chr13.141238	5	1024	144467365	hg38.gc5Base.bw	0	100	1024	36180	1698800
585	13	101653445	101658565	chr13.141266	5	1024	144496037	hg38.gc5Base.bw	0	100	1024	37940	1917200
585	13	101822405	101827525	chr13.141299	5	1024	144529829	hg38.gc5Base.bw	0	100	1024	33540	1563600
585	13	102139845	102144965	chr13.141361	5	1024	144593317	hg38.gc5Base.bw	0	100	1024	36060	1716400
585	13	102144965	102150085	chr13.141362	5	1024	144594341	hg38.gc5Base.bw	0	100	1024	38040	1916000
585	13	102257605	102262725	chr13.141384	5	1024	144616869	hg38.gc5Base.bw	0	100	1024	42660	2280400
585	13	102385605	102390725	chr13.141409	5	1024	144642469	hg38.gc5Base.bw	0	100	1024	39280	1993600
585	13	102426565	102431685	chr13.141417	5	1024	144650661	hg38.gc5Base.bw	0	100	1024	41580	2194800
585	13	102610885	102616005	chr13.141453	5	1024	144687525	hg38.gc5Base.bw	0	100	1024	37560	1836800
585	13	102687685	102692805	chr13.141468	5	1024	144702885	hg38.gc5Base.bw	0	100	1024	47800	2775200
585	13	102697925	102703045	chr13.141470	5	1024	144704933	hg38.gc5Base.bw	0	100	1024	45040	2486400
585	13	102723525	102728645	chr13.141475	5	1024	144710053	hg38.gc5Base.bw	0	100	1024	42040	2226400
585	13	102882245	102887365	chr13.141506	5	1024	144741797	hg38.gc5Base.bw	0	100	1024	38940	1922000
585	13	102907845	102912965	chr13.141511	5	1024	144746917	hg38.gc5Base.bw	0	100	1024	39260	2008400
585	13	103061445	103066565	chr13.141541	5	1024	144777637	hg38.gc5Base.bw	0	100	1024	38980	1945200
585	13	103071685	103076805	chr13.141543	5	1024	144779685	hg38.gc5Base.bw	0	100	1024	37640	1885600
585	13	103184325	103189445	chr13.141565	5	1024	144802213	hg38.gc5Base.bw	0	100	1024	40760	2092000
585	13	103296965	103302085	chr13.141587	5	1024	144824741	hg38.gc5Base.bw	0	100	1024	38840	1958400
585	13	103348165	103353285	chr13.141597	5	1024	144834981	hg38.gc5Base.bw	0	100	1024	41300	2210000
585	13	103358405	103363525	chr13.141599	5	1024	144837029	hg38.gc5Base.bw	0	80	1024	33540	1525200
585	13	103716805	103721925	chr13.141669	5	1024	144908709	hg38.gc5Base.bw	0	100	1024	36260	1805200
585	13	104136645	104141765	chr13.141751	5	1024	144992677	hg38.gc5Base.bw	0	100	1024	34160	1607200
585	13	104909765	104914885	chr13.141902	5	1024	145147301	hg38.gc5Base.bw	0	100	1024	35040	1652800
585	13	104914885	104920005	chr13.141903	5	1024	145148325	hg38.gc5Base.bw	0	100	1024	40440	2098400
585	13	105012165	105017285	chr13.141922	5	1024	145167781	hg38.gc5Base.bw	0	100	1024	35680	1728000
585	13	105129925	105135045	chr13.141945	5	1024	145191333	hg38.gc5Base.bw	0	100	1024	38860	1910800
585	13	105155525	105160645	chr13.141950	5	1024	145196453	hg38.gc5Base.bw	0	100	1024	35940	1739600
585	13	105391045	105396165	chr13.141996	5	1024	145243557	hg38.gc5Base.bw	0	100	1024	38020	1881200
585	13	105416645	105421765	chr13.142001	5	1024	145248677	hg38.gc5Base.bw	0	100	1024	37240	1772800
585	13	105539525	105544645	chr13.142025	5	1024	145273253	hg38.gc5Base.bw	0	100	1024	37460	1792400
585	13	105821125	105826245	chr13.142080	5	1024	145329573	hg38.gc5Base.bw	0	100	1024	44200	2431200
585	13	105959365	105964485	chr13.142107	5	1024	145357221	hg38.gc5Base.bw	0	100	1024	40980	2091600
585	13	106358725	106363845	chr13.142185	5	1024	145437093	hg38.gc5Base.bw	0	100	1024	43400	2386400
585	13	106630085	106635205	chr13.142238	5	1024	145491365	hg38.gc5Base.bw	0	100	1024	44160	2403200
585	13	106799045	106804165	chr13.142271	5	1024	145525157	hg38.gc5Base.bw	0	100	1024	41980	2221200
585	13	107193285	107198405	chr13.142348	5	1024	145604005	hg38.gc5Base.bw	0	100	1024	37960	1871200
585	13	107208645	107213765	chr13.142351	5	1024	145607077	hg38.gc5Base.bw	0	100	1024	40860	2132400
585	13	107705285	107710405	chr13.142448	5	1024	145706405	hg38.gc5Base.bw	0	100	1024	38340	1955600
585	13	107761605	107766725	chr13.142459	5	1024	145717669	hg38.gc5Base.bw	0	100	1024	35080	1664800
585	13	108186565	108191685	chr13.142542	5	1024	145802661	hg38.gc5Base.bw	0	100	1024	36020	1765200
585	13	108304325	108309445	chr13.142565	5	1024	145826213	hg38.gc5Base.bw	0	100	1024	33360	1554400
585	13	108591045	108596165	chr13.142621	5	1024	145883557	hg38.gc5Base.bw	0	100	1024	46400	2624000
585	13	109087685	109092805	chr13.142718	5	1024	145982885	hg38.gc5Base.bw	0	100	1024	44540	2480400
585	13	109144005	109149125	chr13.142729	5	1024	145994149	hg38.gc5Base.bw	0	100	1024	39720	2059200
585	13	109174725	109179845	chr13.142735	5	1024	146000293	hg38.gc5Base.bw	0	100	1024	44540	2502000
585	13	109333445	109338565	chr13.142766	5	1024	146032037	hg38.gc5Base.bw	0	100	1024	37940	1887600
585	13	109896645	109901765	chr13.142876	5	1024	146144677	hg38.gc5Base.bw	0	100	1024	41060	2146000
585	13	110219205	110224325	chr13.142939	5	1024	146209189	hg38.gc5Base.bw	0	100	1024	42040	2325600
585	13	110326725	110331845	chr13.142960	5	1024	146230693	hg38.gc5Base.bw	0	100	1024	45760	2591200
585	13	110424005	110429125	chr13.142979	5	1024	146250149	hg38.gc5Base.bw	0	100	1024	42960	2312800
585	13	110644165	110649285	chr13.143022	5	1024	146294181	hg38.gc5Base.bw	0	100	1024	57900	3750800
585	13	110833605	110838725	chr13.143059	5	1024	146332069	hg38.gc5Base.bw	0	100	1024	43860	2354800
585	13	110920645	110925765	chr13.143076	5	1024	146349477	hg38.gc5Base.bw	0	100	1024	47620	2734800
585	13	111427525	111432645	chr13.143175	5	1024	146450853	hg38.gc5Base.bw	0	100	1024	44580	2449200
585	13	111683525	111688645	chr13.143225	5	1024	146502053	hg38.gc5Base.bw	0	100	1024	53780	3247600
585	13	111978080	111983200	chr13.143265	5	1024	146540965	hg38.gc5Base.bw	0	100	1024	47920	2776800
585	13	112157280	112162400	chr13.143300	5	1024	146576805	hg38.gc5Base.bw	0	100	1024	43280	2408800
585	13	112474720	112479840	chr13.143362	5	1024	146640293	hg38.gc5Base.bw	0	100	1024	42140	2262000
585	13	113043040	113048160	chr13.143473	5	1024	146753957	hg38.gc5Base.bw	0	100	1024	55620	3518800
585	13	113206880	113212000	chr13.143505	5	1024	146786725	hg38.gc5Base.bw	0	100	1024	55800	3804800
585	13	113217120	113222240	chr13.143507	5	1024	146788773	hg38.gc5Base.bw	0	100	1024	46280	2631200
585	13	113288800	113293920	chr13.143521	5	1024	146803109	hg38.gc5Base.bw	0	100	1024	49200	2868000
585	13	113891760	113896880	chr13.143630	5	1024	146913701	hg38.gc5Base.bw	0	100	1024	36320	1793600
585	14	21036100	21041220	chr14.144859	5	1024	148148171	hg38.gc5Base.bw	0	100	1024	46880	2626400
585	14	21061700	21066820	chr14.144864	5	1024	148153291	hg38.gc5Base.bw	0	100	1024	43420	2380400
585	14	21158980	21164100	chr14.144883	5	1024	148172747	hg38.gc5Base.bw	0	100	1024	43160	2272800
585	14	21210180	21215300	chr14.144893	5	1024	148182987	hg38.gc5Base.bw	0	100	1024	39200	1996000
585	14	21266500	21271620	chr14.144904	5	1024	148194251	hg38.gc5Base.bw	0	100	1024	44100	2547600
585	14	21471300	21476420	chr14.144944	5	1024	148235211	hg38.gc5Base.bw	0	100	1024	40880	2200800
585	14	21619780	21624900	chr14.144973	5	1024	148264907	hg38.gc5Base.bw	0	100	1024	39580	2022800
585	14	21819460	21824580	chr14.145012	5	1024	148304843	hg38.gc5Base.bw	0	100	1024	38980	1994000
585	14	21921860	21926980	chr14.145032	5	1024	148325323	hg38.gc5Base.bw	0	100	1024	37000	1798400
585	14	22044740	22049860	chr14.145056	5	1024	148349899	hg38.gc5Base.bw	0	100	1024	40020	2050800
585	14	22162500	22167620	chr14.145079	5	1024	148373451	hg38.gc5Base.bw	0	100	1024	38180	1855600
585	14	22223940	22229060	chr14.145091	5	1024	148385739	hg38.gc5Base.bw	0	100	1024	39680	1996000
585	14	22561860	22566980	chr14.145157	5	1024	148453323	hg38.gc5Base.bw	0	100	1024	43500	2374800
585	14	22654020	22659140	chr14.145175	5	1024	148471755	hg38.gc5Base.bw	0	100	1024	48040	2756800
585	14	22700100	22705220	chr14.145184	5	1024	148480971	hg38.gc5Base.bw	0	100	1024	40940	2099600
585	14	22751300	22756420	chr14.145194	5	1024	148491211	hg38.gc5Base.bw	0	100	1024	44680	2550400
585	14	22776900	22782020	chr14.145199	5	1024	148496331	hg38.gc5Base.bw	0	100	1024	47320	2720800
585	14	22828100	22833220	chr14.145209	5	1024	148506571	hg38.gc5Base.bw	0	100	1024	47300	2726800
585	14	23125060	23130180	chr14.145267	5	1024	148565963	hg38.gc5Base.bw	0	100	1024	53360	3260800
585	14	23355460	23360580	chr14.145312	5	1024	148612043	hg38.gc5Base.bw	0	100	1024	55180	3470000
585	14	23370820	23375940	chr14.145315	5	1024	148615115	hg38.gc5Base.bw	0	100	1024	51300	3057200
585	14	23386180	23391300	chr14.145318	5	1024	148618187	hg38.gc5Base.bw	0	100	1024	57320	3682400
585	14	23493700	23498820	chr14.145339	5	1024	148639691	hg38.gc5Base.bw	0	100	1024	46580	2645200
585	14	24405060	24410180	chr14.145517	5	1024	148821963	hg38.gc5Base.bw	0	100	1024	53860	3341200
585	14	24430660	24435780	chr14.145522	5	1024	148827083	hg38.gc5Base.bw	0	100	1024	52320	3182400
585	14	24512580	24517700	chr14.145538	5	1024	148843467	hg38.gc5Base.bw	0	100	1024	41420	2161200
585	14	24538180	24543300	chr14.145543	5	1024	148848587	hg38.gc5Base.bw	0	100	1024	37800	1836000
585	14	24855620	24860740	chr14.145605	5	1024	148912075	hg38.gc5Base.bw	0	100	1024	39040	1924800
585	14	24942660	24947780	chr14.145622	5	1024	148929483	hg38.gc5Base.bw	0	100	1024	40540	2092400
585	14	25086020	25091140	chr14.145650	5	1024	148958155	hg38.gc5Base.bw	0	100	1024	39960	2049600
585	14	25096260	25101380	chr14.145652	5	1024	148960203	hg38.gc5Base.bw	0	100	1024	39860	2027600
585	14	25152580	25157700	chr14.145663	5	1024	148971467	hg38.gc5Base.bw	0	100	1024	39120	1962400
585	14	25249860	25254980	chr14.145682	5	1024	148990923	hg38.gc5Base.bw	0	100	1024	40200	2072800
585	14	25285700	25290820	chr14.145689	5	1024	148998091	hg38.gc5Base.bw	0	100	1024	41520	2180800
585	14	25388100	25393220	chr14.145709	5	1024	149018571	hg38.gc5Base.bw	0	100	1024	38120	1880800
585	14	25521220	25526340	chr14.145735	5	1024	149045195	hg38.gc5Base.bw	0	100	1024	38300	1931600
585	14	25731140	25736260	chr14.145776	5	1024	149087179	hg38.gc5Base.bw	0	100	1024	38580	1896400
585	14	25741380	25746500	chr14.145778	5	1024	149089227	hg38.gc5Base.bw	0	80	1024	38920	1928800
585	14	26063940	26069060	chr14.145841	5	1024	149153739	hg38.gc5Base.bw	0	100	1024	36920	1764800
585	14	26110020	26115140	chr14.145850	5	1024	149162955	hg38.gc5Base.bw	0	100	1024	36580	1764400
585	14	26714180	26719300	chr14.145968	5	1024	149283787	hg38.gc5Base.bw	0	100	1024	38360	1877600
585	14	26790980	26796100	chr14.145983	5	1024	149299147	hg38.gc5Base.bw	0	100	1024	36680	1756000
585	14	26980420	26985540	chr14.146020	5	1024	149337035	hg38.gc5Base.bw	0	100	1024	35840	1731200
585	14	27000900	27006020	chr14.146024	5	1024	149341131	hg38.gc5Base.bw	0	100	1024	38460	1934000
585	14	27891780	27896900	chr14.146198	5	1024	149519307	hg38.gc5Base.bw	0	100	1024	34680	1611200
585	14	28255300	28260420	chr14.146269	5	1024	149592011	hg38.gc5Base.bw	0	100	1024	30840	1332000
585	14	28593220	28598340	chr14.146335	5	1024	149659595	hg38.gc5Base.bw	0	100	1024	37680	1885600
585	14	29504580	29509700	chr14.146513	5	1024	149841867	hg38.gc5Base.bw	0	100	1024	38560	2014400
585	14	29509700	29514820	chr14.146514	5	1024	149842891	hg38.gc5Base.bw	0	100	1024	40460	2104400
585	14	30462020	30467140	chr14.146700	5	1024	150033355	hg38.gc5Base.bw	0	100	1024	40020	2033200
585	14	30774340	30779460	chr14.146761	5	1024	150095819	hg38.gc5Base.bw	0	100	1024	43540	2365200
585	14	30856260	30861380	chr14.146777	5	1024	150112203	hg38.gc5Base.bw	0	100	1024	43340	2346800
585	14	31050820	31055940	chr14.146815	5	1024	150151115	hg38.gc5Base.bw	0	100	1024	42640	2353600
585	14	31859780	31864900	chr14.146973	5	1024	150312907	hg38.gc5Base.bw	0	100	1024	36300	1746000
585	14	31890500	31895620	chr14.146979	5	1024	150319051	hg38.gc5Base.bw	0	100	1024	44700	2444400
585	14	32166980	32172100	chr14.147033	5	1024	150374347	hg38.gc5Base.bw	0	100	1024	43600	2353600
585	14	32504900	32510020	chr14.147099	5	1024	150441931	hg38.gc5Base.bw	0	100	1024	39920	2060800
585	14	32602180	32607300	chr14.147118	5	1024	150461387	hg38.gc5Base.bw	0	100	1024	39200	1980800
585	14	33047620	33052740	chr14.147205	5	1024	150550475	hg38.gc5Base.bw	0	100	1024	42520	2271200
585	14	33534020	33539140	chr14.147300	5	1024	150647755	hg38.gc5Base.bw	0	100	1024	37980	1872400
585	14	33564740	33569860	chr14.147306	5	1024	150653899	hg38.gc5Base.bw	0	100	1024	38600	1951200
585	14	33708100	33713220	chr14.147334	5	1024	150682571	hg38.gc5Base.bw	0	100	1024	44280	2405600
585	14	34312260	34317380	chr14.147452	5	1024	150803403	hg38.gc5Base.bw	0	100	1024	44660	2458000
585	14	34732100	34737220	chr14.147534	5	1024	150887371	hg38.gc5Base.bw	0	100	1024	42500	2341200
585	14	34870340	34875460	chr14.147561	5	1024	150915019	hg38.gc5Base.bw	0	100	1024	52400	3401600
585	14	35392580	35397700	chr14.147663	5	1024	151019467	hg38.gc5Base.bw	0	100	1024	49900	2988400
585	14	35423300	35428420	chr14.147669	5	1024	151025611	hg38.gc5Base.bw	0	100	1024	41000	2183200
585	14	35996740	36001860	chr14.147781	5	1024	151140299	hg38.gc5Base.bw	0	100	1024	39760	2040800
585	14	36595780	36600900	chr14.147898	5	1024	151260107	hg38.gc5Base.bw	0	100	1024	42440	2259200
585	14	36662340	36667460	chr14.147911	5	1024	151273419	hg38.gc5Base.bw	0	100	1024	53960	3482400
585	14	36677700	36682820	chr14.147914	5	1024	151276491	hg38.gc5Base.bw	0	100	1024	35040	1672800
585	14	37000260	37005380	chr14.147977	5	1024	151341003	hg38.gc5Base.bw	0	100	1024	40340	2066800
585	14	37020740	37025860	chr14.147981	5	1024	151345099	hg38.gc5Base.bw	0	100	1024	36740	1759600
585	14	38326340	38331460	chr14.148236	5	1024	151606219	hg38.gc5Base.bw	0	100	1024	38260	1887600
585	14	38613060	38618180	chr14.148292	5	1024	151663563	hg38.gc5Base.bw	0	100	1024	40240	2095200
585	14	38961220	38966340	chr14.148360	5	1024	151733195	hg38.gc5Base.bw	0	100	1024	40700	2077200
585	14	39268420	39273540	chr14.148420	5	1024	151794635	hg38.gc5Base.bw	0	100	1024	42200	2254400
585	14	39642180	39647300	chr14.148493	5	1024	151869387	hg38.gc5Base.bw	0	100	1024	37400	1855200
585	14	39790660	39795780	chr14.148522	5	1024	151899083	hg38.gc5Base.bw	0	100	1024	35940	1715600
585	14	40026180	40031300	chr14.148568	5	1024	151946187	hg38.gc5Base.bw	0	100	1024	37340	1815600
585	14	40410180	40415300	chr14.148643	5	1024	152022987	hg38.gc5Base.bw	0	100	1024	36060	1727600
585	14	40650820	40655940	chr14.148690	5	1024	152071115	hg38.gc5Base.bw	0	100	1024	34520	1605600
585	14	40824900	40830020	chr14.148724	5	1024	152105931	hg38.gc5Base.bw	0	100	1024	37460	1778000
585	14	42012740	42017860	chr14.148956	5	1024	152343499	hg38.gc5Base.bw	0	100	1024	38540	1938800
585	14	42540100	42545220	chr14.149059	5	1024	152448971	hg38.gc5Base.bw	0	100	1024	31400	1370400
585	14	42816580	42821700	chr14.149113	5	1024	152504267	hg38.gc5Base.bw	0	100	1024	34520	1649600
585	14	42990660	42995780	chr14.149147	5	1024	152539083	hg38.gc5Base.bw	0	100	1024	38020	1911600
585	14	43707460	43712580	chr14.149287	5	1024	152682443	hg38.gc5Base.bw	0	80	1024	32960	1505600
585	14	43948100	43953220	chr14.149334	5	1024	152730571	hg38.gc5Base.bw	0	100	1024	34960	1648800
585	14	44680260	44685380	chr14.149477	5	1024	152877003	hg38.gc5Base.bw	0	100	1024	38960	1908800
585	14	45079620	45084740	chr14.149555	5	1024	152956875	hg38.gc5Base.bw	0	100	1024	50720	3147200
585	14	45243460	45248580	chr14.149587	5	1024	152989643	hg38.gc5Base.bw	0	100	1024	37800	1905600
585	14	45438020	45443140	chr14.149625	5	1024	153028555	hg38.gc5Base.bw	0	100	1024	34060	1589200
585	14	46267460	46272580	chr14.149787	5	1024	153194443	hg38.gc5Base.bw	0	100	1024	34800	1619200
585	14	47398980	47404100	chr14.150008	5	1024	153420747	hg38.gc5Base.bw	0	100	1024	38320	1918400
585	14	47829060	47834180	chr14.150092	5	1024	153506763	hg38.gc5Base.bw	0	100	1024	36620	1840400
585	14	47972420	47977540	chr14.150120	5	1024	153535435	hg38.gc5Base.bw	0	100	1024	37500	1821200
585	14	48023620	48028740	chr14.150130	5	1024	153545675	hg38.gc5Base.bw	0	100	1024	35240	1669600
585	14	48238660	48243780	chr14.150172	5	1024	153588683	hg38.gc5Base.bw	0	100	1024	36280	1736800
585	14	49032260	49037380	chr14.150327	5	1024	153747403	hg38.gc5Base.bw	0	100	1024	37200	1868000
585	14	50092100	50097220	chr14.150534	5	1024	153959371	hg38.gc5Base.bw	0	100	1024	47160	2644000
585	14	50327620	50332740	chr14.150580	5	1024	154006475	hg38.gc5Base.bw	0	100	1024	39940	2051600
585	14	50773060	50778180	chr14.150667	5	1024	154095563	hg38.gc5Base.bw	0	100	1024	39800	2016000
585	14	50988100	50993220	chr14.150709	5	1024	154138571	hg38.gc5Base.bw	0	100	1024	42060	2187600
585	14	51484740	51489860	chr14.150806	5	1024	154237899	hg38.gc5Base.bw	0	100	1024	43460	2327600
585	14	51684420	51689540	chr14.150845	5	1024	154277835	hg38.gc5Base.bw	0	100	1024	36160	1713600
585	14	52385860	52390980	chr14.150982	5	1024	154418123	hg38.gc5Base.bw	0	100	1024	39460	1943600
585	14	54787140	54792260	chr14.151451	5	1024	154898379	hg38.gc5Base.bw	0	100	1024	47120	2669600
585	14	54838340	54843460	chr14.151461	5	1024	154908619	hg38.gc5Base.bw	0	100	1024	41900	2228400
585	14	55073860	55078980	chr14.151507	5	1024	154955723	hg38.gc5Base.bw	0	100	1024	46700	2714800
585	14	55432260	55437380	chr14.151577	5	1024	155027403	hg38.gc5Base.bw	0	100	1024	40740	2150000
585	14	55729220	55734340	chr14.151635	5	1024	155086795	hg38.gc5Base.bw	0	100	1024	41660	2162000
585	14	56415300	56420420	chr14.151769	5	1024	155224011	hg38.gc5Base.bw	0	100	1024	49280	2803200
585	14	56548420	56553540	chr14.151795	5	1024	155250635	hg38.gc5Base.bw	0	100	1024	44520	2400800
585	14	56568900	56574020	chr14.151799	5	1024	155254731	hg38.gc5Base.bw	0	100	1024	38160	1971200
585	14	56650820	56655940	chr14.151815	5	1024	155271115	hg38.gc5Base.bw	0	100	1024	40640	2172000
585	14	56963140	56968260	chr14.151876	5	1024	155333579	hg38.gc5Base.bw	0	100	1024	37680	1841600
585	14	56983620	56988740	chr14.151880	5	1024	155337675	hg38.gc5Base.bw	0	100	1024	38920	1980000
585	14	57050180	57055300	chr14.151893	5	1024	155350987	hg38.gc5Base.bw	0	100	1024	42720	2243200
585	14	57280580	57285700	chr14.151938	5	1024	155397067	hg38.gc5Base.bw	0	100	1024	36420	1762000
585	14	57408580	57413700	chr14.151963	5	1024	155422667	hg38.gc5Base.bw	0	100	1024	34620	1638000
585	14	57587780	57592900	chr14.151998	5	1024	155458507	hg38.gc5Base.bw	0	100	1024	41800	2200000
585	14	57700420	57705540	chr14.152020	5	1024	155481035	hg38.gc5Base.bw	0	100	1024	39500	2030800
585	14	57715780	57720900	chr14.152023	5	1024	155484107	hg38.gc5Base.bw	0	100	1024	37060	1795600
585	14	57900100	57905220	chr14.152059	5	1024	155520971	hg38.gc5Base.bw	0	100	1024	40520	2056800
585	14	58002500	58007620	chr14.152079	5	1024	155541451	hg38.gc5Base.bw	0	100	1024	40040	2021600
585	14	58028100	58033220	chr14.152084	5	1024	155546571	hg38.gc5Base.bw	0	100	1024	44280	2452800
585	14	58099780	58104900	chr14.152098	5	1024	155560907	hg38.gc5Base.bw	0	100	1024	44920	2501600
585	14	58243140	58248260	chr14.152126	5	1024	155589579	hg38.gc5Base.bw	0	100	1024	40380	2098000
585	14	58330180	58335300	chr14.152143	5	1024	155606987	hg38.gc5Base.bw	0	100	1024	33520	1521600
585	14	59093060	59098180	chr14.152292	5	1024	155759563	hg38.gc5Base.bw	0	100	1024	43540	2383600
585	14	59195460	59200580	chr14.152312	5	1024	155780043	hg38.gc5Base.bw	0	100	1024	44480	2464000
585	14	59620420	59625540	chr14.152395	5	1024	155865035	hg38.gc5Base.bw	0	100	1024	38140	1926000
585	14	59896900	59902020	chr14.152449	5	1024	155920331	hg38.gc5Base.bw	0	100	1024	41480	2190400
585	14	59968580	59973700	chr14.152463	5	1024	155934667	hg38.gc5Base.bw	0	100	1024	37260	1790800
585	14	60024900	60030020	chr14.152474	5	1024	155945931	hg38.gc5Base.bw	0	100	1024	36640	1771200
585	14	60045380	60050500	chr14.152478	5	1024	155950027	hg38.gc5Base.bw	0	100	1024	39120	1927200
585	14	61212740	61217860	chr14.152706	5	1024	156183499	hg38.gc5Base.bw	0	100	1024	44260	2414000
585	14	61397060	61402180	chr14.152742	5	1024	156220363	hg38.gc5Base.bw	0	100	1024	38320	1889600
585	14	61606980	61612100	chr14.152783	5	1024	156262347	hg38.gc5Base.bw	0	100	1024	46120	2554400
585	14	61699140	61704260	chr14.152801	5	1024	156280779	hg38.gc5Base.bw	0	100	1024	35760	1758400
585	14	62062660	62067780	chr14.152872	5	1024	156353483	hg38.gc5Base.bw	0	100	1024	41740	2175600
585	14	62206020	62211140	chr14.152900	5	1024	156382155	hg38.gc5Base.bw	0	100	1024	41380	2176400
585	14	62339140	62344260	chr14.152926	5	1024	156408779	hg38.gc5Base.bw	0	100	1024	40400	2040800
585	14	62415940	62421060	chr14.152941	5	1024	156424139	hg38.gc5Base.bw	0	100	1024	38060	1862000
585	14	62595140	62600260	chr14.152976	5	1024	156459979	hg38.gc5Base.bw	0	100	1024	33760	1524800
585	14	64023620	64028740	chr14.153255	5	1024	156745675	hg38.gc5Base.bw	0	100	1024	38320	1930400
585	14	64223300	64228420	chr14.153294	5	1024	156785611	hg38.gc5Base.bw	0	100	1024	45520	2564000
585	14	64305220	64310340	chr14.153310	5	1024	156801995	hg38.gc5Base.bw	0	100	1024	42820	2436400
585	14	64863300	64868420	chr14.153419	5	1024	156913611	hg38.gc5Base.bw	0	100	1024	45860	2539600
585	14	65165380	65170500	chr14.153478	5	1024	156974027	hg38.gc5Base.bw	0	100	1024	45020	2484400
585	14	65825860	65830980	chr14.153607	5	1024	157106123	hg38.gc5Base.bw	0	100	1024	48520	2770400
585	14	65964100	65969220	chr14.153634	5	1024	157133771	hg38.gc5Base.bw	0	100	1024	45100	2432400
585	14	66112580	66117700	chr14.153663	5	1024	157163467	hg38.gc5Base.bw	0	100	1024	41760	2132000
585	14	67576900	67582020	chr14.153949	5	1024	157456331	hg38.gc5Base.bw	0	100	1024	53440	3235200
585	14	68175940	68181060	chr14.154066	5	1024	157576139	hg38.gc5Base.bw	0	100	1024	39860	1983600
585	14	68319300	68324420	chr14.154094	5	1024	157604811	hg38.gc5Base.bw	0	100	1024	44080	2379200
585	14	68606020	68611140	chr14.154150	5	1024	157662155	hg38.gc5Base.bw	0	100	1024	54960	3393600
585	14	68621380	68626500	chr14.154153	5	1024	157665227	hg38.gc5Base.bw	0	100	1024	50240	2928000
585	14	68693060	68698180	chr14.154167	5	1024	157679563	hg38.gc5Base.bw	0	100	1024	49840	2891200
585	14	68698180	68703300	chr14.154168	5	1024	157680587	hg38.gc5Base.bw	0	100	1024	47860	2765200
585	14	68713540	68718660	chr14.154171	5	1024	157683659	hg38.gc5Base.bw	0	100	1024	47900	2710800
585	14	68739140	68744260	chr14.154176	5	1024	157688779	hg38.gc5Base.bw	0	100	1024	47640	2708800
585	14	68815940	68821060	chr14.154191	5	1024	157704139	hg38.gc5Base.bw	0	100	1024	56840	3670400
585	14	68892740	68897860	chr14.154206	5	1024	157719499	hg38.gc5Base.bw	0	100	1024	52720	3148000
585	14	69317700	69322820	chr14.154289	5	1024	157804491	hg38.gc5Base.bw	0	100	1024	55180	3375600
585	14	69773380	69778500	chr14.154378	5	1024	157895627	hg38.gc5Base.bw	0	100	1024	41880	2193600
585	14	69978180	69983300	chr14.154418	5	1024	157936587	hg38.gc5Base.bw	0	100	1024	50800	2982400
585	14	70019140	70024260	chr14.154426	5	1024	157944779	hg38.gc5Base.bw	0	100	1024	51320	3021600
585	14	70044740	70049860	chr14.154431	5	1024	157949899	hg38.gc5Base.bw	0	100	1024	47680	2702400
585	14	70270020	70275140	chr14.154475	5	1024	157994955	hg38.gc5Base.bw	0	100	1024	40900	2118000
585	14	70321220	70326340	chr14.154485	5	1024	158005195	hg38.gc5Base.bw	0	100	1024	38200	1879200
585	14	71995460	72000580	chr14.154812	5	1024	158340043	hg38.gc5Base.bw	0	100	1024	45920	2539200
585	14	72133700	72138820	chr14.154839	5	1024	158367691	hg38.gc5Base.bw	0	100	1024	42840	2265600
585	14	72353860	72358980	chr14.154882	5	1024	158411723	hg38.gc5Base.bw	0	100	1024	45160	2526400
585	14	72364100	72369220	chr14.154884	5	1024	158413771	hg38.gc5Base.bw	0	100	1024	41040	2076800
585	14	72440900	72446020	chr14.154899	5	1024	158429131	hg38.gc5Base.bw	0	100	1024	50320	2948800
585	14	72563780	72568900	chr14.154923	5	1024	158453707	hg38.gc5Base.bw	0	100	1024	55060	3401200
585	14	72727620	72732740	chr14.154955	5	1024	158486475	hg38.gc5Base.bw	0	100	1024	48940	2870000
585	14	72753220	72758340	chr14.154960	5	1024	158491595	hg38.gc5Base.bw	0	100	1024	47780	2738800
585	14	72789060	72794180	chr14.154967	5	1024	158498763	hg38.gc5Base.bw	0	100	1024	51240	3073600
585	14	73244740	73249860	chr14.155056	5	1024	158589899	hg38.gc5Base.bw	0	100	1024	53880	3405600
585	14	73500740	73505860	chr14.155106	5	1024	158641099	hg38.gc5Base.bw	0	100	1024	47860	2791600
585	14	73582660	73587780	chr14.155122	5	1024	158657483	hg38.gc5Base.bw	0	100	1024	50280	3036000
585	14	73772100	73777220	chr14.155159	5	1024	158695371	hg38.gc5Base.bw	0	100	1024	50240	3004800
585	14	74278980	74284100	chr14.155258	5	1024	158796747	hg38.gc5Base.bw	0	100	1024	50140	2974800
585	14	74340420	74345540	chr14.155270	5	1024	158809035	hg38.gc5Base.bw	0	100	1024	44780	2550000
585	14	74401860	74406980	chr14.155282	5	1024	158821323	hg38.gc5Base.bw	0	100	1024	57120	3615200
585	14	74524740	74529860	chr14.155306	5	1024	158845899	hg38.gc5Base.bw	0	100	1024	57480	3636000
585	14	74545220	74550340	chr14.155310	5	1024	158849995	hg38.gc5Base.bw	0	100	1024	53860	3262000
585	14	75302980	75308100	chr14.155458	5	1024	159001547	hg38.gc5Base.bw	0	100	1024	45380	2581200
585	14	75313220	75318340	chr14.155460	5	1024	159003595	hg38.gc5Base.bw	0	100	1024	47920	2716800
585	14	75364420	75369540	chr14.155470	5	1024	159013835	hg38.gc5Base.bw	0	100	1024	45460	2494800
585	14	75400260	75405380	chr14.155477	5	1024	159021003	hg38.gc5Base.bw	0	100	1024	48560	2814400
585	14	75451460	75456580	chr14.155487	5	1024	159031243	hg38.gc5Base.bw	0	100	1024	54240	3356800
585	14	75518020	75523140	chr14.155500	5	1024	159044555	hg38.gc5Base.bw	0	100	1024	44520	2437600
585	14	75548740	75553860	chr14.155506	5	1024	159050699	hg38.gc5Base.bw	0	100	1024	47520	2665600
585	14	76091460	76096580	chr14.155612	5	1024	159159243	hg38.gc5Base.bw	0	100	1024	52460	3172400
585	14	76198980	76204100	chr14.155633	5	1024	159180747	hg38.gc5Base.bw	0	100	1024	39420	2005200
585	14	76577860	76582980	chr14.155707	5	1024	159256523	hg38.gc5Base.bw	0	100	1024	45500	2532400
585	14	76644420	76649540	chr14.155720	5	1024	159269835	hg38.gc5Base.bw	0	100	1024	47140	2662000
585	14	76803140	76808260	chr14.155751	5	1024	159301579	hg38.gc5Base.bw	0	100	1024	46140	2534800
585	14	77402180	77407300	chr14.155868	5	1024	159421387	hg38.gc5Base.bw	0	100	1024	41400	2184000
585	14	77637700	77642820	chr14.155914	5	1024	159468491	hg38.gc5Base.bw	0	100	1024	50940	3050800
585	14	77729860	77734980	chr14.155932	5	1024	159486923	hg38.gc5Base.bw	0	100	1024	40520	2136800
585	14	77980740	77985860	chr14.155981	5	1024	159537099	hg38.gc5Base.bw	0	100	1024	49820	3015600
585	14	78124100	78129220	chr14.156009	5	1024	159565771	hg38.gc5Base.bw	0	100	1024	45680	2488800
585	14	78308420	78313540	chr14.156045	5	1024	159602635	hg38.gc5Base.bw	0	100	1024	37260	1788400
585	14	78421060	78426180	chr14.156067	5	1024	159625163	hg38.gc5Base.bw	0	100	1024	43880	2373600
585	14	79168580	79173700	chr14.156213	5	1024	159774667	hg38.gc5Base.bw	0	100	1024	37280	1801600
585	14	79409220	79414340	chr14.156260	5	1024	159822795	hg38.gc5Base.bw	0	100	1024	38020	1890000
585	14	79649860	79654980	chr14.156307	5	1024	159870923	hg38.gc5Base.bw	0	100	1024	39820	1998000
585	14	79701060	79706180	chr14.156317	5	1024	159881163	hg38.gc5Base.bw	0	100	1024	42940	2268400
585	14	79957060	79962180	chr14.156367	5	1024	159932363	hg38.gc5Base.bw	0	100	1024	39180	1950000
585	14	80325700	80330820	chr14.156439	5	1024	160006091	hg38.gc5Base.bw	0	100	1024	32960	1508800
585	14	80735300	80740420	chr14.156519	5	1024	160088011	hg38.gc5Base.bw	0	100	1024	36040	1763200
585	14	82245700	82250820	chr14.156814	5	1024	160390091	hg38.gc5Base.bw	0	100	1024	35540	1683600
585	14	82307140	82312260	chr14.156826	5	1024	160402379	hg38.gc5Base.bw	0	100	1024	40340	2096400
585	14	82332740	82337860	chr14.156831	5	1024	160407499	hg38.gc5Base.bw	0	100	1024	36240	1787200
585	14	82383940	82389060	chr14.156841	5	1024	160417739	hg38.gc5Base.bw	0	100	1024	36820	1781200
585	14	82686020	82691140	chr14.156900	5	1024	160478155	hg38.gc5Base.bw	0	100	1024	35640	1677600
585	14	82767940	82773060	chr14.156916	5	1024	160494539	hg38.gc5Base.bw	0	100	1024	34980	1654800
585	14	82880580	82885700	chr14.156938	5	1024	160517067	hg38.gc5Base.bw	0	100	1024	34100	1565200
585	14	82977860	82982980	chr14.156957	5	1024	160536523	hg38.gc5Base.bw	0	100	1024	35820	1720400
585	14	83192900	83198020	chr14.156999	5	1024	160579531	hg38.gc5Base.bw	0	100	1024	36400	1828800
585	14	83387460	83392580	chr14.157037	5	1024	160618443	hg38.gc5Base.bw	0	100	1024	29180	1278800
585	14	83797060	83802180	chr14.157117	5	1024	160700363	hg38.gc5Base.bw	0	100	1024	35720	1731200
585	14	85030980	85036100	chr14.157358	5	1024	160947147	hg38.gc5Base.bw	0	100	1024	36240	1799200
585	14	85102660	85107780	chr14.157372	5	1024	160961483	hg38.gc5Base.bw	0	100	1024	35240	1712800
585	14	85256260	85261380	chr14.157402	5	1024	160992203	hg38.gc5Base.bw	0	100	1024	41560	2171200
585	14	85455940	85461060	chr14.157441	5	1024	161032139	hg38.gc5Base.bw	0	100	1024	38920	1960000
585	14	85466180	85471300	chr14.157443	5	1024	161034187	hg38.gc5Base.bw	0	100	1024	36800	1804000
585	14	85553220	85558340	chr14.157460	5	1024	161051595	hg38.gc5Base.bw	0	100	1024	39420	2018000
585	14	85727300	85732420	chr14.157494	5	1024	161086411	hg38.gc5Base.bw	0	100	1024	38680	1941600
585	14	86869060	86874180	chr14.157717	5	1024	161314763	hg38.gc5Base.bw	0	100	1024	37020	1817200
585	14	87140420	87145540	chr14.157770	5	1024	161369035	hg38.gc5Base.bw	0	100	1024	36260	1736400
585	14	87386180	87391300	chr14.157818	5	1024	161418187	hg38.gc5Base.bw	0	100	1024	39780	2026000
585	14	87442500	87447620	chr14.157829	5	1024	161429451	hg38.gc5Base.bw	0	100	1024	33380	1529200
585	14	88031300	88036420	chr14.157944	5	1024	161547211	hg38.gc5Base.bw	0	100	1024	41760	2184000
585	14	88174660	88179780	chr14.157972	5	1024	161575883	hg38.gc5Base.bw	0	100	1024	42860	2290000
585	14	89086020	89091140	chr14.158150	5	1024	161758155	hg38.gc5Base.bw	0	100	1024	42600	2273600
585	14	89449540	89454660	chr14.158221	5	1024	161830859	hg38.gc5Base.bw	0	100	1024	48380	2824400
585	14	89726020	89731140	chr14.158275	5	1024	161886155	hg38.gc5Base.bw	0	100	1024	43180	2304400
585	14	89843780	89848900	chr14.158298	5	1024	161909707	hg38.gc5Base.bw	0	100	1024	42200	2216000
585	14	90719300	90724420	chr14.158469	5	1024	162084811	hg38.gc5Base.bw	0	100	1024	45780	2478000
585	14	90801220	90806340	chr14.158485	5	1024	162101195	hg38.gc5Base.bw	0	100	1024	55860	3525200
585	14	91651140	91656260	chr14.158651	5	1024	162271179	hg38.gc5Base.bw	0	100	1024	41340	2158800
585	14	91866180	91871300	chr14.158693	5	1024	162314187	hg38.gc5Base.bw	0	100	1024	49200	2865600
585	14	91917380	91922500	chr14.158703	5	1024	162324427	hg38.gc5Base.bw	0	100	1024	47180	2680400
585	14	91922500	91927620	chr14.158704	5	1024	162325451	hg38.gc5Base.bw	0	100	1024	51200	3024000
585	14	92030020	92035140	chr14.158725	5	1024	162346955	hg38.gc5Base.bw	0	100	1024	43280	2428800
585	14	92275780	92280900	chr14.158773	5	1024	162396107	hg38.gc5Base.bw	0	100	1024	50820	2986800
585	14	92470340	92475460	chr14.158811	5	1024	162435019	hg38.gc5Base.bw	0	100	1024	45720	2504800
585	14	92598340	92603460	chr14.158836	5	1024	162460619	hg38.gc5Base.bw	0	100	1024	51900	3087600
585	14	93781060	93786180	chr14.159067	5	1024	162697163	hg38.gc5Base.bw	0	100	1024	48220	2789200
585	14	93842500	93847620	chr14.159079	5	1024	162709451	hg38.gc5Base.bw	0	100	1024	46260	2615600
585	14	93893700	93898820	chr14.159089	5	1024	162719691	hg38.gc5Base.bw	0	100	1024	51080	3059200
585	14	94093380	94098500	chr14.159128	5	1024	162759627	hg38.gc5Base.bw	0	100	1024	48400	2770400
585	14	94118980	94124100	chr14.159133	5	1024	162764747	hg38.gc5Base.bw	0	100	1024	50120	2892000
585	14	94144580	94149700	chr14.159138	5	1024	162769867	hg38.gc5Base.bw	0	100	1024	40920	2173600
585	14	94410820	94415940	chr14.159190	5	1024	162823115	hg38.gc5Base.bw	0	100	1024	45440	2516800
585	14	94421060	94426180	chr14.159192	5	1024	162825163	hg38.gc5Base.bw	0	100	1024	41800	2225600
585	14	94590020	94595140	chr14.159225	5	1024	162858955	hg38.gc5Base.bw	0	100	1024	51680	3036800
585	14	94671940	94677060	chr14.159241	5	1024	162875339	hg38.gc5Base.bw	0	100	1024	48680	2826400
585	14	94702660	94707780	chr14.159247	5	1024	162881483	hg38.gc5Base.bw	0	100	1024	50240	2944800
585	14	95004740	95009860	chr14.159306	5	1024	162941899	hg38.gc5Base.bw	0	100	1024	42920	2336800
585	14	95342660	95347780	chr14.159372	5	1024	163009483	hg38.gc5Base.bw	0	100	1024	45100	2535600
585	14	95368260	95373380	chr14.159377	5	1024	163014603	hg38.gc5Base.bw	0	100	1024	50580	3073200
585	14	95445060	95450180	chr14.159392	5	1024	163029963	hg38.gc5Base.bw	0	100	1024	52340	3158000
585	14	95455300	95460420	chr14.159394	5	1024	163032011	hg38.gc5Base.bw	0	100	1024	51300	3064400
585	14	95465540	95470660	chr14.159396	5	1024	163034059	hg38.gc5Base.bw	0	100	1024	53160	3249600
585	14	95542340	95547460	chr14.159411	5	1024	163049419	hg38.gc5Base.bw	0	100	1024	43560	2376000
585	14	95788100	95793220	chr14.159459	5	1024	163098571	hg38.gc5Base.bw	0	100	1024	52000	3077600
585	14	95829060	95834180	chr14.159467	5	1024	163106763	hg38.gc5Base.bw	0	100	1024	53560	3203200
585	14	95859780	95864900	chr14.159473	5	1024	163112907	hg38.gc5Base.bw	0	100	1024	41920	2186400
585	14	95982660	95987780	chr14.159497	5	1024	163137483	hg38.gc5Base.bw	0	100	1024	43280	2252800
585	14	96254020	96259140	chr14.159550	5	1024	163191755	hg38.gc5Base.bw	0	100	1024	45620	2571600
585	14	97022020	97027140	chr14.159700	5	1024	163345355	hg38.gc5Base.bw	0	100	1024	46480	2626400
585	14	97027140	97032260	chr14.159701	5	1024	163346379	hg38.gc5Base.bw	0	100	1024	46040	2531200
585	14	97078340	97083460	chr14.159711	5	1024	163356619	hg38.gc5Base.bw	0	100	1024	42860	2293200
585	14	97247300	97252420	chr14.159744	5	1024	163390411	hg38.gc5Base.bw	0	100	1024	43720	2352800
585	14	97375300	97380420	chr14.159769	5	1024	163416011	hg38.gc5Base.bw	0	100	1024	45700	2531600
585	14	97958980	97964100	chr14.159883	5	1024	163532747	hg38.gc5Base.bw	0	100	1024	45040	2438400
585	14	98025540	98030660	chr14.159896	5	1024	163546059	hg38.gc5Base.bw	0	100	1024	43860	2306800
585	14	98071620	98076740	chr14.159905	5	1024	163555275	hg38.gc5Base.bw	0	100	1024	45100	2482800
585	14	98097220	98102340	chr14.159910	5	1024	163560395	hg38.gc5Base.bw	0	100	1024	36740	1770800
585	14	98624580	98629700	chr14.160013	5	1024	163665867	hg38.gc5Base.bw	0	100	1024	43620	2268400
585	14	98834500	98839620	chr14.160054	5	1024	163707851	hg38.gc5Base.bw	0	100	1024	51420	2996400
585	14	98926660	98931780	chr14.160072	5	1024	163726283	hg38.gc5Base.bw	0	100	1024	47440	2728000
585	14	99131460	99136580	chr14.160112	5	1024	163767243	hg38.gc5Base.bw	0	100	1024	55440	3428000
585	14	99213380	99218500	chr14.160128	5	1024	163783627	hg38.gc5Base.bw	0	100	1024	50440	3075200
585	14	99290180	99295300	chr14.160143	5	1024	163798987	hg38.gc5Base.bw	0	100	1024	45980	2581200
585	14	99587140	99592260	chr14.160201	5	1024	163858379	hg38.gc5Base.bw	0	100	1024	58840	3856000
585	14	99878980	99884100	chr14.160258	5	1024	163916747	hg38.gc5Base.bw	0	100	1024	41840	2248800
585	14	100088900	100094020	chr14.160299	5	1024	163958731	hg38.gc5Base.bw	0	100	1024	41020	2146000
585	14	100570180	100575300	chr14.160393	5	1024	164054987	hg38.gc5Base.bw	0	100	1024	61320	4114400
585	14	101773380	101778500	chr14.160628	5	1024	164295627	hg38.gc5Base.bw	0	100	1024	48820	2823600
585	14	101947460	101952580	chr14.160662	5	1024	164330443	hg38.gc5Base.bw	0	100	1024	56200	3609600
585	14	102730820	102735940	chr14.160815	5	1024	164487115	hg38.gc5Base.bw	0	100	1024	54760	3395200
585	14	102746180	102751300	chr14.160818	5	1024	164490187	hg38.gc5Base.bw	0	100	1024	58960	3925600
585	14	102986820	102991940	chr14.160865	5	1024	164538315	hg38.gc5Base.bw	0	100	1024	43160	2336000
585	14	103529540	103534660	chr14.160971	5	1024	164646859	hg38.gc5Base.bw	0	100	1024	65240	4499200
585	14	103616580	103621700	chr14.160988	5	1024	164664267	hg38.gc5Base.bw	0	100	1024	51400	3149600
585	14	104179780	104184900	chr14.161098	5	1024	164776907	hg38.gc5Base.bw	0	100	1024	64580	4490800
585	14	104302660	104307780	chr14.161122	5	1024	164801483	hg38.gc5Base.bw	0	100	1024	61860	4144400
585	14	104369220	104374340	chr14.161135	5	1024	164814795	hg38.gc5Base.bw	0	100	1024	60080	3965600
585	14	104394820	104399940	chr14.161140	5	1024	164819915	hg38.gc5Base.bw	0	100	1024	50760	3041600
585	14	104440900	104446020	chr14.161149	5	1024	164829131	hg38.gc5Base.bw	0	100	1024	58840	3806400
585	14	104527940	104533060	chr14.161166	5	1024	164846539	hg38.gc5Base.bw	0	100	1024	47820	2732400
585	14	104988740	104993860	chr14.161256	5	1024	164938699	hg38.gc5Base.bw	0	100	1024	56620	3606800
585	14	105167940	105173060	chr14.161291	5	1024	164974539	hg38.gc5Base.bw	0	100	1024	69960	5204800
585	14	105249860	105254980	chr14.161307	5	1024	164990923	hg38.gc5Base.bw	0	100	1024	57200	3620000
585	15	23015170	23020290	chr15.163644	5	1024	167364361	hg38.gc5Base.bw	0	100	1024	42500	2306000
585	15	23459405	23464525	chr15.163722	5	1024	167443209	hg38.gc5Base.bw	0	100	1024	35580	1742800
585	15	23587405	23592525	chr15.163747	5	1024	167468809	hg38.gc5Base.bw	0	100	1024	46320	2579200
585	15	23751245	23756365	chr15.163779	5	1024	167501577	hg38.gc5Base.bw	0	100	1024	42700	2279600
585	15	23761485	23766605	chr15.163781	5	1024	167503625	hg38.gc5Base.bw	0	100	1024	46320	2585600
585	15	24744525	24749645	chr15.163973	5	1024	167700233	hg38.gc5Base.bw	0	100	1024	44660	2498000
585	15	24795725	24800845	chr15.163983	5	1024	167710473	hg38.gc5Base.bw	0	100	1024	39020	2003600
585	15	25236045	25241165	chr15.164069	5	1024	167798537	hg38.gc5Base.bw	0	100	1024	59560	3838400
585	15	25486925	25492045	chr15.164118	5	1024	167848713	hg38.gc5Base.bw	0	100	1024	37020	1826800
585	15	25512525	25517645	chr15.164123	5	1024	167853833	hg38.gc5Base.bw	0	100	1024	45260	2485200
585	15	25517645	25522765	chr15.164124	5	1024	167854857	hg38.gc5Base.bw	0	100	1024	40000	2030400
585	15	25522765	25527885	chr15.164125	5	1024	167855881	hg38.gc5Base.bw	0	100	1024	38580	1974000
585	15	26024525	26029645	chr15.164223	5	1024	167956233	hg38.gc5Base.bw	0	100	1024	45280	2524800
585	15	26162765	26167885	chr15.164250	5	1024	167983881	hg38.gc5Base.bw	0	100	1024	43340	2358000
585	15	26173005	26178125	chr15.164252	5	1024	167985929	hg38.gc5Base.bw	0	100	1024	46280	2596000
585	15	26183245	26188365	chr15.164254	5	1024	167987977	hg38.gc5Base.bw	0	100	1024	41220	2142800
585	15	26510925	26516045	chr15.164318	5	1024	168053513	hg38.gc5Base.bw	0	100	1024	38820	1954000
585	15	26638925	26644045	chr15.164343	5	1024	168079113	hg38.gc5Base.bw	0	100	1024	45540	2487600
585	15	27222605	27227725	chr15.164457	5	1024	168195849	hg38.gc5Base.bw	0	100	1024	48900	2856400
585	15	27524685	27529805	chr15.164516	5	1024	168256265	hg38.gc5Base.bw	0	100	1024	39860	2034800
585	15	27642445	27647565	chr15.164539	5	1024	168279817	hg38.gc5Base.bw	0	100	1024	41060	2121200
585	15	27749965	27755085	chr15.164560	5	1024	168301321	hg38.gc5Base.bw	0	100	1024	48680	2813600
585	15	29250125	29255245	chr15.164853	5	1024	168601353	hg38.gc5Base.bw	0	100	1024	39560	2041600
585	15	29332045	29337165	chr15.164869	5	1024	168617737	hg38.gc5Base.bw	0	100	1024	48560	2836800
585	15	29357645	29362765	chr15.164874	5	1024	168622857	hg38.gc5Base.bw	0	100	1024	42820	2344400
585	15	29424205	29429325	chr15.164887	5	1024	168636169	hg38.gc5Base.bw	0	100	1024	42020	2238800
585	15	31006285	31011405	chr15.165196	5	1024	168952585	hg38.gc5Base.bw	0	100	1024	35040	1648800
585	15	31282765	31287885	chr15.165250	5	1024	169007881	hg38.gc5Base.bw	0	100	1024	35400	1685600
585	15	31595085	31600205	chr15.165311	5	1024	169070345	hg38.gc5Base.bw	0	100	1024	48020	2735600
585	15	31917645	31922765	chr15.165374	5	1024	169134857	hg38.gc5Base.bw	0	100	1024	38380	1928400
585	15	32055885	32061005	chr15.165401	5	1024	169162505	hg38.gc5Base.bw	0	100	1024	38900	1954000
585	15	32219725	32224845	chr15.165433	5	1024	169195273	hg38.gc5Base.bw	0	100	1024	37120	1861600
585	15	32665165	32670285	chr15.165520	5	1024	169284361	hg38.gc5Base.bw	0	100	1024	41560	2204000
585	15	32798285	32803405	chr15.165546	5	1024	169310985	hg38.gc5Base.bw	0	100	1024	41880	2220000
585	15	33023565	33028685	chr15.165590	5	1024	169356041	hg38.gc5Base.bw	0	100	1024	36440	1792000
585	15	33166925	33172045	chr15.165618	5	1024	169384713	hg38.gc5Base.bw	0	100	1024	37340	1838800
585	15	33269325	33274445	chr15.165638	5	1024	169405193	hg38.gc5Base.bw	0	100	1024	36220	1720400
585	15	33417805	33422925	chr15.165667	5	1024	169434889	hg38.gc5Base.bw	0	100	1024	40480	2056000
585	15	33545805	33550925	chr15.165692	5	1024	169460489	hg38.gc5Base.bw	0	100	1024	41060	2088400
585	15	33719885	33725005	chr15.165726	5	1024	169495305	hg38.gc5Base.bw	0	100	1024	44020	2362000
585	15	33945165	33950285	chr15.165770	5	1024	169540361	hg38.gc5Base.bw	0	100	1024	43480	2424000
585	15	34226765	34231885	chr15.165825	5	1024	169596681	hg38.gc5Base.bw	0	100	1024	44680	2498400
585	15	34769485	34774605	chr15.165931	5	1024	169705225	hg38.gc5Base.bw	0	100	1024	41420	2132400
585	15	35127885	35133005	chr15.166001	5	1024	169776905	hg38.gc5Base.bw	0	100	1024	35920	1702400
585	15	35783245	35788365	chr15.166129	5	1024	169907977	hg38.gc5Base.bw	0	100	1024	34620	1621200
585	15	35824205	35829325	chr15.166137	5	1024	169916169	hg38.gc5Base.bw	0	100	1024	39240	1977600
585	15	35957325	35962445	chr15.166163	5	1024	169942793	hg38.gc5Base.bw	0	100	1024	39080	1952000
585	15	36510285	36515405	chr15.166271	5	1024	170053385	hg38.gc5Base.bw	0	100	1024	35940	1753200
585	15	36704845	36709965	chr15.166309	5	1024	170092297	hg38.gc5Base.bw	0	100	1024	35420	1672400
585	15	36827725	36832845	chr15.166333	5	1024	170116873	hg38.gc5Base.bw	0	100	1024	39220	1975600
585	15	36919885	36925005	chr15.166351	5	1024	170135305	hg38.gc5Base.bw	0	100	1024	42200	2256000
585	15	37892685	37897805	chr15.166541	5	1024	170329865	hg38.gc5Base.bw	0	80	1024	34300	1542000
585	15	37933645	37938765	chr15.166549	5	1024	170338057	hg38.gc5Base.bw	0	100	1024	41220	2122000
585	15	38025805	38030925	chr15.166567	5	1024	170356489	hg38.gc5Base.bw	0	100	1024	44980	2437200
585	15	38286925	38292045	chr15.166618	5	1024	170408713	hg38.gc5Base.bw	0	100	1024	39820	2026000
585	15	38384205	38389325	chr15.166637	5	1024	170428169	hg38.gc5Base.bw	0	100	1024	38400	1966400
585	15	38425165	38430285	chr15.166645	5	1024	170436361	hg38.gc5Base.bw	0	100	1024	42920	2283200
585	15	38763085	38768205	chr15.166711	5	1024	170503945	hg38.gc5Base.bw	0	100	1024	40540	2100400
585	15	38865485	38870605	chr15.166731	5	1024	170524425	hg38.gc5Base.bw	0	100	1024	41480	2160000
585	15	38885965	38891085	chr15.166735	5	1024	170528521	hg38.gc5Base.bw	0	100	1024	42100	2237200
585	15	38942285	38947405	chr15.166746	5	1024	170539785	hg38.gc5Base.bw	0	100	1024	39780	2022800
585	15	39269965	39275085	chr15.166810	5	1024	170605321	hg38.gc5Base.bw	0	100	1024	44340	2381200
585	15	39280205	39285325	chr15.166812	5	1024	170607369	hg38.gc5Base.bw	0	100	1024	40560	2073600
585	15	39362125	39367245	chr15.166828	5	1024	170623753	hg38.gc5Base.bw	0	100	1024	38800	1960000
585	15	39413325	39418445	chr15.166838	5	1024	170633993	hg38.gc5Base.bw	0	100	1024	45400	2488800
585	15	39495245	39500365	chr15.166854	5	1024	170650377	hg38.gc5Base.bw	0	100	1024	45960	2543200
585	15	40974925	40980045	chr15.167143	5	1024	170946313	hg38.gc5Base.bw	0	100	1024	50560	2990400
585	15	41405005	41410125	chr15.167227	5	1024	171032329	hg38.gc5Base.bw	0	100	1024	48220	2801200
585	15	41486925	41492045	chr15.167243	5	1024	171048713	hg38.gc5Base.bw	0	100	1024	52160	3136800
585	15	41563725	41568845	chr15.167258	5	1024	171064073	hg38.gc5Base.bw	0	100	1024	53520	3267200
585	15	42019405	42024525	chr15.167347	5	1024	171155209	hg38.gc5Base.bw	0	100	1024	54820	3393200
585	15	42142285	42147405	chr15.167371	5	1024	171179785	hg38.gc5Base.bw	0	100	1024	57740	3704400
585	15	42321485	42326605	chr15.167406	5	1024	171215625	hg38.gc5Base.bw	0	100	1024	42660	2310000
585	15	42772045	42777165	chr15.167494	5	1024	171305737	hg38.gc5Base.bw	0	100	1024	42580	2261200
585	15	43447885	43453005	chr15.167626	5	1024	171440905	hg38.gc5Base.bw	0	100	1024	40260	2138800
585	15	45157965	45163085	chr15.167960	5	1024	171782921	hg38.gc5Base.bw	0	100	1024	54780	3381200
585	15	45255245	45260365	chr15.167979	5	1024	171802377	hg38.gc5Base.bw	0	100	1024	37580	1882800
585	15	45716045	45721165	chr15.168069	5	1024	171894537	hg38.gc5Base.bw	0	100	1024	41920	2236800
585	15	45803085	45808205	chr15.168086	5	1024	171911945	hg38.gc5Base.bw	0	100	1024	44080	2357600
585	15	46448205	46453325	chr15.168212	5	1024	172040969	hg38.gc5Base.bw	0	100	1024	37660	1838800
585	15	47236685	47241805	chr15.168366	5	1024	172198665	hg38.gc5Base.bw	0	100	1024	38740	1903600
585	15	47441485	47446605	chr15.168406	5	1024	172239625	hg38.gc5Base.bw	0	100	1024	41380	2142000
585	15	47595085	47600205	chr15.168436	5	1024	172270345	hg38.gc5Base.bw	0	80	1024	34540	1600400
585	15	47758925	47764045	chr15.168468	5	1024	172303113	hg38.gc5Base.bw	0	100	1024	40800	2089600
585	15	48270925	48276045	chr15.168568	5	1024	172405513	hg38.gc5Base.bw	0	100	1024	40040	2070400
585	15	48624205	48629325	chr15.168637	5	1024	172476169	hg38.gc5Base.bw	0	100	1024	40600	2098400
585	15	48639565	48644685	chr15.168640	5	1024	172479241	hg38.gc5Base.bw	0	100	1024	38920	2012800
585	15	49714765	49719885	chr15.168850	5	1024	172694281	hg38.gc5Base.bw	0	100	1024	41180	2114800
585	15	49755725	49760845	chr15.168858	5	1024	172702473	hg38.gc5Base.bw	0	100	1024	36200	1746400
585	15	49760845	49765965	chr15.168859	5	1024	172703497	hg38.gc5Base.bw	0	100	1024	33240	1512000
585	15	49781325	49786445	chr15.168863	5	1024	172707593	hg38.gc5Base.bw	0	100	1024	40800	2122400
585	15	50057805	50062925	chr15.168917	5	1024	172762889	hg38.gc5Base.bw	0	100	1024	40220	2055600
585	15	50554445	50559565	chr15.169014	5	1024	172862217	hg38.gc5Base.bw	0	100	1024	42880	2358400
585	15	50656845	50661965	chr15.169034	5	1024	172882697	hg38.gc5Base.bw	0	100	1024	40000	2163200
585	15	51179085	51184205	chr15.169136	5	1024	172987145	hg38.gc5Base.bw	0	100	1024	45200	2497600
585	15	51230285	51235405	chr15.169146	5	1024	172997385	hg38.gc5Base.bw	0	100	1024	45600	2546400
585	15	51240525	51245645	chr15.169148	5	1024	172999433	hg38.gc5Base.bw	0	100	1024	41920	2209600
585	15	52541005	52546125	chr15.169402	5	1024	173259529	hg38.gc5Base.bw	0	100	1024	43860	2408400
585	15	52715085	52720205	chr15.169436	5	1024	173294345	hg38.gc5Base.bw	0	100	1024	45780	2536400
585	15	52873805	52878925	chr15.169467	5	1024	173326089	hg38.gc5Base.bw	0	100	1024	46580	2577200
585	15	53027405	53032525	chr15.169497	5	1024	173356809	hg38.gc5Base.bw	0	100	1024	39080	1924800
585	15	53160525	53165645	chr15.169523	5	1024	173383433	hg38.gc5Base.bw	0	100	1024	39220	2009200
585	15	53252685	53257805	chr15.169541	5	1024	173401865	hg38.gc5Base.bw	0	100	1024	41180	2151600
585	15	53334605	53339725	chr15.169557	5	1024	173418249	hg38.gc5Base.bw	0	100	1024	39740	1997200
585	15	53518925	53524045	chr15.169593	5	1024	173455113	hg38.gc5Base.bw	0	100	1024	37080	1778400
585	15	53611085	53616205	chr15.169611	5	1024	173473545	hg38.gc5Base.bw	0	100	1024	37280	1820800
585	15	53718605	53723725	chr15.169632	5	1024	173495049	hg38.gc5Base.bw	0	100	1024	36140	1765200
585	15	54082125	54087245	chr15.169703	5	1024	173567753	hg38.gc5Base.bw	0	100	1024	42100	2282000
585	15	54307405	54312525	chr15.169747	5	1024	173612809	hg38.gc5Base.bw	0	100	1024	33220	1514800
585	15	54532685	54537805	chr15.169791	5	1024	173657865	hg38.gc5Base.bw	0	100	1024	36880	1751200
585	15	54819405	54824525	chr15.169847	5	1024	173715209	hg38.gc5Base.bw	0	100	1024	38040	1882400
585	15	55525965	55531085	chr15.169985	5	1024	173856521	hg38.gc5Base.bw	0	100	1024	42240	2255200
585	15	55751245	55756365	chr15.170029	5	1024	173901577	hg38.gc5Base.bw	0	100	1024	43480	2392800
585	15	55776845	55781965	chr15.170034	5	1024	173906697	hg38.gc5Base.bw	0	100	1024	46640	2624800
585	15	56094285	56099405	chr15.170096	5	1024	173970185	hg38.gc5Base.bw	0	100	1024	41240	2127200
585	15	56278605	56283725	chr15.170132	5	1024	174007049	hg38.gc5Base.bw	0	100	1024	34420	1603600
585	15	56790605	56795725	chr15.170232	5	1024	174109449	hg38.gc5Base.bw	0	80	1024	36440	1728000
585	15	57353805	57358925	chr15.170342	5	1024	174222089	hg38.gc5Base.bw	0	100	1024	45100	2484400
585	15	57614925	57620045	chr15.170393	5	1024	174274313	hg38.gc5Base.bw	0	100	1024	44780	2458800
585	15	57666125	57671245	chr15.170403	5	1024	174284553	hg38.gc5Base.bw	0	100	1024	36480	1798400
585	15	57824845	57829965	chr15.170434	5	1024	174316297	hg38.gc5Base.bw	0	100	1024	41760	2180800
585	15	57906765	57911885	chr15.170450	5	1024	174332681	hg38.gc5Base.bw	0	100	1024	43980	2329200
585	15	58388045	58393165	chr15.170544	5	1024	174428937	hg38.gc5Base.bw	0	100	1024	44580	2410800
585	15	58464845	58469965	chr15.170559	5	1024	174444297	hg38.gc5Base.bw	0	100	1024	45600	2499200
585	15	58469965	58475085	chr15.170560	5	1024	174445321	hg38.gc5Base.bw	0	100	1024	47640	2752800
585	15	58674765	58679885	chr15.170600	5	1024	174486281	hg38.gc5Base.bw	0	100	1024	35800	1745600
585	15	59427405	59432525	chr15.170747	5	1024	174636809	hg38.gc5Base.bw	0	100	1024	39700	2082800
585	15	59488845	59493965	chr15.170759	5	1024	174649097	hg38.gc5Base.bw	0	100	1024	43720	2388800
585	15	59555405	59560525	chr15.170772	5	1024	174662409	hg38.gc5Base.bw	0	100	1024	45320	2532800
585	15	59709005	59714125	chr15.170802	5	1024	174693129	hg38.gc5Base.bw	0	100	1024	44060	2391600
585	15	59883085	59888205	chr15.170836	5	1024	174727945	hg38.gc5Base.bw	0	100	1024	43480	2372000
585	15	60507725	60512845	chr15.170958	5	1024	174852873	hg38.gc5Base.bw	0	100	1024	42660	2270000
585	15	60671565	60676685	chr15.170990	5	1024	174885641	hg38.gc5Base.bw	0	100	1024	41360	2145600
585	15	60733005	60738125	chr15.171002	5	1024	174897929	hg38.gc5Base.bw	0	100	1024	43960	2337600
585	15	60758605	60763725	chr15.171007	5	1024	174903049	hg38.gc5Base.bw	0	100	1024	40820	2122800
585	15	60773965	60779085	chr15.171010	5	1024	174906121	hg38.gc5Base.bw	0	100	1024	44100	2368400
585	15	60881485	60886605	chr15.171031	5	1024	174927625	hg38.gc5Base.bw	0	100	1024	42380	2234000
585	15	61091405	61096525	chr15.171072	5	1024	174969609	hg38.gc5Base.bw	0	100	1024	43900	2333200
585	15	61142605	61147725	chr15.171082	5	1024	174979849	hg38.gc5Base.bw	0	100	1024	39100	1972400
585	15	61367885	61373005	chr15.171126	5	1024	175024905	hg38.gc5Base.bw	0	100	1024	43400	2305600
585	15	61460045	61465165	chr15.171144	5	1024	175043337	hg38.gc5Base.bw	0	100	1024	39560	1981600
585	15	61572685	61577805	chr15.171166	5	1024	175065865	hg38.gc5Base.bw	0	100	1024	39120	1950400
585	15	61828685	61833805	chr15.171216	5	1024	175117065	hg38.gc5Base.bw	0	100	1024	51200	3068000
585	15	61920845	61925965	chr15.171234	5	1024	175135497	hg38.gc5Base.bw	0	100	1024	35320	1730400
585	15	62192205	62197325	chr15.171287	5	1024	175189769	hg38.gc5Base.bw	0	100	1024	39940	2062800
585	15	62407245	62412365	chr15.171329	5	1024	175232777	hg38.gc5Base.bw	0	100	1024	43220	2373200
585	15	62873165	62878285	chr15.171420	5	1024	175325961	hg38.gc5Base.bw	0	100	1024	51160	3042400
585	15	62914125	62919245	chr15.171428	5	1024	175334153	hg38.gc5Base.bw	0	100	1024	39100	2004400
585	15	62990925	62996045	chr15.171443	5	1024	175349513	hg38.gc5Base.bw	0	100	1024	43820	2388400
585	15	63108685	63113805	chr15.171466	5	1024	175373065	hg38.gc5Base.bw	0	100	1024	45900	2521200
585	15	63200845	63205965	chr15.171484	5	1024	175391497	hg38.gc5Base.bw	0	100	1024	43180	2362800
585	15	63359565	63364685	chr15.171515	5	1024	175423241	hg38.gc5Base.bw	0	100	1024	48460	2773200
585	15	64086605	64091725	chr15.171657	5	1024	175568649	hg38.gc5Base.bw	0	100	1024	43580	2406800
585	15	64296525	64301645	chr15.171698	5	1024	175610633	hg38.gc5Base.bw	0	100	1024	40700	2133200
585	15	64619085	64624205	chr15.171761	5	1024	175675145	hg38.gc5Base.bw	0	100	1024	42460	2212400
585	15	64736845	64741965	chr15.171784	5	1024	175698697	hg38.gc5Base.bw	0	100	1024	57120	3640800
585	15	65003085	65008205	chr15.171836	5	1024	175751945	hg38.gc5Base.bw	0	100	1024	39960	2131200
585	15	65965645	65970765	chr15.172024	5	1024	175944457	hg38.gc5Base.bw	0	100	1024	48800	2836800
585	15	66677325	66682445	chr15.172163	5	1024	176086793	hg38.gc5Base.bw	0	100	1024	50680	2983200
585	15	66938445	66943565	chr15.172214	5	1024	176139017	hg38.gc5Base.bw	0	100	1024	51600	3059200
585	15	67122765	67127885	chr15.172250	5	1024	176175881	hg38.gc5Base.bw	0	100	1024	49820	2923600
585	15	67982925	67988045	chr15.172418	5	1024	176347913	hg38.gc5Base.bw	0	100	1024	45120	2513600
585	15	68320845	68325965	chr15.172484	5	1024	176415497	hg38.gc5Base.bw	0	100	1024	53020	3237200
585	15	68520525	68525645	chr15.172523	5	1024	176455433	hg38.gc5Base.bw	0	100	1024	40100	2117200
585	15	68638285	68643405	chr15.172546	5	1024	176478985	hg38.gc5Base.bw	0	100	1024	52680	3164800
585	15	68802125	68807245	chr15.172578	5	1024	176511753	hg38.gc5Base.bw	0	100	1024	47900	2771600
585	15	70205005	70210125	chr15.172852	5	1024	176792329	hg38.gc5Base.bw	0	100	1024	46300	2619600
585	15	70501965	70507085	chr15.172910	5	1024	176851721	hg38.gc5Base.bw	0	100	1024	54200	3352000
585	15	70983245	70988365	chr15.173004	5	1024	176947977	hg38.gc5Base.bw	0	100	1024	38020	1845200
585	15	71776845	71781965	chr15.173159	5	1024	177106697	hg38.gc5Base.bw	0	100	1024	48220	2792400
585	15	71822925	71828045	chr15.173168	5	1024	177115913	hg38.gc5Base.bw	0	100	1024	41780	2202000
585	15	72299085	72304205	chr15.173261	5	1024	177211145	hg38.gc5Base.bw	0	100	1024	45740	2588400
585	15	72503885	72509005	chr15.173301	5	1024	177252105	hg38.gc5Base.bw	0	100	1024	42560	2360800
585	15	72606285	72611405	chr15.173321	5	1024	177272585	hg38.gc5Base.bw	0	100	1024	53840	3247200
585	15	73123405	73128525	chr15.173422	5	1024	177376009	hg38.gc5Base.bw	0	100	1024	40300	2049200
585	15	73333325	73338445	chr15.173463	5	1024	177417993	hg38.gc5Base.bw	0	100	1024	55640	3443200
585	15	73358925	73364045	chr15.173468	5	1024	177423113	hg38.gc5Base.bw	0	100	1024	55540	3461200
585	15	73829965	73835085	chr15.173560	5	1024	177517321	hg38.gc5Base.bw	0	100	1024	49200	2851200
585	15	74034765	74039885	chr15.173600	5	1024	177558281	hg38.gc5Base.bw	0	100	1024	57000	3640000
585	15	74715725	74720845	chr15.173733	5	1024	177694473	hg38.gc5Base.bw	0	100	1024	45400	2606400
585	15	74797645	74802765	chr15.173749	5	1024	177710857	hg38.gc5Base.bw	0	100	1024	62780	4227600
585	15	75458125	75463245	chr15.173878	5	1024	177842953	hg38.gc5Base.bw	0	100	1024	48980	2862000
585	15	76098125	76103245	chr15.174003	5	1024	177970953	hg38.gc5Base.bw	0	100	1024	49540	2856400
585	15	76267085	76272205	chr15.174036	5	1024	178004745	hg38.gc5Base.bw	0	100	1024	40260	2058800
585	15	76313165	76318285	chr15.174045	5	1024	178013961	hg38.gc5Base.bw	0	100	1024	49420	2857200
585	15	78161485	78166605	chr15.174406	5	1024	178383625	hg38.gc5Base.bw	0	100	1024	44580	2487600
585	15	78381645	78386765	chr15.174449	5	1024	178427657	hg38.gc5Base.bw	0	100	1024	48960	2811200
585	15	78391885	78397005	chr15.174451	5	1024	178429705	hg38.gc5Base.bw	0	100	1024	50320	2959200
585	15	78724685	78729805	chr15.174516	5	1024	178496265	hg38.gc5Base.bw	0	100	1024	46620	2639600
585	15	79072845	79077965	chr15.174584	5	1024	178565897	hg38.gc5Base.bw	0	100	1024	53760	3248800
585	15	79134285	79139405	chr15.174596	5	1024	178578185	hg38.gc5Base.bw	0	100	1024	43180	2317200
585	15	79165005	79170125	chr15.174602	5	1024	178584329	hg38.gc5Base.bw	0	100	1024	48260	2730800
585	15	79799885	79805005	chr15.174726	5	1024	178711305	hg38.gc5Base.bw	0	100	1024	43740	2374800
585	15	80516685	80521805	chr15.174866	5	1024	178854665	hg38.gc5Base.bw	0	100	1024	36280	1796800
585	15	80588365	80593485	chr15.174880	5	1024	178869001	hg38.gc5Base.bw	0	100	1024	51540	3070800
585	15	80757325	80762445	chr15.174913	5	1024	178902793	hg38.gc5Base.bw	0	100	1024	39540	2050800
585	15	80782925	80788045	chr15.174918	5	1024	178907913	hg38.gc5Base.bw	0	100	1024	48000	2721600
585	15	81361485	81366605	chr15.175031	5	1024	179023625	hg38.gc5Base.bw	0	100	1024	41140	2219600
585	15	82062925	82068045	chr15.175168	5	1024	179163913	hg38.gc5Base.bw	0	100	1024	47700	2750000
585	15	82196045	82201165	chr15.175194	5	1024	179190537	hg38.gc5Base.bw	0	100	1024	40860	2153200
585	15	82277965	82283085	chr15.175210	5	1024	179206921	hg38.gc5Base.bw	0	100	1024	37460	1784400
585	15	83291725	83296845	chr15.175408	5	1024	179409673	hg38.gc5Base.bw	0	100	1024	44840	2469600
585	15	84667800	84672920	chr15.175668	5	1024	179674889	hg38.gc5Base.bw	0	100	1024	44320	2471200
585	15	84944280	84949400	chr15.175722	5	1024	179730185	hg38.gc5Base.bw	0	100	1024	51080	3057600
585	15	84954520	84959640	chr15.175724	5	1024	179732233	hg38.gc5Base.bw	0	100	1024	43340	2361200
585	15	85021080	85026200	chr15.175737	5	1024	179745545	hg38.gc5Base.bw	0	100	1024	44860	2441200
585	15	85036440	85041560	chr15.175740	5	1024	179748617	hg38.gc5Base.bw	0	100	1024	42320	2261600
585	15	85318040	85323160	chr15.175795	5	1024	179804937	hg38.gc5Base.bw	0	100	1024	42800	2325600
585	15	85835160	85840280	chr15.175896	5	1024	179908361	hg38.gc5Base.bw	0	100	1024	48560	2840800
585	15	86357400	86362520	chr15.175998	5	1024	180012809	hg38.gc5Base.bw	0	100	1024	31320	1379200
585	15	86731160	86736280	chr15.176071	5	1024	180087561	hg38.gc5Base.bw	0	100	1024	39740	2022800
585	15	86741400	86746520	chr15.176073	5	1024	180089609	hg38.gc5Base.bw	0	100	1024	41040	2160800
585	15	86971800	86976920	chr15.176118	5	1024	180135689	hg38.gc5Base.bw	0	100	1024	32040	1526400
585	15	87069080	87074200	chr15.176137	5	1024	180155145	hg38.gc5Base.bw	0	100	1024	42240	2217600
585	15	87089560	87094680	chr15.176141	5	1024	180159241	hg38.gc5Base.bw	0	100	1024	41200	2106400
585	15	87350680	87355800	chr15.176192	5	1024	180211465	hg38.gc5Base.bw	0	100	1024	43360	2315200
585	15	87750040	87755160	chr15.176270	5	1024	180291337	hg38.gc5Base.bw	0	100	1024	40880	2174400
585	15	87765400	87770520	chr15.176273	5	1024	180294409	hg38.gc5Base.bw	0	100	1024	44440	2377600
585	15	87959960	87965080	chr15.176311	5	1024	180333321	hg38.gc5Base.bw	0	100	1024	43320	2327200
585	15	88277400	88282520	chr15.176373	5	1024	180396809	hg38.gc5Base.bw	0	100	1024	48560	2769600
585	15	88338840	88343960	chr15.176385	5	1024	180409097	hg38.gc5Base.bw	0	100	1024	41800	2209600
585	15	88431000	88436120	chr15.176403	5	1024	180427529	hg38.gc5Base.bw	0	100	1024	44540	2459600
585	15	88584600	88589720	chr15.176433	5	1024	180458249	hg38.gc5Base.bw	0	100	1024	40620	2109200
585	15	88943000	88948120	chr15.176503	5	1024	180529929	hg38.gc5Base.bw	0	100	1024	43060	2349200
585	15	89071000	89076120	chr15.176528	5	1024	180555529	hg38.gc5Base.bw	0	100	1024	48200	2742400
585	15	89081240	89086360	chr15.176530	5	1024	180557577	hg38.gc5Base.bw	0	100	1024	44000	2439200
585	15	89209240	89214360	chr15.176555	5	1024	180583177	hg38.gc5Base.bw	0	100	1024	47020	2682000
585	15	89383320	89388440	chr15.176589	5	1024	180617993	hg38.gc5Base.bw	0	100	1024	51640	3108000
585	15	89629080	89634200	chr15.176637	5	1024	180667145	hg38.gc5Base.bw	0	100	1024	59180	3863600
585	15	89685400	89690520	chr15.176648	5	1024	180678409	hg38.gc5Base.bw	0	100	1024	42880	2320000
585	15	89967000	89972120	chr15.176703	5	1024	180734729	hg38.gc5Base.bw	0	100	1024	47140	2712400
585	15	90786200	90791320	chr15.176863	5	1024	180898569	hg38.gc5Base.bw	0	100	1024	42320	2310400
585	15	90822040	90827160	chr15.176870	5	1024	180905737	hg38.gc5Base.bw	0	100	1024	54660	3418800
585	15	90965400	90970520	chr15.176898	5	1024	180934409	hg38.gc5Base.bw	0	100	1024	45940	2550800
585	15	91052440	91057560	chr15.176915	5	1024	180951817	hg38.gc5Base.bw	0	100	1024	43980	2380400
585	15	91318680	91323800	chr15.176967	5	1024	181005065	hg38.gc5Base.bw	0	100	1024	37140	1826000
585	15	92107160	92112280	chr15.177121	5	1024	181162761	hg38.gc5Base.bw	0	100	1024	49660	2842000
585	15	92189080	92194200	chr15.177137	5	1024	181179145	hg38.gc5Base.bw	0	100	1024	42900	2283600
585	15	92327320	92332440	chr15.177164	5	1024	181206793	hg38.gc5Base.bw	0	100	1024	45360	2482400
585	15	93167000	93172120	chr15.177328	5	1024	181374729	hg38.gc5Base.bw	0	100	1024	44280	2414400
585	15	93305240	93310360	chr15.177355	5	1024	181402377	hg38.gc5Base.bw	0	100	1024	48980	2882800
585	15	93371800	93376920	chr15.177368	5	1024	181415689	hg38.gc5Base.bw	0	100	1024	47300	2682000
585	15	93991320	93996440	chr15.177489	5	1024	181539593	hg38.gc5Base.bw	0	100	1024	38700	1933200
585	15	94078360	94083480	chr15.177506	5	1024	181557001	hg38.gc5Base.bw	0	100	1024	45020	2477200
585	15	94375320	94380440	chr15.177564	5	1024	181616393	hg38.gc5Base.bw	0	100	1024	39160	2005600
585	15	94544280	94549400	chr15.177597	5	1024	181650185	hg38.gc5Base.bw	0	100	1024	38620	1925200
585	15	94697880	94703000	chr15.177627	5	1024	181680905	hg38.gc5Base.bw	0	100	1024	43200	2308800
585	15	94841240	94846360	chr15.177655	5	1024	181709577	hg38.gc5Base.bw	0	100	1024	45280	2653600
585	15	94979480	94984600	chr15.177682	5	1024	181737225	hg38.gc5Base.bw	0	100	1024	38700	1910000
585	15	95399320	95404440	chr15.177764	5	1024	181821193	hg38.gc5Base.bw	0	100	1024	39200	2016800
585	15	95767960	95773080	chr15.177836	5	1024	181894921	hg38.gc5Base.bw	0	100	1024	32620	1542000
585	15	95839640	95844760	chr15.177850	5	1024	181909257	hg38.gc5Base.bw	0	100	1024	43720	2349600
585	15	95993240	95998360	chr15.177880	5	1024	181939977	hg38.gc5Base.bw	0	100	1024	39000	1916000
585	15	96141720	96146840	chr15.177909	5	1024	181969673	hg38.gc5Base.bw	0	100	1024	39660	2014800
585	15	96433560	96438680	chr15.177966	5	1024	182028041	hg38.gc5Base.bw	0	100	1024	37900	1930000
585	15	96950680	96955800	chr15.178067	5	1024	182131465	hg38.gc5Base.bw	0	100	1024	40060	2044400
585	15	96971160	96976280	chr15.178071	5	1024	182135561	hg38.gc5Base.bw	0	100	1024	40060	2050000
585	15	97160600	97165720	chr15.178108	5	1024	182173449	hg38.gc5Base.bw	0	80	1024	38820	1911600
585	15	97647000	97652120	chr15.178203	5	1024	182270729	hg38.gc5Base.bw	0	100	1024	40440	2070400
585	15	98061720	98066840	chr15.178284	5	1024	182353673	hg38.gc5Base.bw	0	100	1024	43680	2309600
585	15	98230680	98235800	chr15.178317	5	1024	182387465	hg38.gc5Base.bw	0	100	1024	45320	2496800
585	15	98348440	98353560	chr15.178340	5	1024	182411017	hg38.gc5Base.bw	0	100	1024	44280	2412000
585	15	98368920	98374040	chr15.178344	5	1024	182415113	hg38.gc5Base.bw	0	100	1024	46320	2554400
585	15	98517400	98522520	chr15.178373	5	1024	182444809	hg38.gc5Base.bw	0	100	1024	46640	2704800
585	15	98681240	98686360	chr15.178405	5	1024	182477577	hg38.gc5Base.bw	0	100	1024	46220	2574800
585	15	98778520	98783640	chr15.178424	5	1024	182497033	hg38.gc5Base.bw	0	100	1024	38720	2004800
585	15	98957720	98962840	chr15.178459	5	1024	182532873	hg38.gc5Base.bw	0	100	1024	51300	3094000
585	15	99080600	99085720	chr15.178483	5	1024	182557449	hg38.gc5Base.bw	0	100	1024	38180	1936400
585	15	99305880	99311000	chr15.178527	5	1024	182602505	hg38.gc5Base.bw	0	100	1024	39720	2040800
585	15	99971480	99976600	chr15.178657	5	1024	182735625	hg38.gc5Base.bw	0	100	1024	53720	3312800
585	15	100114840	100119960	chr15.178685	5	1024	182764297	hg38.gc5Base.bw	0	100	1024	50840	2994400
585	15	100212120	100217240	chr15.178704	5	1024	182783753	hg38.gc5Base.bw	0	100	1024	45380	2500400
585	15	100217240	100222360	chr15.178705	5	1024	182784777	hg38.gc5Base.bw	0	100	1024	43560	2352000
585	15	100222360	100227480	chr15.178706	5	1024	182785801	hg38.gc5Base.bw	0	100	1024	49100	2828400
585	15	100314520	100319640	chr15.178724	5	1024	182804233	hg38.gc5Base.bw	0	100	1024	51640	3086400
585	15	100534680	100539800	chr15.178767	5	1024	182848265	hg38.gc5Base.bw	0	100	1024	45300	2444400
585	15	100765080	100770200	chr15.178812	5	1024	182894345	hg38.gc5Base.bw	0	100	1024	59840	3892800
585	15	100903320	100908440	chr15.178839	5	1024	182921993	hg38.gc5Base.bw	0	100	1024	45080	2471200
585	15	100913560	100918680	chr15.178841	5	1024	182924041	hg38.gc5Base.bw	0	100	1024	48180	2793200
585	15	101010840	101015960	chr15.178860	5	1024	182943497	hg38.gc5Base.bw	0	100	1024	54620	3423600
585	15	101174680	101179800	chr15.178892	5	1024	182976265	hg38.gc5Base.bw	0	100	1024	46220	2628400
585	15	101256600	101261720	chr15.178908	5	1024	182992649	hg38.gc5Base.bw	0	100	1024	45500	2578000
585	15	101343640	101348760	chr15.178925	5	1024	183010057	hg38.gc5Base.bw	0	100	1024	43980	2457200
585	15	101481880	101487000	chr15.178952	5	1024	183037705	hg38.gc5Base.bw	0	100	1024	47900	2746000
585	16	81680	86800	chr16.180602	5	1024	184718415	hg38.gc5Base.bw	0	100	1024	63260	4298000
585	16	624400	629520	chr16.180708	5	1024	184826959	hg38.gc5Base.bw	0	100	1024	64240	4421600
585	16	670480	675600	chr16.180717	5	1024	184836175	hg38.gc5Base.bw	0	100	1024	67220	4768400
585	16	1080080	1085200	chr16.180797	5	1024	184918095	hg38.gc5Base.bw	0	100	1024	66520	4697600
585	16	1131280	1136400	chr16.180807	5	1024	184928335	hg38.gc5Base.bw	0	100	1024	64560	4512800
585	16	1218320	1223440	chr16.180824	5	1024	184945743	hg38.gc5Base.bw	0	100	1024	67620	4803600
585	16	1423120	1428240	chr16.180864	5	1024	184986703	hg38.gc5Base.bw	0	100	1024	58520	3916000
585	16	1448720	1453840	chr16.180869	5	1024	184991823	hg38.gc5Base.bw	0	100	1024	64160	4446400
585	16	1515280	1520400	chr16.180882	5	1024	185005135	hg38.gc5Base.bw	0	100	1024	53420	3335600
585	16	1842960	1848080	chr16.180946	5	1024	185070671	hg38.gc5Base.bw	0	100	1024	44960	2576800
585	16	2247440	2252560	chr16.181025	5	1024	185151567	hg38.gc5Base.bw	0	100	1024	54840	3657600
585	16	2585360	2590480	chr16.181091	5	1024	185219151	hg38.gc5Base.bw	0	100	1024	53900	3341200
585	16	3532560	3537680	chr16.181276	5	1024	185408591	hg38.gc5Base.bw	0	100	1024	51900	3115600
585	16	4059920	4065040	chr16.181379	5	1024	185514063	hg38.gc5Base.bw	0	100	1024	38240	1933600
585	16	4274960	4280080	chr16.181421	5	1024	185557071	hg38.gc5Base.bw	0	100	1024	50580	3096400
585	16	4336400	4341520	chr16.181433	5	1024	185569359	hg38.gc5Base.bw	0	100	1024	64660	4506800
585	16	4571920	4577040	chr16.181479	5	1024	185616463	hg38.gc5Base.bw	0	100	1024	55320	3490400
585	16	4684560	4689680	chr16.181501	5	1024	185638991	hg38.gc5Base.bw	0	100	1024	63640	4385600
585	16	4843280	4848400	chr16.181532	5	1024	185670735	hg38.gc5Base.bw	0	100	1024	53840	3545600
585	16	4853520	4858640	chr16.181534	5	1024	185672783	hg38.gc5Base.bw	0	100	1024	45600	2538400
585	16	5053200	5058320	chr16.181573	5	1024	185712719	hg38.gc5Base.bw	0	100	1024	48480	2885600
585	16	5339920	5345040	chr16.181629	5	1024	185770063	hg38.gc5Base.bw	0	100	1024	44200	2356000
585	16	5462800	5467920	chr16.181653	5	1024	185794639	hg38.gc5Base.bw	0	100	1024	47840	2744800
585	16	5473040	5478160	chr16.181655	5	1024	185796687	hg38.gc5Base.bw	0	100	1024	44280	2420800
585	16	5913360	5918480	chr16.181741	5	1024	185884751	hg38.gc5Base.bw	0	100	1024	47820	2725200
585	16	5928720	5933840	chr16.181744	5	1024	185887823	hg38.gc5Base.bw	0	100	1024	47900	2730800
585	16	5969680	5974800	chr16.181752	5	1024	185896015	hg38.gc5Base.bw	0	100	1024	43900	2366800
585	16	6036240	6041360	chr16.181765	5	1024	185909327	hg38.gc5Base.bw	0	100	1024	41000	2182400
585	16	6046480	6051600	chr16.181767	5	1024	185911375	hg38.gc5Base.bw	0	100	1024	41200	2144000
585	16	6092560	6097680	chr16.181776	5	1024	185920591	hg38.gc5Base.bw	0	100	1024	43640	2320800
585	16	6113040	6118160	chr16.181780	5	1024	185924687	hg38.gc5Base.bw	0	100	1024	41040	2103200
585	16	6230800	6235920	chr16.181803	5	1024	185948239	hg38.gc5Base.bw	0	100	1024	43740	2344400
585	16	6266640	6271760	chr16.181810	5	1024	185955407	hg38.gc5Base.bw	0	100	1024	37960	1841600
585	16	6276880	6282000	chr16.181812	5	1024	185957455	hg38.gc5Base.bw	0	100	1024	42120	2278400
585	16	6287120	6292240	chr16.181814	5	1024	185959503	hg38.gc5Base.bw	0	100	1024	40360	2029600
585	16	6353680	6358800	chr16.181827	5	1024	185972815	hg38.gc5Base.bw	0	100	1024	44980	2467600
585	16	6363920	6369040	chr16.181829	5	1024	185974863	hg38.gc5Base.bw	0	100	1024	42220	2202800
585	16	6410000	6415120	chr16.181838	5	1024	185984079	hg38.gc5Base.bw	0	100	1024	44200	2435200
585	16	6942480	6947600	chr16.181942	5	1024	186090575	hg38.gc5Base.bw	0	100	1024	47220	2642000
585	16	7218960	7224080	chr16.181996	5	1024	186145871	hg38.gc5Base.bw	0	100	1024	41840	2189600
585	16	7562000	7567120	chr16.182063	5	1024	186214479	hg38.gc5Base.bw	0	100	1024	46260	2619600
585	16	7597840	7602960	chr16.182070	5	1024	186221647	hg38.gc5Base.bw	0	100	1024	38920	1974400
585	16	7602960	7608080	chr16.182071	5	1024	186222671	hg38.gc5Base.bw	0	100	1024	39740	2010800
585	16	7910160	7915280	chr16.182131	5	1024	186284111	hg38.gc5Base.bw	0	100	1024	40060	2027600
585	16	8253200	8258320	chr16.182198	5	1024	186352719	hg38.gc5Base.bw	0	100	1024	42580	2253200
585	16	8391440	8396560	chr16.182225	5	1024	186380367	hg38.gc5Base.bw	0	100	1024	43180	2331600
585	16	8488720	8493840	chr16.182244	5	1024	186399823	hg38.gc5Base.bw	0	100	1024	43920	2393600
585	16	8498960	8504080	chr16.182246	5	1024	186401871	hg38.gc5Base.bw	0	100	1024	42740	2267600
585	16	8657680	8662800	chr16.182277	5	1024	186433615	hg38.gc5Base.bw	0	100	1024	51140	3068400
585	16	8852240	8857360	chr16.182315	5	1024	186472527	hg38.gc5Base.bw	0	100	1024	53840	3300800
585	16	9420560	9425680	chr16.182426	5	1024	186586191	hg38.gc5Base.bw	0	100	1024	44020	2378000
585	16	9425680	9430800	chr16.182427	5	1024	186587215	hg38.gc5Base.bw	0	100	1024	43180	2333200
585	16	9814800	9819920	chr16.182503	5	1024	186665039	hg38.gc5Base.bw	0	100	1024	39580	2018800
585	16	10091280	10096400	chr16.182557	5	1024	186720335	hg38.gc5Base.bw	0	100	1024	42560	2302400
585	16	10593040	10598160	chr16.182655	5	1024	186820687	hg38.gc5Base.bw	0	100	1024	50900	3031600
585	16	10664720	10669840	chr16.182669	5	1024	186835023	hg38.gc5Base.bw	0	100	1024	49160	2872800
585	16	11724560	11729680	chr16.182876	5	1024	187046991	hg38.gc5Base.bw	0	100	1024	42320	2291200
585	16	11944720	11949840	chr16.182919	5	1024	187091023	hg38.gc5Base.bw	0	100	1024	47100	2793200
585	16	12625680	12630800	chr16.183052	5	1024	187227215	hg38.gc5Base.bw	0	100	1024	49380	2918000
585	16	12830480	12835600	chr16.183092	5	1024	187268175	hg38.gc5Base.bw	0	100	1024	44360	2460800
585	16	13076240	13081360	chr16.183140	5	1024	187317327	hg38.gc5Base.bw	0	100	1024	43820	2366000
585	16	13112080	13117200	chr16.183147	5	1024	187324495	hg38.gc5Base.bw	0	100	1024	43340	2350000
585	16	13460240	13465360	chr16.183215	5	1024	187394127	hg38.gc5Base.bw	0	100	1024	46140	2578800
585	16	13839120	13844240	chr16.183289	5	1024	187469903	hg38.gc5Base.bw	0	100	1024	45720	2532000
585	16	14115600	14120720	chr16.183343	5	1024	187525199	hg38.gc5Base.bw	0	100	1024	40860	2127600
585	16	14873360	14878480	chr16.183491	5	1024	187676751	hg38.gc5Base.bw	0	100	1024	47560	2732800
585	16	15032080	15037200	chr16.183522	5	1024	187708495	hg38.gc5Base.bw	0	100	1024	51740	3060400
585	16	15400720	15405840	chr16.183594	5	1024	187782223	hg38.gc5Base.bw	0	100	1024	44660	2514000
585	16	15743760	15748880	chr16.183661	5	1024	187850831	hg38.gc5Base.bw	0	100	1024	52760	3217600
585	16	15779600	15784720	chr16.183668	5	1024	187857999	hg38.gc5Base.bw	0	100	1024	49280	2852000
585	16	15953680	15958800	chr16.183702	5	1024	187892815	hg38.gc5Base.bw	0	100	1024	51140	3070000
585	16	15984400	15989520	chr16.183708	5	1024	187898959	hg38.gc5Base.bw	0	100	1024	51780	3134000
585	16	16020240	16025360	chr16.183715	5	1024	187906127	hg38.gc5Base.bw	0	100	1024	50560	3012800
585	16	16040720	16045840	chr16.183719	5	1024	187910223	hg38.gc5Base.bw	0	100	1024	49760	2946400
585	16	16076560	16081680	chr16.183726	5	1024	187917391	hg38.gc5Base.bw	0	100	1024	48080	2804800
585	16	16117520	16122640	chr16.183734	5	1024	187925583	hg38.gc5Base.bw	0	100	1024	50280	2987200
585	16	16158480	16163600	chr16.183742	5	1024	187933775	hg38.gc5Base.bw	0	100	1024	49300	2829200
585	16	17407760	17412880	chr16.183986	5	1024	188183631	hg38.gc5Base.bw	0	100	1024	46600	2616800
585	16	17725200	17730320	chr16.184048	5	1024	188247119	hg38.gc5Base.bw	0	100	1024	47020	2657200
585	16	17730320	17735440	chr16.184049	5	1024	188248143	hg38.gc5Base.bw	0	100	1024	44000	2354400
585	16	19080795	19085915	chr16.184304	5	1024	188508239	hg38.gc5Base.bw	0	100	1024	41000	2102400
585	16	19316315	19321435	chr16.184350	5	1024	188555343	hg38.gc5Base.bw	0	100	1024	44140	2419600
585	16	19449435	19454555	chr16.184376	5	1024	188581967	hg38.gc5Base.bw	0	100	1024	47900	2770800
585	16	19981915	19987035	chr16.184480	5	1024	188688463	hg38.gc5Base.bw	0	100	1024	44300	2374800
585	16	20022875	20027995	chr16.184488	5	1024	188696655	hg38.gc5Base.bw	0	100	1024	41080	2119200
585	16	20391515	20396635	chr16.184560	5	1024	188770383	hg38.gc5Base.bw	0	100	1024	44940	2401200
585	16	20406875	20411995	chr16.184563	5	1024	188773455	hg38.gc5Base.bw	0	100	1024	46540	2662000
585	16	20632155	20637275	chr16.184607	5	1024	188818511	hg38.gc5Base.bw	0	100	1024	38880	1961600
585	16	21077595	21082715	chr16.184694	5	1024	188907599	hg38.gc5Base.bw	0	100	1024	46920	2676800
585	16	22250075	22255195	chr16.184923	5	1024	189142095	hg38.gc5Base.bw	0	100	1024	51800	3159200
585	16	22715995	22721115	chr16.185014	5	1024	189235279	hg38.gc5Base.bw	0	100	1024	42020	2203600
585	16	22777435	22782555	chr16.185026	5	1024	189247567	hg38.gc5Base.bw	0	100	1024	40480	2091200
585	16	22982235	22987355	chr16.185066	5	1024	189288527	hg38.gc5Base.bw	0	100	1024	36360	1755200
585	16	23023195	23028315	chr16.185074	5	1024	189296719	hg38.gc5Base.bw	0	100	1024	44960	2482400
585	16	23463515	23468635	chr16.185160	5	1024	189384783	hg38.gc5Base.bw	0	100	1024	48440	2748000
585	16	23550555	23555675	chr16.185177	5	1024	189402191	hg38.gc5Base.bw	0	100	1024	48180	2811600
585	16	23652955	23658075	chr16.185197	5	1024	189422671	hg38.gc5Base.bw	0	100	1024	42380	2290800
585	16	23739995	23745115	chr16.185214	5	1024	189440079	hg38.gc5Base.bw	0	100	1024	45200	2524800
585	16	23760475	23765595	chr16.185218	5	1024	189444175	hg38.gc5Base.bw	0	100	1024	47180	2707600
585	16	23791195	23796315	chr16.185224	5	1024	189450319	hg38.gc5Base.bw	0	100	1024	47980	2760400
585	16	24006235	24011355	chr16.185266	5	1024	189493327	hg38.gc5Base.bw	0	100	1024	45640	2537600
585	16	24011355	24016475	chr16.185267	5	1024	189494351	hg38.gc5Base.bw	0	100	1024	47160	2656800
585	16	24226395	24231515	chr16.185309	5	1024	189537359	hg38.gc5Base.bw	0	100	1024	44320	2407200
585	16	24420955	24426075	chr16.185347	5	1024	189576271	hg38.gc5Base.bw	0	100	1024	42820	2334000
585	16	24543835	24548955	chr16.185371	5	1024	189600847	hg38.gc5Base.bw	0	100	1024	36660	1824400
585	16	24564315	24569435	chr16.185375	5	1024	189604943	hg38.gc5Base.bw	0	100	1024	40180	2084400
585	16	25327195	25332315	chr16.185524	5	1024	189757519	hg38.gc5Base.bw	0	100	1024	42600	2249600
585	16	25521755	25526875	chr16.185562	5	1024	189796431	hg38.gc5Base.bw	0	100	1024	44500	2467600
585	16	26018395	26023515	chr16.185659	5	1024	189895759	hg38.gc5Base.bw	0	100	1024	43880	2390400
585	16	26115675	26120795	chr16.185678	5	1024	189915215	hg38.gc5Base.bw	0	100	1024	42900	2268400
585	16	26131035	26136155	chr16.185681	5	1024	189918287	hg38.gc5Base.bw	0	100	1024	41420	2169200
585	16	26156635	26161755	chr16.185686	5	1024	189923407	hg38.gc5Base.bw	0	100	1024	44040	2399200
585	16	26202715	26207835	chr16.185695	5	1024	189932623	hg38.gc5Base.bw	0	100	1024	41920	2152000
585	16	26264155	26269275	chr16.185707	5	1024	189944911	hg38.gc5Base.bw	0	100	1024	41280	2138400
585	16	26269275	26274395	chr16.185708	5	1024	189945935	hg38.gc5Base.bw	0	100	1024	39840	1976000
585	16	26284635	26289755	chr16.185711	5	1024	189949007	hg38.gc5Base.bw	0	100	1024	36000	1744000
585	16	26443355	26448475	chr16.185742	5	1024	189980751	hg38.gc5Base.bw	0	100	1024	42340	2226800
585	16	26509915	26515035	chr16.185755	5	1024	189994063	hg38.gc5Base.bw	0	100	1024	46480	2564800
585	16	26525275	26530395	chr16.185758	5	1024	189997135	hg38.gc5Base.bw	0	100	1024	43020	2270000
585	16	26550875	26555995	chr16.185763	5	1024	190002255	hg38.gc5Base.bw	0	100	1024	42020	2170800
585	16	26637915	26643035	chr16.185780	5	1024	190019663	hg38.gc5Base.bw	0	100	1024	45880	2569600
585	16	26796635	26801755	chr16.185811	5	1024	190051407	hg38.gc5Base.bw	0	100	1024	49600	2855200
585	16	26852955	26858075	chr16.185822	5	1024	190062671	hg38.gc5Base.bw	0	100	1024	46600	2644000
585	16	27221595	27226715	chr16.185894	5	1024	190136399	hg38.gc5Base.bw	0	100	1024	58920	3830400
585	16	28051035	28056155	chr16.186056	5	1024	190302287	hg38.gc5Base.bw	0	100	1024	53280	3315200
585	16	29817435	29822555	chr16.186401	5	1024	190655567	hg38.gc5Base.bw	0	100	1024	52160	3163200
585	16	30820955	30826075	chr16.186597	5	1024	190856271	hg38.gc5Base.bw	0	100	1024	51240	3156000
585	16	31082075	31087195	chr16.186648	5	1024	190908495	hg38.gc5Base.bw	0	100	1024	60780	4028400
585	16	31133275	31138395	chr16.186658	5	1024	190918735	hg38.gc5Base.bw	0	100	1024	55940	3533200
585	16	31297115	31302235	chr16.186690	5	1024	190951503	hg38.gc5Base.bw	0	100	1024	45020	2557200
585	16	31645275	31650395	chr16.186758	5	1024	191021135	hg38.gc5Base.bw	0	100	1024	41280	2211200
585	16	31885915	31891035	chr16.186805	5	1024	191069263	hg38.gc5Base.bw	0	100	1024	33140	1479600
585	16	35659240	35664360	chr16.187508	5	1024	191782991	hg38.gc5Base.bw	0	100	1024	37100	1775600
585	16	46725055	46730175	chr16.188085	5	1024	192364623	hg38.gc5Base.bw	0	100	1024	48500	2841200
585	16	48138175	48143295	chr16.188361	5	1024	192647247	hg38.gc5Base.bw	0	100	1024	47920	2694400
585	16	48143295	48148415	chr16.188362	5	1024	192648271	hg38.gc5Base.bw	0	100	1024	48260	2757200
585	16	48854975	48860095	chr16.188501	5	1024	192790607	hg38.gc5Base.bw	0	100	1024	44380	2390800
585	16	48865215	48870335	chr16.188503	5	1024	192792655	hg38.gc5Base.bw	0	100	1024	46360	2561600
585	16	49018815	49023935	chr16.188533	5	1024	192823375	hg38.gc5Base.bw	0	100	1024	49960	2942400
585	16	49049535	49054655	chr16.188539	5	1024	192829519	hg38.gc5Base.bw	0	100	1024	47880	2761600
585	16	49264575	49269695	chr16.188581	5	1024	192872527	hg38.gc5Base.bw	0	100	1024	44680	2413600
585	16	49326015	49331135	chr16.188593	5	1024	192884815	hg38.gc5Base.bw	0	100	1024	44160	2394400
585	16	49576895	49582015	chr16.188642	5	1024	192934991	hg38.gc5Base.bw	0	100	1024	50980	3058000
585	16	49827775	49832895	chr16.188691	5	1024	192985167	hg38.gc5Base.bw	0	100	1024	51620	3102000
585	16	49894335	49899455	chr16.188704	5	1024	192998479	hg38.gc5Base.bw	0	100	1024	51760	3131200
585	16	50165695	50170815	chr16.188757	5	1024	193052751	hg38.gc5Base.bw	0	100	1024	42360	2316800
585	16	50201535	50206655	chr16.188764	5	1024	193059919	hg38.gc5Base.bw	0	100	1024	42000	2247200
585	16	50472895	50478015	chr16.188817	5	1024	193114191	hg38.gc5Base.bw	0	100	1024	48700	2826800
585	16	50795455	50800575	chr16.188880	5	1024	193178703	hg38.gc5Base.bw	0	100	1024	40400	2068000
585	16	50821055	50826175	chr16.188885	5	1024	193183823	hg38.gc5Base.bw	0	100	1024	44540	2450000
585	16	50913215	50918335	chr16.188903	5	1024	193202255	hg38.gc5Base.bw	0	100	1024	48360	2773600
585	16	50923455	50928575	chr16.188905	5	1024	193204303	hg38.gc5Base.bw	0	100	1024	49420	2859600
585	16	51092415	51097535	chr16.188938	5	1024	193238095	hg38.gc5Base.bw	0	100	1024	46500	2658800
585	16	51461055	51466175	chr16.189010	5	1024	193311823	hg38.gc5Base.bw	0	100	1024	46760	2620000
585	16	51655615	51660735	chr16.189048	5	1024	193350735	hg38.gc5Base.bw	0	100	1024	38980	1965200
585	16	51660735	51665855	chr16.189049	5	1024	193351759	hg38.gc5Base.bw	0	100	1024	39800	2022400
585	16	52162495	52167615	chr16.189147	5	1024	193452111	hg38.gc5Base.bw	0	100	1024	39160	1980000
585	16	52321215	52326335	chr16.189178	5	1024	193483855	hg38.gc5Base.bw	0	100	1024	42520	2241600
585	16	52766655	52771775	chr16.189265	5	1024	193572943	hg38.gc5Base.bw	0	100	1024	41140	2154000
585	16	52940735	52945855	chr16.189299	5	1024	193607759	hg38.gc5Base.bw	0	80	1024	37340	1823600
585	16	52986815	52991935	chr16.189308	5	1024	193616975	hg38.gc5Base.bw	0	100	1024	41240	2141600
585	16	53759935	53765055	chr16.189459	5	1024	193771599	hg38.gc5Base.bw	0	100	1024	41060	2154000
585	16	53826495	53831615	chr16.189472	5	1024	193784911	hg38.gc5Base.bw	0	100	1024	41600	2172000
585	16	54108095	54113215	chr16.189527	5	1024	193841231	hg38.gc5Base.bw	0	100	1024	43840	2363200
585	16	54614975	54620095	chr16.189626	5	1024	193942607	hg38.gc5Base.bw	0	100	1024	42340	2258000
585	16	54804415	54809535	chr16.189663	5	1024	193980495	hg38.gc5Base.bw	0	100	1024	42280	2215200
585	16	55121855	55126975	chr16.189725	5	1024	194043983	hg38.gc5Base.bw	0	100	1024	47220	2633200
585	16	55142335	55147455	chr16.189729	5	1024	194048079	hg38.gc5Base.bw	0	100	1024	46860	2613200
585	16	55306175	55311295	chr16.189761	5	1024	194080847	hg38.gc5Base.bw	0	100	1024	39620	2018800
585	16	55439295	55444415	chr16.189787	5	1024	194107471	hg38.gc5Base.bw	0	100	1024	41360	2136800
585	16	55485375	55490495	chr16.189796	5	1024	194116687	hg38.gc5Base.bw	0	100	1024	51520	3056800
585	16	55715775	55720895	chr16.189841	5	1024	194162767	hg38.gc5Base.bw	0	100	1024	42740	2243600
585	16	55741375	55746495	chr16.189846	5	1024	194167887	hg38.gc5Base.bw	0	100	1024	46000	2544000
585	16	55838655	55843775	chr16.189865	5	1024	194187343	hg38.gc5Base.bw	0	100	1024	44540	2457200
585	16	55864255	55869375	chr16.189870	5	1024	194192463	hg38.gc5Base.bw	0	100	1024	47820	2744400
585	16	56596415	56601535	chr16.190013	5	1024	194338895	hg38.gc5Base.bw	0	100	1024	43280	2379200
585	16	56934335	56939455	chr16.190079	5	1024	194406479	hg38.gc5Base.bw	0	100	1024	40640	2139200
585	16	56970175	56975295	chr16.190086	5	1024	194413647	hg38.gc5Base.bw	0	100	1024	53540	3254800
585	16	57400255	57405375	chr16.190170	5	1024	194499663	hg38.gc5Base.bw	0	100	1024	46220	2767600
585	16	57825215	57830335	chr16.190253	5	1024	194584655	hg38.gc5Base.bw	0	100	1024	50880	3028000
585	16	58163135	58168255	chr16.190319	5	1024	194652239	hg38.gc5Base.bw	0	100	1024	40740	2113200
585	16	58649535	58654655	chr16.190414	5	1024	194749519	hg38.gc5Base.bw	0	100	1024	50220	3018800
585	16	58705855	58710975	chr16.190425	5	1024	194760783	hg38.gc5Base.bw	0	100	1024	47200	2695200
585	16	58746815	58751935	chr16.190433	5	1024	194768975	hg38.gc5Base.bw	0	100	1024	52000	3260000
585	16	59274175	59279295	chr16.190536	5	1024	194874447	hg38.gc5Base.bw	0	100	1024	36620	1774800
585	16	59386815	59391935	chr16.190558	5	1024	194896975	hg38.gc5Base.bw	0	100	1024	40260	2085200
585	16	59642815	59647935	chr16.190608	5	1024	194948175	hg38.gc5Base.bw	0	100	1024	33700	1564400
585	16	59683775	59688895	chr16.190616	5	1024	194956367	hg38.gc5Base.bw	0	100	1024	43320	2317600
585	16	60974015	60979135	chr16.190868	5	1024	195214415	hg38.gc5Base.bw	0	100	1024	37400	1839200
585	16	61050815	61055935	chr16.190883	5	1024	195229775	hg38.gc5Base.bw	0	100	1024	37840	1899200
585	16	61055935	61061055	chr16.190884	5	1024	195230799	hg38.gc5Base.bw	0	100	1024	34820	1612400
585	16	61270975	61276095	chr16.190926	5	1024	195273807	hg38.gc5Base.bw	0	100	1024	38640	1925600
585	16	61690815	61695935	chr16.191008	5	1024	195357775	hg38.gc5Base.bw	0	100	1024	39380	2010000
585	16	62279615	62284735	chr16.191123	5	1024	195475535	hg38.gc5Base.bw	0	100	1024	38580	1978000
585	16	62305215	62310335	chr16.191128	5	1024	195480655	hg38.gc5Base.bw	0	100	1024	36380	1753200
585	16	62499775	62504895	chr16.191166	5	1024	195519567	hg38.gc5Base.bw	0	100	1024	35520	1630400
585	16	62955455	62960575	chr16.191255	5	1024	195610703	hg38.gc5Base.bw	0	100	1024	39620	2091600
585	16	62986175	62991295	chr16.191261	5	1024	195616847	hg38.gc5Base.bw	0	80	1024	37940	1868400
585	16	63242175	63247295	chr16.191311	5	1024	195668047	hg38.gc5Base.bw	0	100	1024	36780	1839600
585	16	63359935	63365055	chr16.191334	5	1024	195691599	hg38.gc5Base.bw	0	100	1024	37180	1838800
585	16	63851455	63856575	chr16.191430	5	1024	195789903	hg38.gc5Base.bw	0	100	1024	35940	1689200
585	16	64583615	64588735	chr16.191573	5	1024	195936335	hg38.gc5Base.bw	0	100	1024	33900	1578000
585	16	65049535	65054655	chr16.191664	5	1024	196029519	hg38.gc5Base.bw	0	100	1024	42360	2181600
585	16	65064895	65070015	chr16.191667	5	1024	196032591	hg38.gc5Base.bw	0	100	1024	43580	2334000
585	16	65684415	65689535	chr16.191788	5	1024	196156495	hg38.gc5Base.bw	0	100	1024	39880	1991200
585	16	65807295	65812415	chr16.191812	5	1024	196181071	hg38.gc5Base.bw	0	100	1024	41260	2163600
585	16	65884095	65889215	chr16.191827	5	1024	196196431	hg38.gc5Base.bw	0	100	1024	44480	2428800
585	16	66027455	66032575	chr16.191855	5	1024	196225103	hg38.gc5Base.bw	0	100	1024	47300	2640400
585	16	66298815	66303935	chr16.191908	5	1024	196279375	hg38.gc5Base.bw	0	100	1024	47540	2657200
585	16	66575295	66580415	chr16.191962	5	1024	196334671	hg38.gc5Base.bw	0	100	1024	51040	3096800
585	16	67845055	67850175	chr16.192210	5	1024	196588623	hg38.gc5Base.bw	0	100	1024	56760	3751200
585	16	67911615	67916735	chr16.192223	5	1024	196601935	hg38.gc5Base.bw	0	100	1024	53320	3236000
585	16	67967935	67973055	chr16.192234	5	1024	196613199	hg38.gc5Base.bw	0	100	1024	58480	3969600
585	16	68310975	68316095	chr16.192301	5	1024	196681807	hg38.gc5Base.bw	0	100	1024	47040	2720800
585	16	69698495	69703615	chr16.192572	5	1024	196959311	hg38.gc5Base.bw	0	100	1024	35940	1763600
585	16	69908415	69913535	chr16.192613	5	1024	197001295	hg38.gc5Base.bw	0	100	1024	45720	2602400
585	16	70492095	70497215	chr16.192727	5	1024	197118031	hg38.gc5Base.bw	0	100	1024	48680	2793600
585	16	70630335	70635455	chr16.192754	5	1024	197145679	hg38.gc5Base.bw	0	100	1024	46880	2670400
585	16	71239615	71244735	chr16.192873	5	1024	197267535	hg38.gc5Base.bw	0	100	1024	43680	2320000
585	16	71449535	71454655	chr16.192914	5	1024	197309519	hg38.gc5Base.bw	0	100	1024	43960	2375200
585	16	71516095	71521215	chr16.192927	5	1024	197322831	hg38.gc5Base.bw	0	100	1024	47240	2713600
585	16	71823295	71828415	chr16.192987	5	1024	197384271	hg38.gc5Base.bw	0	100	1024	44820	2465200
585	16	72345535	72350655	chr16.193089	5	1024	197488719	hg38.gc5Base.bw	0	100	1024	39980	2051600
585	16	72478655	72483775	chr16.193115	5	1024	197515343	hg38.gc5Base.bw	0	100	1024	36400	1799200
585	16	73302975	73308095	chr16.193276	5	1024	197680207	hg38.gc5Base.bw	0	100	1024	46240	2579200
585	16	73343935	73349055	chr16.193284	5	1024	197688399	hg38.gc5Base.bw	0	100	1024	45440	2503200
585	16	74434495	74439615	chr16.193497	5	1024	197906511	hg38.gc5Base.bw	0	100	1024	45220	2526800
585	16	74731455	74736575	chr16.193555	5	1024	197965903	hg38.gc5Base.bw	0	100	1024	56360	3595200
585	16	75192255	75197375	chr16.193645	5	1024	198058063	hg38.gc5Base.bw	0	100	1024	51560	3061600
585	16	75299775	75304895	chr16.193666	5	1024	198079567	hg38.gc5Base.bw	0	100	1024	48480	2816800
585	16	75816895	75822015	chr16.193767	5	1024	198182991	hg38.gc5Base.bw	0	100	1024	38700	1922800
585	16	76057535	76062655	chr16.193814	5	1024	198231119	hg38.gc5Base.bw	0	100	1024	38660	1884400
585	16	76313535	76318655	chr16.193864	5	1024	198282319	hg38.gc5Base.bw	0	100	1024	36140	1761200
585	16	76769215	76774335	chr16.193953	5	1024	198373455	hg38.gc5Base.bw	0	100	1024	44080	2399200
585	16	76927935	76933055	chr16.193984	5	1024	198405199	hg38.gc5Base.bw	0	100	1024	38440	1910400
585	16	77061055	77066175	chr16.194010	5	1024	198431823	hg38.gc5Base.bw	0	100	1024	41900	2214000
585	16	77102015	77107135	chr16.194018	5	1024	198440015	hg38.gc5Base.bw	0	100	1024	40200	2085600
585	16	77532095	77537215	chr16.194102	5	1024	198526031	hg38.gc5Base.bw	0	100	1024	39920	2068800
585	16	77562815	77567935	chr16.194108	5	1024	198532175	hg38.gc5Base.bw	0	100	1024	44460	2398000
585	16	77567935	77573055	chr16.194109	5	1024	198533199	hg38.gc5Base.bw	0	100	1024	44260	2412400
585	16	77711295	77716415	chr16.194137	5	1024	198561871	hg38.gc5Base.bw	0	100	1024	41960	2217600
585	16	78310335	78315455	chr16.194254	5	1024	198681679	hg38.gc5Base.bw	0	100	1024	46780	2638800
585	16	78315455	78320575	chr16.194255	5	1024	198682703	hg38.gc5Base.bw	0	100	1024	44960	2473600
585	16	78484415	78489535	chr16.194288	5	1024	198716495	hg38.gc5Base.bw	0	100	1024	44780	2452400
585	16	78776255	78781375	chr16.194345	5	1024	198774863	hg38.gc5Base.bw	0	100	1024	46600	2602400
585	16	78837695	78842815	chr16.194357	5	1024	198787151	hg38.gc5Base.bw	0	100	1024	43020	2325200
585	16	79032255	79037375	chr16.194395	5	1024	198826063	hg38.gc5Base.bw	0	100	1024	40520	2184000
585	16	79052735	79057855	chr16.194399	5	1024	198830159	hg38.gc5Base.bw	0	100	1024	40380	2092400
585	16	79318975	79324095	chr16.194451	5	1024	198883407	hg38.gc5Base.bw	0	100	1024	46920	2672000
585	16	79334335	79339455	chr16.194454	5	1024	198886479	hg38.gc5Base.bw	0	100	1024	46820	2670000
585	16	79395775	79400895	chr16.194466	5	1024	198898767	hg38.gc5Base.bw	0	100	1024	46600	2604000
585	16	79841215	79846335	chr16.194553	5	1024	198987855	hg38.gc5Base.bw	0	100	1024	43400	2344000
585	16	79866815	79871935	chr16.194558	5	1024	198992975	hg38.gc5Base.bw	0	100	1024	42840	2231200
585	16	80358335	80363455	chr16.194654	5	1024	199091279	hg38.gc5Base.bw	0	100	1024	46160	2558400
585	16	80455615	80460735	chr16.194673	5	1024	199110735	hg38.gc5Base.bw	0	100	1024	44560	2403200
585	16	80476095	80481215	chr16.194677	5	1024	199114831	hg38.gc5Base.bw	0	100	1024	43680	2337600
585	16	80537535	80542655	chr16.194689	5	1024	199127119	hg38.gc5Base.bw	0	100	1024	43440	2363200
585	16	80578495	80583615	chr16.194697	5	1024	199135311	hg38.gc5Base.bw	0	100	1024	43880	2355200
585	16	80788415	80793535	chr16.194738	5	1024	199177295	hg38.gc5Base.bw	0	100	1024	41860	2141200
585	16	81090495	81095615	chr16.194797	5	1024	199237711	hg38.gc5Base.bw	0	100	1024	43820	2458000
585	16	81126335	81131455	chr16.194804	5	1024	199244879	hg38.gc5Base.bw	0	100	1024	52220	3118800
585	16	81136575	81141695	chr16.194806	5	1024	199246927	hg38.gc5Base.bw	0	100	1024	52460	3240400
585	16	81172415	81177535	chr16.194813	5	1024	199254095	hg38.gc5Base.bw	0	100	1024	51700	3078000
585	16	81459135	81464255	chr16.194869	5	1024	199311439	hg38.gc5Base.bw	0	100	1024	51020	3039600
585	16	81489855	81494975	chr16.194875	5	1024	199317583	hg38.gc5Base.bw	0	100	1024	55080	3467200
585	16	81786815	81791935	chr16.194933	5	1024	199376975	hg38.gc5Base.bw	0	100	1024	47820	2753200
585	16	81884095	81889215	chr16.194952	5	1024	199396431	hg38.gc5Base.bw	0	100	1024	45580	2553200
585	16	82165695	82170815	chr16.195007	5	1024	199452751	hg38.gc5Base.bw	0	100	1024	48380	2823600
585	16	82191295	82196415	chr16.195012	5	1024	199457871	hg38.gc5Base.bw	0	100	1024	41040	2119200
585	16	82278335	82283455	chr16.195029	5	1024	199475279	hg38.gc5Base.bw	0	100	1024	43600	2340000
585	16	82360255	82365375	chr16.195045	5	1024	199491663	hg38.gc5Base.bw	0	100	1024	45180	2502800
585	16	82457535	82462655	chr16.195064	5	1024	199511119	hg38.gc5Base.bw	0	100	1024	44020	2374800
585	16	82831295	82836415	chr16.195137	5	1024	199585871	hg38.gc5Base.bw	0	100	1024	42440	2256000
585	16	83112895	83118015	chr16.195192	5	1024	199642191	hg38.gc5Base.bw	0	100	1024	47200	2662400
585	16	83527615	83532735	chr16.195273	5	1024	199725135	hg38.gc5Base.bw	0	100	1024	41860	2166800
585	16	83747775	83752895	chr16.195316	5	1024	199769167	hg38.gc5Base.bw	0	100	1024	44500	2383600
585	16	83860415	83865535	chr16.195338	5	1024	199791695	hg38.gc5Base.bw	0	100	1024	44860	2470000
585	16	83947455	83952575	chr16.195355	5	1024	199809103	hg38.gc5Base.bw	0	100	1024	54640	3407200
585	16	83978175	83983295	chr16.195361	5	1024	199815247	hg38.gc5Base.bw	0	100	1024	53980	3270800
585	16	84029375	84034495	chr16.195371	5	1024	199825487	hg38.gc5Base.bw	0	100	1024	56120	3545600
585	16	84065215	84070335	chr16.195378	5	1024	199832655	hg38.gc5Base.bw	0	100	1024	44880	2474400
585	16	84167615	84172735	chr16.195398	5	1024	199853135	hg38.gc5Base.bw	0	100	1024	50440	3073600
585	16	84177855	84182975	chr16.195400	5	1024	199855183	hg38.gc5Base.bw	0	100	1024	62620	4247600
585	16	84418495	84423615	chr16.195447	5	1024	199903311	hg38.gc5Base.bw	0	100	1024	51860	3118000
585	16	84433855	84438975	chr16.195450	5	1024	199906383	hg38.gc5Base.bw	0	100	1024	49820	2987600
585	16	84505535	84510655	chr16.195464	5	1024	199920719	hg38.gc5Base.bw	0	100	1024	53380	3310800
585	16	84520895	84526015	chr16.195467	5	1024	199923791	hg38.gc5Base.bw	0	100	1024	55540	3498000
585	16	84572095	84577215	chr16.195477	5	1024	199934031	hg38.gc5Base.bw	0	100	1024	51400	3092800
585	16	84710335	84715455	chr16.195504	5	1024	199961679	hg38.gc5Base.bw	0	100	1024	47120	2716800
585	16	85089215	85094335	chr16.195578	5	1024	200037455	hg38.gc5Base.bw	0	100	1024	55200	3456000
585	16	85253055	85258175	chr16.195610	5	1024	200070223	hg38.gc5Base.bw	0	100	1024	58880	3874400
585	16	85539775	85544895	chr16.195666	5	1024	200127567	hg38.gc5Base.bw	0	100	1024	55900	3516400
585	16	85585855	85590975	chr16.195675	5	1024	200136783	hg38.gc5Base.bw	0	100	1024	58180	3794800
585	16	85974975	85980095	chr16.195751	5	1024	200214607	hg38.gc5Base.bw	0	100	1024	50840	3008000
585	16	86338495	86343615	chr16.195822	5	1024	200287311	hg38.gc5Base.bw	0	100	1024	52060	3150800
585	16	86451135	86456255	chr16.195844	5	1024	200309839	hg38.gc5Base.bw	0	100	1024	48060	2734000
585	16	86527935	86533055	chr16.195859	5	1024	200325199	hg38.gc5Base.bw	0	100	1024	56660	3626000
585	16	87039935	87045055	chr16.195959	5	1024	200427599	hg38.gc5Base.bw	0	100	1024	57160	3658400
585	16	87290815	87295935	chr16.196008	5	1024	200477775	hg38.gc5Base.bw	0	100	1024	49800	2893600
585	16	87521215	87526335	chr16.196053	5	1024	200523855	hg38.gc5Base.bw	0	100	1024	46080	2565600
585	16	87526335	87531455	chr16.196054	5	1024	200524879	hg38.gc5Base.bw	0	100	1024	47800	2738400
585	16	87741375	87746495	chr16.196096	5	1024	200567887	hg38.gc5Base.bw	0	100	1024	50780	3041200
585	16	88314815	88319935	chr16.196208	5	1024	200682575	hg38.gc5Base.bw	0	100	1024	61840	4152800
585	16	88534975	88540095	chr16.196251	5	1024	200726607	hg38.gc5Base.bw	0	100	1024	63360	4284000
585	16	88760255	88765375	chr16.196295	5	1024	200771663	hg38.gc5Base.bw	0	100	1024	62880	4252000
585	16	89134015	89139135	chr16.196368	5	1024	200846415	hg38.gc5Base.bw	0	100	1024	59020	3919600
585	16	89656255	89661375	chr16.196470	5	1024	200950863	hg38.gc5Base.bw	0	100	1024	59760	4034400
585	17	228960	234080	chr17.197591	5	1024	202088200	hg38.gc5Base.bw	0	100	1024	57600	3668800
585	17	341600	346720	chr17.197613	5	1024	202110728	hg38.gc5Base.bw	0	100	1024	47200	2647200
585	17	489915	495035	chr17.197635	5	881	202132232	hg38.gc5Base.bw	0	100	881	50915	3422425
585	17	828550	833670	chr17.197702	5	1024	202199816	hg38.gc5Base.bw	0	100	1024	49180	2941200
585	17	910470	915590	chr17.197718	5	1024	202216200	hg38.gc5Base.bw	0	100	1024	47360	2791200
585	17	1181830	1186950	chr17.197771	5	1024	202270472	hg38.gc5Base.bw	0	100	1024	54620	3414000
585	17	1325190	1330310	chr17.197799	5	1024	202299144	hg38.gc5Base.bw	0	100	1024	52840	3232800
585	17	1888390	1893510	chr17.197909	5	1024	202411784	hg38.gc5Base.bw	0	100	1024	45560	2635200
585	17	1954950	1960070	chr17.197922	5	1024	202425096	hg38.gc5Base.bw	0	100	1024	51500	3177200
585	17	2016390	2021510	chr17.197934	5	1024	202437384	hg38.gc5Base.bw	0	100	1024	56600	3577600
585	17	2031750	2036870	chr17.197937	5	1024	202440456	hg38.gc5Base.bw	0	100	1024	58280	3836800
585	17	2902150	2907270	chr17.198107	5	1024	202614536	hg38.gc5Base.bw	0	100	1024	57340	3657200
585	17	3045510	3050630	chr17.198135	5	1024	202643208	hg38.gc5Base.bw	0	100	1024	44900	2575600
585	17	3270790	3275910	chr17.198179	5	1024	202688264	hg38.gc5Base.bw	0	100	1024	39520	1952000
585	17	3567750	3572870	chr17.198237	5	1024	202747656	hg38.gc5Base.bw	0	100	1024	53440	3381600
585	17	4591750	4596870	chr17.198437	5	1024	202952456	hg38.gc5Base.bw	0	100	1024	61680	4164000
585	17	4663430	4668550	chr17.198451	5	1024	202966792	hg38.gc5Base.bw	0	100	1024	47320	2689600
585	17	4735110	4740230	chr17.198465	5	1024	202981128	hg38.gc5Base.bw	0	100	1024	54680	3561600
585	17	4760710	4765830	chr17.198470	5	1024	202986248	hg38.gc5Base.bw	0	100	1024	47100	2710800
585	17	4934790	4939910	chr17.198504	5	1024	203021064	hg38.gc5Base.bw	0	100	1024	57120	3652800
585	17	4985990	4991110	chr17.198514	5	1024	203031304	hg38.gc5Base.bw	0	100	1024	58180	3810000
585	17	5487750	5492870	chr17.198612	5	1024	203131656	hg38.gc5Base.bw	0	100	1024	41680	2172000
585	17	5958790	5963910	chr17.198704	5	1024	203225864	hg38.gc5Base.bw	0	100	1024	43780	2375600
585	17	6076550	6081670	chr17.198727	5	1024	203249416	hg38.gc5Base.bw	0	100	1024	55820	3521200
585	17	6460550	6465670	chr17.198802	5	1024	203326216	hg38.gc5Base.bw	0	100	1024	56540	3584400
585	17	7069830	7074950	chr17.198921	5	1024	203448072	hg38.gc5Base.bw	0	100	1024	48940	2885200
585	17	7464070	7469190	chr17.198998	5	1024	203526920	hg38.gc5Base.bw	0	100	1024	56640	3673600
585	17	7576710	7581830	chr17.199020	5	1024	203549448	hg38.gc5Base.bw	0	100	1024	54580	3323600
585	17	8232070	8237190	chr17.199148	5	1024	203680520	hg38.gc5Base.bw	0	100	1024	51680	3105600
585	17	8493190	8498310	chr17.199199	5	1024	203732744	hg38.gc5Base.bw	0	100	1024	47700	2816400
585	17	8928390	8933510	chr17.199284	5	1024	203819784	hg38.gc5Base.bw	0	100	1024	36100	1751600
585	17	9297030	9302150	chr17.199356	5	1024	203893512	hg38.gc5Base.bw	0	100	1024	44800	2491200
585	17	9353350	9358470	chr17.199367	5	1024	203904776	hg38.gc5Base.bw	0	100	1024	43700	2428400
585	17	9691270	9696390	chr17.199433	5	1024	203972360	hg38.gc5Base.bw	0	100	1024	45560	2605600
585	17	9931910	9937030	chr17.199480	5	1024	204020488	hg38.gc5Base.bw	0	100	1024	50760	3040800
585	17	10223750	10228870	chr17.199537	5	1024	204078856	hg38.gc5Base.bw	0	100	1024	49820	2942000
585	17	10879110	10884230	chr17.199665	5	1024	204209928	hg38.gc5Base.bw	0	100	1024	46360	2535200
585	17	10899590	10904710	chr17.199669	5	1024	204214024	hg38.gc5Base.bw	0	100	1024	38720	1912000
585	17	11068550	11073670	chr17.199702	5	1024	204247816	hg38.gc5Base.bw	0	100	1024	43740	2317200
585	17	11170950	11176070	chr17.199722	5	1024	204268296	hg38.gc5Base.bw	0	100	1024	46920	2661600
585	17	11324550	11329670	chr17.199752	5	1024	204299016	hg38.gc5Base.bw	0	100	1024	46160	2580800
585	17	11401350	11406470	chr17.199767	5	1024	204314376	hg38.gc5Base.bw	0	100	1024	45840	2536000
585	17	11457670	11462790	chr17.199778	5	1024	204325640	hg38.gc5Base.bw	0	100	1024	48180	2777200
585	17	11662470	11667590	chr17.199818	5	1024	204366600	hg38.gc5Base.bw	0	100	1024	42360	2229600
585	17	11964550	11969670	chr17.199877	5	1024	204427016	hg38.gc5Base.bw	0	100	1024	40660	2094800
585	17	12635270	12640390	chr17.200008	5	1024	204561160	hg38.gc5Base.bw	0	100	1024	42160	2193600
585	17	12640390	12645510	chr17.200009	5	1024	204562184	hg38.gc5Base.bw	0	100	1024	39800	1989600
585	17	13203590	13208710	chr17.200119	5	1024	204674824	hg38.gc5Base.bw	0	100	1024	40580	2072400
585	17	13495430	13500550	chr17.200176	5	1024	204733192	hg38.gc5Base.bw	0	100	1024	40720	2181600
585	17	13536390	13541510	chr17.200184	5	1024	204741384	hg38.gc5Base.bw	0	100	1024	41320	2110400
585	17	13654150	13659270	chr17.200207	5	1024	204764936	hg38.gc5Base.bw	0	100	1024	38340	1926000
585	17	13659270	13664390	chr17.200208	5	1024	204765960	hg38.gc5Base.bw	0	100	1024	34780	1670800
585	17	13746310	13751430	chr17.200225	5	1024	204783368	hg38.gc5Base.bw	0	100	1024	43660	2317200
585	17	14043270	14048390	chr17.200283	5	1024	204842760	hg38.gc5Base.bw	0	100	1024	39620	2010800
585	17	14114950	14120070	chr17.200297	5	1024	204857096	hg38.gc5Base.bw	0	100	1024	38700	1944400
585	17	14125190	14130310	chr17.200299	5	1024	204859144	hg38.gc5Base.bw	0	100	1024	34000	1640800
585	17	14345350	14350470	chr17.200342	5	1024	204903176	hg38.gc5Base.bw	0	100	1024	44140	2426000
585	17	14504070	14509190	chr17.200373	5	1024	204934920	hg38.gc5Base.bw	0	100	1024	44840	2425600
585	17	14570630	14575750	chr17.200386	5	1024	204948232	hg38.gc5Base.bw	0	100	1024	43280	2352800
585	17	14626950	14632070	chr17.200397	5	1024	204959496	hg38.gc5Base.bw	0	100	1024	41960	2199200
585	17	14652550	14657670	chr17.200402	5	1024	204964616	hg38.gc5Base.bw	0	100	1024	38360	1924000
585	17	14713990	14719110	chr17.200414	5	1024	204976904	hg38.gc5Base.bw	0	100	1024	39740	1989200
585	17	14780550	14785670	chr17.200427	5	1024	204990216	hg38.gc5Base.bw	0	100	1024	44040	2470400
585	17	14888070	14893190	chr17.200448	5	1024	205011720	hg38.gc5Base.bw	0	100	1024	31580	1422800
585	17	14898310	14903430	chr17.200450	5	1024	205013768	hg38.gc5Base.bw	0	100	1024	36020	1724400
585	17	15010950	15016070	chr17.200472	5	1024	205036296	hg38.gc5Base.bw	0	100	1024	43700	2400400
585	17	15031430	15036550	chr17.200476	5	1024	205040392	hg38.gc5Base.bw	0	100	1024	44580	2470000
585	17	15225990	15231110	chr17.200514	5	1024	205079304	hg38.gc5Base.bw	0	100	1024	39540	1997200
585	17	15241350	15246470	chr17.200517	5	1024	205082376	hg38.gc5Base.bw	0	100	1024	36760	1877600
585	17	15748230	15753350	chr17.200616	5	1024	205183752	hg38.gc5Base.bw	0	100	1024	46620	2822800
585	17	15932550	15937670	chr17.200652	5	1024	205220616	hg38.gc5Base.bw	0	100	1024	39220	2072400
585	17	16331910	16337030	chr17.200730	5	1024	205300488	hg38.gc5Base.bw	0	100	1024	42220	2370000
585	17	16531590	16536710	chr17.200769	5	1024	205340424	hg38.gc5Base.bw	0	100	1024	45540	2632400
585	17	16987270	16992390	chr17.200858	5	1024	205431560	hg38.gc5Base.bw	0	100	1024	56600	3538400
585	17	17391750	17396870	chr17.200937	5	1024	205512456	hg38.gc5Base.bw	0	100	1024	52180	3139600
585	17	17775750	17780870	chr17.201012	5	1024	205589256	hg38.gc5Base.bw	0	100	1024	54400	3399200
585	17	17832070	17837190	chr17.201023	5	1024	205600520	hg38.gc5Base.bw	0	100	1024	56160	3681600
585	17	17883270	17888390	chr17.201033	5	1024	205610760	hg38.gc5Base.bw	0	100	1024	50480	2952000
585	17	18385030	18390150	chr17.201131	5	1024	205711112	hg38.gc5Base.bw	0	100	1024	52520	3193600
585	17	18897030	18902150	chr17.201231	5	1024	205813512	hg38.gc5Base.bw	0	100	1024	46700	2668400
585	17	19368070	19373190	chr17.201323	5	1024	205907720	hg38.gc5Base.bw	0	100	1024	54980	3406000
585	17	19588230	19593350	chr17.201366	5	1024	205951752	hg38.gc5Base.bw	0	100	1024	49540	2920400
585	17	19793030	19798150	chr17.201406	5	1024	205992712	hg38.gc5Base.bw	0	100	1024	40960	2149600
585	17	21006470	21011590	chr17.201643	5	1024	206235400	hg38.gc5Base.bw	0	100	1024	49880	2958400
585	17	27329340	27334460	chr17.202871	5	1024	207465224	hg38.gc5Base.bw	0	100	1024	51720	3164800
585	17	27477820	27482940	chr17.202900	5	1024	207494920	hg38.gc5Base.bw	0	100	1024	48580	2782800
585	17	27708220	27713340	chr17.202945	5	1024	207541000	hg38.gc5Base.bw	0	100	1024	39160	1990400
585	17	28394300	28399420	chr17.203079	5	1024	207678216	hg38.gc5Base.bw	0	100	1024	53800	3300800
585	17	29715260	29720380	chr17.203337	5	1024	207942408	hg38.gc5Base.bw	0	100	1024	44160	2382400
585	17	30360380	30365500	chr17.203463	5	1024	208071432	hg38.gc5Base.bw	0	100	1024	43140	2370800
585	17	30897980	30903100	chr17.203568	5	1024	208178952	hg38.gc5Base.bw	0	100	1024	41140	2158800
585	17	32423740	32428860	chr17.203866	5	1024	208484104	hg38.gc5Base.bw	0	100	1024	43520	2497600
585	17	32618300	32623420	chr17.203904	5	1024	208523016	hg38.gc5Base.bw	0	100	1024	43960	2387200
585	17	32843580	32848700	chr17.203948	5	1024	208568072	hg38.gc5Base.bw	0	100	1024	36480	1786400
585	17	33002300	33007420	chr17.203979	5	1024	208599816	hg38.gc5Base.bw	0	100	1024	47220	2660400
585	17	33017660	33022780	chr17.203982	5	1024	208602888	hg38.gc5Base.bw	0	100	1024	53280	3212000
585	17	33406780	33411900	chr17.204058	5	1024	208680712	hg38.gc5Base.bw	0	100	1024	44660	2435600
585	17	33411900	33417020	chr17.204059	5	1024	208681736	hg38.gc5Base.bw	0	100	1024	48540	2790000
585	17	33417020	33422140	chr17.204060	5	1024	208682760	hg38.gc5Base.bw	0	100	1024	44560	2396800
585	17	33954620	33959740	chr17.204165	5	1024	208790280	hg38.gc5Base.bw	0	100	1024	47840	2668800
585	17	34021180	34026300	chr17.204178	5	1024	208803592	hg38.gc5Base.bw	0	100	1024	46100	2549200
585	17	34128700	34133820	chr17.204199	5	1024	208825096	hg38.gc5Base.bw	0	100	1024	47960	2745600
585	17	34917180	34922300	chr17.204353	5	1024	208982792	hg38.gc5Base.bw	0	100	1024	43640	2343200
585	17	34947900	34953020	chr17.204359	5	1024	208988936	hg38.gc5Base.bw	0	100	1024	39000	2026400
585	17	35444540	35449660	chr17.204456	5	1024	209088264	hg38.gc5Base.bw	0	100	1024	47140	2734800
585	17	35546940	35552060	chr17.204476	5	1024	209108744	hg38.gc5Base.bw	0	100	1024	41500	2150000
585	17	35721020	35726140	chr17.204510	5	1024	209143560	hg38.gc5Base.bw	0	100	1024	43700	2330800
585	17	35828540	35833660	chr17.204531	5	1024	209165064	hg38.gc5Base.bw	0	100	1024	42540	2358000
585	17	36494140	36499260	chr17.204661	5	1024	209298184	hg38.gc5Base.bw	0	100	1024	47100	2679600
585	17	36637500	36642620	chr17.204689	5	1024	209326856	hg38.gc5Base.bw	0	100	1024	52300	3304400
585	17	36668220	36673340	chr17.204695	5	1024	209333000	hg38.gc5Base.bw	0	100	1024	51520	3100800
585	17	36965180	36970300	chr17.204753	5	1024	209392392	hg38.gc5Base.bw	0	100	1024	40440	2114400
585	17	37067580	37072700	chr17.204773	5	1024	209412872	hg38.gc5Base.bw	0	100	1024	45680	2634400
585	17	37410620	37415740	chr17.204840	5	1024	209481480	hg38.gc5Base.bw	0	100	1024	43440	2419200
585	17	37456700	37461820	chr17.204849	5	1024	209490696	hg38.gc5Base.bw	0	100	1024	44060	2454000
585	17	38905660	38910780	chr17.205132	5	1024	209780488	hg38.gc5Base.bw	0	100	1024	52780	3210800
585	17	40231740	40236860	chr17.205391	5	1024	210045704	hg38.gc5Base.bw	0	100	1024	47700	2811600
585	17	40482620	40487740	chr17.205440	5	1024	210095880	hg38.gc5Base.bw	0	100	1024	52560	3176000
585	17	40513340	40518460	chr17.205446	5	1024	210102024	hg38.gc5Base.bw	0	100	1024	50960	2992800
585	17	40856380	40861500	chr17.205513	5	1024	210170632	hg38.gc5Base.bw	0	100	1024	43120	2383200
585	17	41434940	41440060	chr17.205626	5	1024	210286344	hg38.gc5Base.bw	0	100	1024	49840	2901600
585	17	41496380	41501500	chr17.205638	5	1024	210298632	hg38.gc5Base.bw	0	100	1024	57000	3590400
585	17	41895740	41900860	chr17.205716	5	1024	210378504	hg38.gc5Base.bw	0	100	1024	52840	3237600
585	17	43672380	43677500	chr17.206063	5	1024	210733832	hg38.gc5Base.bw	0	100	1024	53840	3272800
585	17	43749180	43754300	chr17.206078	5	1024	210749192	hg38.gc5Base.bw	0	100	1024	50540	2975600
585	17	43923260	43928380	chr17.206112	5	1024	210784008	hg38.gc5Base.bw	0	100	1024	53460	3248400
585	17	44215100	44220220	chr17.206169	5	1024	210842376	hg38.gc5Base.bw	0	100	1024	62920	4451200
585	17	44302140	44307260	chr17.206186	5	1024	210859784	hg38.gc5Base.bw	0	100	1024	45800	2586400
585	17	45131580	45136700	chr17.206348	5	1024	211025672	hg38.gc5Base.bw	0	100	1024	60960	4254400
585	17	45863740	45868860	chr17.206491	5	1024	211172104	hg38.gc5Base.bw	0	100	1024	47420	2683600
585	17	47983420	47988540	chr17.206905	5	1024	211596040	hg38.gc5Base.bw	0	100	1024	52760	3212000
585	17	48055100	48060220	chr17.206919	5	1024	211610376	hg38.gc5Base.bw	0	100	1024	56300	3530000
585	17	48321340	48326460	chr17.206971	5	1024	211663624	hg38.gc5Base.bw	0	100	1024	39200	2040000
585	17	48428860	48433980	chr17.206992	5	1024	211685128	hg38.gc5Base.bw	0	100	1024	51140	3083600
585	17	48700220	48705340	chr17.207045	5	1024	211739400	hg38.gc5Base.bw	0	100	1024	43720	2396000
585	17	49248060	49253180	chr17.207152	5	1024	211848968	hg38.gc5Base.bw	0	100	1024	52020	3165200
585	17	49437500	49442620	chr17.207189	5	1024	211886856	hg38.gc5Base.bw	0	100	1024	57380	3674000
585	17	49468220	49473340	chr17.207195	5	1024	211893000	hg38.gc5Base.bw	0	100	1024	56680	3590400
585	17	49703740	49708860	chr17.207241	5	1024	211940104	hg38.gc5Base.bw	0	100	1024	49800	2940000
585	17	49964860	49969980	chr17.207292	5	1024	211992328	hg38.gc5Base.bw	0	100	1024	56800	3700800
585	17	50313020	50318140	chr17.207360	5	1024	212061960	hg38.gc5Base.bw	0	100	1024	46760	2675200
585	17	50318140	50323260	chr17.207361	5	1024	212062984	hg38.gc5Base.bw	0	100	1024	47620	2781200
585	17	50328380	50333500	chr17.207363	5	1024	212065032	hg38.gc5Base.bw	0	100	1024	52040	3134400
585	17	50374460	50379580	chr17.207372	5	1024	212074248	hg38.gc5Base.bw	0	100	1024	49540	2874800
585	17	50799420	50804540	chr17.207455	5	1024	212159240	hg38.gc5Base.bw	0	100	1024	53420	3231600
585	17	51434300	51439420	chr17.207579	5	1024	212286216	hg38.gc5Base.bw	0	100	1024	46320	2608800
585	17	51746620	51751740	chr17.207640	5	1024	212348680	hg38.gc5Base.bw	0	100	1024	41940	2180400
585	17	52125500	52130620	chr17.207714	5	1024	212424456	hg38.gc5Base.bw	0	100	1024	37700	1836400
585	17	52442940	52448060	chr17.207776	5	1024	212487944	hg38.gc5Base.bw	0	80	1024	37020	1777200
585	17	53364540	53369660	chr17.207956	5	1024	212672264	hg38.gc5Base.bw	0	100	1024	36380	1754800
585	17	53446460	53451580	chr17.207972	5	1024	212688648	hg38.gc5Base.bw	0	80	1024	32420	1435600
585	17	53533500	53538620	chr17.207989	5	1024	212706056	hg38.gc5Base.bw	0	100	1024	36300	1751600
585	17	54035260	54040380	chr17.208087	5	1024	212806408	hg38.gc5Base.bw	0	100	1024	36940	1747600
585	17	54352700	54357820	chr17.208149	5	1024	212869896	hg38.gc5Base.bw	0	100	1024	37900	1934000
585	17	54547260	54552380	chr17.208187	5	1024	212908808	hg38.gc5Base.bw	0	80	1024	34020	1566800
585	17	55658300	55663420	chr17.208404	5	1024	213131016	hg38.gc5Base.bw	0	100	1024	42460	2236400
585	17	56293180	56298300	chr17.208528	5	1024	213257992	hg38.gc5Base.bw	0	100	1024	43660	2336400
585	17	56482620	56487740	chr17.208565	5	1024	213295880	hg38.gc5Base.bw	0	100	1024	40700	2099600
585	17	56958780	56963900	chr17.208658	5	1024	213391112	hg38.gc5Base.bw	0	100	1024	47760	2863200
585	17	57250620	57255740	chr17.208715	5	1024	213449480	hg38.gc5Base.bw	0	100	1024	37440	1892800
585	17	57332540	57337660	chr17.208731	5	1024	213465864	hg38.gc5Base.bw	0	100	1024	47600	2715200
585	17	57419580	57424700	chr17.208748	5	1024	213483272	hg38.gc5Base.bw	0	100	1024	47340	2699600
585	17	57424700	57429820	chr17.208749	5	1024	213484296	hg38.gc5Base.bw	0	100	1024	44720	2499200
585	17	57829180	57834300	chr17.208828	5	1024	213565192	hg38.gc5Base.bw	0	100	1024	49420	2916400
585	17	57895740	57900860	chr17.208841	5	1024	213578504	hg38.gc5Base.bw	0	100	1024	52480	3245600
585	17	58146620	58151740	chr17.208890	5	1024	213628680	hg38.gc5Base.bw	0	100	1024	40420	2049200
585	17	58151740	58156860	chr17.208891	5	1024	213629704	hg38.gc5Base.bw	0	100	1024	43120	2358400
585	17	58986300	58991420	chr17.209054	5	1024	213796616	hg38.gc5Base.bw	0	100	1024	45860	2608400
585	17	59068220	59073340	chr17.209070	5	1024	213813000	hg38.gc5Base.bw	0	100	1024	39500	2067600
585	17	59191100	59196220	chr17.209094	5	1024	213837576	hg38.gc5Base.bw	0	100	1024	41580	2204400
585	17	59303740	59308860	chr17.209116	5	1024	213860104	hg38.gc5Base.bw	0	100	1024	44500	2534800
585	17	59441980	59447100	chr17.209143	5	1024	213887752	hg38.gc5Base.bw	0	100	1024	44300	2536400
585	17	59621180	59626300	chr17.209178	5	1024	213923592	hg38.gc5Base.bw	0	100	1024	38100	1930800
585	17	61244220	61249340	chr17.209495	5	1024	214248200	hg38.gc5Base.bw	0	100	1024	41600	2214400
585	17	61433660	61438780	chr17.209532	5	1024	214286088	hg38.gc5Base.bw	0	100	1024	37500	1811600
585	17	61484860	61489980	chr17.209542	5	1024	214296328	hg38.gc5Base.bw	0	100	1024	50560	3052800
585	17	61577020	61582140	chr17.209560	5	1024	214314760	hg38.gc5Base.bw	0	100	1024	37800	1891200
585	17	61945660	61950780	chr17.209632	5	1024	214388488	hg38.gc5Base.bw	0	100	1024	39540	2078000
585	17	62350140	62355260	chr17.209711	5	1024	214469384	hg38.gc5Base.bw	0	100	1024	41400	2233600
585	17	63942460	63947580	chr17.210022	5	1024	214787848	hg38.gc5Base.bw	0	100	1024	60420	3959600
585	17	63947580	63952700	chr17.210023	5	1024	214788872	hg38.gc5Base.bw	0	100	1024	61140	4070800
585	17	63968060	63973180	chr17.210027	5	1024	214792968	hg38.gc5Base.bw	0	100	1024	55320	3476000
585	17	64766780	64771900	chr17.210183	5	1024	214952712	hg38.gc5Base.bw	0	100	1024	42680	2401600
585	17	65242940	65248060	chr17.210276	5	1024	215047944	hg38.gc5Base.bw	0	100	1024	48160	2768000
585	17	65432380	65437500	chr17.210313	5	1024	215085832	hg38.gc5Base.bw	0	100	1024	45060	2450800
585	17	65524540	65529660	chr17.210331	5	1024	215104264	hg38.gc5Base.bw	0	100	1024	47680	2784800
585	17	65570620	65575740	chr17.210340	5	1024	215113480	hg38.gc5Base.bw	0	100	1024	50380	3050000
585	17	66205500	66210620	chr17.210464	5	1024	215240456	hg38.gc5Base.bw	0	100	1024	41540	2178000
585	17	67649340	67654460	chr17.210746	5	1024	215529224	hg38.gc5Base.bw	0	100	1024	48540	2794000
585	17	68212540	68217660	chr17.210856	5	1024	215641864	hg38.gc5Base.bw	0	100	1024	41360	2192000
585	17	68688700	68693820	chr17.210949	5	1024	215737096	hg38.gc5Base.bw	0	100	1024	43020	2271600
585	17	68719420	68724540	chr17.210955	5	1024	215743240	hg38.gc5Base.bw	0	100	1024	38160	1937600
585	17	69794620	69799740	chr17.211165	5	1024	215958280	hg38.gc5Base.bw	0	100	1024	39520	2002400
585	17	70204220	70209340	chr17.211245	5	1024	216040200	hg38.gc5Base.bw	0	100	1024	39360	2002400
585	17	70931260	70936380	chr17.211387	5	1024	216185608	hg38.gc5Base.bw	0	100	1024	36640	1802400
585	17	72298300	72303420	chr17.211654	5	1024	216459016	hg38.gc5Base.bw	0	100	1024	47820	2737200
585	17	73009980	73015100	chr17.211793	5	1024	216601352	hg38.gc5Base.bw	0	100	1024	48760	2854400
585	17	73045820	73050940	chr17.211800	5	1024	216608520	hg38.gc5Base.bw	0	100	1024	48580	2854800
585	17	73296700	73301820	chr17.211849	5	1024	216658696	hg38.gc5Base.bw	0	100	1024	49600	3005600
585	17	73537340	73542460	chr17.211896	5	1024	216706824	hg38.gc5Base.bw	0	100	1024	55540	3478000
585	17	73706300	73711420	chr17.211929	5	1024	216740616	hg38.gc5Base.bw	0	100	1024	50360	2942400
585	17	73716540	73721660	chr17.211931	5	1024	216742664	hg38.gc5Base.bw	0	100	1024	51840	3123200
585	17	73967420	73972540	chr17.211980	5	1024	216792840	hg38.gc5Base.bw	0	100	1024	49960	2882400
585	17	74366780	74371900	chr17.212058	5	1024	216872712	hg38.gc5Base.bw	0	100	1024	59560	3868800
585	17	74397500	74402620	chr17.212064	5	1024	216878856	hg38.gc5Base.bw	0	100	1024	45320	2541600
585	17	74730300	74735420	chr17.212129	5	1024	216945416	hg38.gc5Base.bw	0	100	1024	53720	3236000
585	17	74807100	74812220	chr17.212144	5	1024	216960776	hg38.gc5Base.bw	0	100	1024	55660	3450000
585	17	74848060	74853180	chr17.212152	5	1024	216968968	hg38.gc5Base.bw	0	100	1024	63100	4312400
585	17	75180860	75185980	chr17.212217	5	1024	217035528	hg38.gc5Base.bw	0	100	1024	53380	3437200
585	17	75590460	75595580	chr17.212297	5	1024	217117448	hg38.gc5Base.bw	0	100	1024	59540	3904400
585	17	75959100	75964220	chr17.212369	5	1024	217191176	hg38.gc5Base.bw	0	100	1024	46140	2635600
585	17	76261180	76266300	chr17.212428	5	1024	217251592	hg38.gc5Base.bw	0	100	1024	54580	3605200
585	17	76271420	76276540	chr17.212430	5	1024	217253640	hg38.gc5Base.bw	0	100	1024	63360	4338400
585	17	76481340	76486460	chr17.212471	5	1024	217295624	hg38.gc5Base.bw	0	100	1024	54240	3383200
585	17	76532540	76537660	chr17.212481	5	1024	217305864	hg38.gc5Base.bw	0	100	1024	58360	3835200
585	17	76670780	76675900	chr17.212508	5	1024	217333512	hg38.gc5Base.bw	0	100	1024	50780	3020400
585	17	76983100	76988220	chr17.212569	5	1024	217395976	hg38.gc5Base.bw	0	100	1024	53540	3345200
585	17	77054780	77059900	chr17.212583	5	1024	217410312	hg38.gc5Base.bw	0	100	1024	54020	3416400
585	17	77152060	77157180	chr17.212602	5	1024	217429768	hg38.gc5Base.bw	0	100	1024	45740	2616400
585	17	77351740	77356860	chr17.212641	5	1024	217469704	hg38.gc5Base.bw	0	100	1024	56260	3582800
585	17	77628220	77633340	chr17.212695	5	1024	217525000	hg38.gc5Base.bw	0	100	1024	46340	2695600
585	17	78124860	78129980	chr17.212792	5	1024	217624328	hg38.gc5Base.bw	0	100	1024	67060	4778800
585	17	78396220	78401340	chr17.212845	5	1024	217678600	hg38.gc5Base.bw	0	100	1024	55840	3484800
585	17	78483260	78488380	chr17.212862	5	1024	217696008	hg38.gc5Base.bw	0	100	1024	57620	3726800
585	17	78821180	78826300	chr17.212928	5	1024	217763592	hg38.gc5Base.bw	0	100	1024	53480	3296000
585	17	78872380	78877500	chr17.212938	5	1024	217773832	hg38.gc5Base.bw	0	100	1024	52540	3205200
585	17	78892860	78897980	chr17.212942	5	1024	217777928	hg38.gc5Base.bw	0	100	1024	54360	3351200
585	17	79404860	79409980	chr17.213042	5	1024	217880328	hg38.gc5Base.bw	0	100	1024	52840	3229600
585	17	79722300	79727420	chr17.213104	5	1024	217943816	hg38.gc5Base.bw	0	100	1024	49380	2951600
585	17	80090940	80096060	chr17.213176	5	1024	218017544	hg38.gc5Base.bw	0	100	1024	52280	3220000
585	17	80295740	80300860	chr17.213216	5	1024	218058504	hg38.gc5Base.bw	0	100	1024	48620	2858000
585	17	80905020	80910140	chr17.213335	5	1024	218180360	hg38.gc5Base.bw	0	100	1024	55500	3512400
585	17	81073980	81079100	chr17.213368	5	1024	218214152	hg38.gc5Base.bw	0	100	1024	60040	3934400
585	17	81191740	81196860	chr17.213391	5	1024	218237704	hg38.gc5Base.bw	0	100	1024	68220	4884400
585	17	81647420	81652540	chr17.213480	5	1024	218328840	hg38.gc5Base.bw	0	100	1024	61860	4230000
585	17	82129345	82134465	chr17.213566	5	1024	218414856	hg38.gc5Base.bw	0	100	1024	49120	2948000
585	17	82267585	82272705	chr17.213593	5	1024	218442504	hg38.gc5Base.bw	0	100	1024	53280	3265600
585	17	82313665	82318785	chr17.213602	5	1024	218451720	hg38.gc5Base.bw	0	100	1024	66900	4701200
585	17	82441665	82446785	chr17.213627	5	1024	218477320	hg38.gc5Base.bw	0	100	1024	64100	4400400
585	17	82958785	82963905	chr17.213728	5	1024	218580744	hg38.gc5Base.bw	0	100	1024	59940	3996400
585	18	353040	358160	chr18.215753	5	1024	220632228	hg38.gc5Base.bw	0	100	1024	42700	2230800
585	18	547600	552720	chr18.215791	5	1024	220671140	hg38.gc5Base.bw	0	100	1024	42900	2331600
585	18	870160	875280	chr18.215854	5	1024	220735652	hg38.gc5Base.bw	0	100	1024	45200	2514400
585	18	900880	906000	chr18.215860	5	1024	220741796	hg38.gc5Base.bw	0	100	1024	49640	2997600
585	18	1218320	1223440	chr18.215922	5	1024	220805284	hg38.gc5Base.bw	0	100	1024	35640	1704000
585	18	1930000	1935120	chr18.216061	5	1024	220947620	hg38.gc5Base.bw	0	100	1024	40440	2140800
585	18	2165520	2170640	chr18.216107	5	1024	220994724	hg38.gc5Base.bw	0	100	1024	42560	2220000
585	18	2170640	2175760	chr18.216108	5	1024	220995748	hg38.gc5Base.bw	0	100	1024	38980	1926800
585	18	2186000	2191120	chr18.216111	5	1024	220998820	hg38.gc5Base.bw	0	100	1024	38800	1892800
585	18	2278160	2283280	chr18.216129	5	1024	221017252	hg38.gc5Base.bw	0	100	1024	43620	2377200
585	18	2360080	2365200	chr18.216145	5	1024	221033636	hg38.gc5Base.bw	0	100	1024	36740	1803600
585	18	2523920	2529040	chr18.216177	5	1024	221066404	hg38.gc5Base.bw	0	100	1024	38800	1973600
585	18	2636560	2641680	chr18.216199	5	1024	221088932	hg38.gc5Base.bw	0	100	1024	43980	2419600
585	18	2841360	2846480	chr18.216239	5	1024	221129892	hg38.gc5Base.bw	0	100	1024	45400	2512000
585	18	3087120	3092240	chr18.216287	5	1024	221179044	hg38.gc5Base.bw	0	100	1024	42580	2342800
585	18	3128080	3133200	chr18.216295	5	1024	221187236	hg38.gc5Base.bw	0	100	1024	39740	2078000
585	18	3404560	3409680	chr18.216349	5	1024	221242532	hg38.gc5Base.bw	0	100	1024	44480	2461600
585	18	3481360	3486480	chr18.216364	5	1024	221257892	hg38.gc5Base.bw	0	100	1024	45200	2511200
585	18	3931920	3937040	chr18.216452	5	1024	221348004	hg38.gc5Base.bw	0	100	1024	44220	2364400
585	18	3993360	3998480	chr18.216464	5	1024	221360292	hg38.gc5Base.bw	0	100	1024	35180	1728400
585	18	4141840	4146960	chr18.216493	5	1024	221389988	hg38.gc5Base.bw	0	100	1024	40360	2116000
585	18	4413200	4418320	chr18.216546	5	1024	221444260	hg38.gc5Base.bw	0	100	1024	36700	1796400
585	18	4449040	4454160	chr18.216553	5	1024	221451428	hg38.gc5Base.bw	0	100	1024	39440	2004800
585	18	5099280	5104400	chr18.216680	5	1024	221581476	hg38.gc5Base.bw	0	100	1024	42300	2227600
585	18	5232400	5237520	chr18.216706	5	1024	221608100	hg38.gc5Base.bw	0	100	1024	37700	1878800
585	18	5447440	5452560	chr18.216748	5	1024	221651108	hg38.gc5Base.bw	0	100	1024	38760	1956000
585	18	5693200	5698320	chr18.216796	5	1024	221700260	hg38.gc5Base.bw	0	100	1024	38340	1950000
585	18	5734160	5739280	chr18.216804	5	1024	221708452	hg38.gc5Base.bw	0	100	1024	39820	2024400
585	18	5749520	5754640	chr18.216807	5	1024	221711524	hg38.gc5Base.bw	0	100	1024	42540	2239600
585	18	5918480	5923600	chr18.216840	5	1024	221745316	hg38.gc5Base.bw	0	100	1024	42240	2221600
585	18	5933840	5938960	chr18.216843	5	1024	221748388	hg38.gc5Base.bw	0	100	1024	46380	2588400
585	18	5959440	5964560	chr18.216848	5	1024	221753508	hg38.gc5Base.bw	0	100	1024	49580	2900400
585	18	5995280	6000400	chr18.216855	5	1024	221760676	hg38.gc5Base.bw	0	100	1024	43600	2335200
585	18	6630160	6635280	chr18.216979	5	1024	221887652	hg38.gc5Base.bw	0	100	1024	39380	2037200
585	18	6635280	6640400	chr18.216980	5	1024	221888676	hg38.gc5Base.bw	0	100	1024	37600	1845600
585	18	6655760	6660880	chr18.216984	5	1024	221892772	hg38.gc5Base.bw	0	100	1024	40520	2089600
585	18	6911760	6916880	chr18.217034	5	1024	221943972	hg38.gc5Base.bw	0	100	1024	36380	1767600
585	18	7265040	7270160	chr18.217103	5	1024	222014628	hg38.gc5Base.bw	0	100	1024	40680	2170400
585	18	7382800	7387920	chr18.217126	5	1024	222038180	hg38.gc5Base.bw	0	100	1024	46320	2588800
585	18	7515920	7521040	chr18.217152	5	1024	222064804	hg38.gc5Base.bw	0	100	1024	40560	2071200
585	18	7690000	7695120	chr18.217186	5	1024	222099620	hg38.gc5Base.bw	0	100	1024	42000	2209600
585	18	7894800	7899920	chr18.217226	5	1024	222140580	hg38.gc5Base.bw	0	100	1024	39780	2040400
585	18	7946000	7951120	chr18.217236	5	1024	222150820	hg38.gc5Base.bw	0	100	1024	41580	2198800
585	18	8074000	8079120	chr18.217261	5	1024	222176420	hg38.gc5Base.bw	0	100	1024	34880	1636000
585	18	8207120	8212240	chr18.217287	5	1024	222203044	hg38.gc5Base.bw	0	100	1024	46460	2610000
585	18	8545040	8550160	chr18.217353	5	1024	222270628	hg38.gc5Base.bw	0	100	1024	46320	2619200
585	18	8555280	8560400	chr18.217355	5	1024	222272676	hg38.gc5Base.bw	0	100	1024	45840	2534400
585	18	8570640	8575760	chr18.217358	5	1024	222275748	hg38.gc5Base.bw	0	100	1024	44340	2410800
585	18	8719120	8724240	chr18.217387	5	1024	222305444	hg38.gc5Base.bw	0	100	1024	44620	2454800
585	18	8790800	8795920	chr18.217401	5	1024	222319780	hg38.gc5Base.bw	0	100	1024	46960	2658400
585	18	8985360	8990480	chr18.217439	5	1024	222358692	hg38.gc5Base.bw	0	100	1024	48300	2746800
585	18	9046800	9051920	chr18.217451	5	1024	222370980	hg38.gc5Base.bw	0	100	1024	45420	2507600
585	18	9707280	9712400	chr18.217580	5	1024	222503076	hg38.gc5Base.bw	0	100	1024	56240	3683200
585	18	9804560	9809680	chr18.217599	5	1024	222522532	hg38.gc5Base.bw	0	100	1024	48240	2784000
585	18	9855760	9860880	chr18.217609	5	1024	222532772	hg38.gc5Base.bw	0	100	1024	42100	2226000
585	18	10065680	10070800	chr18.217650	5	1024	222574756	hg38.gc5Base.bw	0	100	1024	50340	2950000
585	18	10280720	10285840	chr18.217692	5	1024	222617764	hg38.gc5Base.bw	0	100	1024	45820	2554000
585	18	10301200	10306320	chr18.217696	5	1024	222621860	hg38.gc5Base.bw	0	100	1024	45760	2482400
585	18	10418960	10424080	chr18.217719	5	1024	222645412	hg38.gc5Base.bw	0	100	1024	48860	2798000
585	18	10762000	10767120	chr18.217786	5	1024	222714020	hg38.gc5Base.bw	0	100	1024	46800	2640000
585	18	10895120	10900240	chr18.217812	5	1024	222740644	hg38.gc5Base.bw	0	100	1024	44760	2459200
585	18	11074320	11079440	chr18.217847	5	1024	222776484	hg38.gc5Base.bw	0	100	1024	39040	1971200
585	18	11693840	11698960	chr18.217968	5	1024	222900388	hg38.gc5Base.bw	0	100	1024	49640	2928000
585	18	11867920	11873040	chr18.218002	5	1024	222935204	hg38.gc5Base.bw	0	100	1024	43640	2428000
585	18	11970320	11975440	chr18.218022	5	1024	222955684	hg38.gc5Base.bw	0	100	1024	49880	3024000
585	18	12067600	12072720	chr18.218041	5	1024	222975140	hg38.gc5Base.bw	0	100	1024	42780	2487600
585	18	12420880	12426000	chr18.218110	5	1024	223045796	hg38.gc5Base.bw	0	100	1024	52200	3223200
585	18	12999440	13004560	chr18.218223	5	1024	223161508	hg38.gc5Base.bw	0	100	1024	41920	2246400
585	18	13409040	13414160	chr18.218303	5	1024	223243428	hg38.gc5Base.bw	0	100	1024	44200	2388000
585	18	13450000	13455120	chr18.218311	5	1024	223251620	hg38.gc5Base.bw	0	100	1024	53080	3217600
585	18	13465360	13470480	chr18.218314	5	1024	223254692	hg38.gc5Base.bw	0	100	1024	40300	2074000
585	18	13511440	13516560	chr18.218323	5	1024	223263908	hg38.gc5Base.bw	0	100	1024	44060	2380400
585	18	13711120	13716240	chr18.218362	5	1024	223303844	hg38.gc5Base.bw	0	100	1024	38820	1933200
585	18	14653200	14658320	chr18.218546	5	1024	223492260	hg38.gc5Base.bw	0	100	1024	33780	1656400
585	18	21242560	21247680	chr18.219843	5	1024	224787620	hg38.gc5Base.bw	0	100	1024	41980	2352400
585	18	22461120	22466240	chr18.220081	5	1024	225031332	hg38.gc5Base.bw	0	100	1024	40760	2132000
585	18	22604480	22609600	chr18.220109	5	1024	225060004	hg38.gc5Base.bw	0	100	1024	47780	2735600
585	18	22952640	22957760	chr18.220177	5	1024	225129636	hg38.gc5Base.bw	0	100	1024	40940	2163600
585	18	22978240	22983360	chr18.220182	5	1024	225134756	hg38.gc5Base.bw	0	100	1024	39280	2037600
585	18	23485120	23490240	chr18.220281	5	1024	225236132	hg38.gc5Base.bw	0	100	1024	46740	2705200
585	18	23951040	23956160	chr18.220372	5	1024	225329316	hg38.gc5Base.bw	0	100	1024	44120	2425600
585	18	24232640	24237760	chr18.220427	5	1024	225385636	hg38.gc5Base.bw	0	100	1024	41800	2187200
585	18	24534720	24539840	chr18.220486	5	1024	225446052	hg38.gc5Base.bw	0	100	1024	41180	2150800
585	18	24539840	24544960	chr18.220487	5	1024	225447076	hg38.gc5Base.bw	0	100	1024	41820	2171600
585	18	24678080	24683200	chr18.220514	5	1024	225474724	hg38.gc5Base.bw	0	100	1024	41060	2116400
585	18	25200320	25205440	chr18.220616	5	1024	225579172	hg38.gc5Base.bw	0	100	1024	36400	1773600
585	18	25476800	25481920	chr18.220670	5	1024	225634468	hg38.gc5Base.bw	0	100	1024	41040	2140800
585	18	25855680	25860800	chr18.220744	5	1024	225710244	hg38.gc5Base.bw	0	100	1024	38940	1957200
585	18	25860800	25865920	chr18.220745	5	1024	225711268	hg38.gc5Base.bw	0	100	1024	43980	2388400
585	18	26485440	26490560	chr18.220867	5	1024	225836196	hg38.gc5Base.bw	0	100	1024	42040	2239200
585	18	26531520	26536640	chr18.220876	5	1024	225845412	hg38.gc5Base.bw	0	100	1024	40640	2107200
585	18	26772160	26777280	chr18.220923	5	1024	225893540	hg38.gc5Base.bw	0	100	1024	39300	2003600
585	18	26869440	26874560	chr18.220942	5	1024	225912996	hg38.gc5Base.bw	0	100	1024	42740	2269200
585	18	26915520	26920640	chr18.220951	5	1024	225922212	hg38.gc5Base.bw	0	100	1024	39440	1963200
585	18	26925760	26930880	chr18.220953	5	1024	225924260	hg38.gc5Base.bw	0	100	1024	43740	2320400
585	18	27007680	27012800	chr18.220969	5	1024	225940644	hg38.gc5Base.bw	0	100	1024	41500	2146000
585	18	27012800	27017920	chr18.220970	5	1024	225941668	hg38.gc5Base.bw	0	100	1024	37620	1883600
585	18	27171520	27176640	chr18.221001	5	1024	225973412	hg38.gc5Base.bw	0	100	1024	33280	1535200
585	18	27181760	27186880	chr18.221003	5	1024	225975460	hg38.gc5Base.bw	0	100	1024	44600	2606400
585	18	27299520	27304640	chr18.221026	5	1024	225999012	hg38.gc5Base.bw	0	100	1024	34580	1615600
585	18	27304640	27309760	chr18.221027	5	1024	226000036	hg38.gc5Base.bw	0	100	1024	38340	1926000
585	18	28287680	28292800	chr18.221219	5	1024	226196644	hg38.gc5Base.bw	0	80	1024	34860	1635600
585	18	28994240	28999360	chr18.221357	5	1024	226337956	hg38.gc5Base.bw	0	100	1024	35220	1709200
585	18	29060800	29065920	chr18.221370	5	1024	226351268	hg38.gc5Base.bw	0	100	1024	34720	1630400
585	18	29086400	29091520	chr18.221375	5	1024	226356388	hg38.gc5Base.bw	0	100	1024	34620	1594800
585	18	29147840	29152960	chr18.221387	5	1024	226368676	hg38.gc5Base.bw	0	100	1024	37080	1798400
585	18	29388480	29393600	chr18.221434	5	1024	226416804	hg38.gc5Base.bw	0	100	1024	39820	2051600
585	18	29562560	29567680	chr18.221468	5	1024	226451620	hg38.gc5Base.bw	0	80	1024	32680	1496800
585	18	29885120	29890240	chr18.221531	5	1024	226516132	hg38.gc5Base.bw	0	80	1024	31760	1385600
585	18	30151360	30156480	chr18.221583	5	1024	226569380	hg38.gc5Base.bw	0	100	1024	31860	1394800
585	18	30238400	30243520	chr18.221600	5	1024	226586788	hg38.gc5Base.bw	0	100	1024	36840	1751200
585	18	30335680	30340800	chr18.221619	5	1024	226606244	hg38.gc5Base.bw	0	100	1024	30500	1312400
585	18	30351040	30356160	chr18.221622	5	1024	226609316	hg38.gc5Base.bw	0	100	1024	40920	2203200
585	18	30386880	30392000	chr18.221629	5	1024	226616484	hg38.gc5Base.bw	0	100	1024	37740	1886800
585	18	30402240	30407360	chr18.221632	5	1024	226619556	hg38.gc5Base.bw	0	80	1024	34800	1645600
585	18	30468800	30473920	chr18.221645	5	1024	226632868	hg38.gc5Base.bw	0	100	1024	35360	1700000
585	18	30555840	30560960	chr18.221662	5	1024	226650276	hg38.gc5Base.bw	0	100	1024	35160	1682400
585	18	31308480	31313600	chr18.221809	5	1024	226800804	hg38.gc5Base.bw	0	100	1024	37060	1808400
585	18	31339200	31344320	chr18.221815	5	1024	226806948	hg38.gc5Base.bw	0	100	1024	36720	1836800
585	18	32445120	32450240	chr18.222031	5	1024	227028132	hg38.gc5Base.bw	0	100	1024	36880	1823200
585	18	32501440	32506560	chr18.222042	5	1024	227039396	hg38.gc5Base.bw	0	100	1024	44420	2391600
585	18	33535680	33540800	chr18.222244	5	1024	227246244	hg38.gc5Base.bw	0	100	1024	37040	1766400
585	18	33704640	33709760	chr18.222277	5	1024	227280036	hg38.gc5Base.bw	0	100	1024	31240	1356800
585	18	33735360	33740480	chr18.222283	5	1024	227286180	hg38.gc5Base.bw	0	100	1024	37960	1841600
585	18	33745600	33750720	chr18.222285	5	1024	227288228	hg38.gc5Base.bw	0	100	1024	40660	2100400
585	18	34943680	34948800	chr18.222519	5	1024	227527844	hg38.gc5Base.bw	0	100	1024	36460	1810800
585	18	36310720	36315840	chr18.222786	5	1024	227801252	hg38.gc5Base.bw	0	100	1024	49260	2865200
585	18	36592320	36597440	chr18.222841	5	1024	227857572	hg38.gc5Base.bw	0	100	1024	50560	2971200
585	18	36648640	36653760	chr18.222852	5	1024	227868836	hg38.gc5Base.bw	0	100	1024	45740	2552400
585	18	36689600	36694720	chr18.222860	5	1024	227877028	hg38.gc5Base.bw	0	100	1024	46120	2576800
585	18	36797120	36802240	chr18.222881	5	1024	227898532	hg38.gc5Base.bw	0	100	1024	43740	2350000
585	18	37432000	37437120	chr18.223005	5	1024	228025508	hg38.gc5Base.bw	0	100	1024	53680	3286400
585	18	37580480	37585600	chr18.223034	5	1024	228055204	hg38.gc5Base.bw	0	100	1024	45980	2522800
585	18	37688000	37693120	chr18.223055	5	1024	228076708	hg38.gc5Base.bw	0	100	1024	42340	2274000
585	18	37708480	37713600	chr18.223059	5	1024	228080804	hg38.gc5Base.bw	0	100	1024	44060	2367600
585	18	38133440	38138560	chr18.223142	5	1024	228165796	hg38.gc5Base.bw	0	100	1024	40260	2045200
585	18	38194880	38200000	chr18.223154	5	1024	228178084	hg38.gc5Base.bw	0	100	1024	39440	2020000
585	18	38297280	38302400	chr18.223174	5	1024	228198564	hg38.gc5Base.bw	0	100	1024	38740	1949200
585	18	38363840	38368960	chr18.223187	5	1024	228211876	hg38.gc5Base.bw	0	100	1024	39740	2022000
585	18	38409920	38415040	chr18.223196	5	1024	228221092	hg38.gc5Base.bw	0	100	1024	38960	1965600
585	18	38435520	38440640	chr18.223201	5	1024	228226212	hg38.gc5Base.bw	0	100	1024	40720	2066400
585	18	38548160	38553280	chr18.223223	5	1024	228248740	hg38.gc5Base.bw	0	100	1024	38980	1946000
585	18	38589120	38594240	chr18.223231	5	1024	228256932	hg38.gc5Base.bw	0	100	1024	34760	1630400
585	18	38783680	38788800	chr18.223269	5	1024	228295844	hg38.gc5Base.bw	0	100	1024	37880	1837600
585	18	39142080	39147200	chr18.223339	5	1024	228367524	hg38.gc5Base.bw	0	100	1024	35480	1684000
585	18	39331520	39336640	chr18.223376	5	1024	228405412	hg38.gc5Base.bw	0	100	1024	40420	2110800
585	18	39362240	39367360	chr18.223382	5	1024	228411556	hg38.gc5Base.bw	0	100	1024	34960	1627200
585	18	39377600	39382720	chr18.223385	5	1024	228414628	hg38.gc5Base.bw	0	100	1024	36900	1810800
585	18	40002240	40007360	chr18.223507	5	1024	228539556	hg38.gc5Base.bw	0	100	1024	37400	1852000
585	18	40345280	40350400	chr18.223574	5	1024	228608164	hg38.gc5Base.bw	0	100	1024	35700	1714800
585	18	40765120	40770240	chr18.223656	5	1024	228692132	hg38.gc5Base.bw	0	100	1024	39120	2028000
585	18	40780480	40785600	chr18.223659	5	1024	228695204	hg38.gc5Base.bw	0	100	1024	36160	1730400
585	18	41036480	41041600	chr18.223709	5	1024	228746404	hg38.gc5Base.bw	0	100	1024	34520	1600800
585	18	41676480	41681600	chr18.223834	5	1024	228874404	hg38.gc5Base.bw	0	100	1024	38380	1872400
585	18	41901760	41906880	chr18.223878	5	1024	228919460	hg38.gc5Base.bw	0	100	1024	41420	2091600
585	18	42301120	42306240	chr18.223956	5	1024	228999332	hg38.gc5Base.bw	0	100	1024	39580	1979600
585	18	42393280	42398400	chr18.223974	5	1024	229017764	hg38.gc5Base.bw	0	100	1024	36080	1712000
585	18	42470080	42475200	chr18.223989	5	1024	229033124	hg38.gc5Base.bw	0	100	1024	40140	2039600
585	18	42695360	42700480	chr18.224033	5	1024	229078180	hg38.gc5Base.bw	0	100	1024	34900	1656400
585	18	42884800	42889920	chr18.224070	5	1024	229116068	hg38.gc5Base.bw	0	100	1024	35260	1681200
585	18	44236480	44241600	chr18.224334	5	1024	229386404	hg38.gc5Base.bw	0	100	1024	36660	1802000
585	18	44692160	44697280	chr18.224423	5	1024	229477540	hg38.gc5Base.bw	0	100	1024	44540	2383600
585	18	44707520	44712640	chr18.224426	5	1024	229480612	hg38.gc5Base.bw	0	100	1024	47240	2680800
585	18	44825280	44830400	chr18.224449	5	1024	229504164	hg38.gc5Base.bw	0	100	1024	40240	2061600
585	18	44958400	44963520	chr18.224475	5	1024	229530788	hg38.gc5Base.bw	0	100	1024	43860	2346000
585	18	45444800	45449920	chr18.224570	5	1024	229628068	hg38.gc5Base.bw	0	100	1024	43000	2259200
585	18	45465280	45470400	chr18.224574	5	1024	229632164	hg38.gc5Base.bw	0	100	1024	45700	2515600
585	18	45480640	45485760	chr18.224577	5	1024	229635236	hg38.gc5Base.bw	0	100	1024	39460	2008400
585	18	45618880	45624000	chr18.224604	5	1024	229662884	hg38.gc5Base.bw	0	100	1024	48880	2789600
585	18	45798080	45803200	chr18.224639	5	1024	229698724	hg38.gc5Base.bw	0	100	1024	48600	2760800
585	18	46622400	46627520	chr18.224800	5	1024	229863588	hg38.gc5Base.bw	0	100	1024	48840	2830400
585	18	46642880	46648000	chr18.224804	5	1024	229867684	hg38.gc5Base.bw	0	100	1024	50140	2926800
585	18	46699200	46704320	chr18.224815	5	1024	229878948	hg38.gc5Base.bw	0	100	1024	50140	3014800
585	18	47276555	47281675	chr18.224919	5	1024	229984420	hg38.gc5Base.bw	0	100	1024	42120	2169600
585	18	47409675	47414795	chr18.224945	5	1024	230011044	hg38.gc5Base.bw	0	100	1024	50460	2966800
585	18	47839755	47844875	chr18.225029	5	1024	230097060	hg38.gc5Base.bw	0	100	1024	37240	1834400
585	18	48018955	48024075	chr18.225064	5	1024	230132900	hg38.gc5Base.bw	0	100	1024	53180	3214000
585	18	48065035	48070155	chr18.225073	5	1024	230142116	hg38.gc5Base.bw	0	100	1024	51840	3096800
585	18	48095755	48100875	chr18.225079	5	1024	230148260	hg38.gc5Base.bw	0	100	1024	48080	2759200
585	18	48269835	48274955	chr18.225113	5	1024	230183076	hg38.gc5Base.bw	0	100	1024	36940	1845200
585	18	48356875	48361995	chr18.225130	5	1024	230200484	hg38.gc5Base.bw	0	100	1024	50800	2987200
585	18	48617995	48623115	chr18.225181	5	1024	230252708	hg38.gc5Base.bw	0	100	1024	54300	3326800
585	18	49329675	49334795	chr18.225320	5	1024	230395044	hg38.gc5Base.bw	0	100	1024	36080	1720000
585	18	49380875	49385995	chr18.225330	5	1024	230405284	hg38.gc5Base.bw	0	100	1024	40060	2069200
585	18	50947595	50952715	chr18.225636	5	1024	230718628	hg38.gc5Base.bw	0	100	1024	39160	2052000
585	18	51147275	51152395	chr18.225675	5	1024	230758564	hg38.gc5Base.bw	0	100	1024	45740	2606800
585	18	51393035	51398155	chr18.225723	5	1024	230807716	hg38.gc5Base.bw	0	100	1024	41920	2213600
585	18	51541515	51546635	chr18.225752	5	1024	230837412	hg38.gc5Base.bw	0	100	1024	41500	2163600
585	18	51736075	51741195	chr18.225790	5	1024	230876324	hg38.gc5Base.bw	0	100	1024	41240	2186400
585	18	51910155	51915275	chr18.225824	5	1024	230911140	hg38.gc5Base.bw	0	100	1024	37640	1876000
585	18	51981835	51986955	chr18.225838	5	1024	230925476	hg38.gc5Base.bw	0	100	1024	41040	2145600
585	18	52283915	52289035	chr18.225897	5	1024	230985892	hg38.gc5Base.bw	0	100	1024	40400	2081600
585	18	52314635	52319755	chr18.225903	5	1024	230992036	hg38.gc5Base.bw	0	100	1024	40020	2038000
585	18	52381195	52386315	chr18.225916	5	1024	231005348	hg38.gc5Base.bw	0	100	1024	36200	1744800
585	18	52719115	52724235	chr18.225982	5	1024	231072932	hg38.gc5Base.bw	0	100	1024	43360	2332000
585	18	52847115	52852235	chr18.226007	5	1024	231098532	hg38.gc5Base.bw	0	100	1024	35500	1681200
585	18	53118475	53123595	chr18.226060	5	1024	231152804	hg38.gc5Base.bw	0	100	1024	34660	1640400
585	18	53261835	53266955	chr18.226088	5	1024	231181476	hg38.gc5Base.bw	0	100	1024	37480	1860800
585	18	53410315	53415435	chr18.226117	5	1024	231211172	hg38.gc5Base.bw	0	100	1024	35840	1727200
585	18	53502475	53507595	chr18.226135	5	1024	231229604	hg38.gc5Base.bw	0	100	1024	37920	1873600
585	18	53563915	53569035	chr18.226147	5	1024	231241892	hg38.gc5Base.bw	0	100	1024	39840	2028800
585	18	54024715	54029835	chr18.226237	5	1024	231334052	hg38.gc5Base.bw	0	100	1024	42780	2279600
585	18	54081035	54086155	chr18.226248	5	1024	231345316	hg38.gc5Base.bw	0	100	1024	42980	2273200
585	18	54290955	54296075	chr18.226289	5	1024	231387300	hg38.gc5Base.bw	0	100	1024	35460	1700400
585	18	54916545	54921665	chr18.226412	5	1024	231512228	hg38.gc5Base.bw	0	100	1024	42320	2257600
585	18	55218625	55223745	chr18.226471	5	1024	231572644	hg38.gc5Base.bw	0	100	1024	39660	2039600
585	18	55955905	55961025	chr18.226615	5	1024	231720100	hg38.gc5Base.bw	0	100	1024	40600	2095200
585	18	56109505	56114625	chr18.226645	5	1024	231750820	hg38.gc5Base.bw	0	100	1024	41080	2099200
585	18	56304065	56309185	chr18.226683	5	1024	231789732	hg38.gc5Base.bw	0	100	1024	39840	2047200
585	18	56836545	56841665	chr18.226787	5	1024	231896228	hg38.gc5Base.bw	0	100	1024	35920	1813600
585	18	56897985	56903105	chr18.226799	5	1024	231908516	hg38.gc5Base.bw	0	100	1024	36440	1741600
585	18	56944065	56949185	chr18.226808	5	1024	231917732	hg38.gc5Base.bw	0	100	1024	38040	1873600
585	18	57087425	57092545	chr18.226836	5	1024	231946404	hg38.gc5Base.bw	0	100	1024	47620	2690800
585	18	57097665	57102785	chr18.226838	5	1024	231948452	hg38.gc5Base.bw	0	100	1024	39560	1996800
585	18	57174465	57179585	chr18.226853	5	1024	231963812	hg38.gc5Base.bw	0	100	1024	46000	2575200
585	18	57374145	57379265	chr18.226892	5	1024	232003748	hg38.gc5Base.bw	0	100	1024	44380	2394000
585	18	58003905	58009025	chr18.227015	5	1024	232129700	hg38.gc5Base.bw	0	100	1024	44640	2454400
585	18	58116545	58121665	chr18.227037	5	1024	232152228	hg38.gc5Base.bw	0	100	1024	48100	2768400
585	18	58121665	58126785	chr18.227038	5	1024	232153252	hg38.gc5Base.bw	0	100	1024	48900	2859600
585	18	58326465	58331585	chr18.227078	5	1024	232194212	hg38.gc5Base.bw	0	100	1024	43400	2360800
585	18	58485185	58490305	chr18.227109	5	1024	232225956	hg38.gc5Base.bw	0	100	1024	48360	2766400
585	18	58945985	58951105	chr18.227199	5	1024	232318116	hg38.gc5Base.bw	0	100	1024	40740	2150000
585	18	59104705	59109825	chr18.227230	5	1024	232349860	hg38.gc5Base.bw	0	100	1024	37540	1862000
585	18	59309505	59314625	chr18.227270	5	1024	232390820	hg38.gc5Base.bw	0	100	1024	43480	2338400
585	18	59391425	59396545	chr18.227286	5	1024	232407204	hg38.gc5Base.bw	0	100	1024	45480	2552000
585	18	59432385	59437505	chr18.227294	5	1024	232415396	hg38.gc5Base.bw	0	100	1024	43880	2436000
585	18	60231105	60236225	chr18.227450	5	1024	232575140	hg38.gc5Base.bw	0	80	1024	34080	1544000
585	18	60394945	60400065	chr18.227482	5	1024	232607908	hg38.gc5Base.bw	0	100	1024	34300	1616400
585	18	60502465	60507585	chr18.227503	5	1024	232629412	hg38.gc5Base.bw	0	100	1024	36180	1738000
585	18	61193665	61198785	chr18.227638	5	1024	232767652	hg38.gc5Base.bw	0	80	1024	36920	1780000
585	18	61326785	61331905	chr18.227664	5	1024	232794276	hg38.gc5Base.bw	0	100	1024	39580	1992400
585	18	61331905	61337025	chr18.227665	5	1024	232795300	hg38.gc5Base.bw	0	100	1024	50620	3100400
585	18	61403585	61408705	chr18.227679	5	1024	232809636	hg38.gc5Base.bw	0	100	1024	39000	1997600
585	18	62355905	62361025	chr18.227865	5	1024	233000100	hg38.gc5Base.bw	0	100	1024	43560	2362400
585	18	63021505	63026625	chr18.227995	5	1024	233133220	hg38.gc5Base.bw	0	100	1024	47700	2780400
585	18	63236545	63241665	chr18.228037	5	1024	233176228	hg38.gc5Base.bw	0	100	1024	44840	2510400
585	18	63482305	63487425	chr18.228085	5	1024	233225380	hg38.gc5Base.bw	0	100	1024	42120	2222400
585	18	63707585	63712705	chr18.228129	5	1024	233270436	hg38.gc5Base.bw	0	100	1024	39540	1989200
585	18	63774145	63779265	chr18.228142	5	1024	233283748	hg38.gc5Base.bw	0	100	1024	37540	1848400
585	18	64178625	64183745	chr18.228221	5	1024	233364644	hg38.gc5Base.bw	0	100	1024	40420	2062000
585	18	64327105	64332225	chr18.228250	5	1024	233394340	hg38.gc5Base.bw	0	100	1024	40800	2075200
585	18	64403905	64409025	chr18.228265	5	1024	233409700	hg38.gc5Base.bw	0	100	1024	37180	1797200
585	18	66774465	66779585	chr18.228728	5	1024	233883812	hg38.gc5Base.bw	0	100	1024	36020	1732400
585	18	67726785	67731905	chr18.228914	5	1024	234074276	hg38.gc5Base.bw	0	100	1024	36560	1828800
585	18	67926465	67931585	chr18.228953	5	1024	234114212	hg38.gc5Base.bw	0	100	1024	34460	1667600
585	18	68115905	68121025	chr18.228990	5	1024	234152100	hg38.gc5Base.bw	0	100	1024	36160	1777600
585	18	68377025	68382145	chr18.229041	5	1024	234204324	hg38.gc5Base.bw	0	100	1024	34540	1640400
585	18	68771265	68776385	chr18.229118	5	1024	234283172	hg38.gc5Base.bw	0	100	1024	32600	1510400
585	18	69252545	69257665	chr18.229212	5	1024	234379428	hg38.gc5Base.bw	0	100	1024	40400	2035200
585	18	69395905	69401025	chr18.229240	5	1024	234408100	hg38.gc5Base.bw	0	100	1024	43000	2472800
585	18	69477825	69482945	chr18.229256	5	1024	234424484	hg38.gc5Base.bw	0	100	1024	35180	1667600
585	18	69523905	69529025	chr18.229265	5	1024	234433700	hg38.gc5Base.bw	0	100	1024	34740	1633200
585	18	70250945	70256065	chr18.229407	5	1024	234579108	hg38.gc5Base.bw	0	100	1024	35960	1788800
585	18	70373825	70378945	chr18.229431	5	1024	234603684	hg38.gc5Base.bw	0	100	1024	43500	2381200
585	18	70527425	70532545	chr18.229461	5	1024	234634404	hg38.gc5Base.bw	0	100	1024	37380	1869200
585	18	71126465	71131585	chr18.229578	5	1024	234754212	hg38.gc5Base.bw	0	100	1024	37860	1986800
585	18	71351745	71356865	chr18.229622	5	1024	234799268	hg38.gc5Base.bw	0	100	1024	36440	1787200
585	18	71735745	71740865	chr18.229697	5	1024	234876068	hg38.gc5Base.bw	0	100	1024	31440	1436800
585	18	72196545	72201665	chr18.229787	5	1024	234968228	hg38.gc5Base.bw	0	100	1024	39520	2023200
585	18	72452545	72457665	chr18.229837	5	1024	235019428	hg38.gc5Base.bw	0	100	1024	41320	2151200
585	18	72887745	72892865	chr18.229922	5	1024	235106468	hg38.gc5Base.bw	0	100	1024	38420	1926000
585	18	72944065	72949185	chr18.229933	5	1024	235117732	hg38.gc5Base.bw	0	100	1024	34020	1618000
585	18	73164225	73169345	chr18.229976	5	1024	235161764	hg38.gc5Base.bw	0	100	1024	37960	1907200
585	18	73317825	73322945	chr18.230006	5	1024	235192484	hg38.gc5Base.bw	0	80	1024	32100	1457200
585	18	73573825	73578945	chr18.230056	5	1024	235243684	hg38.gc5Base.bw	0	100	1024	34520	1625600
585	18	73655745	73660865	chr18.230072	5	1024	235260068	hg38.gc5Base.bw	0	100	1024	37880	1890400
585	18	73829825	73834945	chr18.230106	5	1024	235294884	hg38.gc5Base.bw	0	100	1024	51160	2957600
585	18	73983425	73988545	chr18.230136	5	1024	235325604	hg38.gc5Base.bw	0	100	1024	44460	2442000
585	18	74428865	74433985	chr18.230223	5	1024	235414692	hg38.gc5Base.bw	0	100	1024	49120	2809600
585	18	75299265	75304385	chr18.230393	5	1024	235588772	hg38.gc5Base.bw	0	100	1024	47400	2685600
585	18	75370945	75376065	chr18.230407	5	1024	235603108	hg38.gc5Base.bw	0	100	1024	47020	2609200
585	18	75483585	75488705	chr18.230429	5	1024	235625636	hg38.gc5Base.bw	0	100	1024	38420	1895600
585	18	75504065	75509185	chr18.230433	5	1024	235629732	hg38.gc5Base.bw	0	100	1024	44880	2438400
585	18	75708865	75713985	chr18.230473	5	1024	235670692	hg38.gc5Base.bw	0	100	1024	36540	1793200
585	18	76185025	76190145	chr18.230566	5	1024	235765924	hg38.gc5Base.bw	0	100	1024	41860	2198000
585	18	76727745	76732865	chr18.230672	5	1024	235874468	hg38.gc5Base.bw	0	100	1024	42280	2284800
585	18	76748225	76753345	chr18.230676	5	1024	235878564	hg38.gc5Base.bw	0	100	1024	41140	2230000
585	18	76794305	76799425	chr18.230685	5	1024	235887780	hg38.gc5Base.bw	0	100	1024	43520	2375200
585	18	77157825	77162945	chr18.230756	5	1024	235960484	hg38.gc5Base.bw	0	100	1024	44360	2488000
585	18	77178305	77183425	chr18.230760	5	1024	235964580	hg38.gc5Base.bw	0	100	1024	43880	2394400
585	18	77342145	77347265	chr18.230792	5	1024	235997348	hg38.gc5Base.bw	0	100	1024	52120	3181600
585	18	77618625	77623745	chr18.230846	5	1024	236052644	hg38.gc5Base.bw	0	100	1024	45480	2552800
585	18	77741505	77746625	chr18.230870	5	1024	236077220	hg38.gc5Base.bw	0	100	1024	37200	1779200
585	18	78145985	78151105	chr18.230949	5	1024	236158116	hg38.gc5Base.bw	0	100	1024	43420	2306800
585	18	78258625	78263745	chr18.230971	5	1024	236180644	hg38.gc5Base.bw	0	100	1024	33220	1554000
585	18	78273985	78279105	chr18.230974	5	1024	236183716	hg38.gc5Base.bw	0	100	1024	33140	1564400
585	18	78299585	78304705	chr18.230979	5	1024	236188836	hg38.gc5Base.bw	0	100	1024	43280	2379200
585	18	78432705	78437825	chr18.231005	5	1024	236215460	hg38.gc5Base.bw	0	100	1024	43080	2287200
585	18	78535105	78540225	chr18.231025	5	1024	236235940	hg38.gc5Base.bw	0	100	1024	44840	2536000
585	18	78929345	78934465	chr18.231102	5	1024	236314788	hg38.gc5Base.bw	0	100	1024	45280	2551200
585	18	79374785	79379905	chr18.231189	5	1024	236403876	hg38.gc5Base.bw	0	100	1024	52240	3202400
585	18	79477185	79482305	chr18.231209	5	1024	236424356	hg38.gc5Base.bw	0	100	1024	61660	4141200
585	18	79538625	79543745	chr18.231221	5	1024	236436644	hg38.gc5Base.bw	0	100	1024	50380	2994800
585	18	80050625	80055745	chr18.231321	5	1024	236539044	hg38.gc5Base.bw	0	100	1024	40860	2091600
585	19	392800	397920	chr19.231754	5	1024	236977423	hg38.gc5Base.bw	0	100	1024	52400	3095200
585	19	725600	730720	chr19.231819	5	1024	237043983	hg38.gc5Base.bw	0	100	1024	62220	4242800
585	19	1027680	1032800	chr19.231878	5	1024	237104399	hg38.gc5Base.bw	0	100	1024	60940	4178800
585	19	1130080	1135200	chr19.231898	5	1024	237124879	hg38.gc5Base.bw	0	100	1024	64240	4490400
585	19	1196640	1201760	chr19.231911	5	1024	237138191	hg38.gc5Base.bw	0	100	1024	55220	3546000
585	19	1232480	1237600	chr19.231918	5	1024	237145359	hg38.gc5Base.bw	0	100	1024	70640	5216000
585	19	1263200	1268320	chr19.231924	5	1024	237151503	hg38.gc5Base.bw	0	100	1024	65180	4626800
585	19	2251360	2256480	chr19.232117	5	1024	237349135	hg38.gc5Base.bw	0	100	1024	67200	4852000
585	19	2256480	2261600	chr19.232118	5	1024	237350159	hg38.gc5Base.bw	0	100	1024	53800	3396800
585	19	2404960	2410080	chr19.232147	5	1024	237379855	hg38.gc5Base.bw	0	100	1024	52700	3315600
585	19	2420320	2425440	chr19.232150	5	1024	237382927	hg38.gc5Base.bw	0	100	1024	60240	4148800
585	19	2983520	2988640	chr19.232260	5	1024	237495567	hg38.gc5Base.bw	0	100	1024	56560	3664800
585	19	3111520	3116640	chr19.232285	5	1024	237521167	hg38.gc5Base.bw	0	100	1024	64920	4516000
585	19	3587680	3592800	chr19.232378	5	1024	237616399	hg38.gc5Base.bw	0	100	1024	56420	3559600
585	19	4519520	4524640	chr19.232560	5	1024	237802767	hg38.gc5Base.bw	0	100	1024	58080	3812800
585	19	4545120	4550240	chr19.232565	5	1024	237807887	hg38.gc5Base.bw	0	100	1024	57040	3719200
585	19	5210720	5215840	chr19.232695	5	1024	237941007	hg38.gc5Base.bw	0	100	1024	58460	3778000
585	19	5267040	5272160	chr19.232706	5	1024	237952271	hg38.gc5Base.bw	0	100	1024	55620	3559600
585	19	5348960	5354080	chr19.232722	5	1024	237968655	hg38.gc5Base.bw	0	100	1024	50340	2995600
585	19	5364320	5369440	chr19.232725	5	1024	237971727	hg38.gc5Base.bw	0	100	1024	50780	3001200
585	19	5400160	5405280	chr19.232732	5	1024	237978895	hg38.gc5Base.bw	0	100	1024	51800	3100000
585	19	5461600	5466720	chr19.232744	5	1024	237991183	hg38.gc5Base.bw	0	100	1024	50120	2928800
585	19	6449760	6454880	chr19.232937	5	1024	238188815	hg38.gc5Base.bw	0	100	1024	52500	3201200
585	19	6608480	6613600	chr19.232968	5	1024	238220559	hg38.gc5Base.bw	0	100	1024	43880	2438400
585	19	6813280	6818400	chr19.233008	5	1024	238261519	hg38.gc5Base.bw	0	100	1024	45940	2587600
585	19	6844000	6849120	chr19.233014	5	1024	238267663	hg38.gc5Base.bw	0	100	1024	41940	2456400
585	19	6895200	6900320	chr19.233024	5	1024	238277903	hg38.gc5Base.bw	0	100	1024	44660	2435600
585	19	6905440	6910560	chr19.233026	5	1024	238279951	hg38.gc5Base.bw	0	100	1024	41540	2224400
585	19	7166560	7171680	chr19.233077	5	1024	238332175	hg38.gc5Base.bw	0	100	1024	47740	2693200
585	19	7294560	7299680	chr19.233102	5	1024	238357775	hg38.gc5Base.bw	0	100	1024	46760	2753600
585	19	7612000	7617120	chr19.233164	5	1024	238421263	hg38.gc5Base.bw	0	100	1024	63580	4424400
585	19	7827040	7832160	chr19.233206	5	1024	238464271	hg38.gc5Base.bw	0	100	1024	58140	3900400
585	19	8400480	8405600	chr19.233318	5	1024	238578959	hg38.gc5Base.bw	0	100	1024	60620	4086800
585	19	8497760	8502880	chr19.233337	5	1024	238598415	hg38.gc5Base.bw	0	100	1024	60940	4124400
585	19	8810080	8815200	chr19.233398	5	1024	238660879	hg38.gc5Base.bw	0	100	1024	41300	2070000
585	19	8845920	8851040	chr19.233405	5	1024	238668047	hg38.gc5Base.bw	0	100	1024	46700	2661200
585	19	8932960	8938080	chr19.233422	5	1024	238685455	hg38.gc5Base.bw	0	100	1024	48640	2715200
585	19	8943200	8948320	chr19.233424	5	1024	238687503	hg38.gc5Base.bw	0	100	1024	45540	2401200
585	19	9081440	9086560	chr19.233451	5	1024	238715151	hg38.gc5Base.bw	0	100	1024	46040	2623200
585	19	9235040	9240160	chr19.233481	5	1024	238745871	hg38.gc5Base.bw	0	100	1024	45260	2521200
585	19	9485920	9491040	chr19.233530	5	1024	238796047	hg38.gc5Base.bw	0	100	1024	44900	2469200
585	19	9629280	9634400	chr19.233558	5	1024	238824719	hg38.gc5Base.bw	0	100	1024	44720	2412800
585	19	10177120	10182240	chr19.233665	5	1024	238934287	hg38.gc5Base.bw	0	100	1024	46660	2706800
585	19	10346080	10351200	chr19.233698	5	1024	238968079	hg38.gc5Base.bw	0	100	1024	49780	3000400
585	19	10351200	10356320	chr19.233699	5	1024	238969103	hg38.gc5Base.bw	0	100	1024	57900	3841200
585	19	11124320	11129440	chr19.233850	5	1024	239123727	hg38.gc5Base.bw	0	100	1024	51340	3169200
585	19	11155040	11160160	chr19.233856	5	1024	239129871	hg38.gc5Base.bw	0	100	1024	51640	3172800
585	19	11421280	11426400	chr19.233908	5	1024	239183119	hg38.gc5Base.bw	0	100	1024	53660	3507600
585	19	11585120	11590240	chr19.233940	5	1024	239215887	hg38.gc5Base.bw	0	100	1024	52820	3240400
585	19	11928160	11933280	chr19.234007	5	1024	239284495	hg38.gc5Base.bw	0	100	1024	44060	2458000
585	19	13238880	13244000	chr19.234263	5	1024	239546639	hg38.gc5Base.bw	0	100	1024	54360	3300000
585	19	13244000	13249120	chr19.234264	5	1024	239547663	hg38.gc5Base.bw	0	100	1024	54500	3411600
585	19	13756000	13761120	chr19.234364	5	1024	239650063	hg38.gc5Base.bw	0	100	1024	54480	3400800
585	19	13858400	13863520	chr19.234384	5	1024	239670543	hg38.gc5Base.bw	0	100	1024	54700	3468400
585	19	14477920	14483040	chr19.234505	5	1024	239794447	hg38.gc5Base.bw	0	100	1024	61900	4210800
585	19	14810720	14815840	chr19.234570	5	1024	239861007	hg38.gc5Base.bw	0	100	1024	45520	2564000
585	19	14867040	14872160	chr19.234581	5	1024	239872271	hg38.gc5Base.bw	0	100	1024	38520	1914400
585	19	15102560	15107680	chr19.234627	5	1024	239919375	hg38.gc5Base.bw	0	100	1024	50800	3073600
585	19	15128160	15133280	chr19.234632	5	1024	239924495	hg38.gc5Base.bw	0	100	1024	45120	2548000
585	19	15624800	15629920	chr19.234729	5	1024	240023823	hg38.gc5Base.bw	0	100	1024	44220	2534000
585	19	15640160	15645280	chr19.234732	5	1024	240026895	hg38.gc5Base.bw	0	100	1024	53460	3222000
585	19	15645280	15650400	chr19.234733	5	1024	240027919	hg38.gc5Base.bw	0	100	1024	50640	2967200
585	19	15804000	15809120	chr19.234764	5	1024	240059663	hg38.gc5Base.bw	0	100	1024	48200	2748000
585	19	15937120	15942240	chr19.234790	5	1024	240086287	hg38.gc5Base.bw	0	100	1024	48240	2764000
585	19	16039520	16044640	chr19.234810	5	1024	240106767	hg38.gc5Base.bw	0	100	1024	48720	2829600
585	19	16228960	16234080	chr19.234847	5	1024	240144655	hg38.gc5Base.bw	0	100	1024	56040	3573600
585	19	16254560	16259680	chr19.234852	5	1024	240149775	hg38.gc5Base.bw	0	100	1024	52940	3248400
585	19	16382560	16387680	chr19.234877	5	1024	240175375	hg38.gc5Base.bw	0	100	1024	53600	3297600
585	19	16582240	16587360	chr19.234916	5	1024	240215311	hg38.gc5Base.bw	0	100	1024	57380	3647600
585	19	16838240	16843360	chr19.234966	5	1024	240266511	hg38.gc5Base.bw	0	100	1024	52540	3188400
585	19	16996960	17002080	chr19.234997	5	1024	240298255	hg38.gc5Base.bw	0	100	1024	52680	3223200
585	19	18031200	18036320	chr19.235199	5	1024	240505103	hg38.gc5Base.bw	0	100	1024	49220	2911600
585	19	19106400	19111520	chr19.235409	5	1024	240720143	hg38.gc5Base.bw	0	100	1024	56560	3670400
585	19	19116640	19121760	chr19.235411	5	1024	240722191	hg38.gc5Base.bw	0	100	1024	58460	3870000
585	19	20970080	20975200	chr19.235773	5	1024	241092879	hg38.gc5Base.bw	0	100	1024	45500	2536400
585	19	21400160	21405280	chr19.235857	5	1024	241178895	hg38.gc5Base.bw	0	100	1024	39840	2040000
585	19	21799520	21804640	chr19.235935	5	1024	241258767	hg38.gc5Base.bw	0	100	1024	44360	2460000
585	19	21973600	21978720	chr19.235969	5	1024	241293583	hg38.gc5Base.bw	0	100	1024	40120	2061600
585	19	22045280	22050400	chr19.235983	5	1024	241307919	hg38.gc5Base.bw	0	100	1024	46500	2528400
585	19	22526560	22531680	chr19.236077	5	1024	241404175	hg38.gc5Base.bw	0	100	1024	41660	2268400
585	19	22772320	22777440	chr19.236125	5	1024	241453327	hg38.gc5Base.bw	0	100	1024	41640	2221600
585	19	23883360	23888480	chr19.236342	5	1024	241675535	hg38.gc5Base.bw	0	100	1024	43380	2330800
585	19	24052320	24057440	chr19.236375	5	1024	241709327	hg38.gc5Base.bw	0	100	1024	45520	2475200
585	19	24118880	24124000	chr19.236388	5	1024	241722639	hg38.gc5Base.bw	0	100	1024	36120	1825600
585	19	28122035	28127155	chr19.237155	5	1024	242501903	hg38.gc5Base.bw	0	100	1024	41460	2130800
585	19	28173235	28178355	chr19.237165	5	1024	242512143	hg38.gc5Base.bw	0	100	1024	45220	2526000
585	19	28290995	28296115	chr19.237188	5	1024	242535695	hg38.gc5Base.bw	0	100	1024	46980	2687600
585	19	28552115	28557235	chr19.237239	5	1024	242587919	hg38.gc5Base.bw	0	100	1024	49000	2828800
585	19	29535155	29540275	chr19.237431	5	1024	242784527	hg38.gc5Base.bw	0	100	1024	53940	3318000
585	19	29545395	29550515	chr19.237433	5	1024	242786575	hg38.gc5Base.bw	0	100	1024	55300	3509200
585	19	29611955	29617075	chr19.237446	5	1024	242799887	hg38.gc5Base.bw	0	100	1024	53760	3306400
585	19	29734835	29739955	chr19.237470	5	1024	242824463	hg38.gc5Base.bw	0	100	1024	52320	3171200
585	19	30159795	30164915	chr19.237553	5	1024	242909455	hg38.gc5Base.bw	0	100	1024	50520	2953600
585	19	31869875	31874995	chr19.237887	5	1024	243251471	hg38.gc5Base.bw	0	100	1024	40240	2112000
585	19	31972275	31977395	chr19.237907	5	1024	243271951	hg38.gc5Base.bw	0	100	1024	52060	3106000
585	19	32043955	32049075	chr19.237921	5	1024	243286287	hg38.gc5Base.bw	0	100	1024	49240	2869600
585	19	32110515	32115635	chr19.237934	5	1024	243299599	hg38.gc5Base.bw	0	100	1024	37660	1878800
585	19	32136115	32141235	chr19.237939	5	1024	243304719	hg38.gc5Base.bw	0	100	1024	49680	2945600
585	19	33277875	33282995	chr19.238162	5	1024	243533071	hg38.gc5Base.bw	0	100	1024	60440	4008800
585	19	33626035	33631155	chr19.238230	5	1024	243602703	hg38.gc5Base.bw	0	100	1024	55920	3484000
585	19	33631155	33636275	chr19.238231	5	1024	243603727	hg38.gc5Base.bw	0	100	1024	51460	3090000
585	19	33713075	33718195	chr19.238247	5	1024	243620111	hg38.gc5Base.bw	0	100	1024	50580	2974000
585	19	33759155	33764275	chr19.238256	5	1024	243629327	hg38.gc5Base.bw	0	100	1024	55680	3482400
585	19	33892275	33897395	chr19.238282	5	1024	243655951	hg38.gc5Base.bw	0	100	1024	45880	2633600
585	19	33933235	33938355	chr19.238290	5	1024	243664143	hg38.gc5Base.bw	0	100	1024	48440	2784000
585	19	34363315	34368435	chr19.238374	5	1024	243750159	hg38.gc5Base.bw	0	100	1024	57360	3729600
585	19	34547635	34552755	chr19.238410	5	1024	243787023	hg38.gc5Base.bw	0	100	1024	40760	2095200
585	19	34783155	34788275	chr19.238456	5	1024	243834127	hg38.gc5Base.bw	0	100	1024	46940	2642000
585	19	34941875	34946995	chr19.238487	5	1024	243865871	hg38.gc5Base.bw	0	100	1024	41840	2176000
585	19	35013555	35018675	chr19.238501	5	1024	243880207	hg38.gc5Base.bw	0	100	1024	54940	3446000
585	19	35049395	35054515	chr19.238508	5	1024	243887375	hg38.gc5Base.bw	0	100	1024	50280	3038400
585	19	35115955	35121075	chr19.238521	5	1024	243900687	hg38.gc5Base.bw	0	100	1024	56500	3603600
585	19	35228595	35233715	chr19.238543	5	1024	243923215	hg38.gc5Base.bw	0	100	1024	47740	2791600
585	19	35264435	35269555	chr19.238550	5	1024	243930383	hg38.gc5Base.bw	0	100	1024	66940	4936400
585	19	35371955	35377075	chr19.238571	5	1024	243951887	hg38.gc5Base.bw	0	100	1024	49920	2924000
585	19	35484595	35489715	chr19.238593	5	1024	243974415	hg38.gc5Base.bw	0	100	1024	49720	2872000
585	19	35802035	35807155	chr19.238655	5	1024	244037903	hg38.gc5Base.bw	0	100	1024	54460	3402000
585	19	35807155	35812275	chr19.238656	5	1024	244038927	hg38.gc5Base.bw	0	100	1024	50240	3036000
585	19	35853235	35858355	chr19.238665	5	1024	244048143	hg38.gc5Base.bw	0	100	1024	56800	3735200
585	19	36943795	36948915	chr19.238878	5	1024	244266255	hg38.gc5Base.bw	0	100	1024	40220	2125200
585	19	37010355	37015475	chr19.238891	5	1024	244279567	hg38.gc5Base.bw	0	100	1024	58440	3746400
585	19	37476275	37481395	chr19.238982	5	1024	244372751	hg38.gc5Base.bw	0	100	1024	37560	1945600
585	19	37547955	37553075	chr19.238996	5	1024	244387087	hg38.gc5Base.bw	0	100	1024	54680	3479200
585	19	37578675	37583795	chr19.239002	5	1024	244393231	hg38.gc5Base.bw	0	100	1024	44240	2431200
585	19	38136755	38141875	chr19.239111	5	1024	244504847	hg38.gc5Base.bw	0	100	1024	53480	3322400
585	19	38495155	38500275	chr19.239181	5	1024	244576527	hg38.gc5Base.bw	0	100	1024	57540	3688400
585	19	39017395	39022515	chr19.239283	5	1024	244680975	hg38.gc5Base.bw	0	100	1024	45600	2587200
585	19	39360435	39365555	chr19.239350	5	1024	244749583	hg38.gc5Base.bw	0	100	1024	52160	3126400
585	19	39529395	39534515	chr19.239383	5	1024	244783375	hg38.gc5Base.bw	0	100	1024	48520	2867200
585	19	39606195	39611315	chr19.239398	5	1024	244798735	hg38.gc5Base.bw	0	100	1024	42300	2209200
585	19	39964595	39969715	chr19.239468	5	1024	244870415	hg38.gc5Base.bw	0	100	1024	47980	2824400
585	19	40102835	40107955	chr19.239495	5	1024	244898063	hg38.gc5Base.bw	0	100	1024	43140	2403600
585	19	40184755	40189875	chr19.239511	5	1024	244914447	hg38.gc5Base.bw	0	100	1024	44740	2522800
585	19	40491955	40497075	chr19.239571	5	1024	244975887	hg38.gc5Base.bw	0	100	1024	51700	3079600
585	19	40594355	40599475	chr19.239591	5	1024	244996367	hg38.gc5Base.bw	0	100	1024	59460	4002000
585	19	40666035	40671155	chr19.239605	5	1024	245010703	hg38.gc5Base.bw	0	100	1024	54160	3399200
585	19	41259955	41265075	chr19.239721	5	1024	245129487	hg38.gc5Base.bw	0	100	1024	53400	3385600
585	19	41362355	41367475	chr19.239741	5	1024	245149967	hg38.gc5Base.bw	0	100	1024	50780	3098800
585	19	41490355	41495475	chr19.239766	5	1024	245175567	hg38.gc5Base.bw	0	100	1024	43320	2284000
585	19	41500595	41505715	chr19.239768	5	1024	245177615	hg38.gc5Base.bw	0	100	1024	47340	2826000
585	19	41541555	41546675	chr19.239776	5	1024	245185807	hg38.gc5Base.bw	0	100	1024	43780	2430800
585	19	42504115	42509235	chr19.239964	5	1024	245378319	hg38.gc5Base.bw	0	100	1024	45180	2481200
585	19	43364275	43369395	chr19.240132	5	1024	245550351	hg38.gc5Base.bw	0	100	1024	51020	3032400
585	19	43528115	43533235	chr19.240164	5	1024	245583119	hg38.gc5Base.bw	0	100	1024	50220	3050800
585	19	44004275	44009395	chr19.240257	5	1024	245678351	hg38.gc5Base.bw	0	100	1024	42980	2336400
585	19	44162995	44168115	chr19.240288	5	1024	245710095	hg38.gc5Base.bw	0	100	1024	44640	2454400
585	19	44255155	44260275	chr19.240306	5	1024	245728527	hg38.gc5Base.bw	0	100	1024	38480	1976000
585	19	44506035	44511155	chr19.240355	5	1024	245778703	hg38.gc5Base.bw	0	100	1024	40880	2086400
585	19	44915635	44920755	chr19.240435	5	1024	245860623	hg38.gc5Base.bw	0	100	1024	51920	3197600
585	19	45094835	45099955	chr19.240470	5	1024	245896463	hg38.gc5Base.bw	0	100	1024	56880	3571200
585	19	45658035	45663155	chr19.240580	5	1024	246009103	hg38.gc5Base.bw	0	100	1024	54660	3429200
585	19	46308275	46313395	chr19.240707	5	1024	246139151	hg38.gc5Base.bw	0	100	1024	54220	3427600
585	19	46313395	46318515	chr19.240708	5	1024	246140175	hg38.gc5Base.bw	0	100	1024	47220	2748400
585	19	46656435	46661555	chr19.240775	5	1024	246208783	hg38.gc5Base.bw	0	100	1024	56980	3767600
585	19	46779315	46784435	chr19.240799	5	1024	246233359	hg38.gc5Base.bw	0	100	1024	51920	3152000
585	19	47455155	47460275	chr19.240931	5	1024	246368527	hg38.gc5Base.bw	0	100	1024	54420	3370800
585	19	47583155	47588275	chr19.240956	5	1024	246394127	hg38.gc5Base.bw	0	100	1024	49820	2986800
585	19	47900595	47905715	chr19.241018	5	1024	246457615	hg38.gc5Base.bw	0	100	1024	46580	2686800
585	19	47962035	47967155	chr19.241030	5	1024	246469903	hg38.gc5Base.bw	0	100	1024	46860	2681200
585	19	48008115	48013235	chr19.241039	5	1024	246479119	hg38.gc5Base.bw	0	100	1024	40940	2102800
585	19	48566195	48571315	chr19.241148	5	1024	246590735	hg38.gc5Base.bw	0	100	1024	52020	3228400
585	19	48612275	48617395	chr19.241157	5	1024	246599951	hg38.gc5Base.bw	0	100	1024	62500	4227600
585	19	48960435	48965555	chr19.241225	5	1024	246669583	hg38.gc5Base.bw	0	100	1024	61480	4163200
585	19	49277875	49282995	chr19.241287	5	1024	246733071	hg38.gc5Base.bw	0	100	1024	51620	3105200
585	19	49989555	49994675	chr19.241426	5	1024	246875407	hg38.gc5Base.bw	0	100	1024	49060	2866800
585	19	50383795	50388915	chr19.241503	5	1024	246954255	hg38.gc5Base.bw	0	100	1024	55280	3517600
585	19	50598835	50603955	chr19.241545	5	1024	246997263	hg38.gc5Base.bw	0	100	1024	46020	2612400
585	19	50757555	50762675	chr19.241576	5	1024	247029007	hg38.gc5Base.bw	0	100	1024	51400	3109600
585	19	50772915	50778035	chr19.241579	5	1024	247032079	hg38.gc5Base.bw	0	100	1024	46300	2650800
585	19	51039155	51044275	chr19.241631	5	1024	247085327	hg38.gc5Base.bw	0	100	1024	45080	2501600
585	19	51151795	51156915	chr19.241653	5	1024	247107855	hg38.gc5Base.bw	0	100	1024	50260	2975600
585	19	51218355	51223475	chr19.241666	5	1024	247121167	hg38.gc5Base.bw	0	100	1024	37680	1851200
585	19	51510195	51515315	chr19.241723	5	1024	247179535	hg38.gc5Base.bw	0	100	1024	41980	2205200
585	19	51576755	51581875	chr19.241736	5	1024	247192847	hg38.gc5Base.bw	0	100	1024	43060	2334000
585	19	51827635	51832755	chr19.241785	5	1024	247243023	hg38.gc5Base.bw	0	100	1024	42320	2253600
585	19	51960755	51965875	chr19.241811	5	1024	247269647	hg38.gc5Base.bw	0	100	1024	44020	2333200
585	19	52201395	52206515	chr19.241858	5	1024	247317775	hg38.gc5Base.bw	0	100	1024	48720	2759200
585	19	52308915	52314035	chr19.241879	5	1024	247339279	hg38.gc5Base.bw	0	100	1024	43700	2457200
585	19	52334515	52339635	chr19.241884	5	1024	247344399	hg38.gc5Base.bw	0	100	1024	51280	3128800
585	19	53092275	53097395	chr19.242032	5	1024	247495951	hg38.gc5Base.bw	0	100	1024	48580	2883600
585	19	53256115	53261235	chr19.242064	5	1024	247528719	hg38.gc5Base.bw	0	100	1024	42680	2348800
585	19	53435315	53440435	chr19.242099	5	1024	247564559	hg38.gc5Base.bw	0	100	1024	46520	2592000
585	19	53481395	53486515	chr19.242108	5	1024	247573775	hg38.gc5Base.bw	0	100	1024	46360	2640800
585	19	53824435	53829555	chr19.242175	5	1024	247642383	hg38.gc5Base.bw	0	100	1024	49160	2887200
585	19	53885875	53890995	chr19.242187	5	1024	247654671	hg38.gc5Base.bw	0	100	1024	51280	3188800
585	19	53993395	53998515	chr19.242208	5	1024	247676175	hg38.gc5Base.bw	0	100	1024	50880	3034400
585	19	54474675	54479795	chr19.242302	5	1024	247772431	hg38.gc5Base.bw	0	100	1024	49800	2978400
585	19	54991795	54996915	chr19.242403	5	1024	247875855	hg38.gc5Base.bw	0	100	1024	48980	2867600
585	19	55083955	55089075	chr19.242421	5	1024	247894287	hg38.gc5Base.bw	0	100	1024	60120	4032000
585	19	55662515	55667635	chr19.242534	5	1024	248009999	hg38.gc5Base.bw	0	100	1024	56780	3534000
585	19	55805875	55810995	chr19.242562	5	1024	248038671	hg38.gc5Base.bw	0	100	1024	43940	2343600
585	19	55846835	55851955	chr19.242570	5	1024	248046863	hg38.gc5Base.bw	0	100	1024	49380	2997200
585	19	56041395	56046515	chr19.242608	5	1024	248085775	hg38.gc5Base.bw	0	100	1024	44660	2414800
585	19	56251315	56256435	chr19.242649	5	1024	248127759	hg38.gc5Base.bw	0	100	1024	43860	2444400
585	19	56404915	56410035	chr19.242679	5	1024	248158479	hg38.gc5Base.bw	0	100	1024	41660	2166800
585	19	56548275	56553395	chr19.242707	5	1024	248187151	hg38.gc5Base.bw	0	100	1024	37360	1846400
585	19	56666035	56671155	chr19.242730	5	1024	248210703	hg38.gc5Base.bw	0	100	1024	54100	3318800
585	19	56896435	56901555	chr19.242775	5	1024	248256783	hg38.gc5Base.bw	0	100	1024	49000	2848000
585	19	56927155	56932275	chr19.242781	5	1024	248262927	hg38.gc5Base.bw	0	100	1024	43260	2366000
585	19	57039795	57044915	chr19.242803	5	1024	248285455	hg38.gc5Base.bw	0	100	1024	43820	2331600
585	19	57131955	57137075	chr19.242821	5	1024	248303887	hg38.gc5Base.bw	0	100	1024	45200	2516800
585	19	57326515	57331635	chr19.242859	5	1024	248342799	hg38.gc5Base.bw	0	100	1024	46740	2634800
585	19	57628595	57633715	chr19.242918	5	1024	248403215	hg38.gc5Base.bw	0	100	1024	45640	2656800
585	19	57695155	57700275	chr19.242931	5	1024	248416527	hg38.gc5Base.bw	0	100	1024	44260	2450800
585	19	57766835	57771955	chr19.242945	5	1024	248430863	hg38.gc5Base.bw	0	100	1024	52520	3253600
585	19	57966515	57971635	chr19.242984	5	1024	248470799	hg38.gc5Base.bw	0	100	1024	47780	2782000
585	19	58053555	58058675	chr19.243001	5	1024	248488207	hg38.gc5Base.bw	0	100	1024	56300	3582800
585	19	58473395	58478515	chr19.243083	5	1024	248572175	hg38.gc5Base.bw	0	100	1024	58680	3771200
585	20	86325	91445	chr20.293336	5	1024	299949783	hg38.gc5Base.bw	0	100	1024	36400	1768000
585	20	106805	111925	chr20.293340	5	1024	299953879	hg38.gc5Base.bw	0	100	1024	37420	1807600
585	20	142645	147765	chr20.293347	5	1024	299961047	hg38.gc5Base.bw	0	100	1024	38140	1866000
585	20	623925	629045	chr20.293441	5	1024	300057303	hg38.gc5Base.bw	0	100	1024	46140	2594000
585	20	659765	664885	chr20.293448	5	1024	300064471	hg38.gc5Base.bw	0	100	1024	60440	4132000
585	20	751925	757045	chr20.293466	5	1024	300082903	hg38.gc5Base.bw	0	100	1024	49280	2875200
585	20	854325	859445	chr20.293486	5	1024	300103383	hg38.gc5Base.bw	0	100	1024	52540	3194800
585	20	1975605	1980725	chr20.293705	5	1024	300327639	hg38.gc5Base.bw	0	100	1024	43980	2325200
585	20	2037045	2042165	chr20.293717	5	1024	300339927	hg38.gc5Base.bw	0	100	1024	45760	2560000
585	20	2098485	2103605	chr20.293729	5	1024	300352215	hg38.gc5Base.bw	0	100	1024	49120	3086400
585	20	2190645	2195765	chr20.293747	5	1024	300370647	hg38.gc5Base.bw	0	100	1024	47720	2787200
585	20	2554165	2559285	chr20.293818	5	1024	300443351	hg38.gc5Base.bw	0	100	1024	45020	2612400
585	20	2753845	2758965	chr20.293857	5	1024	300483287	hg38.gc5Base.bw	0	100	1024	55660	3474800
585	20	3552565	3557685	chr20.294013	5	1024	300643031	hg38.gc5Base.bw	0	100	1024	41780	2222000
585	20	3665205	3670325	chr20.294035	5	1024	300665559	hg38.gc5Base.bw	0	100	1024	56860	3627600
585	20	3982645	3987765	chr20.294097	5	1024	300729047	hg38.gc5Base.bw	0	100	1024	42480	2305600
585	20	4131125	4136245	chr20.294126	5	1024	300758743	hg38.gc5Base.bw	0	100	1024	45960	2625600
585	20	4197685	4202805	chr20.294139	5	1024	300772055	hg38.gc5Base.bw	0	100	1024	50100	2978800
585	20	4591925	4597045	chr20.294216	5	1024	300850903	hg38.gc5Base.bw	0	100	1024	45340	2606000
585	20	4632885	4638005	chr20.294224	5	1024	300859095	hg38.gc5Base.bw	0	100	1024	48800	2779200
585	20	4638005	4643125	chr20.294225	5	1024	300860119	hg38.gc5Base.bw	0	100	1024	43800	2370400
585	20	4663605	4668725	chr20.294230	5	1024	300865239	hg38.gc5Base.bw	0	100	1024	45020	2507600
585	20	4812085	4817205	chr20.294259	5	1024	300894935	hg38.gc5Base.bw	0	100	1024	53920	3321600
585	20	5180725	5185845	chr20.294331	5	1024	300968663	hg38.gc5Base.bw	0	100	1024	42040	2187200
585	20	5211445	5216565	chr20.294337	5	1024	300974807	hg38.gc5Base.bw	0	100	1024	48020	2750800
585	20	5216565	5221685	chr20.294338	5	1024	300975831	hg38.gc5Base.bw	0	100	1024	47340	2650000
585	20	5406005	5411125	chr20.294375	5	1024	301013719	hg38.gc5Base.bw	0	100	1024	43980	2346000
585	20	5933365	5938485	chr20.294478	5	1024	301119191	hg38.gc5Base.bw	0	100	1024	42360	2245600
585	20	6122805	6127925	chr20.294515	5	1024	301157079	hg38.gc5Base.bw	0	100	1024	46340	2717200
585	20	6542645	6547765	chr20.294597	5	1024	301241047	hg38.gc5Base.bw	0	100	1024	33680	1540000
585	20	6563125	6568245	chr20.294601	5	1024	301245143	hg38.gc5Base.bw	0	100	1024	39640	1940800
585	20	6634805	6639925	chr20.294615	5	1024	301259479	hg38.gc5Base.bw	0	100	1024	44380	2410000
585	20	7029045	7034165	chr20.294692	5	1024	301338327	hg38.gc5Base.bw	0	100	1024	38160	1920800
585	20	7044405	7049525	chr20.294695	5	1024	301341399	hg38.gc5Base.bw	0	100	1024	37760	1888000
585	20	7710005	7715125	chr20.294825	5	1024	301474519	hg38.gc5Base.bw	0	100	1024	33160	1529600
585	20	8032565	8037685	chr20.294888	5	1024	301539031	hg38.gc5Base.bw	0	100	1024	37760	1862400
585	20	8068405	8073525	chr20.294895	5	1024	301546199	hg38.gc5Base.bw	0	100	1024	36060	1749200
585	20	8083765	8088885	chr20.294898	5	1024	301549271	hg38.gc5Base.bw	0	100	1024	29980	1263600
585	20	8339765	8344885	chr20.294948	5	1024	301600471	hg38.gc5Base.bw	0	100	1024	43960	2384800
585	20	8401205	8406325	chr20.294960	5	1024	301612759	hg38.gc5Base.bw	0	100	1024	37060	1840400
585	20	8790325	8795445	chr20.295036	5	1024	301690583	hg38.gc5Base.bw	0	100	1024	37500	1835600
585	20	8795445	8800565	chr20.295037	5	1024	301691607	hg38.gc5Base.bw	0	100	1024	39460	1997200
585	20	8908085	8913205	chr20.295059	5	1024	301714135	hg38.gc5Base.bw	0	100	1024	39580	1978000
585	20	9512245	9517365	chr20.295177	5	1024	301834967	hg38.gc5Base.bw	0	100	1024	45160	2628800
585	20	9563445	9568565	chr20.295187	5	1024	301845207	hg38.gc5Base.bw	0	100	1024	41220	2193200
585	20	9957685	9962805	chr20.295264	5	1024	301924055	hg38.gc5Base.bw	0	100	1024	40720	2117600
585	20	10167605	10172725	chr20.295305	5	1024	301966039	hg38.gc5Base.bw	0	100	1024	45640	2574400
585	20	10229045	10234165	chr20.295317	5	1024	301978327	hg38.gc5Base.bw	0	100	1024	42580	2205200
585	20	10618165	10623285	chr20.295393	5	1024	302056151	hg38.gc5Base.bw	0	100	1024	42940	2305200
585	20	10674485	10679605	chr20.295404	5	1024	302067415	hg38.gc5Base.bw	0	100	1024	47240	2784000
585	20	10694965	10700085	chr20.295408	5	1024	302071511	hg38.gc5Base.bw	0	100	1024	43940	2356400
585	20	10925365	10930485	chr20.295453	5	1024	302117591	hg38.gc5Base.bw	0	100	1024	41140	2083600
585	20	11089205	11094325	chr20.295485	5	1024	302150359	hg38.gc5Base.bw	0	100	1024	34140	1583600
585	20	11206965	11212085	chr20.295508	5	1024	302173911	hg38.gc5Base.bw	0	100	1024	38680	1915200
585	20	11744565	11749685	chr20.295613	5	1024	302281431	hg38.gc5Base.bw	0	100	1024	36660	1761200
585	20	11985205	11990325	chr20.295660	5	1024	302329559	hg38.gc5Base.bw	0	100	1024	40960	2072800
585	20	12425525	12430645	chr20.295746	5	1024	302417623	hg38.gc5Base.bw	0	100	1024	40120	2044000
585	20	13029685	13034805	chr20.295864	5	1024	302538455	hg38.gc5Base.bw	0	100	1024	41140	2119600
585	20	13111605	13116725	chr20.295880	5	1024	302554839	hg38.gc5Base.bw	0	100	1024	42420	2241200
585	20	13669685	13674805	chr20.295989	5	1024	302666455	hg38.gc5Base.bw	0	100	1024	42760	2276800
585	20	14637365	14642485	chr20.296178	5	1024	302859991	hg38.gc5Base.bw	0	100	1024	38300	1877200
585	20	14755125	14760245	chr20.296201	5	1024	302883543	hg38.gc5Base.bw	0	100	1024	37700	1889200
585	20	14934325	14939445	chr20.296236	5	1024	302919383	hg38.gc5Base.bw	0	100	1024	40700	2103600
585	20	14954805	14959925	chr20.296240	5	1024	302923479	hg38.gc5Base.bw	0	100	1024	36260	1874000
585	20	15144245	15149365	chr20.296277	5	1024	302961367	hg38.gc5Base.bw	0	100	1024	38020	1905200
585	20	15292725	15297845	chr20.296306	5	1024	302991063	hg38.gc5Base.bw	0	100	1024	41100	2167600
585	20	15328565	15333685	chr20.296313	5	1024	302998231	hg38.gc5Base.bw	0	100	1024	37640	1881600
585	20	15456565	15461685	chr20.296338	5	1024	303023831	hg38.gc5Base.bw	0	100	1024	39880	2033600
585	20	15630645	15635765	chr20.296372	5	1024	303058647	hg38.gc5Base.bw	0	100	1024	39700	2045200
585	20	15712565	15717685	chr20.296388	5	1024	303075031	hg38.gc5Base.bw	0	100	1024	38200	1912800
585	20	15850805	15855925	chr20.296415	5	1024	303102679	hg38.gc5Base.bw	0	100	1024	44300	2387600
585	20	15989045	15994165	chr20.296442	5	1024	303130327	hg38.gc5Base.bw	0	100	1024	35020	1634000
585	20	16122165	16127285	chr20.296468	5	1024	303156951	hg38.gc5Base.bw	0	100	1024	43760	2364000
585	20	16239925	16245045	chr20.296491	5	1024	303180503	hg38.gc5Base.bw	0	100	1024	44220	2398800
585	20	16342325	16347445	chr20.296511	5	1024	303200983	hg38.gc5Base.bw	0	100	1024	41600	2168800
585	20	16429365	16434485	chr20.296528	5	1024	303218391	hg38.gc5Base.bw	0	100	1024	41660	2147600
585	20	16439605	16444725	chr20.296530	5	1024	303220439	hg38.gc5Base.bw	0	100	1024	39960	2040000
585	20	16618805	16623925	chr20.296565	5	1024	303256279	hg38.gc5Base.bw	0	100	1024	46620	2649200
585	20	16844085	16849205	chr20.296609	5	1024	303301335	hg38.gc5Base.bw	0	100	1024	38280	1888000
585	20	17274165	17279285	chr20.296693	5	1024	303387351	hg38.gc5Base.bw	0	100	1024	39660	2008400
585	20	17438005	17443125	chr20.296725	5	1024	303420119	hg38.gc5Base.bw	0	100	1024	47960	2724800
585	20	17678645	17683765	chr20.296772	5	1024	303468247	hg38.gc5Base.bw	0	100	1024	59260	4140400
585	20	17719605	17724725	chr20.296780	5	1024	303476439	hg38.gc5Base.bw	0	100	1024	46520	2597600
585	20	17934645	17939765	chr20.296822	5	1024	303519447	hg38.gc5Base.bw	0	100	1024	50600	3011200
585	20	18180405	18185525	chr20.296870	5	1024	303568599	hg38.gc5Base.bw	0	100	1024	42460	2279600
585	20	18282805	18287925	chr20.296890	5	1024	303589079	hg38.gc5Base.bw	0	100	1024	41020	2123600
585	20	18482485	18487605	chr20.296929	5	1024	303629015	hg38.gc5Base.bw	0	100	1024	38380	1965200
585	20	18697525	18702645	chr20.296971	5	1024	303672023	hg38.gc5Base.bw	0	100	1024	44300	2402800
585	20	18851125	18856245	chr20.297001	5	1024	303702743	hg38.gc5Base.bw	0	100	1024	40820	2058000
585	20	19040565	19045685	chr20.297038	5	1024	303740631	hg38.gc5Base.bw	0	100	1024	40880	2124800
585	20	19270965	19276085	chr20.297083	5	1024	303786711	hg38.gc5Base.bw	0	100	1024	52920	3172000
585	20	19434805	19439925	chr20.297115	5	1024	303819479	hg38.gc5Base.bw	0	100	1024	47240	2613600
585	20	19721525	19726645	chr20.297171	5	1024	303876823	hg38.gc5Base.bw	0	100	1024	42680	2299200
585	20	19829045	19834165	chr20.297192	5	1024	303898327	hg38.gc5Base.bw	0	100	1024	47460	2722800
585	20	19849525	19854645	chr20.297196	5	1024	303902423	hg38.gc5Base.bw	0	100	1024	45300	2447600
585	20	19859765	19864885	chr20.297198	5	1024	303904471	hg38.gc5Base.bw	0	100	1024	45640	2498400
585	20	19962165	19967285	chr20.297218	5	1024	303924951	hg38.gc5Base.bw	0	100	1024	47720	2746400
585	20	20218165	20223285	chr20.297268	5	1024	303976151	hg38.gc5Base.bw	0	100	1024	39860	2006800
585	20	20760885	20766005	chr20.297374	5	1024	304084695	hg38.gc5Base.bw	0	100	1024	41440	2186400
585	20	20822325	20827445	chr20.297386	5	1024	304096983	hg38.gc5Base.bw	0	100	1024	50380	3005200
585	20	21467445	21472565	chr20.297512	5	1024	304226007	hg38.gc5Base.bw	0	100	1024	40500	2070000
585	20	21999925	22005045	chr20.297616	5	1024	304332503	hg38.gc5Base.bw	0	100	1024	40780	2098000
585	20	22793525	22798645	chr20.297771	5	1024	304491223	hg38.gc5Base.bw	0	100	1024	43320	2284000
585	20	23044405	23049525	chr20.297820	5	1024	304541399	hg38.gc5Base.bw	0	100	1024	52980	3366800
585	20	23305525	23310645	chr20.297871	5	1024	304593623	hg38.gc5Base.bw	0	100	1024	48680	2800000
585	20	23602485	23607605	chr20.297929	5	1024	304653015	hg38.gc5Base.bw	0	100	1024	52900	3168400
585	20	23925045	23930165	chr20.297992	5	1024	304717527	hg38.gc5Base.bw	0	100	1024	49320	2836000
585	20	24042805	24047925	chr20.298015	5	1024	304741079	hg38.gc5Base.bw	0	100	1024	43820	2394800
585	20	24073525	24078645	chr20.298021	5	1024	304747223	hg38.gc5Base.bw	0	100	1024	46220	2531600
585	20	24104245	24109365	chr20.298027	5	1024	304753367	hg38.gc5Base.bw	0	100	1024	44720	2456800
585	20	24201525	24206645	chr20.298046	5	1024	304772823	hg38.gc5Base.bw	0	100	1024	48860	2796400
585	20	24401205	24406325	chr20.298085	5	1024	304812759	hg38.gc5Base.bw	0	100	1024	35700	1701200
585	20	24544565	24549685	chr20.298113	5	1024	304841431	hg38.gc5Base.bw	0	100	1024	48600	2794400
585	20	24723765	24728885	chr20.298148	5	1024	304877271	hg38.gc5Base.bw	0	100	1024	46760	2588000
585	20	31232135	31237255	chr20.299420	5	1024	306113239	hg38.gc5Base.bw	0	80	1024	39480	1714400
585	20	31861895	31867015	chr20.299543	5	1024	306239191	hg38.gc5Base.bw	0	100	1024	52100	3121200
585	20	32271495	32276615	chr20.299623	5	1024	306321111	hg38.gc5Base.bw	0	100	1024	43840	2401600
585	20	32547975	32553095	chr20.299677	5	1024	306376407	hg38.gc5Base.bw	0	100	1024	45780	2594000
585	20	32599175	32604295	chr20.299687	5	1024	306386647	hg38.gc5Base.bw	0	100	1024	56180	3585200
585	20	32829575	32834695	chr20.299732	5	1024	306432727	hg38.gc5Base.bw	0	100	1024	42680	2340000
585	20	32998535	33003655	chr20.299765	5	1024	306466519	hg38.gc5Base.bw	0	100	1024	51780	3098800
585	20	33034375	33039495	chr20.299772	5	1024	306473687	hg38.gc5Base.bw	0	100	1024	52860	3143600
585	20	33152135	33157255	chr20.299795	5	1024	306497239	hg38.gc5Base.bw	0	100	1024	47080	2656800
585	20	33203335	33208455	chr20.299805	5	1024	306507479	hg38.gc5Base.bw	0	100	1024	43380	2325200
585	20	33822855	33827975	chr20.299926	5	1024	306631383	hg38.gc5Base.bw	0	100	1024	47560	2700000
585	20	35256455	35261575	chr20.300206	5	1024	306918103	hg38.gc5Base.bw	0	100	1024	51380	3095600
585	20	36019335	36024455	chr20.300355	5	1024	307070679	hg38.gc5Base.bw	0	100	1024	48800	2836000
585	20	36152455	36157575	chr20.300381	5	1024	307097303	hg38.gc5Base.bw	0	100	1024	60120	3971200
585	20	37340635	37345755	chr20.300614	5	1024	307334871	hg38.gc5Base.bw	0	100	1024	54680	3384800
585	20	37627355	37632475	chr20.300670	5	1024	307392215	hg38.gc5Base.bw	0	100	1024	48260	2766000
585	20	37960155	37965275	chr20.300735	5	1024	307458775	hg38.gc5Base.bw	0	100	1024	38320	1941600
585	20	38308315	38313435	chr20.300803	5	1024	307528407	hg38.gc5Base.bw	0	100	1024	49000	2796800
585	20	38313435	38318555	chr20.300804	5	1024	307529431	hg38.gc5Base.bw	0	100	1024	48860	2747600
585	20	38733275	38738395	chr20.300886	5	1024	307613399	hg38.gc5Base.bw	0	100	1024	44720	2475200
585	20	38769115	38774235	chr20.300893	5	1024	307620567	hg38.gc5Base.bw	0	100	1024	48340	2816400
585	20	38861275	38866395	chr20.300911	5	1024	307638999	hg38.gc5Base.bw	0	100	1024	51960	3133600
585	20	39455195	39460315	chr20.301027	5	1024	307757783	hg38.gc5Base.bw	0	100	1024	41280	2147200
585	20	39849435	39854555	chr20.301104	5	1024	307836631	hg38.gc5Base.bw	0	100	1024	46880	2603200
585	20	39987675	39992795	chr20.301131	5	1024	307864279	hg38.gc5Base.bw	0	100	1024	34420	1618800
585	20	40166875	40171995	chr20.301166	5	1024	307900119	hg38.gc5Base.bw	0	100	1024	37780	1900400
585	20	40499675	40504795	chr20.301231	5	1024	307966679	hg38.gc5Base.bw	0	100	1024	43020	2332400
585	20	40504795	40509915	chr20.301232	5	1024	307967703	hg38.gc5Base.bw	0	100	1024	44720	2440000
585	20	40545755	40550875	chr20.301240	5	1024	307975895	hg38.gc5Base.bw	0	100	1024	46460	2530000
585	20	40632795	40637915	chr20.301257	5	1024	307993303	hg38.gc5Base.bw	0	100	1024	46680	2577600
585	20	41953755	41958875	chr20.301515	5	1024	308257495	hg38.gc5Base.bw	0	100	1024	45100	2426000
585	20	42071515	42076635	chr20.301538	5	1024	308281047	hg38.gc5Base.bw	0	100	1024	46880	2575200
585	20	42394075	42399195	chr20.301601	5	1024	308345559	hg38.gc5Base.bw	0	100	1024	40860	2094000
585	20	42496475	42501595	chr20.301621	5	1024	308366039	hg38.gc5Base.bw	0	100	1024	37640	1889600
585	20	42767835	42772955	chr20.301674	5	1024	308420311	hg38.gc5Base.bw	0	100	1024	42800	2252800
585	20	42772955	42778075	chr20.301675	5	1024	308421335	hg38.gc5Base.bw	0	100	1024	44780	2497200
585	20	42783195	42788315	chr20.301677	5	1024	308423383	hg38.gc5Base.bw	0	100	1024	42720	2255200
585	20	43315675	43320795	chr20.301781	5	1024	308529879	hg38.gc5Base.bw	0	100	1024	47840	2696800
585	20	43540955	43546075	chr20.301825	5	1024	308574935	hg38.gc5Base.bw	0	100	1024	45940	2559600
585	20	43986395	43991515	chr20.301912	5	1024	308664023	hg38.gc5Base.bw	0	100	1024	47140	2657200
585	20	44104155	44109275	chr20.301935	5	1024	308687575	hg38.gc5Base.bw	0	100	1024	46340	2502000
585	20	45266395	45271515	chr20.302162	5	1024	308920023	hg38.gc5Base.bw	0	100	1024	41700	2190000
585	20	45476315	45481435	chr20.302203	5	1024	308962007	hg38.gc5Base.bw	0	100	1024	49300	2874000
585	20	45722075	45727195	chr20.302251	5	1024	309011159	hg38.gc5Base.bw	0	100	1024	42980	2260400
585	20	45747675	45752795	chr20.302256	5	1024	309016279	hg38.gc5Base.bw	0	100	1024	41220	2095600
585	20	45778395	45783515	chr20.302262	5	1024	309022423	hg38.gc5Base.bw	0	100	1024	47740	2711600
585	20	45865435	45870555	chr20.302279	5	1024	309039831	hg38.gc5Base.bw	0	100	1024	46600	2683200
585	20	45875675	45880795	chr20.302281	5	1024	309041879	hg38.gc5Base.bw	0	100	1024	51200	3035200
585	20	46955995	46961115	chr20.302492	5	1024	309257943	hg38.gc5Base.bw	0	100	1024	47200	2661600
585	20	47058395	47063515	chr20.302512	5	1024	309278423	hg38.gc5Base.bw	0	100	1024	49700	2922000
585	20	47181275	47186395	chr20.302536	5	1024	309302999	hg38.gc5Base.bw	0	100	1024	49540	2952400
585	20	47995355	48000475	chr20.302695	5	1024	309465815	hg38.gc5Base.bw	0	100	1024	42340	2238000
585	20	48164315	48169435	chr20.302728	5	1024	309499607	hg38.gc5Base.bw	0	100	1024	51160	3035200
585	20	48210395	48215515	chr20.302737	5	1024	309508823	hg38.gc5Base.bw	0	100	1024	57200	3614400
585	20	49521115	49526235	chr20.302993	5	1024	309770967	hg38.gc5Base.bw	0	100	1024	47520	2752000
585	20	49546715	49551835	chr20.302998	5	1024	309776087	hg38.gc5Base.bw	0	100	1024	46680	2584800
585	20	49556955	49562075	chr20.303000	5	1024	309778135	hg38.gc5Base.bw	0	100	1024	48020	2781200
585	20	49587675	49592795	chr20.303006	5	1024	309784279	hg38.gc5Base.bw	0	100	1024	48560	2790400
585	20	50058715	50063835	chr20.303098	5	1024	309878487	hg38.gc5Base.bw	0	100	1024	54520	3430400
585	20	50227675	50232795	chr20.303131	5	1024	309912279	hg38.gc5Base.bw	0	100	1024	53780	3304400
585	20	50545115	50550235	chr20.303193	5	1024	309975767	hg38.gc5Base.bw	0	100	1024	42260	2306000
585	20	50632155	50637275	chr20.303210	5	1024	309993175	hg38.gc5Base.bw	0	100	1024	54320	3383200
585	20	50744795	50749915	chr20.303232	5	1024	310015703	hg38.gc5Base.bw	0	100	1024	41660	2222000
585	20	51179995	51185115	chr20.303317	5	1024	310102743	hg38.gc5Base.bw	0	100	1024	41760	2225600
585	20	51328475	51333595	chr20.303346	5	1024	310132439	hg38.gc5Base.bw	0	100	1024	46740	2676400
585	20	51420635	51425755	chr20.303364	5	1024	310150871	hg38.gc5Base.bw	0	100	1024	47180	2738800
585	20	51671515	51676635	chr20.303413	5	1024	310201047	hg38.gc5Base.bw	0	100	1024	45880	2622400
585	20	51835355	51840475	chr20.303445	5	1024	310233815	hg38.gc5Base.bw	0	100	1024	49480	2942400
585	20	52045275	52050395	chr20.303486	5	1024	310275799	hg38.gc5Base.bw	0	100	1024	44260	2513200
585	20	52091355	52096475	chr20.303495	5	1024	310285015	hg38.gc5Base.bw	0	100	1024	45980	2567600
585	20	52127195	52132315	chr20.303502	5	1024	310292183	hg38.gc5Base.bw	0	100	1024	44200	2465600
585	20	52316635	52321755	chr20.303539	5	1024	310330071	hg38.gc5Base.bw	0	100	1024	44840	2488800
585	20	52843995	52849115	chr20.303642	5	1024	310435543	hg38.gc5Base.bw	0	100	1024	41720	2154400
585	20	53161435	53166555	chr20.303704	5	1024	310499031	hg38.gc5Base.bw	0	100	1024	40440	2094400
585	20	53176795	53181915	chr20.303707	5	1024	310502103	hg38.gc5Base.bw	0	100	1024	43060	2290000
585	20	53238235	53243355	chr20.303719	5	1024	310514391	hg38.gc5Base.bw	0	100	1024	39740	2003600
585	20	53279195	53284315	chr20.303727	5	1024	310522583	hg38.gc5Base.bw	0	100	1024	43700	2360400
585	20	53381595	53386715	chr20.303747	5	1024	310543063	hg38.gc5Base.bw	0	100	1024	47540	2755600
585	20	53919195	53924315	chr20.303852	5	1024	310650583	hg38.gc5Base.bw	0	100	1024	45800	2611200
585	20	54333915	54339035	chr20.303933	5	1024	310733527	hg38.gc5Base.bw	0	80	1024	36520	1748800
585	20	54564315	54569435	chr20.303978	5	1024	310779607	hg38.gc5Base.bw	0	100	1024	38860	2016400
585	20	54625755	54630875	chr20.303990	5	1024	310791895	hg38.gc5Base.bw	0	100	1024	41240	2149600
585	20	54712795	54717915	chr20.304007	5	1024	310809303	hg38.gc5Base.bw	0	100	1024	39180	1978800
585	20	54948315	54953435	chr20.304053	5	1024	310856407	hg38.gc5Base.bw	0	100	1024	34980	1618800
585	20	55178715	55183835	chr20.304098	5	1024	310902487	hg38.gc5Base.bw	0	100	1024	37740	1878800
585	20	55388635	55393755	chr20.304139	5	1024	310944471	hg38.gc5Base.bw	0	100	1024	39260	1968400
585	20	55429595	55434715	chr20.304147	5	1024	310952663	hg38.gc5Base.bw	0	100	1024	37220	1853200
585	20	55480795	55485915	chr20.304157	5	1024	310962903	hg38.gc5Base.bw	0	100	1024	37980	1903600
585	20	55588315	55593435	chr20.304178	5	1024	310984407	hg38.gc5Base.bw	0	100	1024	38800	1971200
585	20	55603675	55608795	chr20.304181	5	1024	310987479	hg38.gc5Base.bw	0	100	1024	37320	1818400
585	20	55818715	55823835	chr20.304223	5	1024	311030487	hg38.gc5Base.bw	0	100	1024	38920	1935200
585	20	56228315	56233435	chr20.304303	5	1024	311112407	hg38.gc5Base.bw	0	100	1024	42720	2294400
585	20	56509915	56515035	chr20.304358	5	1024	311168727	hg38.gc5Base.bw	0	100	1024	49420	2924400
585	20	56709595	56714715	chr20.304397	5	1024	311208663	hg38.gc5Base.bw	0	100	1024	51840	3185600
585	20	56765915	56771035	chr20.304408	5	1024	311219927	hg38.gc5Base.bw	0	100	1024	47140	2701200
585	20	56893915	56899035	chr20.304433	5	1024	311245527	hg38.gc5Base.bw	0	100	1024	46940	2674000
585	20	57062875	57067995	chr20.304466	5	1024	311279319	hg38.gc5Base.bw	0	100	1024	49640	2902400
585	20	57073115	57078235	chr20.304468	5	1024	311281367	hg38.gc5Base.bw	0	100	1024	48500	2784400
585	20	57093595	57098715	chr20.304472	5	1024	311285463	hg38.gc5Base.bw	0	100	1024	50500	3051600
585	20	57103835	57108955	chr20.304474	5	1024	311287511	hg38.gc5Base.bw	0	100	1024	51960	3076800
585	20	57139675	57144795	chr20.304481	5	1024	311294679	hg38.gc5Base.bw	0	100	1024	47820	2756400
585	20	57226715	57231835	chr20.304498	5	1024	311312087	hg38.gc5Base.bw	0	100	1024	52160	3114400
585	20	57354715	57359835	chr20.304523	5	1024	311337687	hg38.gc5Base.bw	0	100	1024	40400	2085600
585	20	57605595	57610715	chr20.304572	5	1024	311387863	hg38.gc5Base.bw	0	100	1024	51720	3111200
585	20	57656795	57661915	chr20.304582	5	1024	311398103	hg38.gc5Base.bw	0	100	1024	60600	3976800
585	20	57713115	57718235	chr20.304593	5	1024	311409367	hg38.gc5Base.bw	0	100	1024	53000	3244000
585	20	57728475	57733595	chr20.304596	5	1024	311412439	hg38.gc5Base.bw	0	100	1024	48560	2797600
585	20	57779675	57784795	chr20.304606	5	1024	311422679	hg38.gc5Base.bw	0	100	1024	52860	3178000
585	20	57897435	57902555	chr20.304629	5	1024	311446231	hg38.gc5Base.bw	0	100	1024	51720	3069600
585	20	57938395	57943515	chr20.304637	5	1024	311454423	hg38.gc5Base.bw	0	100	1024	51460	3072400
585	20	57989595	57994715	chr20.304647	5	1024	311464663	hg38.gc5Base.bw	0	100	1024	48000	2772000
585	20	58035675	58040795	chr20.304656	5	1024	311473879	hg38.gc5Base.bw	0	100	1024	50700	3026000
585	20	58097115	58102235	chr20.304668	5	1024	311486167	hg38.gc5Base.bw	0	100	1024	49600	2882400
585	20	58138075	58143195	chr20.304676	5	1024	311494359	hg38.gc5Base.bw	0	100	1024	52320	3149600
585	20	58337755	58342875	chr20.304715	5	1024	311534295	hg38.gc5Base.bw	0	100	1024	43360	2300000
585	20	58378715	58383835	chr20.304723	5	1024	311542487	hg38.gc5Base.bw	0	100	1024	45440	2499200
585	20	58947035	58952155	chr20.304834	5	1024	311656151	hg38.gc5Base.bw	0	100	1024	38360	1976000
585	20	59382235	59387355	chr20.304919	5	1024	311743191	hg38.gc5Base.bw	0	100	1024	58340	3730800
585	20	59453915	59459035	chr20.304933	5	1024	311757527	hg38.gc5Base.bw	0	100	1024	52400	3163200
585	20	59766235	59771355	chr20.304994	5	1024	311819991	hg38.gc5Base.bw	0	100	1024	52280	3078400
585	20	60554715	60559835	chr20.305148	5	1024	311977687	hg38.gc5Base.bw	0	100	1024	47840	2747200
585	20	60718555	60723675	chr20.305180	5	1024	312010455	hg38.gc5Base.bw	0	100	1024	40720	2124000
585	20	60872155	60877275	chr20.305210	5	1024	312041175	hg38.gc5Base.bw	0	100	1024	48660	2802800
585	20	61379035	61384155	chr20.305309	5	1024	312142551	hg38.gc5Base.bw	0	100	1024	40500	2197200
585	20	61476315	61481435	chr20.305328	5	1024	312162007	hg38.gc5Base.bw	0	100	1024	50820	3010800
585	20	61660635	61665755	chr20.305364	5	1024	312198871	hg38.gc5Base.bw	0	100	1024	58080	3778400
585	20	61727195	61732315	chr20.305377	5	1024	312212183	hg38.gc5Base.bw	0	100	1024	55400	3444800
585	20	61788635	61793755	chr20.305389	5	1024	312224471	hg38.gc5Base.bw	0	100	1024	51660	3100400
585	20	61926875	61931995	chr20.305416	5	1024	312252119	hg38.gc5Base.bw	0	100	1024	58920	3856800
585	20	62408155	62413275	chr20.305510	5	1024	312348375	hg38.gc5Base.bw	0	100	1024	64460	4406800
585	20	62909915	62915035	chr20.305608	5	1024	312448727	hg38.gc5Base.bw	0	100	1024	48520	2873600
585	20	62966235	62971355	chr20.305619	5	1024	312459991	hg38.gc5Base.bw	0	100	1024	61080	4092800
585	20	63089115	63094235	chr20.305643	5	1024	312484567	hg38.gc5Base.bw	0	100	1024	59220	3934800
585	20	63099355	63104475	chr20.305645	5	1024	312486615	hg38.gc5Base.bw	0	100	1024	63420	4430800
585	20	63396315	63401435	chr20.305703	5	1024	312546007	hg38.gc5Base.bw	0	100	1024	63760	4395200
585	20	63539675	63544795	chr20.305731	5	1024	312574679	hg38.gc5Base.bw	0	100	1024	65560	4593600
585	20	63555035	63560155	chr20.305734	5	1024	312577751	hg38.gc5Base.bw	0	100	1024	64520	4479200
585	20	64051675	64056795	chr20.305831	5	1024	312677079	hg38.gc5Base.bw	0	100	1024	63460	4330000
585	21	14241040	14246160	chr21.307521	5	1024	314367427	hg38.gc5Base.bw	0	100	1024	39740	2001200
585	21	14287120	14292240	chr21.307530	5	1024	314376643	hg38.gc5Base.bw	0	100	1024	35660	1693200
585	21	14343440	14348560	chr21.307541	5	1024	314387907	hg38.gc5Base.bw	0	100	1024	38220	1954800
585	21	14466320	14471440	chr21.307565	5	1024	314412483	hg38.gc5Base.bw	0	100	1024	38660	1925200
585	21	14512400	14517520	chr21.307574	5	1024	314421699	hg38.gc5Base.bw	0	100	1024	36020	1691600
585	21	14522640	14527760	chr21.307576	5	1024	314423747	hg38.gc5Base.bw	0	100	1024	36440	1775200
585	21	14845200	14850320	chr21.307639	5	1024	314488259	hg38.gc5Base.bw	0	100	1024	42160	2204000
585	21	14860560	14865680	chr21.307642	5	1024	314491331	hg38.gc5Base.bw	0	100	1024	40000	2084000
585	21	15137040	15142160	chr21.307696	5	1024	314546627	hg38.gc5Base.bw	0	100	1024	43240	2320000
585	21	15172880	15178000	chr21.307703	5	1024	314553795	hg38.gc5Base.bw	0	100	1024	38680	1989600
585	21	15306000	15311120	chr21.307729	5	1024	314580419	hg38.gc5Base.bw	0	100	1024	37240	1785600
585	21	15966480	15971600	chr21.307858	5	1024	314712515	hg38.gc5Base.bw	0	100	1024	39360	1993600
585	21	16176400	16181520	chr21.307899	5	1024	314754499	hg38.gc5Base.bw	0	100	1024	35000	1649600
585	21	16283920	16289040	chr21.307920	5	1024	314776003	hg38.gc5Base.bw	0	100	1024	35380	1688400
585	21	16411920	16417040	chr21.307945	5	1024	314801603	hg38.gc5Base.bw	0	100	1024	35240	1684000
585	21	16442640	16447760	chr21.307951	5	1024	314807747	hg38.gc5Base.bw	0	100	1024	35660	1679600
585	21	16908560	16913680	chr21.308042	5	1024	314900931	hg38.gc5Base.bw	0	100	1024	35680	1681600
585	21	17026320	17031440	chr21.308065	5	1024	314924483	hg38.gc5Base.bw	0	100	1024	35940	1746800
585	21	17277200	17282320	chr21.308114	5	1024	314974659	hg38.gc5Base.bw	0	100	1024	42020	2211600
585	21	17415440	17420560	chr21.308141	5	1024	315002307	hg38.gc5Base.bw	0	100	1024	41900	2212400
585	21	17988880	17994000	chr21.308253	5	1024	315116995	hg38.gc5Base.bw	0	100	1024	35000	1656000
585	21	18188560	18193680	chr21.308292	5	1024	315156931	hg38.gc5Base.bw	0	100	1024	36740	1769200
585	21	18746640	18751760	chr21.308401	5	1024	315268547	hg38.gc5Base.bw	0	100	1024	42600	2348000
585	21	18782480	18787600	chr21.308408	5	1024	315275715	hg38.gc5Base.bw	0	100	1024	34360	1614400
585	21	18787600	18792720	chr21.308409	5	1024	315276739	hg38.gc5Base.bw	0	100	1024	34880	1650400
585	21	19043600	19048720	chr21.308459	5	1024	315327939	hg38.gc5Base.bw	0	100	1024	34840	1619200
585	21	19391760	19396880	chr21.308527	5	1024	315397571	hg38.gc5Base.bw	0	100	1024	33820	1568400
585	21	19396880	19402000	chr21.308528	5	1024	315398595	hg38.gc5Base.bw	0	100	1024	32640	1550400
585	21	19545360	19550480	chr21.308557	5	1024	315428291	hg38.gc5Base.bw	0	100	1024	37320	1805600
585	21	19739920	19745040	chr21.308595	5	1024	315467203	hg38.gc5Base.bw	0	100	1024	33120	1508000
585	21	20390160	20395280	chr21.308722	5	1024	315597251	hg38.gc5Base.bw	0	100	1024	36960	1792800
585	21	20446480	20451600	chr21.308733	5	1024	315608515	hg38.gc5Base.bw	0	100	1024	35100	1737200
585	21	20513040	20518160	chr21.308746	5	1024	315621827	hg38.gc5Base.bw	0	100	1024	36200	1819200
585	21	20902160	20907280	chr21.308822	5	1024	315699651	hg38.gc5Base.bw	0	100	1024	37020	1872400
585	21	20989200	20994320	chr21.308839	5	1024	315717059	hg38.gc5Base.bw	0	100	1024	38060	1944400
585	21	21091600	21096720	chr21.308859	5	1024	315737539	hg38.gc5Base.bw	0	100	1024	31220	1353200
585	21	21112080	21117200	chr21.308863	5	1024	315741635	hg38.gc5Base.bw	0	100	1024	37400	1884000
585	21	21700880	21706000	chr21.308978	5	1024	315859395	hg38.gc5Base.bw	0	100	1024	32500	1526000
585	21	21859600	21864720	chr21.309009	5	1024	315891139	hg38.gc5Base.bw	0	100	1024	38420	1938000
585	21	22008080	22013200	chr21.309038	5	1024	315920835	hg38.gc5Base.bw	0	100	1024	36620	1811600
585	21	22192400	22197520	chr21.309074	5	1024	315957699	hg38.gc5Base.bw	0	100	1024	34960	1669600
585	21	22264080	22269200	chr21.309088	5	1024	315972035	hg38.gc5Base.bw	0	100	1024	36780	1844400
585	21	23400720	23405840	chr21.309310	5	1024	316199363	hg38.gc5Base.bw	0	100	1024	36880	1865600
585	21	23446800	23451920	chr21.309319	5	1024	316208579	hg38.gc5Base.bw	0	100	1024	35040	1683200
585	21	24035600	24040720	chr21.309434	5	1024	316326339	hg38.gc5Base.bw	0	100	1024	33800	1562400
585	21	24066320	24071440	chr21.309440	5	1024	316332483	hg38.gc5Base.bw	0	100	1024	39460	1955600
585	21	24219920	24225040	chr21.309470	5	1024	316363203	hg38.gc5Base.bw	0	100	1024	34360	1580000
585	21	24491280	24496400	chr21.309523	5	1024	316417475	hg38.gc5Base.bw	0	100	1024	37000	1812000
585	21	24977680	24982800	chr21.309618	5	1024	316514755	hg38.gc5Base.bw	0	100	1024	35020	1584400
585	21	25663760	25668880	chr21.309752	5	1024	316651971	hg38.gc5Base.bw	0	100	1024	41560	2171200
585	21	25832720	25837840	chr21.309785	5	1024	316685763	hg38.gc5Base.bw	0	100	1024	45200	2502400
585	21	25924880	25930000	chr21.309803	5	1024	316704195	hg38.gc5Base.bw	0	100	1024	43460	2382800
585	21	26186000	26191120	chr21.309854	5	1024	316756419	hg38.gc5Base.bw	0	100	1024	45620	2507600
585	21	26344720	26349840	chr21.309885	5	1024	316788163	hg38.gc5Base.bw	0	100	1024	35920	1721600
585	21	26416400	26421520	chr21.309899	5	1024	316802499	hg38.gc5Base.bw	0	100	1024	41920	2200000
585	21	26503440	26508560	chr21.309916	5	1024	316819907	hg38.gc5Base.bw	0	100	1024	38200	1926400
585	21	26836240	26841360	chr21.309981	5	1024	316886467	hg38.gc5Base.bw	0	100	1024	41520	2170400
585	21	27061520	27066640	chr21.310025	5	1024	316931523	hg38.gc5Base.bw	0	100	1024	37240	1793600
585	21	27384080	27389200	chr21.310088	5	1024	316996035	hg38.gc5Base.bw	0	100	1024	36900	1910000
585	21	27440400	27445520	chr21.310099	5	1024	317007299	hg38.gc5Base.bw	0	100	1024	41000	2134400
585	21	27512080	27517200	chr21.310113	5	1024	317021635	hg38.gc5Base.bw	0	100	1024	36080	1776800
585	21	27670800	27675920	chr21.310144	5	1024	317053379	hg38.gc5Base.bw	0	100	1024	38320	1924800
585	21	27809040	27814160	chr21.310171	5	1024	317081027	hg38.gc5Base.bw	0	100	1024	39980	2064400
585	21	28274960	28280080	chr21.310262	5	1024	317174211	hg38.gc5Base.bw	0	80	1024	37040	1820000
585	21	28362000	28367120	chr21.310279	5	1024	317191619	hg38.gc5Base.bw	0	100	1024	32120	1536800
585	21	28438800	28443920	chr21.310294	5	1024	317206979	hg38.gc5Base.bw	0	100	1024	36180	1695600
585	21	29058320	29063440	chr21.310415	5	1024	317330883	hg38.gc5Base.bw	0	100	1024	38020	1871600
585	21	29211920	29217040	chr21.310445	5	1024	317361603	hg38.gc5Base.bw	0	100	1024	42580	2183600
585	21	29375760	29380880	chr21.310477	5	1024	317394371	hg38.gc5Base.bw	0	100	1024	43580	2398000
585	21	29503760	29508880	chr21.310502	5	1024	317419971	hg38.gc5Base.bw	0	100	1024	44700	2462000
585	21	29826320	29831440	chr21.310565	5	1024	317484483	hg38.gc5Base.bw	0	100	1024	37720	1840000
585	21	30036240	30041360	chr21.310606	5	1024	317526467	hg38.gc5Base.bw	0	100	1024	40780	2168400
585	21	30179600	30184720	chr21.310634	5	1024	317555139	hg38.gc5Base.bw	0	100	1024	35120	1655200
585	21	30584080	30589200	chr21.310713	5	1024	317636035	hg38.gc5Base.bw	0	100	1024	33880	1575200
585	21	31014160	31019280	chr21.310797	5	1024	317722051	hg38.gc5Base.bw	0	100	1024	40080	2040800
585	21	31408400	31413520	chr21.310874	5	1024	317800899	hg38.gc5Base.bw	0	100	1024	48340	2802800
585	21	31802660	31807780	chr21.310952	5	1024	317879747	hg38.gc5Base.bw	0	100	1024	46180	2578000
585	21	31874340	31879460	chr21.310966	5	1024	317894083	hg38.gc5Base.bw	0	100	1024	48840	2852800
585	21	32294180	32299300	chr21.311048	5	1024	317978051	hg38.gc5Base.bw	0	100	1024	46240	2640800
585	21	32637220	32642340	chr21.311115	5	1024	318046659	hg38.gc5Base.bw	0	100	1024	40300	2158000
585	21	32934180	32939300	chr21.311173	5	1024	318106051	hg38.gc5Base.bw	0	100	1024	46240	2608000
585	21	32954660	32959780	chr21.311177	5	1024	318110147	hg38.gc5Base.bw	0	100	1024	47420	2716400
585	21	33210660	33215780	chr21.311227	5	1024	318161347	hg38.gc5Base.bw	0	100	1024	45480	2505600
585	21	33226020	33231140	chr21.311230	5	1024	318164419	hg38.gc5Base.bw	0	100	1024	49780	3096400
585	21	33410340	33415460	chr21.311266	5	1024	318201283	hg38.gc5Base.bw	0	100	1024	50500	3015600
585	21	33645860	33650980	chr21.311312	5	1024	318248387	hg38.gc5Base.bw	0	100	1024	39660	2050000
585	21	33712420	33717540	chr21.311325	5	1024	318261699	hg38.gc5Base.bw	0	100	1024	42320	2292800
585	21	34101540	34106660	chr21.311401	5	1024	318339523	hg38.gc5Base.bw	0	100	1024	35420	1641200
585	21	34147620	34152740	chr21.311410	5	1024	318348739	hg38.gc5Base.bw	0	100	1024	44160	2381600
585	21	34265380	34270500	chr21.311433	5	1024	318372291	hg38.gc5Base.bw	0	100	1024	42540	2237200
585	21	34311460	34316580	chr21.311442	5	1024	318381507	hg38.gc5Base.bw	0	100	1024	43620	2327600
585	21	35012900	35018020	chr21.311579	5	1024	318521795	hg38.gc5Base.bw	0	100	1024	44160	2392000
585	21	35018020	35023140	chr21.311580	5	1024	318522819	hg38.gc5Base.bw	0	100	1024	46980	2641200
585	21	35089700	35094820	chr21.311594	5	1024	318537155	hg38.gc5Base.bw	0	100	1024	41080	2097600
585	21	35238180	35243300	chr21.311623	5	1024	318566851	hg38.gc5Base.bw	0	100	1024	39280	1999200
585	21	35268900	35274020	chr21.311629	5	1024	318572995	hg38.gc5Base.bw	0	100	1024	40240	2040800
585	21	35483940	35489060	chr21.311671	5	1024	318616003	hg38.gc5Base.bw	0	100	1024	41060	2141200
585	21	35990820	35995940	chr21.311770	5	1024	318717379	hg38.gc5Base.bw	0	100	1024	51120	2928000
585	21	36001060	36006180	chr21.311772	5	1024	318719427	hg38.gc5Base.bw	0	100	1024	47780	2823600
585	21	36057380	36062500	chr21.311783	5	1024	318730691	hg38.gc5Base.bw	0	100	1024	47160	2805600
585	21	36067620	36072740	chr21.311785	5	1024	318732739	hg38.gc5Base.bw	0	100	1024	48420	2834800
585	21	36195620	36200740	chr21.311810	5	1024	318758339	hg38.gc5Base.bw	0	100	1024	48940	2839600
585	21	36968740	36973860	chr21.311961	5	1024	318912963	hg38.gc5Base.bw	0	100	1024	44640	2477600
585	21	37250340	37255460	chr21.312016	5	1024	318969283	hg38.gc5Base.bw	0	100	1024	40740	2120400
585	21	37741860	37746980	chr21.312112	5	1024	319067587	hg38.gc5Base.bw	0	100	1024	45980	2570000
585	21	37839140	37844260	chr21.312131	5	1024	319087043	hg38.gc5Base.bw	0	100	1024	40860	2097200
585	21	38207780	38212900	chr21.312203	5	1024	319160771	hg38.gc5Base.bw	0	100	1024	42260	2229200
585	21	38386980	38392100	chr21.312238	5	1024	319196611	hg38.gc5Base.bw	0	100	1024	43180	2272400
585	21	38837540	38842660	chr21.312326	5	1024	319286723	hg38.gc5Base.bw	0	100	1024	47620	2696400
585	21	39114030	39119150	chr21.312381	5	1024	319342019	hg38.gc5Base.bw	0	100	1024	53560	3253600
585	21	39139630	39144750	chr21.312386	5	1024	319347139	hg38.gc5Base.bw	0	100	1024	46700	2602800
585	21	39441710	39446830	chr21.312445	5	1024	319407555	hg38.gc5Base.bw	0	100	1024	49360	2953600
585	21	39861550	39866670	chr21.312527	5	1024	319491523	hg38.gc5Base.bw	0	100	1024	48700	2824400
585	21	40230190	40235310	chr21.312599	5	1024	319565251	hg38.gc5Base.bw	0	100	1024	39280	2004000
585	21	40353070	40358190	chr21.312623	5	1024	319589827	hg38.gc5Base.bw	0	100	1024	40240	2082400
585	21	40527150	40532270	chr21.312657	5	1024	319624643	hg38.gc5Base.bw	0	100	1024	44740	2434000
585	21	40731950	40737070	chr21.312697	5	1024	319665603	hg38.gc5Base.bw	0	100	1024	43800	2344000
585	21	41546030	41551150	chr21.312856	5	1024	319828419	hg38.gc5Base.bw	0	100	1024	48480	2833600
585	21	41607565	41612685	chr21.312869	5	1024	319840707	hg38.gc5Base.bw	0	100	1024	50380	2961200
585	21	41638285	41643405	chr21.312875	5	1024	319846851	hg38.gc5Base.bw	0	100	1024	49720	2902400
585	21	41904525	41909645	chr21.312927	5	1024	319900099	hg38.gc5Base.bw	0	100	1024	47560	2730400
585	21	42027405	42032525	chr21.312951	5	1024	319924675	hg38.gc5Base.bw	0	100	1024	51360	3042400
585	21	42124685	42129805	chr21.312970	5	1024	319944131	hg38.gc5Base.bw	0	100	1024	55500	3474800
585	21	42129805	42134925	chr21.312971	5	1024	319945155	hg38.gc5Base.bw	0	100	1024	47260	2692400
585	21	42365325	42370445	chr21.313017	5	1024	319992259	hg38.gc5Base.bw	0	100	1024	53620	3378000
585	21	42518925	42524045	chr21.313047	5	1024	320022979	hg38.gc5Base.bw	0	100	1024	48420	2772400
585	21	42754450	42759570	chr21.313094	5	1024	320070083	hg38.gc5Base.bw	0	100	1024	57260	3664400
585	21	43352285	43357405	chr21.313202	5	1024	320179651	hg38.gc5Base.bw	0	100	1024	56460	3602000
585	21	43423965	43429085	chr21.313216	5	1024	320193987	hg38.gc5Base.bw	0	100	1024	57680	4051200
585	21	43715815	43720935	chr21.313274	5	1024	320252355	hg38.gc5Base.bw	0	100	1024	63060	4385200
585	21	43751655	43756775	chr21.313281	5	1024	320259523	hg38.gc5Base.bw	0	100	1024	61040	4051200
585	21	44099815	44104935	chr21.313349	5	1024	320329155	hg38.gc5Base.bw	0	100	1024	49560	2924000
585	21	44304615	44309735	chr21.313389	5	1024	320370115	hg38.gc5Base.bw	0	100	1024	61820	4166000
585	21	44575975	44581095	chr21.313442	5	1024	320424387	hg38.gc5Base.bw	0	100	1024	53540	3342000
585	21	44683495	44688615	chr21.313463	5	1024	320445891	hg38.gc5Base.bw	0	100	1024	52800	3231200
585	21	44954855	44959975	chr21.313516	5	1024	320500163	hg38.gc5Base.bw	0	100	1024	59740	3942800
585	21	45359335	45364455	chr21.313595	5	1024	320581059	hg38.gc5Base.bw	0	100	1024	60080	4000800
585	21	45533415	45538535	chr21.313629	5	1024	320615875	hg38.gc5Base.bw	0	100	1024	65160	4580800
585	21	45758695	45763815	chr21.313673	5	1024	320660931	hg38.gc5Base.bw	0	100	1024	46960	2698400
585	21	45866215	45871335	chr21.313694	5	1024	320682435	hg38.gc5Base.bw	0	100	1024	57840	3805600
585	21	46429415	46434535	chr21.313804	5	1024	320795075	hg38.gc5Base.bw	0	100	1024	55400	3489600
585	22	16828140	16833260	chr22.315111	5	1024	322095368	hg38.gc5Base.bw	0	100	1024	40420	2117200
585	22	17012460	17017580	chr22.315147	5	1024	322132232	hg38.gc5Base.bw	0	100	1024	45320	2543200
585	22	17309420	17314540	chr22.315205	5	1024	322191624	hg38.gc5Base.bw	0	100	1024	48760	2844000
585	22	17411820	17416940	chr22.315225	5	1024	322212104	hg38.gc5Base.bw	0	100	1024	44640	2494400
585	22	17432300	17437420	chr22.315229	5	1024	322216200	hg38.gc5Base.bw	0	100	1024	44400	2409600
585	22	17509100	17514220	chr22.315244	5	1024	322231560	hg38.gc5Base.bw	0	100	1024	43860	2395600
585	22	17519340	17524460	chr22.315246	5	1024	322233608	hg38.gc5Base.bw	0	100	1024	44380	2450000
585	22	17601260	17606380	chr22.315262	5	1024	322249992	hg38.gc5Base.bw	0	100	1024	45740	2610800
585	22	17652460	17657580	chr22.315272	5	1024	322260232	hg38.gc5Base.bw	0	100	1024	45100	2574000
585	22	17831660	17836780	chr22.315307	5	1024	322296072	hg38.gc5Base.bw	0	100	1024	55620	3463600
585	22	18902045	18907165	chr22.315480	5	1024	322470152	hg38.gc5Base.bw	0	100	1024	59340	3942000
585	22	18978845	18983965	chr22.315495	5	1024	322485512	hg38.gc5Base.bw	0	100	1024	50200	3004000
585	22	18999325	19004445	chr22.315499	5	1024	322489608	hg38.gc5Base.bw	0	100	1024	40720	2101600
585	22	19132445	19137565	chr22.315525	5	1024	322516232	hg38.gc5Base.bw	0	100	1024	58240	3799200
585	22	19398685	19403805	chr22.315577	5	1024	322569480	hg38.gc5Base.bw	0	100	1024	43660	2362000
585	22	19874845	19879965	chr22.315670	5	1024	322664712	hg38.gc5Base.bw	0	100	1024	64220	4448400
585	22	19946525	19951645	chr22.315684	5	1024	322679048	hg38.gc5Base.bw	0	100	1024	46400	2702400
585	22	20033565	20038685	chr22.315701	5	1024	322696456	hg38.gc5Base.bw	0	100	1024	55480	3459200
585	22	20054045	20059165	chr22.315705	5	1024	322700552	hg38.gc5Base.bw	0	100	1024	57500	3686000
585	22	20110365	20115485	chr22.315716	5	1024	322711816	hg38.gc5Base.bw	0	100	1024	61020	4062800
585	22	20156445	20161565	chr22.315725	5	1024	322721032	hg38.gc5Base.bw	0	100	1024	63260	4338800
585	22	20207645	20212765	chr22.315735	5	1024	322731272	hg38.gc5Base.bw	0	100	1024	63840	4347200
585	22	20243485	20248605	chr22.315742	5	1024	322738440	hg38.gc5Base.bw	0	100	1024	63520	4344800
585	22	20397085	20402205	chr22.315772	5	1024	322769160	hg38.gc5Base.bw	0	100	1024	46980	2731600
585	22	20438045	20443165	chr22.315780	5	1024	322777352	hg38.gc5Base.bw	0	100	1024	61120	4032800
585	22	21451805	21456925	chr22.315978	5	1024	322980104	hg38.gc5Base.bw	0	100	1024	52040	3200000
585	22	21840925	21846045	chr22.316054	5	1024	323057928	hg38.gc5Base.bw	0	100	1024	43980	2425200
585	22	22931485	22936605	chr22.316267	5	1024	323276040	hg38.gc5Base.bw	0	100	1024	60460	3967600
585	22	23223325	23228445	chr22.316324	5	1024	323334408	hg38.gc5Base.bw	0	100	1024	50760	3007200
585	22	23443485	23448605	chr22.316367	5	1024	323378440	hg38.gc5Base.bw	0	100	1024	49220	2907600
585	22	23622685	23627805	chr22.316402	5	1024	323414280	hg38.gc5Base.bw	0	100	1024	44280	2373600
585	22	24508445	24513565	chr22.316575	5	1024	323591432	hg38.gc5Base.bw	0	100	1024	45640	2548000
585	22	25353245	25358365	chr22.316740	5	1024	323760392	hg38.gc5Base.bw	0	100	1024	55580	3514800
585	22	25767965	25773085	chr22.316821	5	1024	323843336	hg38.gc5Base.bw	0	100	1024	55040	3432800
585	22	26023965	26029085	chr22.316871	5	1024	323894536	hg38.gc5Base.bw	0	100	1024	50980	3045200
585	22	26187805	26192925	chr22.316903	5	1024	323927304	hg38.gc5Base.bw	0	100	1024	41200	2154400
585	22	26218525	26223645	chr22.316909	5	1024	323933448	hg38.gc5Base.bw	0	100	1024	45040	2458400
585	22	26356765	26361885	chr22.316936	5	1024	323961096	hg38.gc5Base.bw	0	100	1024	45940	2641200
585	22	26525725	26530845	chr22.316969	5	1024	323994888	hg38.gc5Base.bw	0	100	1024	47360	2705600
585	22	26663965	26669085	chr22.316996	5	1024	324022536	hg38.gc5Base.bw	0	100	1024	51880	3101600
585	22	26669085	26674205	chr22.316997	5	1024	324023560	hg38.gc5Base.bw	0	100	1024	52940	3236400
585	22	26694685	26699805	chr22.317002	5	1024	324028680	hg38.gc5Base.bw	0	100	1024	47380	2703600
585	22	26740765	26745885	chr22.317011	5	1024	324037896	hg38.gc5Base.bw	0	100	1024	45100	2489200
585	22	26827805	26832925	chr22.317028	5	1024	324055304	hg38.gc5Base.bw	0	100	1024	50680	2956800
585	22	26879005	26884125	chr22.317038	5	1024	324065544	hg38.gc5Base.bw	0	100	1024	41640	2240000
585	22	27211805	27216925	chr22.317103	5	1024	324132104	hg38.gc5Base.bw	0	100	1024	49440	2825600
585	22	27344925	27350045	chr22.317129	5	1024	324158728	hg38.gc5Base.bw	0	100	1024	40900	2168400
585	22	27503645	27508765	chr22.317160	5	1024	324190472	hg38.gc5Base.bw	0	100	1024	52040	3056800
585	22	27703325	27708445	chr22.317199	5	1024	324230408	hg38.gc5Base.bw	0	100	1024	52200	3149600
585	22	27723805	27728925	chr22.317203	5	1024	324234504	hg38.gc5Base.bw	0	100	1024	50120	2884800
585	22	30452765	30457885	chr22.317736	5	1024	324780296	hg38.gc5Base.bw	0	100	1024	44140	2609200
585	22	30463005	30468125	chr22.317738	5	1024	324782344	hg38.gc5Base.bw	0	100	1024	45880	2519200
585	22	30529565	30534685	chr22.317751	5	1024	324795656	hg38.gc5Base.bw	0	100	1024	53760	3345600
585	22	31154205	31159325	chr22.317873	5	1024	324920584	hg38.gc5Base.bw	0	100	1024	47100	2702800
585	22	31164445	31169565	chr22.317875	5	1024	324922632	hg38.gc5Base.bw	0	100	1024	43440	2406400
585	22	31440925	31446045	chr22.317929	5	1024	324977928	hg38.gc5Base.bw	0	100	1024	46800	2633600
585	22	32162845	32167965	chr22.318070	5	1024	325122312	hg38.gc5Base.bw	0	100	1024	45580	2542000
585	22	32214045	32219165	chr22.318080	5	1024	325132552	hg38.gc5Base.bw	0	100	1024	38140	1975600
585	22	32219165	32224285	chr22.318081	5	1024	325133576	hg38.gc5Base.bw	0	100	1024	36100	1765200
585	22	32598045	32603165	chr22.318155	5	1024	325209352	hg38.gc5Base.bw	0	100	1024	46520	2704800
585	22	32603165	32608285	chr22.318156	5	1024	325210376	hg38.gc5Base.bw	0	100	1024	51700	3124400
585	22	32715805	32720925	chr22.318178	5	1024	325232904	hg38.gc5Base.bw	0	100	1024	48140	2706800
585	22	32741405	32746525	chr22.318183	5	1024	325238024	hg38.gc5Base.bw	0	100	1024	49600	2889600
585	22	32772125	32777245	chr22.318189	5	1024	325244168	hg38.gc5Base.bw	0	100	1024	49680	2841600
585	22	32777245	32782365	chr22.318190	5	1024	325245192	hg38.gc5Base.bw	0	100	1024	45680	2553600
585	22	33437725	33442845	chr22.318319	5	1024	325377288	hg38.gc5Base.bw	0	100	1024	47240	2658400
585	22	33647645	33652765	chr22.318360	5	1024	325419272	hg38.gc5Base.bw	0	100	1024	46200	2617600
585	22	33693725	33698845	chr22.318369	5	1024	325428488	hg38.gc5Base.bw	0	100	1024	44300	2405200
585	22	33806365	33811485	chr22.318391	5	1024	325451016	hg38.gc5Base.bw	0	100	1024	44340	2412400
585	22	33826845	33831965	chr22.318395	5	1024	325455112	hg38.gc5Base.bw	0	100	1024	48840	2824000
585	22	35111965	35117085	chr22.318646	5	1024	325712136	hg38.gc5Base.bw	0	100	1024	52300	3147600
585	22	35419165	35424285	chr22.318706	5	1024	325773576	hg38.gc5Base.bw	0	100	1024	55980	3505200
585	22	35608605	35613725	chr22.318743	5	1024	325811464	hg38.gc5Base.bw	0	100	1024	53500	3239600
585	22	36233245	36238365	chr22.318865	5	1024	325936392	hg38.gc5Base.bw	0	100	1024	48440	2830400
585	22	36519965	36525085	chr22.318921	5	1024	325993736	hg38.gc5Base.bw	0	100	1024	46020	2558000
585	22	36560925	36566045	chr22.318929	5	1024	326001928	hg38.gc5Base.bw	0	100	1024	53020	3341200
585	22	36581405	36586525	chr22.318933	5	1024	326006024	hg38.gc5Base.bw	0	100	1024	52040	3127200
585	22	36683805	36688925	chr22.318953	5	1024	326026504	hg38.gc5Base.bw	0	100	1024	51580	3126800
585	22	37047325	37052445	chr22.319024	5	1024	326099208	hg38.gc5Base.bw	0	100	1024	56160	3624000
585	22	37134365	37139485	chr22.319041	5	1024	326116616	hg38.gc5Base.bw	0	100	1024	58180	3738800
585	22	37154845	37159965	chr22.319045	5	1024	326120712	hg38.gc5Base.bw	0	100	1024	55020	3410000
585	22	37180445	37185565	chr22.319050	5	1024	326125832	hg38.gc5Base.bw	0	100	1024	60320	4003200
585	22	37211165	37216285	chr22.319056	5	1024	326131976	hg38.gc5Base.bw	0	100	1024	54700	3485200
585	22	37262365	37267485	chr22.319066	5	1024	326142216	hg38.gc5Base.bw	0	100	1024	54060	3313200
585	22	37579805	37584925	chr22.319128	5	1024	326205704	hg38.gc5Base.bw	0	100	1024	49580	2986000
585	22	37692445	37697565	chr22.319150	5	1024	326228232	hg38.gc5Base.bw	0	100	1024	55440	3528800
585	22	38173725	38178845	chr22.319244	5	1024	326324488	hg38.gc5Base.bw	0	100	1024	55320	3443200
585	22	38296605	38301725	chr22.319268	5	1024	326349064	hg38.gc5Base.bw	0	100	1024	58720	3802400
585	22	38424605	38429725	chr22.319293	5	1024	326374664	hg38.gc5Base.bw	0	100	1024	59280	3896000
585	22	38680605	38685725	chr22.319343	5	1024	326425864	hg38.gc5Base.bw	0	100	1024	48420	2913200
585	22	38834205	38839325	chr22.319373	5	1024	326456584	hg38.gc5Base.bw	0	100	1024	53100	3273200
585	22	38854685	38859805	chr22.319377	5	1024	326460680	hg38.gc5Base.bw	0	100	1024	47580	2759600
585	22	38859805	38864925	chr22.319378	5	1024	326461704	hg38.gc5Base.bw	0	100	1024	58080	3860800
585	22	39131165	39136285	chr22.319431	5	1024	326515976	hg38.gc5Base.bw	0	100	1024	60300	3978800
585	22	39177245	39182365	chr22.319440	5	1024	326525192	hg38.gc5Base.bw	0	100	1024	55800	3535200
585	22	40795165	40800285	chr22.319756	5	1024	326848776	hg38.gc5Base.bw	0	100	1024	44020	2452400
585	22	41230365	41235485	chr22.319841	5	1024	326935816	hg38.gc5Base.bw	0	100	1024	55040	3447200
585	22	41250845	41255965	chr22.319845	5	1024	326939912	hg38.gc5Base.bw	0	100	1024	54340	3434800
585	22	41296925	41302045	chr22.319854	5	1024	326949128	hg38.gc5Base.bw	0	100	1024	53860	3448400
585	22	41972765	41977885	chr22.319986	5	1024	327084296	hg38.gc5Base.bw	0	100	1024	57520	3805600
585	22	41993245	41998365	chr22.319990	5	1024	327088392	hg38.gc5Base.bw	0	100	1024	48840	2795200
585	22	42116125	42121245	chr22.320014	5	1024	327112968	hg38.gc5Base.bw	0	100	1024	48420	2764400
585	22	42295325	42300445	chr22.320049	5	1024	327148808	hg38.gc5Base.bw	0	100	1024	59620	3935600
585	22	42300445	42305565	chr22.320050	5	1024	327149832	hg38.gc5Base.bw	0	100	1024	59900	3903600
585	22	42418205	42423325	chr22.320073	5	1024	327173384	hg38.gc5Base.bw	0	100	1024	54500	3410000
585	22	42679325	42684445	chr22.320124	5	1024	327225608	hg38.gc5Base.bw	0	100	1024	51680	3118400
585	22	42699805	42704925	chr22.320128	5	1024	327229704	hg38.gc5Base.bw	0	100	1024	56660	3626800
585	22	42725405	42730525	chr22.320133	5	1024	327234824	hg38.gc5Base.bw	0	100	1024	50160	3011200
585	22	43165725	43170845	chr22.320219	5	1024	327322888	hg38.gc5Base.bw	0	100	1024	60360	4022400
585	22	43385885	43391005	chr22.320262	5	1024	327366920	hg38.gc5Base.bw	0	100	1024	53000	3251200
585	22	43990045	43995165	chr22.320380	5	1024	327487752	hg38.gc5Base.bw	0	100	1024	52460	3218000
585	22	44415005	44420125	chr22.320463	5	1024	327572744	hg38.gc5Base.bw	0	100	1024	38840	1973600
585	22	44522525	44527645	chr22.320484	5	1024	327594248	hg38.gc5Base.bw	0	100	1024	50940	3045200
585	22	44578845	44583965	chr22.320495	5	1024	327605512	hg38.gc5Base.bw	0	100	1024	53300	3242000
585	22	44722205	44727325	chr22.320523	5	1024	327634184	hg38.gc5Base.bw	0	100	1024	55680	3523200
585	22	44911645	44916765	chr22.320560	5	1024	327672072	hg38.gc5Base.bw	0	100	1024	55280	3487200
585	22	44916765	44921885	chr22.320561	5	1024	327673096	hg38.gc5Base.bw	0	100	1024	56860	3653200
585	22	45024285	45029405	chr22.320582	5	1024	327694600	hg38.gc5Base.bw	0	100	1024	50380	2995600
585	22	45285405	45290525	chr22.320633	5	1024	327746824	hg38.gc5Base.bw	0	100	1024	56500	3575600
585	22	45295645	45300765	chr22.320635	5	1024	327748872	hg38.gc5Base.bw	0	100	1024	55680	3516800
585	22	45643805	45648925	chr22.320703	5	1024	327818504	hg38.gc5Base.bw	0	100	1024	56240	3592000
585	22	46058525	46063645	chr22.320784	5	1024	327901448	hg38.gc5Base.bw	0	100	1024	53740	3499600
585	22	46171165	46176285	chr22.320806	5	1024	327923976	hg38.gc5Base.bw	0	100	1024	48140	2757200
585	22	46258205	46263325	chr22.320823	5	1024	327941384	hg38.gc5Base.bw	0	100	1024	50880	3126400
585	22	46457885	46463005	chr22.320862	5	1024	327981320	hg38.gc5Base.bw	0	100	1024	56100	3562000
585	22	46488605	46493725	chr22.320868	5	1024	327987464	hg38.gc5Base.bw	0	100	1024	53820	3368400
585	22	46601245	46606365	chr22.320890	5	1024	328009992	hg38.gc5Base.bw	0	100	1024	51100	3077200
585	22	46775325	46780445	chr22.320924	5	1024	328044808	hg38.gc5Base.bw	0	100	1024	50080	2966400
585	22	47184925	47190045	chr22.321004	5	1024	328126728	hg38.gc5Base.bw	0	100	1024	44700	2519600
585	22	47456285	47461405	chr22.321057	5	1024	328181000	hg38.gc5Base.bw	0	100	1024	52720	3248800
585	22	47543325	47548445	chr22.321074	5	1024	328198408	hg38.gc5Base.bw	0	100	1024	51880	3107200
585	22	47917085	47922205	chr22.321147	5	1024	328273160	hg38.gc5Base.bw	0	100	1024	53620	3239600
585	22	47988765	47993885	chr22.321161	5	1024	328287496	hg38.gc5Base.bw	0	100	1024	42120	2192800
585	22	48024605	48029725	chr22.321168	5	1024	328294664	hg38.gc5Base.bw	0	100	1024	43040	2313600
585	22	48260125	48265245	chr22.321214	5	1024	328341768	hg38.gc5Base.bw	0	100	1024	51780	3097200
585	22	48495645	48500765	chr22.321260	5	1024	328388872	hg38.gc5Base.bw	0	100	1024	62080	4209600
585	22	48741405	48746525	chr22.321308	5	1024	328438024	hg38.gc5Base.bw	0	100	1024	61200	4072000
585	22	48756765	48761885	chr22.321311	5	1024	328441096	hg38.gc5Base.bw	0	100	1024	54780	3362800
585	22	48971805	48976925	chr22.321353	5	1024	328484104	hg38.gc5Base.bw	0	100	1024	51000	3147200
585	22	49186845	49191965	chr22.321395	5	1024	328527112	hg38.gc5Base.bw	0	100	1024	54160	3320000
585	22	49243165	49248285	chr22.321406	5	1024	328538376	hg38.gc5Base.bw	0	100	1024	48680	2836800
585	22	49289245	49294365	chr22.321415	5	1024	328547592	hg38.gc5Base.bw	0	100	1024	49640	2905600
585	22	49360925	49366045	chr22.321429	5	1024	328561928	hg38.gc5Base.bw	0	100	1024	48660	2898800
585	22	49391645	49396765	chr22.321435	5	1024	328568072	hg38.gc5Base.bw	0	100	1024	53300	3264400
585	22	49509405	49514525	chr22.321458	5	1024	328591624	hg38.gc5Base.bw	0	100	1024	45200	2484000
585	22	49529885	49535005	chr22.321462	5	1024	328595720	hg38.gc5Base.bw	0	100	1024	54200	3376000
585	22	49581085	49586205	chr22.321472	5	1024	328605960	hg38.gc5Base.bw	0	100	1024	52900	3234000
585	22	49765405	49770525	chr22.321508	5	1024	328642824	hg38.gc5Base.bw	0	100	1024	57940	3806800
585	22	50483705	50488825	chr22.321649	5	1024	328786184	hg38.gc5Base.bw	0	100	1024	63800	4378400
585	X	276535	281655	chrX.561053	5	1024	573479655	hg38.gc5Base.bw	0	100	1024	64360	4514400
585	X	865335	870455	chrX.561168	5	1024	573597415	hg38.gc5Base.bw	0	100	1024	45840	2528800
585	X	1008695	1013815	chrX.561196	5	1024	573626087	hg38.gc5Base.bw	0	100	1024	45580	2766000
585	X	2339315	2344435	chrX.561422	5	1024	573855463	hg38.gc5Base.bw	0	100	1024	46400	2593600
585	X	2733555	2738675	chrX.561499	5	1024	573934311	hg38.gc5Base.bw	0	100	1024	46060	2646800
585	X	2943475	2948595	chrX.561540	5	1024	573976295	hg38.gc5Base.bw	0	100	1024	47320	2736800
585	X	3757555	3762675	chrX.561699	5	1024	574139111	hg38.gc5Base.bw	0	100	1024	45000	2396800
585	X	4679155	4684275	chrX.561879	5	1024	574323431	hg38.gc5Base.bw	0	100	1024	40740	2200400
585	X	4755955	4761075	chrX.561894	5	1024	574338791	hg38.gc5Base.bw	0	100	1024	39900	2081200
585	X	5452275	5457395	chrX.562030	5	1024	574478055	hg38.gc5Base.bw	0	100	1024	40640	2123200
585	X	5728755	5733875	chrX.562084	5	1024	574533351	hg38.gc5Base.bw	0	100	1024	40700	2099600
585	X	5846515	5851635	chrX.562107	5	1024	574556903	hg38.gc5Base.bw	0	100	1024	36900	1749200
585	X	5877235	5882355	chrX.562113	5	1024	574563047	hg38.gc5Base.bw	0	100	1024	37460	1854000
585	X	6030835	6035955	chrX.562143	5	1024	574593767	hg38.gc5Base.bw	0	100	1024	35200	1692000
585	X	7044595	7049715	chrX.562341	5	1024	574796519	hg38.gc5Base.bw	0	100	1024	39400	1987200
585	X	7234035	7239155	chrX.562378	5	1024	574834407	hg38.gc5Base.bw	0	100	1024	38720	1942400
585	X	7413235	7418355	chrX.562413	5	1024	574870247	hg38.gc5Base.bw	0	100	1024	34340	1590800
585	X	7459315	7464435	chrX.562422	5	1024	574879463	hg38.gc5Base.bw	0	100	1024	40300	2076400
585	X	7848435	7853555	chrX.562498	5	1024	574957287	hg38.gc5Base.bw	0	100	1024	44140	2395600
585	X	8370675	8375795	chrX.562600	5	1024	575061735	hg38.gc5Base.bw	0	100	1024	41400	2202400
585	X	9031155	9036275	chrX.562729	5	1024	575193831	hg38.gc5Base.bw	0	100	1024	47780	2838800
585	X	9287155	9292275	chrX.562779	5	1024	575245031	hg38.gc5Base.bw	0	100	1024	45280	2552000
585	X	9553395	9558515	chrX.562831	5	1024	575298279	hg38.gc5Base.bw	0	100	1024	43440	2405600
585	X	10096115	10101235	chrX.562937	5	1024	575406823	hg38.gc5Base.bw	0	100	1024	47280	2676000
585	X	10792435	10797555	chrX.563073	5	1024	575546087	hg38.gc5Base.bw	0	100	1024	40100	2066800
585	X	11642355	11647475	chrX.563239	5	1024	575716071	hg38.gc5Base.bw	0	100	1024	37140	1770800
585	X	11667955	11673075	chrX.563244	5	1024	575721191	hg38.gc5Base.bw	0	100	1024	39400	1943200
585	X	11760115	11765235	chrX.563262	5	1024	575739623	hg38.gc5Base.bw	0	100	1024	40160	2063200
585	X	12277235	12282355	chrX.563363	5	1024	575843047	hg38.gc5Base.bw	0	100	1024	43760	2395200
585	X	12369395	12374515	chrX.563381	5	1024	575861479	hg38.gc5Base.bw	0	100	1024	41540	2170800
585	X	12415475	12420595	chrX.563390	5	1024	575870695	hg38.gc5Base.bw	0	100	1024	42660	2313200
585	X	12476915	12482035	chrX.563402	5	1024	575882983	hg38.gc5Base.bw	0	100	1024	41700	2245200
585	X	12579315	12584435	chrX.563422	5	1024	575903463	hg38.gc5Base.bw	0	100	1024	44180	2446000
585	X	13347315	13352435	chrX.563572	5	1024	576057063	hg38.gc5Base.bw	0	100	1024	43040	2323200
585	X	14140915	14146035	chrX.563727	5	1024	576215783	hg38.gc5Base.bw	0	100	1024	40180	2051600
585	X	14837235	14842355	chrX.563863	5	1024	576355047	hg38.gc5Base.bw	0	100	1024	38720	1952000
585	X	15241715	15246835	chrX.563942	5	1024	576435943	hg38.gc5Base.bw	0	100	1024	40540	2112400
585	X	15318515	15323635	chrX.563957	5	1024	576451303	hg38.gc5Base.bw	0	100	1024	37960	1900000
585	X	16019955	16025075	chrX.564094	5	1024	576591591	hg38.gc5Base.bw	0	100	1024	41860	2130000
585	X	16153075	16158195	chrX.564120	5	1024	576618215	hg38.gc5Base.bw	0	100	1024	41700	2159600
585	X	16659955	16665075	chrX.564219	5	1024	576719591	hg38.gc5Base.bw	0	100	1024	42600	2310400
585	X	16746995	16752115	chrX.564236	5	1024	576736999	hg38.gc5Base.bw	0	100	1024	47820	2778800
585	X	18789875	18794995	chrX.564635	5	1024	577145575	hg38.gc5Base.bw	0	100	1024	39240	1994400
585	X	18866675	18871795	chrX.564650	5	1024	577160935	hg38.gc5Base.bw	0	100	1024	43260	2406800
585	X	19158515	19163635	chrX.564707	5	1024	577219303	hg38.gc5Base.bw	0	100	1024	47400	2733600
585	X	21989875	21994995	chrX.565260	5	1024	577785575	hg38.gc5Base.bw	0	100	1024	43420	2368400
585	X	22281715	22286835	chrX.565317	5	1024	577843943	hg38.gc5Base.bw	0	100	1024	40000	2027200
585	X	22317555	22322675	chrX.565324	5	1024	577851111	hg38.gc5Base.bw	0	100	1024	43880	2344000
585	X	22563315	22568435	chrX.565372	5	1024	577900263	hg38.gc5Base.bw	0	100	1024	38020	1874000
585	X	22722035	22727155	chrX.565403	5	1024	577932007	hg38.gc5Base.bw	0	100	1024	36400	1760800
585	X	22747635	22752755	chrX.565408	5	1024	577937127	hg38.gc5Base.bw	0	100	1024	40340	2114800
585	X	23095795	23100915	chrX.565476	5	1024	578006759	hg38.gc5Base.bw	0	100	1024	40000	2029600
585	X	23735795	23740915	chrX.565601	5	1024	578134759	hg38.gc5Base.bw	0	100	1024	44920	2533600
585	X	23786995	23792115	chrX.565611	5	1024	578144999	hg38.gc5Base.bw	0	100	1024	44940	2565200
585	X	23827955	23833075	chrX.565619	5	1024	578153191	hg38.gc5Base.bw	0	100	1024	45280	2576000
585	X	23858675	23863795	chrX.565625	5	1024	578159335	hg38.gc5Base.bw	0	100	1024	47800	2772800
585	X	24017395	24022515	chrX.565656	5	1024	578191079	hg38.gc5Base.bw	0	100	1024	42000	2322400
585	X	24211955	24217075	chrX.565694	5	1024	578229991	hg38.gc5Base.bw	0	100	1024	38000	1862400
585	X	24544755	24549875	chrX.565759	5	1024	578296551	hg38.gc5Base.bw	0	100	1024	39300	1942800
585	X	24606195	24611315	chrX.565771	5	1024	578308839	hg38.gc5Base.bw	0	100	1024	42060	2243600
585	X	25302515	25307635	chrX.565907	5	1024	578448103	hg38.gc5Base.bw	0	100	1024	39880	2024000
585	X	25870835	25875955	chrX.566018	5	1024	578561767	hg38.gc5Base.bw	0	100	1024	37460	1872400
585	X	26055155	26060275	chrX.566054	5	1024	578598631	hg38.gc5Base.bw	0	100	1024	35300	1699600
585	X	26090995	26096115	chrX.566061	5	1024	578605799	hg38.gc5Base.bw	0	100	1024	36980	1798000
585	X	26372595	26377715	chrX.566116	5	1024	578662119	hg38.gc5Base.bw	0	100	1024	42300	2228400
585	X	26700275	26705395	chrX.566180	5	1024	578727655	hg38.gc5Base.bw	0	100	1024	35440	1690400
585	X	26930675	26935795	chrX.566225	5	1024	578773735	hg38.gc5Base.bw	0	100	1024	38300	1944400
585	X	27099635	27104755	chrX.566258	5	1024	578807527	hg38.gc5Base.bw	0	100	1024	38860	1912400
585	X	27545075	27550195	chrX.566345	5	1024	578896615	hg38.gc5Base.bw	0	100	1024	41740	2173200
585	X	29173235	29178355	chrX.566663	5	1024	579222247	hg38.gc5Base.bw	0	100	1024	40080	2091200
585	X	29234675	29239795	chrX.566675	5	1024	579234535	hg38.gc5Base.bw	0	100	1024	37500	1834000
585	X	29352435	29357555	chrX.566698	5	1024	579258087	hg38.gc5Base.bw	0	100	1024	33720	1547200
585	X	29618675	29623795	chrX.566750	5	1024	579311335	hg38.gc5Base.bw	0	100	1024	33980	1603600
585	X	30233075	30238195	chrX.566870	5	1024	579434215	hg38.gc5Base.bw	0	100	1024	48780	2816400
585	X	30453235	30458355	chrX.566913	5	1024	579478247	hg38.gc5Base.bw	0	100	1024	43360	2326400
585	X	30565875	30570995	chrX.566935	5	1024	579500775	hg38.gc5Base.bw	0	100	1024	42080	2290400
585	X	30980595	30985715	chrX.567016	5	1024	579583719	hg38.gc5Base.bw	0	100	1024	40720	2102400
585	X	31308275	31313395	chrX.567080	5	1024	579649255	hg38.gc5Base.bw	0	100	1024	38880	1984800
585	X	32060915	32066035	chrX.567227	5	1024	579799783	hg38.gc5Base.bw	0	100	1024	33860	1534000
585	X	32521715	32526835	chrX.567317	5	1024	579891943	hg38.gc5Base.bw	0	100	1024	38380	1936400
585	X	33130995	33136115	chrX.567436	5	1024	580013799	hg38.gc5Base.bw	0	100	1024	37480	1864000
585	X	33233395	33238515	chrX.567456	5	1024	580034279	hg38.gc5Base.bw	0	100	1024	40660	2157200
585	X	34129395	34134515	chrX.567631	5	1024	580213479	hg38.gc5Base.bw	0	100	1024	44600	2548000
585	X	35547635	35552755	chrX.567908	5	1024	580497127	hg38.gc5Base.bw	0	100	1024	35400	1678400
585	X	35946995	35952115	chrX.567986	5	1024	580576999	hg38.gc5Base.bw	0	100	1024	38720	1916800
585	X	36607475	36612595	chrX.568115	5	1024	580709095	hg38.gc5Base.bw	0	100	1024	37180	1779600
585	X	37684925	37690045	chrX.568290	5	1024	580887271	hg38.gc5Base.bw	0	100	1024	45960	2729600
585	X	38268605	38273725	chrX.568404	5	1024	581004007	hg38.gc5Base.bw	0	100	1024	37880	1941600
585	X	39773885	39779005	chrX.568698	5	1024	581305063	hg38.gc5Base.bw	0	100	1024	48480	2825600
585	X	39932605	39937725	chrX.568729	5	1024	581336807	hg38.gc5Base.bw	0	100	1024	53360	3293600
585	X	39973565	39978685	chrX.568737	5	1024	581344999	hg38.gc5Base.bw	0	100	1024	48180	2811600
585	X	40362685	40367805	chrX.568813	5	1024	581422823	hg38.gc5Base.bw	0	100	1024	43800	2380000
585	X	41335485	41340605	chrX.569003	5	1024	581617383	hg38.gc5Base.bw	0	100	1024	39720	2049600
585	X	42123965	42129085	chrX.569157	5	1024	581775079	hg38.gc5Base.bw	0	100	1024	43160	2279200
585	X	42226365	42231485	chrX.569177	5	1024	581795559	hg38.gc5Base.bw	0	100	1024	38760	1946400
585	X	43091645	43096765	chrX.569346	5	1024	581968615	hg38.gc5Base.bw	0	100	1024	36260	1798000
585	X	43178685	43183805	chrX.569363	5	1024	581986023	hg38.gc5Base.bw	0	100	1024	37100	1809200
585	X	46358205	46363325	chrX.569984	5	1024	582621927	hg38.gc5Base.bw	0	100	1024	41500	2190000
585	X	50193880	50199000	chrX.570699	5	1024	583353063	hg38.gc5Base.bw	0	100	1024	39420	1983600
585	X	50310435	50315555	chrX.570713	5	1024	583366375	hg38.gc5Base.bw	0	100	1024	41140	2092400
585	X	57401635	57406755	chrX.572098	5	1024	584784615	hg38.gc5Base.bw	0	100	1024	45540	2494800
585	X	63964220	63969340	chrX.573374	5	1024	586076903	hg38.gc5Base.bw	0	100	1024	42140	2181200
585	X	64916540	64921660	chrX.573560	5	1024	586267367	hg38.gc5Base.bw	0	100	1024	45440	2463200
585	X	66160700	66165820	chrX.573803	5	1024	586516199	hg38.gc5Base.bw	0	100	1024	41720	2195200
585	X	67788860	67793980	chrX.574121	5	1024	586841831	hg38.gc5Base.bw	0	100	1024	37920	1902400
585	X	68162620	68167740	chrX.574194	5	1024	586916583	hg38.gc5Base.bw	0	100	1024	35600	1674400
585	X	68823100	68828220	chrX.574323	5	1024	587048679	hg38.gc5Base.bw	0	100	1024	55260	3407600
585	X	69120060	69125180	chrX.574381	5	1024	587108071	hg38.gc5Base.bw	0	100	1024	53120	3232800
585	X	69555260	69560380	chrX.574466	5	1024	587195111	hg38.gc5Base.bw	0	100	1024	47460	2686800
585	X	70179900	70185020	chrX.574588	5	1024	587320039	hg38.gc5Base.bw	0	100	1024	45200	2523200
585	X	70430780	70435900	chrX.574637	5	1024	587370215	hg38.gc5Base.bw	0	100	1024	55260	3501200
585	X	70615100	70620220	chrX.574673	5	1024	587407079	hg38.gc5Base.bw	0	100	1024	38860	1977200
585	X	71649340	71654460	chrX.574875	5	1024	587613927	hg38.gc5Base.bw	0	100	1024	44900	2478800
585	X	75069500	75074620	chrX.575543	5	1024	588297959	hg38.gc5Base.bw	0	100	1024	35480	1669600
585	X	75074620	75079740	chrX.575544	5	1024	588298983	hg38.gc5Base.bw	0	100	1024	35800	1696800
585	X	75407420	75412540	chrX.575609	5	1024	588365543	hg38.gc5Base.bw	0	100	1024	41440	2255200
585	X	79180860	79185980	chrX.576346	5	1024	589120231	hg38.gc5Base.bw	0	100	1024	37380	1822800
585	X	80307260	80312380	chrX.576566	5	1024	589345511	hg38.gc5Base.bw	0	100	1024	36040	1766400
585	X	82979900	82985020	chrX.577088	5	1024	589880039	hg38.gc5Base.bw	0	100	1024	35220	1775600
585	X	83783740	83788860	chrX.577245	5	1024	590040807	hg38.gc5Base.bw	0	80	1024	33040	1492000
585	X	84239420	84244540	chrX.577334	5	1024	590131943	hg38.gc5Base.bw	0	100	1024	37080	1788000
585	X	84331580	84336700	chrX.577352	5	1024	590150375	hg38.gc5Base.bw	0	100	1024	34160	1575200
585	X	86123580	86128700	chrX.577702	5	1024	590508775	hg38.gc5Base.bw	0	100	1024	42340	2286000
585	X	86272060	86277180	chrX.577731	5	1024	590538471	hg38.gc5Base.bw	0	100	1024	35560	1681600
585	X	86374460	86379580	chrX.577751	5	1024	590558951	hg38.gc5Base.bw	0	80	1024	34140	1603600
585	X	88207420	88212540	chrX.578109	5	1024	590925543	hg38.gc5Base.bw	0	100	1024	43380	2313200
585	X	92190780	92195900	chrX.578887	5	1024	591722215	hg38.gc5Base.bw	0	100	1024	34700	1659600
585	X	93112380	93117500	chrX.579067	5	1024	591906535	hg38.gc5Base.bw	0	100	1024	38440	1888800
585	X	93265980	93271100	chrX.579097	5	1024	591937255	hg38.gc5Base.bw	0	100	1024	35880	1702400
585	X	93808700	93813820	chrX.579203	5	1024	592045799	hg38.gc5Base.bw	0	100	1024	36180	1715600
585	X	93875260	93880380	chrX.579216	5	1024	592059111	hg38.gc5Base.bw	0	100	1024	38780	1899600
585	X	94208060	94213180	chrX.579281	5	1024	592125671	hg38.gc5Base.bw	0	100	1024	34980	1682000
585	X	96527420	96532540	chrX.579734	5	1024	592589543	hg38.gc5Base.bw	0	100	1024	35020	1646000
585	X	96650300	96655420	chrX.579758	5	1024	592614119	hg38.gc5Base.bw	0	100	1024	37740	1871600
585	X	97285180	97290300	chrX.579882	5	1024	592741095	hg38.gc5Base.bw	0	100	1024	42760	2332800
585	X	97725500	97730620	chrX.579968	5	1024	592829159	hg38.gc5Base.bw	0	100	1024	36200	1715200
585	X	98580540	98585660	chrX.580135	5	1024	593000167	hg38.gc5Base.bw	0	100	1024	40600	2092000
585	X	98887740	98892860	chrX.580195	5	1024	593061607	hg38.gc5Base.bw	0	100	1024	41820	2250000
585	X	100966460	100971580	chrX.580601	5	1024	593477351	hg38.gc5Base.bw	0	100	1024	42240	2222400
585	X	101268540	101273660	chrX.580660	5	1024	593537767	hg38.gc5Base.bw	0	100	1024	42040	2225600
585	X	101483580	101488700	chrX.580702	5	1024	593580775	hg38.gc5Base.bw	0	100	1024	48060	2802800
585	X	101529660	101534780	chrX.580711	5	1024	593589991	hg38.gc5Base.bw	0	100	1024	37220	1821200
585	X	101616700	101621820	chrX.580728	5	1024	593607399	hg38.gc5Base.bw	0	100	1024	44340	2431600
585	X	102179900	102185020	chrX.580838	5	1024	593720039	hg38.gc5Base.bw	0	100	1024	44320	2366400
585	X	103070780	103075900	chrX.581012	5	1024	593898215	hg38.gc5Base.bw	0	100	1024	40000	2057600
585	X	104248380	104253500	chrX.581242	5	1024	594133735	hg38.gc5Base.bw	0	100	1024	45900	2666800
585	X	104386620	104391740	chrX.581269	5	1024	594161383	hg38.gc5Base.bw	0	100	1024	44940	2445200
585	X	105553980	105559100	chrX.581497	5	1024	594394855	hg38.gc5Base.bw	0	100	1024	35560	1696800
585	X	105615420	105620540	chrX.581509	5	1024	594407143	hg38.gc5Base.bw	0	80	1024	36040	1723200
585	X	107745340	107750460	chrX.581925	5	1024	594833127	hg38.gc5Base.bw	0	100	1024	46960	2613600
585	X	108989500	108994620	chrX.582168	5	1024	595081959	hg38.gc5Base.bw	0	100	1024	40620	2100400
585	X	109547580	109552700	chrX.582277	5	1024	595193575	hg38.gc5Base.bw	0	100	1024	42940	2292400
585	X	109890620	109895740	chrX.582344	5	1024	595262183	hg38.gc5Base.bw	0	100	1024	39220	2000400
585	X	110172220	110177340	chrX.582399	5	1024	595318503	hg38.gc5Base.bw	0	100	1024	52920	3183200
585	X	110361660	110366780	chrX.582436	5	1024	595356391	hg38.gc5Base.bw	0	100	1024	39680	1996800
585	X	112450620	112455740	chrX.582844	5	1024	595774183	hg38.gc5Base.bw	0	100	1024	43040	2302400
585	X	112619580	112624700	chrX.582877	5	1024	595807975	hg38.gc5Base.bw	0	100	1024	37320	1843200
585	X	112675900	112681020	chrX.582888	5	1024	595819239	hg38.gc5Base.bw	0	100	1024	43160	2266400
585	X	112829500	112834620	chrX.582918	5	1024	595849959	hg38.gc5Base.bw	0	100	1024	41400	2196800
585	X	113904700	113909820	chrX.583128	5	1024	596064999	hg38.gc5Base.bw	0	100	1024	38140	1870000
585	X	114222140	114227260	chrX.583190	5	1024	596128487	hg38.gc5Base.bw	0	100	1024	35640	1679200
585	X	116077090	116082210	chrX.583525	5	1024	596469479	hg38.gc5Base.bw	0	100	1024	38240	1902400
585	X	116107810	116112930	chrX.583531	5	1024	596475623	hg38.gc5Base.bw	0	100	1024	39880	2050400
585	X	116688315	116693435	chrX.583638	5	1024	596584167	hg38.gc5Base.bw	0	100	1024	33240	1545600
585	X	117179835	117184955	chrX.583734	5	1024	596682471	hg38.gc5Base.bw	0	100	1024	38860	1922000
585	X	117840315	117845435	chrX.583863	5	1024	596814567	hg38.gc5Base.bw	0	100	1024	37620	1865200
585	X	117886395	117891515	chrX.583872	5	1024	596823783	hg38.gc5Base.bw	0	100	1024	41520	2156800
585	X	118982075	118987195	chrX.584086	5	1024	597042919	hg38.gc5Base.bw	0	100	1024	48040	2700000
585	X	120866235	120871355	chrX.584454	5	1024	597419751	hg38.gc5Base.bw	0	100	1024	45880	2564000
585	X	121090310	121095430	chrX.584489	5	1024	597454567	hg38.gc5Base.bw	0	100	1024	40860	2190000
585	X	121822470	121827590	chrX.584632	5	1024	597600999	hg38.gc5Base.bw	0	100	1024	38480	1903200
585	X	121842950	121848070	chrX.584636	5	1024	597605095	hg38.gc5Base.bw	0	100	1024	37520	1834400
585	X	122011910	122017030	chrX.584669	5	1024	597638887	hg38.gc5Base.bw	0	100	1024	33140	1553200
585	X	122022150	122027270	chrX.584671	5	1024	597640935	hg38.gc5Base.bw	0	100	1024	37560	1797600
585	X	122052870	122057990	chrX.584677	5	1024	597647079	hg38.gc5Base.bw	0	100	1024	34640	1606400
585	X	123373830	123378950	chrX.584935	5	1024	597911271	hg38.gc5Base.bw	0	100	1024	39940	2046000
585	X	123860230	123865350	chrX.585030	5	1024	598008551	hg38.gc5Base.bw	0	100	1024	44080	2524000
585	X	123937030	123942150	chrX.585045	5	1024	598023911	hg38.gc5Base.bw	0	100	1024	45460	2615600
585	X	124182790	124187910	chrX.585093	5	1024	598073063	hg38.gc5Base.bw	0	100	1024	41620	2178000
585	X	124326150	124331270	chrX.585121	5	1024	598101735	hg38.gc5Base.bw	0	100	1024	39840	2024000
585	X	124551430	124556550	chrX.585165	5	1024	598146791	hg38.gc5Base.bw	0	100	1024	39620	2030000
585	X	124930310	124935430	chrX.585239	5	1024	598222567	hg38.gc5Base.bw	0	100	1024	37660	1845200
585	X	125652230	125657350	chrX.585380	5	1024	598366951	hg38.gc5Base.bw	0	100	1024	35720	1719200
585	X	125749510	125754630	chrX.585399	5	1024	598386407	hg38.gc5Base.bw	0	100	1024	31860	1378800
585	X	126527750	126532870	chrX.585551	5	1024	598542055	hg38.gc5Base.bw	0	100	1024	33000	1516000
585	X	126630150	126635270	chrX.585571	5	1024	598562535	hg38.gc5Base.bw	0	80	1024	34420	1585200
585	X	127751430	127756550	chrX.585790	5	1024	598786791	hg38.gc5Base.bw	0	100	1024	35260	1707600
585	X	128632070	128637190	chrX.585962	5	1024	598962919	hg38.gc5Base.bw	0	100	1024	41160	2110400
585	X	129005830	129010950	chrX.586035	5	1024	599037671	hg38.gc5Base.bw	0	100	1024	41080	2145600
585	X	129062150	129067270	chrX.586046	5	1024	599048935	hg38.gc5Base.bw	0	100	1024	35380	1716400
585	X	129200390	129205510	chrX.586073	5	1024	599076583	hg38.gc5Base.bw	0	100	1024	40220	2054000
585	X	129261830	129266950	chrX.586085	5	1024	599088871	hg38.gc5Base.bw	0	100	1024	38720	1932000
585	X	131504390	131509510	chrX.586523	5	1024	599537383	hg38.gc5Base.bw	0	100	1024	37760	1832000
585	X	131611910	131617030	chrX.586544	5	1024	599558887	hg38.gc5Base.bw	0	100	1024	38860	1912400
585	X	131888390	131893510	chrX.586598	5	1024	599614183	hg38.gc5Base.bw	0	100	1024	36420	1735600
585	X	132016390	132021510	chrX.586623	5	1024	599639783	hg38.gc5Base.bw	0	100	1024	38900	1986800
585	X	134898950	134904070	chrX.587186	5	1024	600216295	hg38.gc5Base.bw	0	100	1024	41040	2248800
585	X	134950150	134955270	chrX.587196	5	1024	600226535	hg38.gc5Base.bw	0	100	1024	49380	2894800
585	X	135457030	135462150	chrX.587295	5	1024	600327911	hg38.gc5Base.bw	0	100	1024	37820	1855600
585	X	135774470	135779590	chrX.587357	5	1024	600391399	hg38.gc5Base.bw	0	100	1024	40900	2094800
585	X	136358150	136363270	chrX.587471	5	1024	600508135	hg38.gc5Base.bw	0	100	1024	41500	2160400
585	X	138114310	138119430	chrX.587814	5	1024	600859367	hg38.gc5Base.bw	0	100	1024	37780	1869200
585	X	138303750	138308870	chrX.587851	5	1024	600897255	hg38.gc5Base.bw	0	100	1024	38580	1881200
585	X	138488070	138493190	chrX.587887	5	1024	600934119	hg38.gc5Base.bw	0	100	1024	43040	2283200
585	X	138703110	138708230	chrX.587929	5	1024	600977127	hg38.gc5Base.bw	0	100	1024	36960	1800800
585	X	139133190	139138310	chrX.588013	5	1024	601063143	hg38.gc5Base.bw	0	100	1024	42320	2190400
585	X	139384070	139389190	chrX.588062	5	1024	601113319	hg38.gc5Base.bw	0	100	1024	39820	2015600
585	X	139465990	139471110	chrX.588078	5	1024	601129703	hg38.gc5Base.bw	0	100	1024	39280	1991200
585	X	139506950	139512070	chrX.588086	5	1024	601137895	hg38.gc5Base.bw	0	100	1024	42940	2298000
585	X	139967750	139972870	chrX.588176	5	1024	601230055	hg38.gc5Base.bw	0	100	1024	42040	2245600
585	X	140034310	140039430	chrX.588189	5	1024	601243367	hg38.gc5Base.bw	0	100	1024	40900	2126800
585	X	140766470	140771590	chrX.588332	5	1024	601389799	hg38.gc5Base.bw	0	100	1024	36340	1782800
585	X	141892870	141897990	chrX.588552	5	1024	601615079	hg38.gc5Base.bw	0	100	1024	50500	3028400
585	X	141933830	141938950	chrX.588560	5	1024	601623271	hg38.gc5Base.bw	0	100	1024	39060	1989200
585	X	142113030	142118150	chrX.588595	5	1024	601659111	hg38.gc5Base.bw	0	100	1024	37200	1779200
585	X	142358790	142363910	chrX.588643	5	1024	601708263	hg38.gc5Base.bw	0	100	1024	38720	1952800
585	X	142665990	142671110	chrX.588703	5	1024	601769703	hg38.gc5Base.bw	0	100	1024	36120	1747200
585	X	142706950	142712070	chrX.588711	5	1024	601777895	hg38.gc5Base.bw	0	100	1024	36000	1787200
585	X	142988550	142993670	chrX.588766	5	1024	601834215	hg38.gc5Base.bw	0	100	1024	34360	1595200
585	X	143951110	143956230	chrX.588954	5	1024	602026727	hg38.gc5Base.bw	0	100	1024	39900	2039600
585	X	145424465	145429585	chrX.589233	5	1024	602311399	hg38.gc5Base.bw	0	100	1024	37240	1811200
585	X	145531985	145537105	chrX.589254	5	1024	602332903	hg38.gc5Base.bw	0	100	1024	36100	1798800
585	X	145700945	145706065	chrX.589287	5	1024	602366695	hg38.gc5Base.bw	0	100	1024	36440	1785600
585	X	145828945	145834065	chrX.589312	5	1024	602392295	hg38.gc5Base.bw	0	100	1024	35520	1711200
585	X	147979345	147984465	chrX.589732	5	1024	602822375	hg38.gc5Base.bw	0	100	1024	45900	2642000
585	X	148030545	148035665	chrX.589742	5	1024	602832615	hg38.gc5Base.bw	0	100	1024	37760	1852000
585	X	148911185	148916305	chrX.589914	5	1024	603008743	hg38.gc5Base.bw	0	100	1024	40040	2054400
585	X	149167185	149172305	chrX.589964	5	1024	603059943	hg38.gc5Base.bw	0	100	1024	39660	2014000
585	X	149407825	149412945	chrX.590011	5	1024	603108071	hg38.gc5Base.bw	0	100	1024	36680	1765600
585	X	150477905	150483025	chrX.590220	5	1024	603322087	hg38.gc5Base.bw	0	100	1024	43100	2306000
585	X	150549585	150554705	chrX.590234	5	1024	603336423	hg38.gc5Base.bw	0	100	1024	47440	2659200
585	X	150559825	150564945	chrX.590236	5	1024	603338471	hg38.gc5Base.bw	0	100	1024	44080	2468000
585	X	151035985	151041105	chrX.590329	5	1024	603433703	hg38.gc5Base.bw	0	100	1024	44800	2387200
585	X	151128145	151133265	chrX.590347	5	1024	603452135	hg38.gc5Base.bw	0	100	1024	40020	2048400
585	X	151245905	151251025	chrX.590370	5	1024	603475687	hg38.gc5Base.bw	0	100	1024	45120	2468800
585	X	151665745	151670865	chrX.590452	5	1024	603559655	hg38.gc5Base.bw	0	100	1024	39400	1964800
585	X	151901265	151906385	chrX.590498	5	1024	603606759	hg38.gc5Base.bw	0	100	1024	46260	2583600
585	X	152152145	152157265	chrX.590547	5	1024	603656935	hg38.gc5Base.bw	0	100	1024	42980	2241200
585	X	152863825	152868945	chrX.590686	5	1024	603799271	hg38.gc5Base.bw	0	100	1024	53680	3260800
585	X	152909905	152915025	chrX.590695	5	1024	603808487	hg38.gc5Base.bw	0	100	1024	56500	3549200
585	X	152920145	152925265	chrX.590697	5	1024	603810535	hg38.gc5Base.bw	0	100	1024	55280	3420000
585	X	153903185	153908305	chrX.590889	5	1024	604007143	hg38.gc5Base.bw	0	100	1024	64960	4488000
585	X	154497105	154502225	chrX.591005	5	1024	604125927	hg38.gc5Base.bw	0	100	1024	45520	2620000
585	X	154783825	154788945	chrX.591061	5	1024	604183271	hg38.gc5Base.bw	0	100	1024	44840	2448800
585	Y	7817715	7822835	chrY.592911	5	1024	606070388	hg38.gc5Base.bw	0	100	1024	41660	2115600
585	Y	11875790	11880910	chrY.593671	5	1024	606811764	hg38.gc5Base.bw	0	100	1024	46180	2594800
585	Y	13790670	13795790	chrY.594045	5	1024	607194740	hg38.gc5Base.bw	0	100	1024	39560	2053600
585	Y	18946510	18951630	chrY.595052	5	1024	608225908	hg38.gc5Base.bw	0	100	1024	44120	2407200
585	Y	19944910	19950030	chrY.595247	5	1024	608425588	hg38.gc5Base.bw	0	100	1024	33380	1539600
